split_level,split_role,repeat_id,split_id,outer_fold,inner_fold,target_name,row_index,sample_id,group_id,Folder,File,SMILES
outer_cv,train,1,1,1,,,58,Group 5/55.log,Group 5,Group 5,55.log,CC(C1=CC2=C(OCCC#C)C(SC3=CC(C(C)(C)C)=CC(SC4=CC(C(C)(C)C)=CC5=C4OCCC#CC(C(C=C6S5)=CC(S2)=C6OCCCCCCCCCCCC)(C)C)=C3OCCCCCCCCCCCC)=C1)(C)C
outer_cv,train,1,1,1,,,59,Group 5/56.log,Group 5,Group 5,56.log,CC(C1=CC2=C(OCCCC#C)C(SC3=CC(C(C)(C)C)=CC(SC4=CC(C(C)(C)C)=CC(SC5=CC(C(C)(C)C)=CC(S2)=C5OCCCCCCCCCCCC)=C4OCCCC#C)=C3OCCCCCCCCCCCC)=C1)(C)C
outer_cv,train,1,1,1,,,60,Group 5/57.log,Group 5,Group 5,57.log,CC(C1=CC2=C(OCCCCC#C)C(SC3=CC(C(C)(C)C)=CC(SC4=CC(C(C)(C)C)=CC(SC5=CC(C(C)(C)C)=CC(S2)=C5OCCCCCCCCCCCC)=C4OCCCCC#C)=C3OCCCCCCCCCCCC)=C1)(C)C
outer_cv,train,1,1,1,,,61,Group 6/58.log,Group 6,Group 6,58.log,OC1=C(CC2=C(C(CC3=C(O)C(CC4=CC(C(C)(C)C)=CC(CC1=C5)=C4OCCBr)=CC(C(C)(C)C)=C3)=CC(C(C)(C)C)=C2)OCCBr)C=C5C(C)(C)C
outer_cv,train,1,1,1,,,62,Group 6/59.log,Group 6,Group 6,59.log,OC1=C(CC2=C(C(CC3=C(O)C(CC4=CC(C(C)(C)C)=CC(CC1=C5)=C4OCCCBr)=CC(C(C)(C)C)=C3)=CC(C(C)(C)C)=C2)OCCCBr)C=C5C(C)(C)C
outer_cv,train,1,1,1,,,63,Group 6/60.log,Group 6,Group 6,60.log,OC1=C(CC2=C(C(CC3=C(O)C(CC4=CC(C(C)(C)C)=CC(CC1=C5)=C4OCCCCBr)=CC(C(C)(C)C)=C3)=CC(C(C)(C)C)=C2)OCCCCBr)C=C5C(C)(C)C
outer_cv,train,1,1,1,,,64,Group 6/61.log,Group 6,Group 6,61.log,OC1=C(SC2=C(C(SC3=C(O)C(SC4=CC([N+]([O-])=O)=CC(SC1=C5)=C4OCCCBr)=CC([N+]([O-])=O)=C3)=CC([N+]([O-])=O)=C2)OCCCBr)C=C5[N+]([O-])=O
outer_cv,train,1,1,1,,,65,Group 6/62.log,Group 6,Group 6,62.log,CC(C1=CC2=C(OCCCBr)C(SC3=CC(C(C)(C)C)=CC(SC4=CC(C(C)(C)C)=CC(SC5=CC(C(C)(C)C)=CC(S2)=C5OCCCBr)=C4OCCCBr)=C3OCCCBr)=C1)(C)C
outer_cv,train,1,1,1,,,66,Group 6/63.log,Group 6,Group 6,63.log,CC(C1=CC2=C(OCCCCBr)C(SC3=CC(C(C)(C)C)=CC(SC4=CC(C(C)(C)C)=CC(SC5=CC(C(C)(C)C)=CC(S2)=C5OCCCCBr)=C4OCCCCBr)=C3OCCCCBr)=C1)(C)C
outer_cv,train,1,1,1,,,67,Group 6/64.log,Group 6,Group 6,64.log,CC(C1=CC2=C(OCCCCCBr)C(SC3=CC(C(C)(C)C)=CC(SC4=CC(C(C)(C)C)=CC(SC5=CC(C(C)(C)C)=CC(S2)=C5OCCCCCBr)=C4OCCCCCBr)=C3OCCCCCBr)=C1)(C)C
outer_cv,train,1,1,1,,,68,Group 6/65.log,Group 6,Group 6,65.log,CC(C1=CC2=C(OCCCCCCBr)C(SC3=CC(C(C)(C)C)=CC(SC4=CC(C(C)(C)C)=CC(SC5=CC(C(C)(C)C)=CC(S2)=C5OCCCCCCBr)=C4OCCCCCCBr)=C3OCCCCCCBr)=C1)(C)C
outer_cv,train,1,1,1,,,69,Group 6/66.log,Group 6,Group 6,66.log,CC(C1=CC2=C(OCCCCCCCCCCCC)C(SC3=CC(C(C)(C)C)=CC(SC4=CC(C(C)(C)C)=CC(SC5=CC(C(C)(C)C)=CC(S2)=C5OCCCBr)=C4OCCCCCCCCCCCC)=C3OCCCBr)=C1)(C)C
outer_cv,train,1,1,1,,,70,Group 6/67.log,Group 6,Group 6,67.log,CC(C1=CC2=C(OCCCCCCOC3=C(SC4=CC(C(C)(C)C)=CC(S2)=C4OCCCCCCBr)C=C(C(C)(C)C)C=C3S5)C(SC6=CC(C(C)(C)C)=CC5=C6OCCCCCCBr)=C1)(C)C
outer_cv,train,1,1,1,,,71,Group 7/68.log,Group 7,Group 7,68.log,OC1=C(CC2=C(C(CC3=C(O)C(CC4=CC(/N=N/C5=CC=C([N+]([O-])=O)C=C5)=CC(CC1=C6)=C4O)=CC(/N=N/C7=CC=C([N+]([O-])=O)C=C7)=C3)=CC(/N=N/C8=CC=C([N+]([O-])=O)C=C8)=C2)O)C=C6/N=N/C9=CC=C([N+]([O-])=O)C=C9
outer_cv,train,1,1,1,,,72,Group 7/69.log,Group 7,Group 7,69.log,OC1=C(SC2=C(C(SC3=C(O)C(SC4=CC(/N=N/C5=CC=C([N+]([O-])=O)C=C5)=CC(SC1=C6)=C4O)=CC(/N=N/C7=CC=C([N+]([O-])=O)C=C7)=C3)=CC(/N=N/C8=CC=C([N+]([O-])=O)C=C8)=C2)O)C=C6/N=N/C9=CC=C([N+]([O-])=O)C=C9
outer_cv,train,1,1,1,,,73,Group 7/70.log,Group 7,Group 7,70.log,OC1=C(SC2=C(C(SC3=C(O)C(SC4=CC(/N=N/C5=CC=C([N+]([O-])=O)C=C5)=CC(SC1=C6)=C4OCCCBr)=CC(/N=N/C7=CC=C([N+]([O-])=O)C=C7)=C3)=CC(/N=N/C8=CC=C([N+]([O-])=O)C=C8)=C2)OCCCBr)C=C6/N=N/C9=CC=C([N+]([O-])=O)C=C9
outer_cv,train,1,1,1,,,74,Group 7/71.log,Group 7,Group 7,71.log,OC1=C(SC2=C(C(SC3=C(O)C(SC4=CC(C(C)(C)C)=CC(SC1=C5)=C4OCCCOC6=CC=C(/N=N/C7=CC=C([N+]([O-])=O)C=C7)C=C6)=CC(C(C)(C)C)=C3)=CC(C(C)(C)C)=C2)OCCCOC8=CC=C(/N=N/C9=CC=C([N+]([O-])=O)C=C9)C=C8)C=C5C(C)(C)C
outer_cv,train,1,1,1,,,75,Group 7/72.log,Group 7,Group 7,72.log,OC(C=C1)=CC=C1/N=N/C2=CC=C([N+]([O-])=O)C=C2
outer_cv,train,1,1,1,,,76,Group 7/73.log,Group 7,Group 7,73.log,OCCCOC(C=C1)=CC=C1/N=N/C2=CC=C([N+]([O-])=O)C=C2
outer_cv,train,1,1,1,,,77,Group 7/74.log,Group 7,Group 7,74.log,CCCCCCCCOC(C=C1)=CC=C1/N=N/C2=CC=C([N+]([O-])=O)C=C2
outer_cv,train,1,1,1,,,78,Group 7/75.log,Group 7,Group 7,75.log,OCCN(CC)C(C=C1)=CC=C1/N=N/C2=CC=C([N+]([O-])=O)C=C2
outer_cv,train,1,1,1,,,79,Group 8/76.log,Group 8,Group 8,76.log,OC1=C(SC2=C(C(SC3=C(O)C(SC4=CC(C(C)(C)C)=CC(SC1=C5)=C4OCCN)=CC(C(C)(C)C)=C3)=CC(C(C)(C)C)=C2)OCCN)C=C5C(C)(C)C
outer_cv,train,1,1,1,,,80,Group 8/77.log,Group 8,Group 8,77.log,OC1=C(SC2=C(C(SC3=C(O)C(SC4=CC(C(C)(C)C)=CC(SC1=C5)=C4OCCCN)=CC(C(C)(C)C)=C3)=CC(C(C)(C)C)=C2)OCCCN)C=C5C(C)(C)C
outer_cv,train,1,1,1,,,81,Group 8/78.log,Group 8,Group 8,78.log,OC1=C(SC2=C(C(SC3=C(O)C(SC4=CC(C(C)(C)C)=CC(SC1=C5)=C4OCCN)=CC(C(C)(C)C)=C3)=CC(C(C)(C)C)=C2)O)C=C5C(C)(C)C
outer_cv,train,1,1,1,,,82,Group 8/79.log,Group 8,Group 8,79.log,OC1=C(SC2=C(C(SC3=C(O)C(SC4=CC(C(C)(C)C)=CC(SC1=C5)=C4OCCCN)=CC(C(C)(C)C)=C3)=CC(C(C)(C)C)=C2)O)C=C5C(C)(C)C
outer_cv,train,1,1,1,,,83,Group 8/80.log,Group 8,Group 8,80.log,OC1=C(SC2=C(C(SC3=C(O)C(SC4=CC(C(C)(C)C)=CC(SC1=C5)=C4OCCN(CC)CC6=CC=CC=C6)=CC(C(C)(C)C)=C3)=CC(C(C)(C)C)=C2)OCCN(CC)CC7=CC=CC=C7)C=C5C(C)(C)C
outer_cv,train,1,1,1,,,84,Group 8/81.log,Group 8,Group 8,81.log,CC(C1=CC2=C(OCCCCCCCCCCCC)C(SC3=CC(C(C)(C)C)=CC(SC4=CC(C(C)(C)C)=CC(SC5=CC(C(C)(C)C)=CC(S2)=C5OCCN)=C4OCCCCCCCCCCCC)=C3OCCN)=C1)(C)C
outer_cv,train,1,1,1,,,85,Group 8/82.log,Group 8,Group 8,82.log,CC(C1=CC2=C(OCCCCCCCCCCCC)C(SC3=CC(C(C)(C)C)=CC(SC4=CC(C(C)(C)C)=CC(SC5=CC(C(C)(C)C)=CC(S2)=C5OCCCN)=C4OCCCCCCCCCCCC)=C3OCCCN)=C1)(C)C
outer_cv,train,1,1,1,,,86,Group 8/83.log,Group 8,Group 8,83.log,CC(C1=CC2=C(OCCCCCCCCCCCC)C(SC3=CC(C(C)(C)C)=CC(SC4=CC(C(C)(C)C)=CC(SC5=CC(C(C)(C)C)=CC(S2)=C5OCCCN=[N+]=[N-])=C4OCCCCCCCCCCCC)=C3OCCCN=[N+]=[N-])=C1)(C)C
outer_cv,train,1,1,1,,,87,Group 8/84.log,Group 8,Group 8,84.log,CC(C1=CC2=C(OCCN=[N+]=[N-])C(SC3=CC(C(C)(C)C)=CC(SC4=CC(C(C)(C)C)=CC(SC5=CC(C(C)(C)C)=CC(S2)=C5OCCN=[N+]=[N-])=C4OCCN=[N+]=[N-])=C3OCCN=[N+]=[N-])=C1)(C)C
outer_cv,train,1,1,1,,,88,Group 8/85.log,Group 8,Group 8,85.log,CC(C1=CC2=C(OCCCN=[N+]=[N-])C(SC3=CC(C(C)(C)C)=CC(SC4=CC(C(C)(C)C)=CC(SC5=CC(C(C)(C)C)=CC(S2)=C5OCCCN=[N+]=[N-])=C4OCCCN=[N+]=[N-])=C3OCCCN=[N+]=[N-])=C1)(C)C
outer_cv,train,1,1,1,,,89,Group 8/86.log,Group 8,Group 8,86.log,CC(C1=CC2=C(OCCCCN=[N+]=[N-])C(SC3=CC(C(C)(C)C)=CC(SC4=CC(C(C)(C)C)=CC(SC5=CC(C(C)(C)C)=CC(S2)=C5OCCCCN=[N+]=[N-])=C4OCCCCN=[N+]=[N-])=C3OCCCCN=[N+]=[N-])=C1)(C)C
outer_cv,train,1,1,1,,,90,Group 8/87.log,Group 8,Group 8,87.log,CC(C1=CC2=C(OCCCCCN=[N+]=[N-])C(SC3=CC(C(C)(C)C)=CC(SC4=CC(C(C)(C)C)=CC(SC5=CC(C(C)(C)C)=CC(S2)=C5OCCCCCN=[N+]=[N-])=C4OCCCCCN=[N+]=[N-])=C3OCCCCCN=[N+]=[N-])=C1)(C)C
outer_cv,train,1,1,1,,,91,Group 8/88.log,Group 8,Group 8,88.log,OC1=C(SC2=C(C(SC3=C(O)C(SC4=CC(C(C)(C)C)=CC(SC1=C5)=C4OCCN=[N+]=[N-])=CC(C(C)(C)C)=C3)=CC(C(C)(C)C)=C2)OCCN=[N+]=[N-])C=C5C(C)(C)C
outer_cv,train,1,1,1,,,92,Group 8/89.log,Group 8,Group 8,89.log,OC1=C(SC2=C(C(SC3=C(O)C(SC4=CC(C(C)(C)C)=CC(SC1=C5)=C4OCCN=[N+]=[N-])=CC(C(C)(C)C)=C3)=CC(C(C)(C)C)=C2)O)C=C5C(C)(C)C
outer_cv,train,1,1,1,,,93,Group 8/90.log,Group 8,Group 8,90.log,OC1=C(SC2=C(C(SC3=C(O)C(SC4=CC(C(C)(C)C)=CC(SC1=C5)=C4OCCCN=[N+]=[N-])=CC(C(C)(C)C)=C3)=CC(C(C)(C)C)=C2)O)C=C5C(C)(C)C
outer_cv,train,1,1,1,,,94,Group 9/91.log,Group 9,Group 9,91.log,CC(C)(C1=CC(CC2=C(C(CC(C=C(C=C3C4)C(C)(C)C)=C3OCC5=CC(C6=CC=CC=C6)=NN5)=CC(C(C)(C)C)=C2)OCC7=CC(C8=CC=CC=C8)=NN7)=C(OCC9=CC(C%10=CC=CC=C%10)=NN9)C(CC%11=CC(C(C)(C)C)=CC4=C%11OCC%12=CC(C%13=CC=CC=C%13)=NN%12)=C1)C
outer_cv,train,1,1,1,,,95,Group 9/92.log,Group 9,Group 9,92.log,CC(C)(C1=CC(CC2=C(C(CC(C=C(C=C3C4)C(C)(C)C)=C3OCC5=CC(C6=CC=C(C)C=C6)=NN5)=CC(C(C)(C)C)=C2)OCC7=CC(C8=CC=C(C)C=C8)=NN7)=C(OCC9=CC(C%10=CC=C(C)C=C%10)=NN9)C(CC%11=CC(C(C)(C)C)=CC4=C%11OCC%12=CC(C%13=CC=C(C)C=C%13)=NN%12)=C1)C
outer_cv,train,1,1,1,,,96,Group 9/93.log,Group 9,Group 9,93.log,CC(C)(C1=CC(CC2=C(C(CC(C=C(C=C3C4)C(C)(C)C)=C3OCC5=CC(C6=CC=C(Cl)C=C6)=NN5)=CC(C(C)(C)C)=C2)OCC7=CC(C8=CC=C(Cl)C=C8)=NN7)=C(OCC9=CC(C%10=CC=C(Cl)C=C%10)=NN9)C(CC%11=CC(C(C)(C)C)=CC4=C%11OCC%12=CC(C%13=CC=C(Cl)C=C%13)=NN%12)=C1)C
outer_cv,train,1,1,1,,,97,Group 9/94.log,Group 9,Group 9,94.log,CC(C)(C1=CC(CC2=C(C(CC(C=C(C=C3C4)C(C)(C)C)=C3OCC5=CC(C6=CC=C(OC)C=C6)=NN5)=CC(C(C)(C)C)=C2)OCC7=CC(C8=CC=C(OC)C=C8)=NN7)=C(OCC9=CC(C%10=CC=C(OC)C=C%10)=NN9)C(CC%11=CC(C(C)(C)C)=CC4=C%11OCC%12=CC(C%13=CC=C(OC)C=C%13)=NN%12)=C1)C
outer_cv,train,1,1,1,,,98,Group 9/95.log,Group 9,Group 9,95.log,CC(C)(C)C1=CC(CC2=C3)=C(OCC4=CC(C5=CC=C(C)C=C5)=NN4)C(CC6=CC(C(C)(C)C)=CC(CC7=CC(C(C)(C)C)=CC(CC(C=C3C(C)(C)C)=C2OCC8=CC(C9=CC=C(C)C=C9)=NN8)=C7OCC%10=CC(C%11=CC=C(C)C=C%11)=N[N]%10)=C6OCC%12=CC(C%13=CC=C(C)C=C%13)=NN%12)=C1
outer_cv,train,1,1,1,,,99,Group 9/96.log,Group 9,Group 9,96.log,CC(C)(C)C1=CC(CC2=C3)=C(OCC4=CC(C5=CC=C(Cl)C=C5)=NN4)C(CC6=CC(C(C)(C)C)=CC(CC7=CC(C(C)(C)C)=CC(CC(C=C3C(C)(C)C)=C2OCC8=CC(C9=CC=C(Cl)C=C9)=NN8)=C7OCC%10=CC(C%11=CC=C(Cl)C=C%11)=N[N]%10)=C6OCC%12=CC(C%13=CC=C(Cl)C=C%13)=NN%12)=C1
outer_cv,train,1,1,1,,,100,Group 9/97.log,Group 9,Group 9,97.log,CC(C)(C)C1=CC(CC2=C3)=C(OCC4=CC(C5=CC=C(OC)C=C5)=NN4)C(CC6=CC(C(C)(C)C)=CC(CC7=CC(C(C)(C)C)=CC(CC(C=C3C(C)(C)C)=C2OCC8=CC(C9=CC=C(OC)C=C9)=NN8)=C7OCC%10=CC(C%11=CC=C(OC)C=C%11)=NN%10)=C6OCC%12=CC(C%13=CC=C(OC)C=C%13)=NN%12)=C1
outer_cv,train,1,1,1,,,101,Group 9/98.log,Group 9,Group 9,98.log,CC(C)(C)C1=CC(CC2=C3)=C(OCC4=CC(C5=CC=CC=C5)=NN4)C(CC6=CC(C(C)(C)C)=CC(CC7=CC(C(C)(C)C)=CC(CC(C=C3C(C)(C)C)=C2OCC8=CC(C9=CC=CC=C9)=NN8)=C7OCC%10=CC(C%11=CC=CC=C%11)=NN%10)=C6OCC%12=CC(C%13=CC=CC=C%13)=NN%12)=C1
outer_cv,train,1,1,1,,,102,Group 9/99.log,Group 9,Group 9,99.log,CC(C1=CC2=C(OCC3=CC(C4=CC=CC=C4)=NN3)C(CC5=CC(C(C)(C)C)=CC(CC6=CC(C(C)(C)C)=CC(CC7=CC(C(C)(C)C)=CC(C2)=C7OCC8=CC(C9=CC=CC=C9)=NN8)=C6OCC%10=CC(C%11=CC=CC=C%11)=NN%10)=C5OCC%12=CC(C%13=CC=CC=C%13)=NN%12)=C1)(C)C
outer_cv,train,1,1,1,,,103,Group 9/100.log,Group 9,Group 9,100.log,CC(C1=CC2=C(OCC3=CC(C4=CC=C(C)C=C4)=NN3)C(CC5=CC(C(C)(C)C)=CC(CC6=CC(C(C)(C)C)=CC(CC7=CC(C(C)(C)C)=CC(C2)=C7OCC8=CC(C9=CC=C(C)C=C9)=NN8)=C6OCC%10=CC(C%11=CC=C(C)C=C%11)=NN%10)=C5OCC%12=CC(C%13=CC=C(C)C=C%13)=NN%12)=C1)(C)C
outer_cv,train,1,1,1,,,104,Group 9/101.log,Group 9,Group 9,101.log,CC(C1=CC2=C(OCC3=CC(C4=CC=C(Cl)C=C4)=NN3)C(CC5=CC(C(C)(C)C)=CC(CC6=CC(C(C)(C)C)=CC(CC7=CC(C(C)(C)C)=CC(C2)=C7OCC8=CC(C9=CC=C(Cl)C=C9)=NN8)=C6OCC%10=CC(C%11=CC=C(Cl)C=C%11)=NN%10)=C5OCC%12=CC(C%13=CC=C(Cl)C=C%13)=NN%12)=C1)(C)C
outer_cv,train,1,1,1,,,105,Group 9/102.log,Group 9,Group 9,102.log,CC(C1=CC2=C(OCC3=CC(C4=CC=C(OC)C=C4)=NN3)C(CC5=CC(C(C)(C)C)=CC(CC6=CC(C(C)(C)C)=CC(CC7=CC(C(C)(C)C)=CC(C2)=C7OCC8=CC(C9=CC=C(OC)C=C9)=NN8)=C6OCC%10=CC(C%11=CC=C(OC)C=C%11)=NN%10)=C5OCC%12=CC(C%13=CC=C(OC)C=C%13)=NN%12)=C1)(C)C
outer_cv,train,1,1,1,,,106,Group 9/103.log,Group 9,Group 9,103.log,C1(C2)=C(C(CC(C=CC=C3CC4=C(OCC5=CC(C6=CC=CC=C6)=NN5)C(CC7=CC=CC2=C7OCC8=CC(C9=CC=CC=C9)=NN8)=CC=C4)=C3OCC%10=CC(C%11=CC=CC=C%11)=NN%10)=CC=C1)OCC%12=CC(C%13=CC=CC=C%13)=NN%12
outer_cv,train,1,1,1,,,107,Group 9/104.log,Group 9,Group 9,104.log,CC(C1=CC2=C(OCCCC3=CC(C4=CC=CC=C4)=NN3)C(CC5=CC(C(C)(C)C)=CC(CC6=CC(C(C)(C)C)=CC(CC7=CC(C(C)(C)C)=CC(C2)=C7OCCCC8=CC(C9=CC=CC=C9)=NN8)=C6OCCCC%10=CC(C%11=CC=CC=C%11)=NN%10)=C5OCCCC%12=CC(C%13=CC=CC=C%13)=NN%12)=C1)(C)C
outer_cv,train,1,1,1,,,108,Group 9/105.log,Group 9,Group 9,105.log,CC(C1=CC2=C(OCC3=CC(C4=CC=CC=C4)=NN3)C(SC5=CC(C(C)(C)C)=CC(SC6=CC(C(C)(C)C)=CC(SC7=CC(C(C)(C)C)=CC(S2)=C7OCC8=CC(C9=CC=CC=C9)=NN8)=C6OCC%10=CC(C%11=CC=CC=C%11)=NN%10)=C5OCC%12=CC(C%13=CC=CC=C%13)=NN%12)=C1)(C)C
outer_cv,train,1,1,1,,,109,Group 9/106.log,Group 9,Group 9,106.log,CC(C1=CC2=C(OCCCC3=CC(C4=CC=CC=C4)=NN3)C(SC5=CC(C(C)(C)C)=CC(SC6=CC(C(C)(C)C)=CC(SC7=CC(C(C)(C)C)=CC(S2)=C7OCCCC8=CC(C9=CC=CC=C9)=NN8)=C6OCCCC%10=CC(C%11=CC=CC=C%11)=NN%10)=C5OCCCC%12=CC(C%13=CC=CC=C%13)=NN%12)=C1)(C)C
outer_cv,train,1,1,1,,,110,Group 9/107.log,Group 9,Group 9,107.log,CC(C1=CC2=C(OCCCCC3=CC(C4=CC=CC=C4)=NN3)C(SC5=CC(C(C)(C)C)=CC(SC6=CC(C(C)(C)C)=CC(SC7=CC(C(C)(C)C)=CC(S2)=C7OCCCCC8=CC(C9=CC=CC=C9)=NN8)=C6OCCCCC%10=CC(C%11=CC=CC=C%11)=NN%10)=C5OCCCCC%12=CC(C%13=CC=CC=C%13)=NN%12)=C1)(C)C
outer_cv,train,1,1,1,,,111,Group 9/108.log,Group 9,Group 9,108.log,CC(C1=CC2=C(OCCCCCN3C=CC=N3)C(SC4=CC(C(C)(C)C)=CC(SC5=CC(C(C)(C)C)=CC(SC6=CC(C(C)(C)C)=CC(S2)=C6OCCCCCN7C=CC=N7)=C5OCCCCCN8N=CC=C8)=C4OCCCCCN9N=CC=C9)=C1)(C)C
outer_cv,train,1,1,1,,,112,Group 9/109.log,Group 9,Group 9,109.log,CC(C)(C)C(C=C1)=CC=C1OCC2=N3N([H][N]4C(COC5=CC=C(C(C)(C)C)C=C5)=CC(C6=CC=CC=C6)=[N]4[H]N(N([H][N]7[N]([H]3)=C(C8=CC=CC=C8)C=C7COC9=CC=C(C(C)(C)C)C=C9)C(C%10=CC=CC=C%10)=C%11)=C%11COC%12=CC=C(C(C)(C)C)C=C%12)C(C%13=CC=CC=C%13)=C2
outer_cv,train,1,1,1,,,113,Group 9/110.log,Group 9,Group 9,110.log,CC(C)(C)C(C=C1)=CC=C1OCC2=CC(C3=CC=CC=C3)=N([H]N([N]([H][N]4N5=C(C6=CC=CC=C6)C=C4COC7=CC=C(C(C)(C)C)C=C7)C(COC8=CC=C(C(C)(C)C)C=C8)=C9)=C9C%10=CC=CC=C%10)[N]2[H][N]%11N([H]5)=C(C%12=CC=CC=C%12)C=C%11COC%13=CC=C(C(C)(C)C)C=C%13
outer_cv,train,1,1,1,,,127,Group 11/124.log,Group 11,Group 11,124.log,CC(C1=CC2=C(OCC3=CN(CCOC(C(SC(C=C4C(C)(C)C)=C5O)=C6)=C(C=C6C(C)(C)C)SC7=C(O)C(SC(C=C(C=C8SC5=C4)C(C)(C)C)=C8O)=CC(C(C)(C)C)=C7)N=N3)C(SC9=CC(C(C)(C)C)=CC(SC%10=CC(C(C)(C)C)=CC(SC%11=CC(C(C)(C)C)=CC(S2)=C%11OCC%12=CN(CCOC%13=C(SC%14=C%15)C=C(C(C)(C)C)C=C%13SC%16=CC(C(C)(C)C)=CC(SC%17=CC(C(C)(C)C)=CC(SC(C=C%15C(C)(C)C)=C%14O)=C%17O)=C%16O)N=N%12)=C%10OCC%18=CN(CCOC%19=C(C=C(C=C%19SC%20=C%21)C(C)(C)C)SC%22=CC(C(C)(C)C)=CC(SC%23=C(O)C(SC(C=C%21C(C)(C)C)=C%20O)=CC(C(C)(C)C)=C%23)=C%22O)N=N%18)=C9OCC%24=CN(CCOC%25=C(SC(C=C%26C(C)(C)C)=C%27O)C=C(C(C)(C)C)C=C%25SC%28=C(O)C(SC%29=CC(C(C)(C)C)=CC(SC%27=C%26)=C%29O)=CC(C(C)(C)C)=C%28)N=N%24)=C1)(C)C
outer_cv,train,1,1,1,,,128,Group 11/125.log,Group 11,Group 11,125.log,CC(C1=CC2=C(OCC3=CN(CCCOC(C(SC(C=C4C(C)(C)C)=C5O)=C6)=C(C=C6C(C)(C)C)SC7=C(O)C(SC(C=C(C=C8SC5=C4)C(C)(C)C)=C8O)=CC(C(C)(C)C)=C7)N=N3)C(SC9=CC(C(C)(C)C)=CC(SC%10=CC(C(C)(C)C)=CC(SC%11=CC(C(C)(C)C)=CC(S2)=C%11OCC%12=CN(CCCOC%13=C(SC%14=C%15)C=C(C(C)(C)C)C=C%13SC%16=CC(C(C)(C)C)=CC(SC%17=CC(C(C)(C)C)=CC(SC(C=C%15C(C)(C)C)=C%14O)=C%17O)=C%16O)N=N%12)=C%10OCC%18=CN(CCCOC%19=C(C=C(C=C%19SC%20=C%21)C(C)(C)C)SC%22=CC(C(C)(C)C)=CC(SC%23=C(O)C(SC(C=C%21C(C)(C)C)=C%20O)=CC(C(C)(C)C)=C%23)=C%22O)N=N%18)=C9OCC%24=CN(CCCOC%25=C(SC(C=C%26C(C)(C)C)=C%27O)C=C(C(C)(C)C)C=C%25SC%28=C(O)C(SC%29=CC(C(C)(C)C)=CC(SC%27=C%26)=C%29O)=CC(C(C)(C)C)=C%28)N=N%24)=C1)(C)C
outer_cv,train,1,1,1,,,129,Group 11/126.log,Group 11,Group 11,126.log,CC(C1=CC(SC2=C(O)C(SC(C=C(C=C3SC4=C5)C(C)(C)C)=C3O)=CC(C(C)(C)C)=C2)=C(OCCN6N=NC(CCOC(C(SC7=CC(C(C)(C)C)=CC(SC8=CC(C(C)(C)C)=CC(S9)=C8OCCC%10=CN(CCOC%11=C(C=C(C=C%11SC%12=C%13)C(C)(C)C)SC%14=CC(C(C)(C)C)=CC(SC%15=C(O)C(SC(C=C%13C(C)(C)C)=C%12O)=CC(C(C)(C)C)=C%15)=C%14O)N=N%10)=C7OCCC%16=CN(CCOC%17=C(SC(C=C%18C(C)(C)C)=C%19O)C=C(C(C)(C)C)C=C%17SC%20=C(O)C(SC%21=CC(C(C)(C)C)=CC(SC%19=C%18)=C%21O)=CC(C(C)(C)C)=C%20)N=N%16)=CC(C(C)(C)C)=C%22)=C%22SC%23=C(C9=CC(C(C)(C)C)=C%23)OCCC%24=CN(CCOC%25=C(SC%26=C%27)C=C(C(C)(C)C)C=C%25SC%28=CC(C(C)(C)C)=CC(SC%29=CC(C(C)(C)C)=CC(SC(C=C%27C(C)(C)C)=C%26O)=C%29O)=C%28O)N=N%24)=C6)C(SC(C=C5C(C)(C)C)=C4O)=C1)(C)C
outer_cv,train,1,1,1,,,130,Group 11/127.log,Group 11,Group 11,127.log,OC1=C(SC2=C3)C=C(C(C)(C)C)C=C1SC4=CC(C(C)(C)C)=CC(SC5=CC(C(C)(C)C)=CC(SC(C=C3C(C)(C)C)=C2O)=C5OCCCN(N=N6)C=C6CCOC7=C(SC8=CC(C(C)(C)C)=CC(SC9=CC(C(C)(C)C)=CC(S%10)=C9OCCC%11=CN(CCCOC%12=C(SC%13=C%14)C=C(C(C)(C)C)C=C%12SC%15=CC(C(C)(C)C)=CC(SC%16=CC(C(C)(C)C)=CC(SC(C=C%14C(C)(C)C)=C%13O)=C%16O)=C%15O)N=N%11)=C8OCCC%17=CN(CCCOC%18=C(C=C(C=C%18SC%19=C%20)C(C)(C)C)SC%21=CC(C(C)(C)C)=CC(SC%22=C(O)C(SC(C=C%20C(C)(C)C)=C%19O)=CC(C(C)(C)C)=C%22)=C%21O)N=N%17)C=C(C(C)(C)C)C=C7SC%23=CC(C(C)(C)C)=CC%10=C%23OCCC%24=CN(CCCOC%25=C(C=C%26C(C)(C)C)SC%27=C(O)C(SC%28=C(O)C(SC%29=CC(C(C)(C)C)=CC(SC%25=C%26)=C%29O)=CC(C(C)(C)C)=C%28)=CC(C(C)(C)C)=C%27)N=N%24)=C4O
outer_cv,train,1,1,1,,,131,Group 11/128.log,Group 11,Group 11,128.log,CC(C1=CC2=C(OCCCC3=CN(CCOC4=C(C=C5C(C)(C)C)SC6=C(O)C(SC7=C(O)C(SC8=CC(C(C)(C)C)=CC(SC4=C5)=C8O)=CC(C(C)(C)C)=C7)=CC(C(C)(C)C)=C6)N=N3)C(SC9=CC(C(C)(C)C)=CC(SC%10=CC(C(C)(C)C)=CC(SC%11=CC(C(C)(C)C)=CC(S2)=C%11OCCCC%12=CN(CCOC%13=C(SC%14=C%15)C=C(C(C)(C)C)C=C%13SC%16=CC(C(C)(C)C)=CC(SC%17=CC(C(C)(C)C)=CC(SC(C=C%15C(C)(C)C)=C%14O)=C%17O)=C%16O)N=N%12)=C%10OCCCC%18=CN(CCOC%19=C(C=C(C=C%19SC%20=C%21)C(C)(C)C)SC%22=CC(C(C)(C)C)=CC(SC%23=C(O)C(SC(C=C%21C(C)(C)C)=C%20O)=CC(C(C)(C)C)=C%23)=C%22O)N=N%18)=C9OCCCC%24=CN(CCOC%25=C(SC(C=C%26C(C)(C)C)=C%27O)C=C(C(C)(C)C)C=C%25SC%28=C(O)C(SC%29=CC(C(C)(C)C)=CC(SC%27=C%26)=C%29O)=CC(C(C)(C)C)=C%28)N=N%24)=C1)(C)C
outer_cv,train,1,1,1,,,132,Group 11/129.log,Group 11,Group 11,129.log,CC(C1=CC2=C(OCCCC3=CN(CCCOC4=C(C=C5C(C)(C)C)SC6=C(O)C(SC7=C(O)C(SC8=CC(C(C)(C)C)=CC(SC4=C5)=C8O)=CC(C(C)(C)C)=C7)=CC(C(C)(C)C)=C6)N=N3)C(SC9=CC(C(C)(C)C)=CC(SC%10=CC(C(C)(C)C)=CC(SC%11=CC(C(C)(C)C)=CC(S2)=C%11OCCCC%12=CN(CCCOC%13=C(SC%14=C%15)C=C(C(C)(C)C)C=C%13SC%16=CC(C(C)(C)C)=CC(SC%17=CC(C(C)(C)C)=CC(SC(C=C%15C(C)(C)C)=C%14O)=C%17O)=C%16O)N=N%12)=C%10OCCCC%18=CN(CCCOC%19=C(C=C(C=C%19SC%20=C%21)C(C)(C)C)SC%22=CC(C(C)(C)C)=CC(SC%23=C(O)C(SC(C=C%21C(C)(C)C)=C%20O)=CC(C(C)(C)C)=C%23)=C%22O)N=N%18)=C9OCCCC%24=CN(CCCOC%25=C(SC(C=C%26C(C)(C)C)=C%27O)C=C(C(C)(C)C)C=C%25SC%28=C(O)C(SC%29=CC(C(C)(C)C)=CC(SC%27=C%26)=C%29O)=CC(C(C)(C)C)=C%28)N=N%24)=C1)(C)C
outer_cv,train,1,1,1,,,133,Group 11/130.log,Group 11,Group 11,130.log,CC(C1=CC2=C(OCCCCC3=CN(CCOC(C(SC(C=C4C(C)(C)C)=C5O)=C6)=C(C=C6C(C)(C)C)SC7=C(O)C(SC(C=C(C=C8SC5=C4)C(C)(C)C)=C8O)=CC(C(C)(C)C)=C7)N=N3)C(SC9=CC(C(C)(C)C)=CC(SC%10=CC(C(C)(C)C)=CC(SC%11=CC(C(C)(C)C)=CC(S2)=C%11OCCCCC%12=CN(CCOC%13=C(SC%14=C%15)C=C(C(C)(C)C)C=C%13SC%16=CC(C(C)(C)C)=CC(SC%17=CC(C(C)(C)C)=CC(SC(C=C%15C(C)(C)C)=C%14O)=C%17O)=C%16O)N=N%12)=C%10OCCCCC%18=CN(CCOC%19=C(C=C(C=C%19SC%20=C%21)C(C)(C)C)SC%22=CC(C(C)(C)C)=CC(SC%23=C(O)C(SC(C=C%21C(C)(C)C)=C%20O)=CC(C(C)(C)C)=C%23)=C%22O)N=N%18)=C9OCCCCC%24=CN(CCOC%25=C(SC(C=C%26C(C)(C)C)=C%27O)C=C(C(C)(C)C)C=C%25SC%28=C(O)C(SC%29=CC(C(C)(C)C)=CC(SC%27=C%26)=C%29O)=CC(C(C)(C)C)=C%28)N=N%24)=C1)(C)C
outer_cv,train,1,1,1,,,134,Group 11/131.log,Group 11,Group 11,131.log,CC(C1=CC2=C(OCCCCC3=CN(CCCOC(C(SC(C=C4C(C)(C)C)=C5O)=C6)=C(C=C6C(C)(C)C)SC7=C(O)C(SC(C=C(C=C8SC5=C4)C(C)(C)C)=C8O)=CC(C(C)(C)C)=C7)N=N3)C(SC9=CC(C(C)(C)C)=CC(SC%10=CC(C(C)(C)C)=CC(SC%11=CC(C(C)(C)C)=CC(S2)=C%11OCCCCC%12=CN(CCCOC%13=C(SC%14=C%15)C=C(C(C)(C)C)C=C%13SC%16=CC(C(C)(C)C)=CC(SC%17=CC(C(C)(C)C)=CC(SC(C=C%15C(C)(C)C)=C%14O)=C%17O)=C%16O)N=N%12)=C%10OCCCCC%18=CN(CCCOC%19=C(C=C(C=C%19SC%20=C%21)C(C)(C)C)SC%22=CC(C(C)(C)C)=CC(SC%23=C(O)C(SC(C=C%21C(C)(C)C)=C%20O)=CC(C(C)(C)C)=C%23)=C%22O)N=N%18)=C9OCCCCC%24=CN(CCCOC%25=C(SC(C=C%26C(C)(C)C)=C%27O)C=C(C(C)(C)C)C=C%25SC%28=C(O)C(SC%29=CC(C(C)(C)C)=CC(SC%27=C%26)=C%29O)=CC(C(C)(C)C)=C%28)N=N%24)=C1)(C)C
outer_cv,train,1,1,1,,,135,Group 11/132.log,Group 11,Group 11,132.log,CC(C1=CC(SC2=C(O)C(SC(C=C(C=C3SC4=C5)C(C)(C)C)=C3O)=CC(C(C)(C)C)=C2)=C(OCC6=CN(N=N6)CCOC(C(SC7=CC(C(C)(C)C)=CC(SC8=CC(C(C)(C)C)=CC(S9)=C8OCCN%10C=C(COC%11=C(C=C(C=C%11SC%12=C%13)C(C)(C)C)SC%14=CC(C(C)(C)C)=CC(SC%15=C(O)C(SC(C=C%13C(C)(C)C)=C%12O)=CC(C(C)(C)C)=C%15)=C%14O)N=N%10)=C7OCCN%16C=C(COC%17=C(SC(C=C%18C(C)(C)C)=C%19O)C=C(C(C)(C)C)C=C%17SC%20=C(O)C(SC%21=CC(C(C)(C)C)=CC(SC%19=C%18)=C%21O)=CC(C(C)(C)C)=C%20)N=N%16)=CC(C(C)(C)C)=C%22)=C%22SC%23=C(C9=CC(C(C)(C)C)=C%23)OCCN%24N=NC(COC%25=C(SC%26=C%27)C=C(C(C)(C)C)C=C%25SC%28=CC(C(C)(C)C)=CC(SC%29=CC(C(C)(C)C)=CC(SC(C=C%27C(C)(C)C)=C%26O)=C%29O)=C%28O)=C%24)C(SC(C=C5C(C)(C)C)=C4O)=C1)(C)C
outer_cv,train,1,1,1,,,136,Group 11/133.log,Group 11,Group 11,133.log,CC(C1=CC(SC2=C(O)C(SC(C=C(C=C3SC4=C5)C(C)(C)C)=C3O)=CC(C(C)(C)C)=C2)=C(OCCC6=CN(N=N6)CCOC(C(SC7=CC(C(C)(C)C)=CC(SC8=CC(C(C)(C)C)=CC(S9)=C8OCCN%10C=C(CCOC%11=C(C=C(C=C%11SC%12=C%13)C(C)(C)C)SC%14=CC(C(C)(C)C)=CC(SC%15=C(O)C(SC(C=C%13C(C)(C)C)=C%12O)=CC(C(C)(C)C)=C%15)=C%14O)N=N%10)=C7OCCN%16C=C(CCOC%17=C(SC(C=C%18C(C)(C)C)=C%19O)C=C(C(C)(C)C)C=C%17SC%20=C(O)C(SC%21=CC(C(C)(C)C)=CC(SC%19=C%18)=C%21O)=CC(C(C)(C)C)=C%20)N=N%16)=CC(C(C)(C)C)=C%22)=C%22SC%23=C(C9=CC(C(C)(C)C)=C%23)OCCN%24N=NC(CCOC%25=C(SC%26=C%27)C=C(C(C)(C)C)C=C%25SC%28=CC(C(C)(C)C)=CC(SC%29=CC(C(C)(C)C)=CC(SC(C=C%27C(C)(C)C)=C%26O)=C%29O)=C%28O)=C%24)C(SC(C=C5C(C)(C)C)=C4O)=C1)(C)C
outer_cv,train,1,1,1,,,137,Group 11/134.log,Group 11,Group 11,134.log,OC1=C(SC2=C3)C=C(C(C)(C)C)C=C1SC4=CC(C(C)(C)C)=CC(SC5=CC(C(C)(C)C)=CC(SC(C=C3C(C)(C)C)=C2O)=C5OCCCC(N=N6)=CN6CCOC7=C(SC8=CC(C(C)(C)C)=CC(SC9=CC(C(C)(C)C)=CC(S%10)=C9OCCN%11N=NC(CCCOC%12=C(SC%13=C%14)C=C(C(C)(C)C)C=C%12SC%15=CC(C(C)(C)C)=CC(SC%16=CC(C(C)(C)C)=CC(SC(C=C%14C(C)(C)C)=C%13O)=C%16O)=C%15O)=C%11)=C8OCCN%17C=C(CCCOC%18=C(C=C(C=C%18SC%19=C%20)C(C)(C)C)SC%21=CC(C(C)(C)C)=CC(SC%22=C(O)C(SC(C=C%20C(C)(C)C)=C%19O)=CC(C(C)(C)C)=C%22)=C%21O)N=N%17)C=C(C(C)(C)C)C=C7SC%23=CC(C(C)(C)C)=CC%10=C%23OCCN%24N=NC(CCCOC%25=C(C=C%26C(C)(C)C)SC%27=C(O)C(SC%28=C(O)C(SC%29=CC(C(C)(C)C)=CC(SC%25=C%26)=C%29O)=CC(C(C)(C)C)=C%28)=CC(C(C)(C)C)=C%27)=C%24)=C4O
outer_cv,train,1,1,1,,,138,Group 11/135.log,Group 11,Group 11,135.log,OC1=C(SC2=C3)C=C(C(C)(C)C)C=C1SC4=CC(C(C)(C)C)=CC(SC5=CC(C(C)(C)C)=CC(SC(C=C3C(C)(C)C)=C2O)=C5OCCCCC(N=N6)=CN6CCOC7=C(SC8=CC(C(C)(C)C)=CC(SC9=CC(C(C)(C)C)=CC(S%10)=C9OCCN%11N=NC(CCCCOC%12=C(SC%13=C%14)C=C(C(C)(C)C)C=C%12SC%15=CC(C(C)(C)C)=CC(SC%16=CC(C(C)(C)C)=CC(SC(C=C%14C(C)(C)C)=C%13O)=C%16O)=C%15O)=C%11)=C8OCCN%17C=C(CCCCOC%18=C(C=C(C=C%18SC%19=C%20)C(C)(C)C)SC%21=CC(C(C)(C)C)=CC(SC%22=C(O)C(SC(C=C%20C(C)(C)C)=C%19O)=CC(C(C)(C)C)=C%22)=C%21O)N=N%17)C=C(C(C)(C)C)C=C7SC%23=CC(C(C)(C)C)=CC%10=C%23OCCN%24N=NC(CCCCOC%25=C(C=C%26C(C)(C)C)SC%27=C(O)C(SC%28=C(O)C(SC%29=CC(C(C)(C)C)=CC(SC%25=C%26)=C%29O)=CC(C(C)(C)C)=C%28)=CC(C(C)(C)C)=C%27)=C%24)=C4O
outer_cv,train,1,1,1,,,139,Group 11/136.log,Group 11,Group 11,136.log,CC(C1=CC2=C(OCCCN3C=C(COC4=C(C=C5C(C)(C)C)SC6=C(O)C(SC7=C(O)C(SC8=CC(C(C)(C)C)=CC(SC4=C5)=C8O)=CC(C(C)(C)C)=C7)=CC(C(C)(C)C)=C6)N=N3)C(SC9=CC(C(C)(C)C)=CC(SC%10=CC(C(C)(C)C)=CC(SC%11=CC(C(C)(C)C)=CC(S2)=C%11OCCCN%12C=C(COC%13=C(SC%14=C%15)C=C(C(C)(C)C)C=C%13SC%16=CC(C(C)(C)C)=CC(SC%17=CC(C(C)(C)C)=CC(SC(C=C%15C(C)(C)C)=C%14O)=C%17O)=C%16O)N=N%12)=C%10OCCCN%18N=NC(COC%19=C(C=C(C=C%19SC%20=C%21)C(C)(C)C)SC%22=CC(C(C)(C)C)=CC(SC%23=C(O)C(SC(C=C%21C(C)(C)C)=C%20O)=CC(C(C)(C)C)=C%23)=C%22O)=C%18)=C9OCCCN%24N=NC(COC%25=C(SC(C=C%26C(C)(C)C)=C%27O)C=C(C(C)(C)C)C=C%25SC%28=C(O)C(SC%29=CC(C(C)(C)C)=CC(SC%27=C%26)=C%29O)=CC(C(C)(C)C)=C%28)=C%24)=C1)(C)C
outer_cv,train,1,1,1,,,140,Group 11/137.log,Group 11,Group 11,137.log,CC(C1=CC2=C(OCCCN3C=C(CCOC4=C(C=C5C(C)(C)C)SC6=C(O)C(SC7=C(O)C(SC8=CC(C(C)(C)C)=CC(SC4=C5)=C8O)=CC(C(C)(C)C)=C7)=CC(C(C)(C)C)=C6)N=N3)C(SC9=CC(C(C)(C)C)=CC(SC%10=CC(C(C)(C)C)=CC(SC%11=CC(C(C)(C)C)=CC(S2)=C%11OCCCN%12C=C(CCOC%13=C(SC%14=C%15)C=C(C(C)(C)C)C=C%13SC%16=CC(C(C)(C)C)=CC(SC%17=CC(C(C)(C)C)=CC(SC(C=C%15C(C)(C)C)=C%14O)=C%17O)=C%16O)N=N%12)=C%10OCCCN%18N=NC(CCOC%19=C(C=C(C=C%19SC%20=C%21)C(C)(C)C)SC%22=CC(C(C)(C)C)=CC(SC%23=C(O)C(SC(C=C%21C(C)(C)C)=C%20O)=CC(C(C)(C)C)=C%23)=C%22O)=C%18)=C9OCCCN%24N=NC(CCOC%25=C(SC(C=C%26C(C)(C)C)=C%27O)C=C(C(C)(C)C)C=C%25SC%28=C(O)C(SC%29=CC(C(C)(C)C)=CC(SC%27=C%26)=C%29O)=CC(C(C)(C)C)=C%28)=C%24)=C1)(C)C
outer_cv,train,1,1,1,,,141,Group 11/138.log,Group 11,Group 11,138.log,CC(C1=CC2=C(OCCCN3C=C(CCCOC4=C(C=C5C(C)(C)C)SC6=C(O)C(SC7=C(O)C(SC8=CC(C(C)(C)C)=CC(SC4=C5)=C8O)=CC(C(C)(C)C)=C7)=CC(C(C)(C)C)=C6)N=N3)C(SC9=CC(C(C)(C)C)=CC(SC%10=CC(C(C)(C)C)=CC(SC%11=CC(C(C)(C)C)=CC(S2)=C%11OCCCN%12C=C(CCCOC%13=C(SC%14=C%15)C=C(C(C)(C)C)C=C%13SC%16=CC(C(C)(C)C)=CC(SC%17=CC(C(C)(C)C)=CC(SC(C=C%15C(C)(C)C)=C%14O)=C%17O)=C%16O)N=N%12)=C%10OCCCN%18N=NC(CCCOC%19=C(C=C(C=C%19SC%20=C%21)C(C)(C)C)SC%22=CC(C(C)(C)C)=CC(SC%23=C(O)C(SC(C=C%21C(C)(C)C)=C%20O)=CC(C(C)(C)C)=C%23)=C%22O)=C%18)=C9OCCCN%24N=NC(CCCOC%25=C(SC(C=C%26C(C)(C)C)=C%27O)C=C(C(C)(C)C)C=C%25SC%28=C(O)C(SC%29=CC(C(C)(C)C)=CC(SC%27=C%26)=C%29O)=CC(C(C)(C)C)=C%28)=C%24)=C1)(C)C
outer_cv,train,1,1,1,,,142,Group 11/139.log,Group 11,Group 11,139.log,CC(C1=CC2=C(OCCCN3C=C(CCCCOC4=C(C=C5C(C)(C)C)SC6=C(O)C(SC7=C(O)C(SC8=CC(C(C)(C)C)=CC(SC4=C5)=C8O)=CC(C(C)(C)C)=C7)=CC(C(C)(C)C)=C6)N=N3)C(SC9=CC(C(C)(C)C)=CC(SC%10=CC(C(C)(C)C)=CC(SC%11=CC(C(C)(C)C)=CC(S2)=C%11OCCCN%12C=C(CCCCOC%13=C(SC%14=C%15)C=C(C(C)(C)C)C=C%13SC%16=CC(C(C)(C)C)=CC(SC%17=CC(C(C)(C)C)=CC(SC(C=C%15C(C)(C)C)=C%14O)=C%17O)=C%16O)N=N%12)=C%10OCCCN%18N=NC(CCCCOC%19=C(C=C(C=C%19SC%20=C%21)C(C)(C)C)SC%22=CC(C(C)(C)C)=CC(SC%23=C(O)C(SC(C=C%21C(C)(C)C)=C%20O)=CC(C(C)(C)C)=C%23)=C%22O)=C%18)=C9OCCCN%24N=NC(CCCCOC%25=C(S)C=C(C(C)(C)C)C=C%25SC%26=C(O)C(SC%27=CC(C(C)(C)C)=CC(SC%28=CC(C(C)(C)C)=CC=C%28O)=C%27O)=CC(C(C)(C)C)=C%26)=C%24)=C1)(C)C
outer_cv,train,1,1,1,,,143,Group 11/140.log,Group 11,Group 11,140.log,CC(C1=CC2=C(OCCCCN3N=NC(COC(C(SC(C=C4C(C)(C)C)=C5O)=C6)=C(C=C6C(C)(C)C)SC7=C(O)C(SC(C=C(C=C8SC5=C4)C(C)(C)C)=C8O)=CC(C(C)(C)C)=C7)=C3)C(SC9=CC(C(C)(C)C)=CC(SC%10=CC(C(C)(C)C)=CC(SC%11=CC(C(C)(C)C)=CC(S2)=C%11OCCCCN%12N=NC(COC%13=C(SC%14=C%15)C=C(C(C)(C)C)C=C%13SC%16=CC(C(C)(C)C)=CC(SC%17=CC(C(C)(C)C)=CC(SC(C=C%15C(C)(C)C)=C%14O)=C%17O)=C%16O)=C%12)=C%10OCCCCN%18C=C(COC%19=C(C=C(C=C%19SC%20=C%21)C(C)(C)C)SC%22=CC(C(C)(C)C)=CC(SC%23=C(O)C(SC(C=C%21C(C)(C)C)=C%20O)=CC(C(C)(C)C)=C%23)=C%22O)N=N%18)=C9OCCCCN%24C=C(COC%25=C(SC(C=C%26C(C)(C)C)=C%27O)C=C(C(C)(C)C)C=C%25SC%28=C(O)C(SC%29=CC(C(C)(C)C)=CC(SC%27=C%26)=C%29O)=CC(C(C)(C)C)=C%28)N=N%24)=C1)(C)C
outer_cv,train,1,1,1,,,144,Group 11/141.log,Group 11,Group 11,141.log,CC(C1=CC2=C(OCCCCN3N=NC(CCOC(C(SC(C=C4C(C)(C)C)=C5O)=C6)=C(C=C6C(C)(C)C)SC7=C(O)C(SC(C=C(C=C8SC5=C4)C(C)(C)C)=C8O)=CC(C(C)(C)C)=C7)=C3)C(SC9=CC(C(C)(C)C)=CC(SC%10=CC(C(C)(C)C)=CC(SC%11=CC(C(C)(C)C)=CC(S2)=C%11OCCCCN%12N=NC(CCOC%13=C(SC%14=C%15)C=C(C(C)(C)C)C=C%13SC%16=CC(C(C)(C)C)=CC(SC%17=CC(C(C)(C)C)=CC(SC(C=C%15C(C)(C)C)=C%14O)=C%17O)=C%16O)=C%12)=C%10OCCCCN%18C=C(CCOC%19=C(C=C(C=C%19SC%20=C%21)C(C)(C)C)SC%22=CC(C(C)(C)C)=CC(SC%23=C(O)C(SC(C=C%21C(C)(C)C)=C%20O)=CC(C(C)(C)C)=C%23)=C%22O)N=N%18)=C9OCCCCN%24C=C(CCOC%25=C(SC(C=C%26C(C)(C)C)=C%27O)C=C(C(C)(C)C)C=C%25SC%28=C(O)C(SC%29=CC(C(C)(C)C)=CC(SC%27=C%26)=C%29O)=CC(C(C)(C)C)=C%28)N=N%24)=C1)(C)C
outer_cv,train,1,1,1,,,145,Group 11/142.log,Group 11,Group 11,142.log,CC(C1=CC2=C(OCCCCN3N=NC(CCCOC(C(SC(C=C4C(C)(C)C)=C5O)=C6)=C(C=C6C(C)(C)C)SC7=C(O)C(SC(C=C(C=C8SC5=C4)C(C)(C)C)=C8O)=CC(C(C)(C)C)=C7)=C3)C(SC9=CC(C(C)(C)C)=CC(SC%10=CC(C(C)(C)C)=CC(SC%11=CC(C(C)(C)C)=CC(S2)=C%11OCCCCN%12N=NC(CCCOC%13=C(SC%14=C%15)C=C(C(C)(C)C)C=C%13SC%16=CC(C(C)(C)C)=CC(SC%17=CC(C(C)(C)C)=CC(SC(C=C%15C(C)(C)C)=C%14O)=C%17O)=C%16O)=C%12)=C%10OCCCCN%18C=C(CCCOC%19=C(C=C(C=C%19SC%20=C%21)C(C)(C)C)SC%22=CC(C(C)(C)C)=CC(SC%23=C(O)C(SC(C=C%21C(C)(C)C)=C%20O)=CC(C(C)(C)C)=C%23)=C%22O)N=N%18)=C9OCCCCN%24C=C(CCCOC%25=C(SC(C=C%26C(C)(C)C)=C%27O)C=C(C(C)(C)C)C=C%25SC%28=C(O)C(SC%29=CC(C(C)(C)C)=CC(SC%27=C%26)=C%29O)=CC(C(C)(C)C)=C%28)N=N%24)=C1)(C)C
outer_cv,train,1,1,1,,,146,Group 11/143.log,Group 11,Group 11,143.log,CC(C1=CC2=C(OCCCCN3N=NC(CCCCOC(C(SC(C=C4C(C)(C)C)=C5O)=C6)=C(C=C6C(C)(C)C)SC7=C(O)C(SC(C=C(C=C8SC5=C4)C(C)(C)C)=C8O)=CC(C(C)(C)C)=C7)=C3)C(SC9=CC(C(C)(C)C)=CC(SC%10=CC(C(C)(C)C)=CC(SC%11=CC(C(C)(C)C)=CC(S2)=C%11OCCCCN%12N=NC(CCCCOC%13=C(SC%14=C%15)C=C(C(C)(C)C)C=C%13SC%16=CC(C(C)(C)C)=CC(SC%17=CC(C(C)(C)C)=CC(SC(C=C%15C(C)(C)C)=C%14O)=C%17O)=C%16O)=C%12)=C%10OCCCCN%18C=C(CCCCOC%19=C(C=C(C=C%19SC%20=C%21)C(C)(C)C)SC%22=CC(C(C)(C)C)=CC(SC%23=C(O)C(SC(C=C%21C(C)(C)C)=C%20O)=CC(C(C)(C)C)=C%23)=C%22O)N=N%18)=C9OCCCCN%24C=C(CCCCOC%25=C(SC(C=C%26C(C)(C)C)=C%27O)C=C(C(C)(C)C)C=C%25SC%28=C(O)C(SC%29=CC(C(C)(C)C)=CC(SC%27=C%26)=C%29O)=CC(C(C)(C)C)=C%28)N=N%24)=C1)(C)C
outer_cv,train,1,1,1,,,147,Group 11/144.log,Group 11,Group 11,144.log,CC(C1=CC2=C(OCCCCCN3N=NC(COC(C(SC(C=C4C(C)(C)C)=C5O)=C6)=C(C=C6C(C)(C)C)SC7=C(O)C(SC(C=C(C=C8SC5=C4)C(C)(C)C)=C8O)=CC(C(C)(C)C)=C7)=C3)C(SC9=CC(C(C)(C)C)=CC(SC%10=CC(C(C)(C)C)=CC(SC%11=CC(C(C)(C)C)=CC(S2)=C%11OCCCCCN%12N=NC(COC%13=C(SC%14=C%15)C=C(C(C)(C)C)C=C%13SC%16=CC(C(C)(C)C)=CC(SC%17=CC(C(C)(C)C)=CC(SC(C=C%15C(C)(C)C)=C%14O)=C%17O)=C%16O)=C%12)=C%10OCCCCCN%18C=C(COC%19=C(C=C(C=C%19SC%20=C%21)C(C)(C)C)SC%22=CC(C(C)(C)C)=CC(SC%23=C(O)C(SC(C=C%21C(C)(C)C)=C%20O)=CC(C(C)(C)C)=C%23)=C%22O)N=N%18)=C9OCCCCCN%24C=C(COC%25=C(SC(C=C%26C(C)(C)C)=C%27O)C=C(C(C)(C)C)C=C%25SC%28=C(O)C(SC%29=CC(C(C)(C)C)=CC(SC%27=C%26)=C%29O)=CC(C(C)(C)C)=C%28)N=N%24)=C1)(C)C
outer_cv,train,1,1,1,,,148,Group 11/145.log,Group 11,Group 11,145.log,CC(C1=CC2=C(OCCCCCN3N=NC(CCOC4=C(C=C5C(C)(C)C)SC6=C(O)C(SC7=C(O)C(SC8=CC(C(C)(C)C)=CC(SC4=C5)=C8O)=CC(C(C)(C)C)=C7)=CC(C(C)(C)C)=C6)=C3)C(SC9=CC(C(C)(C)C)=CC(SC%10=CC(C(C)(C)C)=CC(SC%11=CC(C(C)(C)C)=CC(S2)=C%11OCCCCCN%12N=NC(CCOC%13=C(SC%14=C%15)C=C(C(C)(C)C)C=C%13SC%16=CC(C(C)(C)C)=CC(SC%17=CC(C(C)(C)C)=CC(SC(C=C%15C(C)(C)C)=C%14O)=C%17O)=C%16O)=C%12)=C%10OCCCCCN%18C=C(CCOC%19=C(C=C(C=C%19SC%20=C%21)C(C)(C)C)SC%22=CC(C(C)(C)C)=CC(SC%23=C(O)C(SC(C=C%21C(C)(C)C)=C%20O)=CC(C(C)(C)C)=C%23)=C%22O)N=N%18)=C9OCCCCCN%24C=C(CCOC%25=C(SC(C=C%26C(C)(C)C)=C%27O)C=C(C(C)(C)C)C=C%25SC%28=C(O)C(SC%29=CC(C(C)(C)C)=CC(SC%27=C%26)=C%29O)=CC(C(C)(C)C)=C%28)N=N%24)=C1)(C)C
outer_cv,train,1,1,1,,,149,Group 11/146.log,Group 11,Group 11,146.log,CC(C1=CC2=C(OCCCCCN3N=NC(CCCOC4=C(C=C5C(C)(C)C)SC6=C(O)C(SC7=C(O)C(SC8=CC(C(C)(C)C)=CC(SC4=C5)=C8O)=CC(C(C)(C)C)=C7)=CC(C(C)(C)C)=C6)=C3)C(SC9=CC(C(C)(C)C)=CC(SC%10=CC(C(C)(C)C)=CC(SC%11=CC(C(C)(C)C)=CC(S2)=C%11OCCCCCN%12N=NC(CCCOC%13=C(SC%14=C%15)C=C(C(C)(C)C)C=C%13SC%16=CC(C(C)(C)C)=CC(SC%17=CC(C(C)(C)C)=CC(SC(C=C%15C(C)(C)C)=C%14O)=C%17O)=C%16O)=C%12)=C%10OCCCCCN%18C=C(CCCOC%19=C(C=C(C=C%19SC%20=C%21)C(C)(C)C)SC%22=CC(C(C)(C)C)=CC(SC%23=C(O)C(SC(C=C%21C(C)(C)C)=C%20O)=CC(C(C)(C)C)=C%23)=C%22O)N=N%18)=C9OCCCCCN%24C=C(CCCOC%25=C(SC(C=C%26C(C)(C)C)=C%27O)C=C(C(C)(C)C)C=C%25SC%28=C(O)C(SC%29=CC(C(C)(C)C)=CC(SC%27=C%26)=C%29O)=CC(C(C)(C)C)=C%28)N=N%24)=C1)(C)C
outer_cv,train,1,1,1,,,150,Group 11/147.log,Group 11,Group 11,147.log,OC1=C(SC2=C3)C=C(C(C)(C)C)C=C1SC4=CC(C(C)(C)C)=CC(SC5=CC(C(C)(C)C)=CC(SC(C=C3C(C)(C)C)=C2O)=C5OCCCCC(N=N6)=CN6CCCCCOC7=C(SC8=CC(C(C)(C)C)=CC(SC9=CC(C(C)(C)C)=CC(S%10)=C9OCCCCCN%11N=NC(CCCCOC%12=C(SC%13=C%14)C=C(C(C)(C)C)C=C%12SC%15=CC(C(C)(C)C)=CC(SC%16=CC(C(C)(C)C)=CC(SC(C=C%14C(C)(C)C)=C%13O)=C%16O)=C%15O)=C%11)=C8OCCCCCN%17C=C(CCCCOC%18=C(C=C(C=C%18SC%19=C%20)C(C)(C)C)SC%21=CC(C(C)(C)C)=CC(SC%22=C(O)C(SC(C=C%20C(C)(C)C)=C%19O)=CC(C(C)(C)C)=C%22)=C%21O)N=N%17)C=C(C(C)(C)C)C=C7SC%23=CC(C(C)(C)C)=CC%10=C%23OCCCCCN%24N=NC(CCCCOC%25=C(C=C%26C(C)(C)C)SC%27=C(O)C(SC%28=C(O)C(SC%29=CC(C(C)(C)C)=CC(SC%25=C%26)=C%29O)=CC(C(C)(C)C)=C%28)=CC(C(C)(C)C)=C%27)=C%24)=C4O
outer_cv,train,1,1,1,,,161,Group 13/158.log,Group 13,Group 13,158.log,CC(C1=CC2=C(OCCOCCO)C(SC3=CC(C(C)(C)C)=CC(SC4=CC(C(C)(C)C)=CC(SC5=CC(C(C)(C)C)=CC(S2)=C5OCCOCCO)=C4OCCOCCO)=C3OCCOCCO)=C1)(C)C
outer_cv,train,1,1,1,,,162,Group 13/159.log,Group 13,Group 13,159.log,CC(C1=CC2=C(OCCOCCO)C(SC3=CC(C(C)(C)C)=CC(SC4=CC(C(C)(C)C)=CC(SC5=CC(C(C)(C)C)=CC(S2)=C5OCCBr)=C4OCCOCCO)=C3OCCBr)=C1)(C)C
outer_cv,train,1,1,1,,,163,Group 13/160.log,Group 13,Group 13,160.log,OC1=C2C=C(C(C)(C)C)C=C1SC3=C(OCCOCCOC4=C(S2)C=C5C(C)(C)C)C(SC6=CC(C(C)(C)C)=CC(SC4=C5)=C6O)=CC(C(C)(C)C)=C3
outer_cv,train,1,1,1,,,164,Group 13/161.log,Group 13,Group 13,161.log,OC1=C2C=C(C(C)(C)C)C=C1SC3=C(OCCOCCOCCOC4=C(S2)C=C5C(C)(C)C)C(SC6=CC(C(C)(C)C)=CC(SC4=C5)=C6O)=CC(C(C)(C)C)=C3
outer_cv,train,1,1,1,,,165,Group 13/162.log,Group 13,Group 13,162.log,OC1=C2C=C(C(C)(C)C)C=C1SC3=C(OCCOCCOCCOCCOC4=C(S2)C=C5C(C)(C)C)C(SC6=CC(C(C)(C)C)=CC(SC4=C5)=C6O)=CC(C(C)(C)C)=C3.C
outer_cv,train,1,1,1,,,166,Group 13/163.log,Group 13,Group 13,163.log,OC1=C2C=C(C(C)(C)C)C=C1SC3=C(OCCOCCOCCOCCOCCOC4=C(S2)C=C5C(C)(C)C)C(SC6=CC(C(C)(C)C)=CC(SC4=C5)=C6O)=CC(C(C)(C)C)=C3.C
outer_cv,train,1,1,1,,,167,Group 13/164.log,Group 13,Group 13,164.log,O=[N+](C1=CC(S2)=C3OCCOCCOCCOCCOC4=C5SC6=C(C2=CC([N+]([O-])=O)=C6)OCCOCCOCCOCCOC7=C(SC3=C1)C=C([N+]([O-])=O)C=C7SC4=CC([N+]([O-])=O)=C5)[O-]
outer_cv,train,1,1,1,,,168,Group 13/165.log,Group 13,Group 13,165.log,CC(C1=CC2=C(OCCOCCOC3=C(SC4=CC(C(C)(C)C)=CC(S2)=C4OCCBr)C=C(C(C)(C)C)C=C3S5)C(SC6=CC(C(C)(C)C)=CC5=C6OCCBr)=C1)(C)C
outer_cv,train,1,1,1,,,169,Group 13/166.log,Group 13,Group 13,166.log,CC(C1=CC2=C(OCCOCCOC3=C(SC4=CC(C(C)(C)C)=CC(S2)=C4OCCCBr)C=C(C(C)(C)C)C=C3S5)C(SC6=CC(C(C)(C)C)=CC5=C6OCCCBr)=C1)(C)C
outer_cv,train,1,1,1,,,170,Group 13/167.log,Group 13,Group 13,167.log,CC(C1=CC2=C(OCCOCCOCCOC3=C(SC4=CC(C(C)(C)C)=CC(S2)=C4OCCBr)C=C(C(C)(C)C)C=C3S5)C(SC6=CC(C(C)(C)C)=CC5=C6OCCBr)=C1)(C)C
outer_cv,train,1,1,1,,,171,Group 13/168.log,Group 13,Group 13,168.log,CC(C1=CC2=C(OCCOCCOCCOC3=C(SC4=CC(C(C)(C)C)=CC(S2)=C4OCCCBr)C=C(C(C)(C)C)C=C3S5)C(SC6=CC(C(C)(C)C)=CC5=C6OCCCBr)=C1)(C)C
outer_cv,train,1,1,1,,,172,Group 13/169.log,Group 13,Group 13,169.log,CC(C1=CC2=C(OCCOCCOCCOCCOC3=C(SC4=CC(C(C)(C)C)=CC(S2)=C4OCCCBr)C=C(C(C)(C)C)C=C3S5)C(SC6=CC(C(C)(C)C)=CC5=C6OCCCBr)=C1)(C)C
outer_cv,train,1,1,1,,,173,Group 13/170.log,Group 13,Group 13,170.log,CC(C1=CC2=C(OCCOCCOCCOCCOCCOC3=C(SC4=CC(C(C)(C)C)=CC(S2)=C4OCCBr)C=C(C(C)(C)C)C=C3S5)C(SC6=CC(C(C)(C)C)=CC5=C6OCCBr)=C1)(C)C
outer_cv,train,1,1,1,,,174,Group 13/171.log,Group 13,Group 13,171.log,CC(C1=CC2=C(OCCOCCOCCOCCOCCOC3=C(SC4=CC(C(C)(C)C)=CC(S2)=C4OCCCBr)C=C(C(C)(C)C)C=C3S5)C(SC6=CC(C(C)(C)C)=CC5=C6OCCCBr)=C1)(C)C
outer_cv,train,1,1,1,,,175,Group 13/172.log,Group 13,Group 13,172.log,CC(C1=CC2=C(OCCOCCOCCOCCOCCOCCOC3=C(SC4=CC(C(C)(C)C)=CC(S2)=C4OCCBr)C=C(C(C)(C)C)C=C3S5)C(SC6=CC(C(C)(C)C)=CC5=C6OCCBr)=C1)(C)C
outer_cv,train,1,1,1,,,176,Group 13/173.log,Group 13,Group 13,173.log,CC(C1=CC2=C(OCCOCCOCCOCCOCCOCCOC3=C(SC4=CC(C(C)(C)C)=CC(S2)=C4OCCCBr)C=C(C(C)(C)C)C=C3S5)C(SC6=CC(C(C)(C)C)=CC5=C6OCCCBr)=C1)(C)C
outer_cv,train,1,1,1,,,177,Group 13/174.log,Group 13,Group 13,174.log,CC(C)(C)C1=CC(SC(C=C2C(C)(C)C)=C3OCCOCCOCCOCCOCCOC(C(S4)=CC(C(C)(C)C)=C5)=C5SC6=C(C7=CC(C(C)(C)C)=C6)OCCCBr)=C(OCCCBr)C(SC8=C(OCCOCCOCCOCCOCCOC9=C(S7)C=C(C(C)(C)C)C=C9SC%10=C(OCCCBr)C4=CC(C(C)(C)C)=C%10)C(SC(C=C(C=C%11SC3=C2)C(C)(C)C)=C%11OCCCBr)=CC(C(C)(C)C)=C8)=C1
outer_cv,train,1,1,1,,,178,Group 13/175.log,Group 13,Group 13,175.log,CC(C1=CC2=C(OCCOCCOCCOC3=C(SC4=CC(C(C)(C)C)=CC(S2)=C4OCCCCCCCCCCCC)C=C(C(C)(C)C)C=C3S5)C(SC6=CC(C(C)(C)C)=CC5=C6OCCCCCCCCCCCC)=C1)(C)C
outer_cv,train,1,1,1,,,179,Group 13/176.log,Group 13,Group 13,176.log,CC(C1=CC2=C(OCCOCCOCCOCCOC3=C(SC4=CC(C(C)(C)C)=CC(S2)=C4OCCCCCCCCCCCC)C=C(C(C)(C)C)C=C3S5)C(SC6=CC(C(C)(C)C)=CC5=C6OCCCCCCCCCCCC)=C1)(C)C
outer_cv,train,1,1,1,,,180,Group 13/177.log,Group 13,Group 13,177.log,CC(C1=CC2=C(OCCOCCOCCOCCOCCOC3=C(SC4=CC(C(C)(C)C)=CC(S2)=C4OCCCCCCCCCCCC)C=C(C(C)(C)C)C=C3S5)C(SC6=CC(C(C)(C)C)=CC5=C6OCCCCCCCCCCCC)=C1)(C)C
outer_cv,train,1,1,1,,,181,Group 13/178.log,Group 13,Group 13,178.log,CC(C1=CC2=C(OCCOCCOCCOC3=C(SC4=CC(C(C)(C)C)=CC(S2)=C4OC)C=C(C(C)(C)C)C=C3S5)C(SC6=CC(C(C)(C)C)=CC5=C6OC)=C1)(C)C
outer_cv,train,1,1,1,,,182,Group 13/179.log,Group 13,Group 13,179.log,CC(C1=CC2=C(OCCOCCOCCOCCOC3=C(SC4=CC(C(C)(C)C)=CC(S2)=C4OC)C=C(C(C)(C)C)C=C3S5)C(SC6=CC(C(C)(C)C)=CC5=C6OC)=C1)(C)C
outer_cv,train,1,1,1,,,183,Group 13/180.log,Group 13,Group 13,180.log,CC(C1=CC2=C(OCCOCCOCCOCCOCCOC3=C(SC4=CC(C(C)(C)C)=CC(S2)=C4OC)C=C(C(C)(C)C)C=C3S5)C(SC6=CC(C(C)(C)C)=CC5=C6OC)=C1)(C)C
outer_cv,train,1,1,1,,,184,Group 14/181.log,Group 14,Group 14,181.log,CC(C)(C1=CC(CC2=C(C(CC(C=C(C=C3C4)C(C)(C)C)=C3OCC#CC(C5=CC=CC=C5)=O)=CC(C(C)(C)C)=C2)OCC#CC(C6=CC=CC=C6)=O)=C(OCC#CC(C7=CC=CC=C7)=O)C(CC8=CC(C(C)(C)C)=CC4=C8OCC#CC(C9=CC=CC=C9)=O)=C1)C
outer_cv,train,1,1,1,,,185,Group 14/182.log,Group 14,Group 14,182.log,CC(C)(C1=CC(CC2=C(C(CC(C=C(C=C3C4)C(C)(C)C)=C3OCC#CC(C5=CC=C(C)C=C5)=O)=CC(C(C)(C)C)=C2)OCC#CC(C6=CC=C(C)C=C6)=O)=C(OCC#CC(C7=CC=C(C)C=C7)=O)C(CC8=CC(C(C)(C)C)=CC4=C8OCC#CC(C9=CC=C(C)C=C9)=O)=C1)C
outer_cv,train,1,1,1,,,186,Group 14/183.log,Group 14,Group 14,183.log,CC(C)(C1=CC(CC2=C(C(CC(C=C(C=C3C4)C(C)(C)C)=C3OCC#CC(C5=CC=C(Cl)C=C5)=O)=CC(C(C)(C)C)=C2)OCC#CC(C6=CC=C(Cl)C=C6)=O)=C(OCC#CC(C7=CC=C(Cl)C=C7)=O)C(CC8=CC(C(C)(C)C)=CC4=C8OCC#CC(C9=CC=C(Cl)C=C9)=O)=C1)C
outer_cv,train,1,1,1,,,187,Group 14/184.log,Group 14,Group 14,184.log,CC(C)(C1=CC(CC2=C(C(CC(C=C(C=C3C4)C(C)(C)C)=C3OCC#CC(C5=CC=C(OC)C=C5)=O)=CC(C(C)(C)C)=C2)OCC#CC(C6=CC=C(OC)C=C6)=O)=C(OCC#CC(C7=CC=C(OC)C=C7)=O)C(CC8=CC(C(C)(C)C)=CC4=C8OCC#CC(C9=CC=C(OC)C=C9)=O)=C1)C
outer_cv,train,1,1,1,,,188,Group 14/185.log,Group 14,Group 14,185.log,CC(C1=CC2=C(OCC#CC(C3=CC=CC=C3)=O)C(CC4=CC(C(C)(C)C)=CC(CC5=CC(C(C)(C)C)=CC(CC6=CC(C(C)(C)C)=CC(C2)=C6OCC#CC(C7=CC=CC=C7)=O)=C5OCC#CC(C8=CC=CC=C8)=O)=C4OCC#CC(C9=CC=CC=C9)=O)=C1)(C)C
outer_cv,train,1,1,1,,,189,Group 14/186.log,Group 14,Group 14,186.log,CC(C1=CC2=C(OCC#CC(C3=CC=C(C)C=C3)=O)C(CC4=CC(C(C)(C)C)=CC(CC5=CC(C(C)(C)C)=CC(CC6=CC(C(C)(C)C)=CC(C2)=C6OCC#CC(C7=CC=C(C)C=C7)=O)=C5OCC#CC(C8=CC=C(C)C=C8)=O)=C4OCC#CC(C9=CC=C(C)C=C9)=O)=C1)(C)C
outer_cv,train,1,1,1,,,190,Group 14/187.log,Group 14,Group 14,187.log,CC(C)(C)C1=CC(CC2=C3)=C(OCC#CC(C4=CC=CC=C4)=O)C(CC5=CC(C(C)(C)C)=CC(CC6=CC(C(C)(C)C)=CC(CC(C=C3C(C)(C)C)=C2OCC#CC(C7=CC=CC=C7)=O)=C6OCC#CC(C8=CC=CC=C8)=O)=C5OCC#CC(C9=CC=CC=C9)=O)=C1
outer_cv,train,1,1,1,,,191,Group 14/188.log,Group 14,Group 14,188.log,CC(C)(C)C1=CC(CC2=C3)=C(OCC#CC(C4=CC=C(C)C=C4)=O)C(CC5=CC(C(C)(C)C)=CC(CC6=CC(C(C)(C)C)=CC(CC(C=C3C(C)(C)C)=C2OCC#CC(C7=CC=C(C)C=C7)=O)=C6OCC#CC(C8=CC=C(C)C=C8)=O)=C5OCC#CC(C9=CC=C(C)C=C9)=O)=C1
outer_cv,train,1,1,1,,,192,Group 14/189.log,Group 14,Group 14,189.log,CC(C)(C)C1=CC(CC2=C3)=C(OCC#CC(C4=CC=C(Cl)C=C4)=O)C(CC5=CC(C(C)(C)C)=CC(CC6=CC(C(C)(C)C)=CC(CC(C=C3C(C)(C)C)=C2OCC#CC(C7=CC=C(Cl)C=C7)=O)=C6OCC#CC(C8=CC=C(Cl)C=C8)=O)=C5OCC#CC(C9=CC=C(Cl)C=C9)=O)=C1
outer_cv,train,1,1,1,,,193,Group 14/190.log,Group 14,Group 14,190.log,CC(C)(C)C1=CC(CC2=C3)=C(OCC#CC(C4=CC=C(OC)C=C4)=O)C(CC5=CC(C(C)(C)C)=CC(CC6=CC(C(C)(C)C)=CC(CC(C=C3C(C)(C)C)=C2OCC#CC(C7=CC=C(OC)C=C7)=O)=C6OCC#CC(C8=CC=C(OC)C=C8)=O)=C5OCC#CC(C9=CC=C(OC)C=C9)=O)=C1
outer_cv,train,1,1,1,,,194,Group 14/191.log,Group 14,Group 14,191.log,CC(C1=CC2=C(OCC#CC(C3=CC=C(Cl)C=C3)=O)C(CC4=CC(C(C)(C)C)=CC(CC5=CC(C(C)(C)C)=CC(CC6=CC(C(C)(C)C)=CC(C2)=C6OCC#CC(C7=CC=C(Cl)C=C7)=O)=C5OCC#CC(C8=CC=C(Cl)C=C8)=O)=C4OCC#CC(C9=CC=C(Cl)C=C9)=O)=C1)(C)C
outer_cv,train,1,1,1,,,195,Group 14/192.log,Group 14,Group 14,192.log,CC(C1=CC2=C(OCC#CC(C3=CC=C(OC)C=C3)=O)C(CC4=CC(C(C)(C)C)=CC(CC5=CC(C(C)(C)C)=CC(CC6=CC(C(C)(C)C)=CC(C2)=C6OCC#CC(C7=CC=C(OC)C=C7)=O)=C5OCC#CC(C8=CC=C(OC)C=C8)=O)=C4OCC#CC(C9=CC=C(OC)C=C9)=O)=C1)(C)C
outer_cv,train,1,1,1,,,196,Group 14/193.log,Group 14,Group 14,193.log,CC(C1=CC2=C(OCC#CC(C3=CC=CC=C3)=O)C(SC4=CC(C(C)(C)C)=CC(SC5=CC(C(C)(C)C)=CC(SC6=CC(C(C)(C)C)=CC(S2)=C6OCC#CC(C7=CC=CC=C7)=O)=C5OCC#CC(C8=CC=CC=C8)=O)=C4OCC#CC(C9=CC=CC=C9)=O)=C1)(C)C
outer_cv,train,1,1,1,,,197,Group 14/194.log,Group 14,Group 14,194.log,CC(C1=CC2=C(OCCC#CC(C3=CC=CC=C3)=O)C(SC4=CC(C(C)(C)C)=CC(SC5=CC(C(C)(C)C)=CC6=C5OCCC#C(C(C7=CC=CC=C7)=O)C(C(C=C8S6)=CC(S2)=C8OCCC#CC(C9=CC=CC=C9)=O)(C)C)=C4OCCC#CC(C%10=CC=CC=C%10)=O)=C1)(C)C
outer_cv,train,1,1,1,,,198,Group 14/195.log,Group 14,Group 14,195.log,CC(C1=CC2=C(OCCCC#CC(C3=CC=CC=C3)=O)C(CC4=CC(C(C)(C)C)=CC(CC5=CC(C(C)(C)C)=CC(CC6=CC(C(C)(C)C)=CC(C2)=C6OCCCC#CC(C7=CC=CC=C7)=O)=C5OCCCC#CC(C8=CC=CC=C8)=O)=C4OCCCC#CC(C9=CC=CC=C9)=O)=C1)(C)C
outer_cv,train,1,1,1,,,199,Group 14/196.log,Group 14,Group 14,196.log,CC(C1=CC2=C(OCCCC#CC(C3=CC=CC=C3)=O)C(SC4=CC(C(C)(C)C)=CC(SC5=CC(C(C)(C)C)=CC(SC6=CC(C(C)(C)C)=CC(S2)=C6OCCCC#CC(C7=CC=CC=C7)=O)=C5OCCCC#CC(C8=CC=CC=C8)=O)=C4OCCCC#CC(C9=CC=CC=C9)=O)=C1)(C)C
outer_cv,train,1,1,1,,,200,Group 14/197.log,Group 14,Group 14,197.log,CC(C1=CC2=C(OCCCCC#CC(C3=CC=CC=C3)=O)C(SC4=CC(C(C)(C)C)=CC(SC5=CC(C(C)(C)C)=CC(SC6=CC(C(C)(C)C)=CC(S2)=C6OCCCCC#CC(C7=CC=CC=C7)=O)=C5OCCCCC#CC(C8=CC=CC=C8)=O)=C4OCCCCC#CC(C9=CC=CC=C9)=O)=C1)(C)C
outer_cv,train,1,1,1,,,201,Group 15/198.log,Group 15,Group 15,198.log,CC(C)(C)C1=CC(SC2=C3)=C(OCO)C(SC4=CC(C(C)(C)C)=CC(SC5=CC(C(C)(C)C)=CC(SC(C=C3C(C)(C)C)=C2OCC(O)=O)=C5OCC(O)=O)=C4OCC(O)=O)=C1.O=[C]
outer_cv,train,1,1,1,,,202,Group 15/199.log,Group 15,Group 15,199.log,CC(C)(C)C1=CC(CC2=C3)=C(OCO)C(CC4=CC(C(C)(C)C)=CC(CC5=CC(C(C)(C)C)=CC(CC(C=C3C(C)(C)C)=C2OCC(O)=O)=C5OCC(O)=O)=C4OCC(O)=O)=C1.O=[C]
outer_cv,train,1,1,1,,,203,Group 15/200.log,Group 15,Group 15,200.log,CC(C)(C1=CC(CC2=C(C(CC(C=C(C=C3C4)C(C)(C)C)=C3OCC(O)=O)=CC(C(C)(C)C)=C2)OCC(O)=O)=C(OCC(O)=O)C(CC5=CC(C(C)(C)C)=CC4=C5OCC(O)=O)=C1)C
outer_cv,train,1,1,1,,,204,Group 15/201.log,Group 15,Group 15,201.log,CC(C)(C)C1=CC(CC2=C3)=C(OCC(OCC)=O)C(CC4=CC(C(C)(C)C)=CC(CC5=CC(C(C)(C)C)=CC(CC(C=C3C(C)(C)C)=C2OCC(OCC)=O)=C5OCC(OCC)=O)=C4OCC(OCC)=O)=C1
outer_cv,train,1,1,1,,,205,Group 15/202.log,Group 15,Group 15,202.log,OC1=C(SC2=C(C(SC3=C(O)C(SC4=CC(C(C)(C)C)=CC(SC1=C5)=C4OCCN6C(C(OC)=O)=C(C(OC)=O)N=N6)=CC(C(C)(C)C)=C3)=CC(C(C)(C)C)=C2)OCCN7N=NC(C(OC)=O)=C7C(OC)=O)C=C5C(C)(C)C
outer_cv,train,1,1,1,,,206,Group 15/203.log,Group 15,Group 15,203.log,CC(C1=CC2=C(OCCCCCCCCCCCC)C(SC3=CC(C(C)(C)C)=CC(SC4=CC(C(C)(C)C)=CC(SC5=CC(C(C)(C)C)=CC(S2)=C5OCCCN6C(C(OC)=O)=C(C(OC)=O)N=N6)=C4OCCCCCCCCCCCC)=C3OCCCN7N=NC(C(OC)=O)=C7C(OC)=O)=C1)(C)C
outer_cv,train,1,1,1,,,207,Group 15/204.log,Group 15,Group 15,204.log,CC(C1=CC2=C(OCC(OCC)=O)C(CC3=CC(C(C)(C)C)=CC(CC4=CC(C(C)(C)C)=CC(CC5=CC(C(C)(C)C)=CC(C2)=C5OCC(OCC)=O)=C4OCC(OCC)=O)=C3OCC(OCC)=O)=C1)(C)C
outer_cv,train,1,1,1,,,208,Group 15/205.log,Group 15,Group 15,205.log,CC(C)(C1=CC(CC2=C(C(CC(C=C(C=C3C4)C(C)(C)C)=C3OCC(OCC)=O)=CC(C(C)(C)C)=C2)OCC(OCC)=O)=C(OCC(OCC)=O)C(CC5=CC(C(C)(C)C)=CC4=C5OCC(OCC)=O)=C1)C
outer_cv,train,1,1,1,,,209,Group 15/206.log,Group 15,Group 15,206.log,CC(C1=CC2=C(OCC(OCC)=O)C(SC3=CC(C(C)(C)C)=CC(SC4=CC(C(C)(C)C)=CC(SC5=CC(C(C)(C)C)=CC(S2)=C5OCC(OCC)=O)=C4OCC(OCC)=O)=C3OCC(OCC)=O)=C1)(C)C
outer_cv,train,1,1,1,,,210,Group 15/207.log,Group 15,Group 15,207.log,CC(C1=CC2=C(OCC(OC(C)(C)C)=O)C(SC3=CC(C(C)(C)C)=CC(SC4=CC(C(C)(C)C)=CC(SC5=CC(C(C)(C)C)=CC(S2)=C5OCC(OC(C)(C)C)=O)=C4OCC(OC(C)(C)C)=O)=C3OCC(OC(C)(C)C)=O)=C1)(C)C
outer_cv,train,1,1,1,,,211,Group 16/208.log,Group 16,Group 16,208.log,OC1=C(SC2=C(C(SC3=C(O)C(SC4=CC(C(C)(C)C)=CC(SC1=C5)=C4OCCN6C(C(C=CC=C7)=C7C6=O)=O)=CC(C(C)(C)C)=C3)=CC(C(C)(C)C)=C2)OCCN8C(C(C=CC=C9)=C9C8=O)=O)C=C5C(C)(C)C
outer_cv,train,1,1,1,,,212,Group 16/209.log,Group 16,Group 16,209.log,OC1=C(SC2=C(C(SC3=C(O)C(SC4=CC(C(C)(C)C)=CC(SC1=C5)=C4OCCCN6C(C(C=CC=C7)=C7C6=O)=O)=CC(C(C)(C)C)=C3)=CC(C(C)(C)C)=C2)OCCCN8C(C(C=CC=C9)=C9C8=O)=O)C=C5C(C)(C)C
outer_cv,train,1,1,1,,,213,Group 16/210.log,Group 16,Group 16,210.log,OC1=C(CC2=C(C(CC3=C(O)C(CC4=CC(C(C)(C)C)=CC(CC1=C5)=C4OCC(N6CCOCC6)=O)=CC(C(C)(C)C)=C3)=CC(C(C)(C)C)=C2)OCC(N7CCOCC7)=O)C=C5C(C)(C)C
outer_cv,train,1,1,1,,,214,Group 16/211.log,Group 16,Group 16,211.log,CC(C1=CC2=C(OCCOCCOCCOCCOCCOC3=C(SC4=CC(C(C)(C)C)=CC(S2)=C4OCCN5C(C(C=CC=C6)C6C5=O)=O)C=C(C(C)(C)C)C=C3S7)C(SC8=CC(C(C)(C)C)=CC7=C8OCCN9C(C(C=CC=C%10)C%10C9=O)=O)=C1)(C)C
outer_cv,train,1,1,1,,,215,Group 16/212.log,Group 16,Group 16,212.log,CC(C1=CC2=C(OCCOCCOCCOCCOCCOC3=C(SC4=CC(C(C)(C)C)=CC(S2)=C4OCCCN5C(C(C=CC=C6)=C6C5=O)=O)C=C(C(C)(C)C)C=C3S7)C(SC8=CC(C(C)(C)C)=CC7=C8OCCCN9C(C(C=CC=C%10)=C%10C9=O)=O)=C1)(C)C
outer_cv,train,1,1,1,,,216,Group 16/213.log,Group 16,Group 16,213.log,OC1=C(CC2=C(C(CC3=C(O)C(CC4=CC(C(C)(C)C)=CC(CC1=C5)=C4OCC(N6CCOCCOCCOCC6)=O)=CC(C(C)(C)C)=C3)=CC(C(C)(C)C)=C2)OCC(N7CCOCCOCCOCC7)=O)C=C5C(C)(C)C
outer_cv,train,1,1,1,,,217,Group 16/214.log,Group 16,Group 16,214.log,OC1=C(CC2=C(C(CC3=C(O)C(CC4=CC(C(C)(C)C)=CC(CC1=C5)=C4OCC(N6CCOCCOCCOCCOCC6)=O)=CC(C(C)(C)C)=C3)=CC(C(C)(C)C)=C2)OCC(N7CCOCCOCCOCCOCC7)=O)C=C5C(C)(C)C
outer_cv,train,1,1,1,,,218,Group 16/215.log,Group 16,Group 16,215.log,OC1=C(CC2=C(C(CC3=C(O)C(CC4=CC(C(C)(C)C)=CC(CC1=C5)=C4OCC(N6CCOCCOCCOCCOCCOCC6)=O)=CC(C(C)(C)C)=C3)=CC(C(C)(C)C)=C2)OCC(N7CCOCCOCCOCCOCCOCC7)=O)C=C5C(C)(C)C
outer_cv,train,1,1,1,,,219,Group 16/216.log,Group 16,Group 16,216.log,OC1=C(CC2=CC(C(C)(C)C)=CC(CC(C=C3C(C)(C)C)=C4OCC(N5CCOCCOCCOCC5)=O)=C2OCC(N6CCOCCOCCOCC6)=O)C=C(C(C)(C)C)C=C1CC7=CC(C(C)(C)C)=CC(CC4=C3)=C7OCC(N8CCOCCOCCOCC8)=O
outer_cv,train,1,1,1,,,220,Group 16/217.log,Group 16,Group 16,217.log,CC(C)(C)C1=CC(CC2=C3)=C(OCC(N4CCOCCOCCOCC4)=O)C(CC5=CC(C(C)(C)C)=CC(CC6=CC(C(C)(C)C)=CC(CC(C=C3C(C)(C)C)=C2OCC(N7CCOCCOCCOCC7)=O)=C6OCC(N8CCOCCOCCOCC8)=O)=C5OCC(N9CCOCCOCCOCC9)=O)=C1
outer_cv,train,1,1,1,,,223,Group 18/220.log,Group 18,Group 18,220.log,C12=C(C(SC(C=CC=C3S4)=C3OCCOCCOCCOC(C(SC5=CC=CC4=C5OCCCOC6=CC(C7=NC=CC=C7)=NC(C8=CC=CC=N8)=C6)=CC=C9)=C9S2)=CC=C1)OCCCOC%10=CC(C%11=NC=CC=C%11)=NC(C%12=CC=CC=N%12)=C%10
outer_cv,train,1,1,1,,,224,Group 18/221.log,Group 18,Group 18,221.log,CC(C1=CC2=C(OCCOCCOCCOC3=C(SC4=CC(C(C)(C)C)=CC(S2)=C4OCCCOC5=CC(C6=NC=CC=C6)=NC(C7=CC=CC=N7)=C5)C=C(C(C)(C)C)C=C3S8)C(SC9=CC(C(C)(C)C)=CC8=C9OCCCOC%10=CC(C%11=NC=CC=C%11)=NC(C%12=CC=CC=N%12)=C%10)=C1)(C)C
outer_cv,train,1,1,1,,,225,Group 18/222.log,Group 18,Group 18,222.log,CC(C1=CC2=C(OCCOCCOCCOCCOC3=C(SC4=CC(C(C)(C)C)=CC(S2)=C4OCCCOC5=CC(C6=NC=CC=C6)=NC(C7=CC=CC=N7)=C5)C=C(C(C)(C)C)C=C3S8)C(SC9=CC(C(C)(C)C)=CC8=C9OCCCOC%10=CC(C%11=NC=CC=C%11)=NC(C%12=CC=CC=N%12)=C%10)=C1)(C)C
outer_cv,train,1,1,1,,,226,Group 18/223.log,Group 18,Group 18,223.log,CC(C1=CC2=C(OCCOCCOCCOCCOCCOC3=C(SC4=CC(C(C)(C)C)=CC(S2)=C4OCCCOC5=CC(C6=NC=CC=C6)=NC(C7=CC=CC=N7)=C5)C=C(C(C)(C)C)C=C3S8)C(SC9=CC(C(C)(C)C)=CC8=C9OCCCOC%10=CC(C%11=NC=CC=C%11)=NC(C%12=CC=CC=N%12)=C%10)=C1)(C)C
outer_cv,train,1,1,1,,,227,Group 19/224.log,Group 19,Group 19,224.log,OC1=C(SC2=C(C(SC3=C(O)C(SC4=CC(C(C)(C)C)=CC(SC1=C5)=C4OCCSCCCCCCCC)=CC(C(C)(C)C)=C3)=CC(C(C)(C)C)=C2)OCCSCCCCCCCC)C=C5C(C)(C)C
outer_cv,train,1,1,1,,,228,Group 19/225.log,Group 19,Group 19,225.log,OC1=C(SC2=C(C(SC3=C(O)C(SC4=CC(C(C)(C)C)=CC(SC1=C5)=C4OCCSC)=CC(C(C)(C)C)=C3)=CC(C(C)(C)C)=C2)OCCSC)C=C5C(C)(C)C
outer_cv,train,1,1,1,,,229,Group 19/226.log,Group 19,Group 19,226.log,OC1=C(SC2=C(C(SC3=C(O)C(SC4=CC(C(C)(C)C)=CC(SC1=C5)=C4OCCSCC6=CC=CC=C6)=CC(C(C)(C)C)=C3)=CC(C(C)(C)C)=C2)OCCSCC7=CC=CC=C7)C=C5C(C)(C)C
outer_cv,train,1,1,1,,,230,Group 19/227.log,Group 19,Group 19,227.log,OC1=C(SC2=C(C(SC3=C(O)C(SC4=CC(C(C)(C)C)=CC(SC1=C5)=C4OCCCSCC)=CC(C(C)(C)C)=C3)=CC(C(C)(C)C)=C2)OCCCSCC)C=C5C(C)(C)C
outer_cv,train,1,1,1,,,231,Group 19/228.log,Group 19,Group 19,228.log,OC1=C(CC2=C(C(CC3=C(O)C(C4)=CC=C3)=CC=C2)OCCCS)C=CC=C1CC5=C(OCCCS)C4=CC=C5
outer_cv,train,1,1,1,,,232,Group 19/229.log,Group 19,Group 19,229.log,OC1=C(SC2=C(C(SC3=C(O)C(SC4=CC(C(C)(C)C)=CC(SC1=C5)=C4OCCCSCCSCCS)=CC(C(C)(C)C)=C3)=CC(C(C)(C)C)=C2)O)C=C5C(C)(C)C
outer_cv,train,1,1,1,,,233,Group 19/230.log,Group 19,Group 19,230.log,CC(C1=CC2=C(OCCCS)C(SC3=CC(C(C)(C)C)=CC(SC4=CC(C(C)(C)C)=CC(SC5=CC(C(C)(C)C)=CC(S2)=C5OCCCS)=C4OCCCS)=C3OCCCS)=C1)(C)C
outer_cv,train,1,1,1,,,234,Group 19/231.log,Group 19,Group 19,231.log,CC(C1=CC2=C(OCCCSCC(OC)=O)C(SC3=CC(C(C)(C)C)=CC(SC4=CC(C(C)(C)C)=CC(SC5=CC(C(C)(C)C)=CC(S2)=C5OCCCSCC(OC)=O)=C4OCCCSCC(OC)=O)=C3OCCCSCC(OC)=O)=C1)(C)C
outer_cv,train,1,1,1,,,235,Group 19/232.log,Group 19,Group 19,232.log,CC(C1=CC2=C(OCCCCSCC(OC)=O)C(SC3=CC(C(C)(C)C)=CC(SC4=CC(C(C)(C)C)=CC(SC5=CC(C(C)(C)C)=CC(S2)=C5OCCCCSCC(OC)=O)=C4OCCCCSCC(OC)=O)=C3OCCCCSCC(OC)=O)=C1)(C)C
outer_cv,train,1,1,1,,,236,Group 19/233.log,Group 19,Group 19,233.log,CC(C1=CC2=C(OCCCCCSCC(OC)=O)C(SC3=CC(C(C)(C)C)=CC(SC4=CC(C(C)(C)C)=CC(SC5=CC(C(C)(C)C)=CC(S2)=C5OCCCCCSCC(OC)=O)=C4OCCCCCSCC(OC)=O)=C3OCCCCCSCC(OC)=O)=C1)(C)C
outer_cv,train,1,1,1,,,237,Group 19/234.log,Group 19,Group 19,234.log,CC(C1=CC2=C(OCCOCCO)C(SC3=CC(C(C)(C)C)=CC(SC4=CC(C(C)(C)C)=CC(SC5=CC(C(C)(C)C)=CC(S2)=C5OCCSCC(OC)=O)=C4OCCOCCO)=C3OCCSCC(OC)=O)=C1)(C)C
outer_cv,train,1,1,1,,,238,Group 19/235.log,Group 19,Group 19,235.log,OC1=C(SC2=C(C(SC3=C(O)C(SC4=CC(C(C)(C)C)=CC(SC1=C5)=C4OCCSC(C)=O)=CC(C(C)(C)C)=C3)=CC(C(C)(C)C)=C2)OCCSC(C)=O)C=C5C(C)(C)C
outer_cv,train,1,1,1,,,239,Group 19/236.log,Group 19,Group 19,236.log,OC1=C(SC2=C(C(SC3=C(O)C(SC4=CC(C(C)(C)C)=CC(SC1=C5)=C4OCCCSC(C)=O)=CC(C(C)(C)C)=C3)=CC(C(C)(C)C)=C2)OCCCSC(C)=O)C=C5C(C)(C)C
outer_cv,train,1,1,1,,,240,Group 19/237.log,Group 19,Group 19,237.log,CC(C1=CC2=C(OCCSCCCCCCCC)C(SC3=CC(C(C)(C)C)=CC(SC4=CC(C(C)(C)C)=CC(SC5=CC(C(C)(C)C)=CC(S2)=C5OCCC#C)=C4OCCSCCCCCCCC)=C3OCCC#C)=C1)(C)C
outer_cv,train,1,1,1,,,241,Group 19/238.log,Group 19,Group 19,238.log,CC(C1=CC2=C(OCCSCCCCCCCC)C(SC3=CC(C(C)(C)C)=CC(SC4=CC(C(C)(C)C)=CC(SC5=CC(C(C)(C)C)=CC(S2)=C5OCCCC#C)=C4OCCSCCCCCCCC)=C3OCCCC#C)=C1)(C)C
outer_cv,train,1,1,1,,,242,Group 19/239.log,Group 19,Group 19,239.log,CC(C1=CC2=C(OCCSCCCCCCCC)C(SC3=CC(C(C)(C)C)=CC(SC4=CC(C(C)(C)C)=CC(SC5=CC(C(C)(C)C)=CC(S2)=C5OCCCCC#C)=C4OCCSCCCCCCCC)=C3OCCCCC#C)=C1)(C)C
outer_cv,train,1,1,1,,,243,Group 19/240.log,Group 19,Group 19,240.log,CC(C1=CC2=C(OCCSCCCCCCCC)C(SC3=CC(C(C)(C)C)=CC(SC4=CC(C(C)(C)C)=CC(SC5=CC(C(C)(C)C)=CC(S2)=C5OCCCBr)=C4OCCSCCCCCCCC)=C3OCCCBr)=C1)(C)C
outer_cv,train,1,1,1,,,244,Group 19/241.log,Group 19,Group 19,241.log,CC(C1=CC2=C(OCCSCCCCCCCC)C(SC3=CC(C(C)(C)C)=CC(SC4=CC(C(C)(C)C)=CC(SC5=CC(C(C)(C)C)=CC(S2)=C5OCCCN=[N+]=[N-])=C4OCCSCCCCCCCC)=C3OCCCN=[N+]=[N-])=C1)(C)C
outer_cv,train,1,1,1,,,245,Group 19/242.log,Group 19,Group 19,242.log,CC(C1=CC2=C(OCCSCCCCCCCC)C(SC3=CC(C(C)(C)C)=CC(SC4=CC(C(C)(C)C)=CC(SC5=CC(C(C)(C)C)=CC(S2)=C5OCCCN6C(C(OC)=O)=C(C(OC)=O)N=N6)=C4OCCSCCCCCCCC)=C3OCCCN7N=NC(C(OC)=O)=C7C(OC)=O)=C1)(C)C
outer_cv,train,1,1,1,,,246,Group 19/243.log,Group 19,Group 19,243.log,OC1=C(SC2=C(C(SC3=C(O)C(SC4=CC(C(C)(C)C)=CC(SC1=C5)=C4OCCCBr)=CC(C(C)(C)C)=C3)=CC(C(C)(C)C)=C2)OCCCSC(C)=O)C=C5C(C)(C)C
outer_cv,train,1,1,1,,,247,Group 20/244.log,Group 20,Group 20,244.log,BrCCCOC1=C2C=CC=C1SC3=CC=CC4=C3OCCSCCSCCOC5=C(SC6=CC=CC(S4)=C6OCCCBr)C=CC=C5S2
outer_cv,train,1,1,1,,,248,Group 20/245.log,Group 20,Group 20,245.log,CC(C1=CC2=C(OCCSCCSCCOC3=C(SC4=CC(C(C)(C)C)=CC(S2)=C4OCCCBr)C=C(C(C)(C)C)C=C3S5)C(SC6=CC(C(C)(C)C)=CC5=C6OCCCBr)=C1)(C)C
outer_cv,train,1,1,1,,,249,Group 20/246.log,Group 20,Group 20,246.log,CC(C1=CC2=C(OCCSCCSCCOC3=C(SC4=CC(C(C)(C)C)=CC(S2)=C4OCCCCCCCCCCCC)C=C(C(C)(C)C)C=C3S5)C(SC6=CC(C(C)(C)C)=CC5=C6OCCCCCCCCCCCC)=C1)(C)C
outer_cv,train,1,1,1,,,250,Group 20/247.log,Group 20,Group 20,247.log,CC(C1=CC2=C(OCCCSCCOCCSCCCOC3=C(SC4=CC(C(C)(C)C)=CC(S2)=C4OCCCCCCCCCCCC)C=C(C(C)(C)C)C=C3S5)C(SC6=CC(C(C)(C)C)=CC5=C6OCCCCCCCCCCCC)=C1)(C)C
outer_cv,train,1,1,1,,,251,Group 20/248.log,Group 20,Group 20,248.log,CC(C1=CC2=C(OCCCSCCSCCSCCCOC3=C(SC4=CC(C(C)(C)C)=CC(S2)=C4OCCCCCCCCCCCC)C=C(C(C)(C)C)C=C3S5)C(SC6=CC(C(C)(C)C)=CC5=C6OCCCCCCCCCCCC)=C1)(C)C
outer_cv,train,1,1,1,,,258,Group 22/255.log,Group 22,Group 22,255.log,CC(C1=CC2=C(OCCOCCOCCOC3=C(SC4=CC(C(C)(C)C)=CC(S2)=C4OCCSC(C)=O)C=C(C(C)(C)C)C=C3S5)C(SC6=CC(C(C)(C)C)=CC5=C6OCCSC(C)=O)=C1)(C)C
outer_cv,train,1,1,1,,,259,Group 22/256.log,Group 22,Group 22,256.log,CC(C1=CC2=C(OCCOCCOCCOC3=C(SC4=CC(C(C)(C)C)=CC(S2)=C4OCCCSC(C)=O)C=C(C(C)(C)C)C=C3S5)C(SC6=CC(C(C)(C)C)=CC5=C6OCCCSC(C)=O)=C1)(C)C
outer_cv,train,1,1,1,,,260,Group 22/257.log,Group 22,Group 22,257.log,CC(C1=CC2=C(OCCOCCOCCOC3=C(SC4=CC(C(C)(C)C)=CC(S2)=C4OCCSC)C=C(C(C)(C)C)C=C3S5)C(SC6=CC(C(C)(C)C)=CC5=C6OCCSC)=C1)(C)C
outer_cv,train,1,1,1,,,261,Group 22/258.log,Group 22,Group 22,258.log,CC(C1=CC2=C(OCCOCCOCCOC3=C(SC4=CC(C(C)(C)C)=CC(S2)=C4OCCSCC5=CC=CC=C5)C=C(C(C)(C)C)C=C3S6)C(SC7=CC(C(C)(C)C)=CC6=C7OCCSCC8=CC=CC=C8)=C1)(C)C
outer_cv,train,1,1,1,,,262,Group 22/259.log,Group 22,Group 22,259.log,CC(C1=CC2=C(OCCOCCOCCOC3=C(SC4=CC(C(C)(C)C)=CC(S2)=C4OCCCSCC)C=C(C(C)(C)C)C=C3S5)C(SC6=CC(C(C)(C)C)=CC5=C6OCCCSCC)=C1)(C)C
outer_cv,train,1,1,1,,,263,Group 22/260.log,Group 22,Group 22,260.log,CC(C1=CC2=C(OCCOCCOCCOCCOC3=C(SC4=CC(C(C)(C)C)=CC(S2)=C4OCCSCC5=CC=CC=C5)C=C(C(C)(C)C)C=C3S6)C(SC7=CC(C(C)(C)C)=CC6=C7OCCSCC8=CC=CC=C8)=C1)(C)C
outer_cv,train,1,1,1,,,264,Group 22/261.log,Group 22,Group 22,261.log,CC(C1=CC2=C(OCCOCCOCCOCCOC3=C(SC4=CC(C(C)(C)C)=CC(S2)=C4OCCCSCC)C=C(C(C)(C)C)C=C3S5)C(SC6=CC(C(C)(C)C)=CC5=C6OCCCSCC)=C1)(C)C
outer_cv,train,1,1,1,,,265,Group 22/262.log,Group 22,Group 22,262.log,CC(C1=CC2=C(OCCOCCOC3=C(SC4=CC(C(C)(C)C)=CC(S2)=C4OCCCSC(C)=O)C=C(C(C)(C)C)C=C3S5)C(SC6=CC(C(C)(C)C)=CC5=C6OCCCSC(C)=O)=C1)(C)C
outer_cv,valid,1,1,1,,,11,Group 2/12.log,Group 2,Group 2,12.log,OC1=C(SC2=C(C(SC3=C(O)C(SC4=CC(C(C)(C)C)=CC(SC1=C5)=C4O[Si](C)(C(C)(C)C)C)=CC(C(C)(C)C)=C3)=CC(C(C)(C)C)=C2)O[Si](C)(C)C(C)(C)C)C=C5C(C)(C)C
outer_cv,valid,1,1,1,,,12,Group 2/13.log,Group 2,Group 2,13.log,OC1=C(SC2=C(C(SC3=C(O)C(S4)=CC=C3)=CC=C2)O[Si](C)(C)C(C)(C)C)C=CC=C1SC5=C(O[Si](C)(C(C)(C)C)C)C4=CC=C5
outer_cv,valid,1,1,1,,,13,Group 2/14.log,Group 2,Group 2,14.log,OC1=C(SC2=C(C(SC3=C(O)C(SC4=CC(Br)=CC(SC1=C5)=C4O[Si](C)(C(C)(C)C)C)=CC(Br)=C3)=CC(Br)=C2)O[Si](C)(C)C(C)(C)C)C=C5Br
outer_cv,valid,1,1,1,,,14,Group 2/15.log,Group 2,Group 2,15.log,OC1=C(SC2=C(C(SC3=C(O)C(S4)=CC=C3)=CC=C2)OS(C(F)(F)F)(=O)=O)C=CC=C1SC5=C(OS(=O)(C(F)(F)F)=O)C4=CC=C5
outer_cv,valid,1,1,1,,,26,Group 4/27.log,Group 4,Group 4,27.log,CC(C)(C)C1=CC(CC2=C3)=C(OCC#C)C(CC4=CC(C(C)(C)C)=CC(CC5=CC(C(C)(C)C)=CC(CC(C=C3C(C)(C)C)=C2OCC#C)=C5OCC#C)=C4OCC#C)=C1
outer_cv,valid,1,1,1,,,27,Group 4/28.log,Group 4,Group 4,28.log,CC(C)(C1=CC(CC2=C(C(CC(C=C(C=C3C4)C(C)(C)C)=C3OCC#C)=CC(C(C)(C)C)=C2)OCC#C)=C(OCC#C)C(CC5=CC(C(C)(C)C)=CC4=C5OCC#C)=C1)C
outer_cv,valid,1,1,1,,,28,Group 4/29.log,Group 4,Group 4,29.log,CC(C1=CC2=C(OCC#C)C(CC3=CC(C(C)(C)C)=CC(CC4=CC(C(C)(C)C)=CC(CC5=CC(C(C)(C)C)=CC(C2)=C5OCC#C)=C4OCC#C)=C3OCC#C)=C1)(C)C
outer_cv,valid,1,1,1,,,29,Group 4/30.log,Group 4,Group 4,30.log,C#CCOC1=C2C=CC=C1CC3=CC=CC(CC4=CC=CC(CC(C=CC=C5C2)=C5OCC#C)=C4OCC#C)=C3OCC#C
outer_cv,valid,1,1,1,,,30,Group 4/31.log,Group 4,Group 4,31.log,OC1=C(SC2=C(C(S3)=CC(C(C)(C)C)=C2)OCCC#CC#CCCOC4=C(SC1=C5)C=C(C(C)(C)C)C=C4SC6=CC(C(C)(C)C)=CC3=C6O)C=C5C(C)(C)C
outer_cv,valid,1,1,1,,,31,Group 4/32.log,Group 4,Group 4,32.log,OC1=C(CC2=C(C(CC3=C(O)C(CC4=CC(C(C)(C)C)=CC(CC1=C5)=C4OCC=C)=CC(C(C)(C)C)=C3)=CC(C(C)(C)C)=C2)OCC=C)C=C5C(C)(C)C
outer_cv,valid,1,1,1,,,32,Group 4/33.log,Group 4,Group 4,33.log,OC1=C(CC2=C(C(CC3=C(O)C(C4)=CC=C3)=CC=C2)OCC=C)C=CC=C1CC5=C(OCC=C)C4=CC=C5
outer_cv,valid,1,1,1,,,33,Group 4/34.log,Group 4,Group 4,34.log,OC1=C(SC2=C(C(SC3=C(O)C(SC4=CC(C(C)(C)C)=CC(SC1=C5)=C4OCC=C)=CC(C(C)(C)C)=C3)=CC(C(C)(C)C)=C2)OCC=C)C=C5C(C)(C)C
outer_cv,valid,1,1,1,,,34,Group 4/35.log,Group 4,Group 4,35.log,CC(C1=CC2=C(OCC=C)C(SC3=CC(C(C)(C)C)=CC(SC4=CC(C(C)(C)C)=CC(SC5=CC(C(C)(C)C)=CC(S2)=C5OCC=C)=C4OCC=C)=C3OCC=C)=C1)(C)C
outer_cv,valid,1,1,1,,,35,Group 4/36.log,Group 4,Group 4,36.log,CC(C1=CC2=C(OCC#C)C(SC3=CC(C(C)(C)C)=CC(SC4=CC(C(C)(C)C)=CC(SC5=CC(C(C)(C)C)=CC(S2)=C5OCC#C)=C4OCC#C)=C3OCC#C)=C1)(C)C
outer_cv,valid,1,1,1,,,36,Group 4/36_iso.log,Group 4,Group 4,36_iso.log,CC(C)(C1=CC(SC2=C(C(SC(C=C(C=C3S4)C(C)(C)C)=C3OCC#C)=CC(C(C)(C)C)=C2)OCC#C)=C(OCC#C)C(SC5=CC(C(C)(C)C)=CC4=C5OCC#C)=C1)C
outer_cv,valid,1,1,1,,,37,Group 4/37_iso.log,Group 4,Group 4,37_iso.log,C#CCOC1=C(SC2=CC=CC(S3)=C2OCC#C)C=CC=C1SC4=C(OCC#C)C(SC5=CC=CC3=C5OCC#C)=CC=C4
outer_cv,valid,1,1,1,,,38,Group 4/37.log,Group 4,Group 4,37.log,C#CCOC1=C(S2)C=CC=C1SC(C=CC=C3SC4=C(OCC#C)C(SC5=CC=CC2=C5OCC#C)=CC=C4)=C3OCC#C
outer_cv,valid,1,1,1,,,39,Group 4/38.log,Group 4,Group 4,38.log,BrC1=CC(SC2=CC(Br)=CC(SC3=C(OCC#C)C(SC4=CC(Br)=CC(SC5=C1)=C4OCC#C)=CC(Br)=C3)=C2OCC#C)=C5OCC#C
outer_cv,valid,1,1,1,,,40,Group 4/38_iso.log,Group 4,Group 4,38_iso.log,BrC(C=C1S2)=CC(SC3=CC(Br)=CC(SC4=C(OCC#C)C(SC5=CC(Br)=CC2=C5OCC#C)=CC(Br)=C4)=C3OCC#C)=C1OCC#C
outer_cv,valid,1,1,1,,,41,Group 4/39.log,Group 4,Group 4,39.log,OC1=C(SC2=C(C(SC3=C(O)C(SC4=CC(C(C)(C)C)=CC(SC1=C5)=C4OCC#C)=CC(C(C)(C)C)=C3)=CC(C(C)(C)C)=C2)OCC#C)C=C5C(C)(C)C
outer_cv,valid,1,1,1,,,42,Group 4/39_iso.log,Group 4,Group 4,39_iso.log,OC(C(SC1=CC(C(C)(C)C)=CC(SC2=CC(C(C)(C)C)=CC(S3)=C2O)=C1OCC#C)=CC(C(C)(C)C)=C4)=C4SC5=C(C3=CC(C(C)(C)C)=C5)OCC#C
outer_cv,valid,1,1,1,,,43,Group 4/40.log,Group 4,Group 4,40.log,CC(C)(C)C1=CC(CC2=C3)=C(OCCC#C)C(CC4=CC(C(C)(C)C)=CC(CC5=CC(C(C)(C)C)=CC(CC(C=C3C(C)(C)C)=C2OCCC#C)=C5OCCC#C)=C4OCCC#C)=C1
outer_cv,valid,1,1,1,,,44,Group 4/41.log,Group 4,Group 4,41.log,CC(C)(C1=CC(CC2=C(C(CC(C=C(C=C3C4)C(C)(C)C)=C3OCCCC#C)=CC(C(C)(C)C)=C2)OCCCC#C)=C(OCCCC#C)C(CC5=CC(C(C)(C)C)=CC4=C5OCCCC#C)=C1)C
outer_cv,valid,1,1,1,,,45,Group 4/42.log,Group 4,Group 4,42.log,CC(C1=CC2=C(OCCCC#C)C(CC3=CC(C(C)(C)C)=CC(CC4=CC(C(C)(C)C)=CC(CC5=CC(C(C)(C)C)=CC(C2)=C5OCCCC#C)=C4OCCCC#C)=C3OCCCC#C)=C1)(C)C
outer_cv,valid,1,1,1,,,46,Group 4/43.log,Group 4,Group 4,43.log,CC(C)(C)C1=CC(CC2=C3)=C(OCCCCC#C)C(CC4=CC(C(C)(C)C)=CC(CC5=CC(C(C)(C)C)=CC(CC(C=C3C(C)(C)C)=C2OCCCCC#C)=C5OCCCCC#C)=C4OCCCCC#C)=C1
outer_cv,valid,1,1,1,,,47,Group 4/44.log,Group 4,Group 4,44.log,CC(C1=CC2=C(OCCC#C)C(SC3=CC(C(C)(C)C)=CC(SC4=CC(C(C)(C)C)=CC5=C4OCCC#CC(C(C=C6S5)=CC(S2)=C6OCCC#C)(C)C)=C3OCCC#C)=C1)(C)C
outer_cv,valid,1,1,1,,,48,Group 4/45.log,Group 4,Group 4,45.log,CC(C1=CC2=C(OCCCC#C)C(SC3=CC(C(C)(C)C)=CC(SC4=CC(C(C)(C)C)=CC(SC5=CC(C(C)(C)C)=CC(S2)=C5OCCCC#C)=C4OCCCC#C)=C3OCCCC#C)=C1)(C)C
outer_cv,valid,1,1,1,,,49,Group 4/46.log,Group 4,Group 4,46.log,CC(C1=CC2=C(OCCCCC#C)C(SC3=CC(C(C)(C)C)=CC(SC4=CC(C(C)(C)C)=CC(SC5=CC(C(C)(C)C)=CC(S2)=C5OCCCCC#C)=C4OCCCCC#C)=C3OCCCCC#C)=C1)(C)C
outer_cv,valid,1,1,1,,,50,Group 4/47.log,Group 4,Group 4,47.log,OC1=C(SC2=C(C(SC3=C(O)C(SC4=CC(C(C)(C)C)=CC(SC1=C5)=C4OCCC#C)=CC(C(C)(C)C)=C3)=CC(C(C)(C)C)=C2)OCCC#C)C=C5C(C)(C)C
outer_cv,valid,1,1,1,,,51,Group 4/48.log,Group 4,Group 4,48.log,OC1=C(SC2=C(C(SC3=C(O)C(SC4=CC(C(C)(C)C)=CC(SC1=C5)=C4OCCCC#C)=CC(C(C)(C)C)=C3)=CC(C(C)(C)C)=C2)OCCCC#C)C=C5C(C)(C)C
outer_cv,valid,1,1,1,,,52,Group 4/49.log,Group 4,Group 4,49.log,OC1=C(SC2=C(C(SC3=C(O)C(SC4=CC(C(C)(C)C)=CC(SC1=C5)=C4OCCCCC#C)=CC(C(C)(C)C)=C3)=CC(C(C)(C)C)=C2)OCCCCC#C)C=C5C(C)(C)C
outer_cv,valid,1,1,1,,,53,Group 4/50.log,Group 4,Group 4,50.log,OC1=C(SC2=C(C(SC3=C(O)C(SC4=CC(C(C)(C)C)=CC(SC1=C5)=C4OCC#C)=CC(C(C)(C)C)=C3)=CC(C(C)(C)C)=C2)O)C=C5C(C)(C)C
outer_cv,valid,1,1,1,,,54,Group 4/51.log,Group 4,Group 4,51.log,OC1=C(SC2=C(C(SC3=C(O)C(SC4=CC(C(C)(C)C)=CC(SC1=C5)=C4OCCC#C)=CC(C(C)(C)C)=C3)=CC(C(C)(C)C)=C2)O)C=C5C(C)(C)C
outer_cv,valid,1,1,1,,,55,Group 4/52.log,Group 4,Group 4,52.log,OC1=C(SC2=C(C(SC3=C(O)C(SC4=CC(C(C)(C)C)=CC(SC1=C5)=C4OCCCC#C)=CC(C(C)(C)C)=C3)=CC(C(C)(C)C)=C2)O)C=C5C(C)(C)C
outer_cv,valid,1,1,1,,,56,Group 4/53.log,Group 4,Group 4,53.log,OC1=C(SC2=C(C(SC3=C(O)C(SC4=CC(C(C)(C)C)=CC(SC1=C5)=C4OCCCCC#C)=CC(C(C)(C)C)=C3)=CC(C(C)(C)C)=C2)O)C=C5C(C)(C)C
outer_cv,valid,1,1,1,,,57,Group 4/54.log,Group 4,Group 4,54.log,OC1=C(CC2=C(C(CC3=C(OCC#C)C(CC4=CC(C(C)(C)C)=CC(CC1=C5)=C4OCC#C)=CC(C(C)(C)C)=C3)=CC(C(C)(C)C)=C2)O)C=C5C(C)(C)C
outer_cv,valid,1,1,1,,,151,Group 12/148.log,Group 12,Group 12,148.log,OCC(N=N1)=CN1C2=CC(C3=NC=CC=C3)=NC(C4=CC=CC=N4)=C2
outer_cv,valid,1,1,1,,,152,Group 12/149.log,Group 12,Group 12,149.log,CCCCCCC(N=N1)=CN1C2=CC(C3=NC=CC=C3)=NC(C4=CC=CC=N4)=C2
outer_cv,valid,1,1,1,,,153,Group 12/150.log,Group 12,Group 12,150.log,OC1=C(SC2=C(C(SC3=C(O)C(SC4=CC(C(C)(C)C)=CC(SC1=C5)=C4OCCC6=CN(C7=CC(C8=NC=CC=C8)=NC(C9=CC=CC=N9)=C7)N=N6)=CC(C(C)(C)C)=C3)=CC(C(C)(C)C)=C2)OCCC%10=CN(C%11=CC(C%12=NC=CC=C%12)=NC(C%13=CC=CC=N%13)=C%11)N=N%10)C=C5C(C)(C)C
outer_cv,valid,1,1,1,,,154,Group 12/151.log,Group 12,Group 12,151.log,OC1=C(SC2=C(C(SC3=C(O)C(SC4=CC(C(C)(C)C)=CC(SC1=C5)=C4OCCCC6=CN(C7=CC(C8=NC=CC=C8)=NC(C9=CC=CC=N9)=C7)N=N6)=CC(C(C)(C)C)=C3)=CC(C(C)(C)C)=C2)OCCCC%10=CN(C%11=CC(C%12=NC=CC=C%12)=NC(C%13=CC=CC=N%13)=C%11)N=N%10)C=C5C(C)(C)C
outer_cv,valid,1,1,1,,,155,Group 12/152.log,Group 12,Group 12,152.log,OC1=C(SC2=C(C(SC3=C(O)C(SC4=CC(C(C)(C)C)=CC(SC1=C5)=C4OCCCCC6=CN(C7=CC(C8=NC=CC=C8)=NC(C9=CC=CC=N9)=C7)N=N6)=CC(C(C)(C)C)=C3)=CC(C(C)(C)C)=C2)OCCCCC%10=CN(C%11=CC(C%12=NC=CC=C%12)=NC(C%13=CC=CC=N%13)=C%11)N=N%10)C=C5C(C)(C)C
outer_cv,valid,1,1,1,,,156,Group 12/153.log,Group 12,Group 12,153.log,CC(C1=CC2=C(OCCC3=CN(C4=CC(C5=NC=CC=C5)=NC(C6=CC=CC=N6)=C4)N=N3)C(SC7=CC(C(C)(C)C)=CC(SC8=CC(C(C)(C)C)=CC(SC9=CC(C(C)(C)C)=CC(S2)=C9OCCC%10=CN(C%11=CC(C%12=NC=CC=C%12)=NC(C%13=CC=CC=N%13)=C%11)N=N%10)=C8OCCC%14=CN(C%15=CC(C%16=NC=CC=C%16)=NC(C%17=CC=CC=N%17)=C%15)N=N%14)=C7OCCC%18=CN(C%19=CC(C%20=NC=CC=C%20)=NC(C%21=CC=CC=N%21)=C%19)N=N%18)=C1)(C)C
outer_cv,valid,1,1,1,,,157,Group 12/154.log,Group 12,Group 12,154.log,CC(C1=CC2=C(OCCCCCCCCCCCC)C(SC3=CC(C(C)(C)C)=CC(SC4=CC(C(C)(C)C)=CC(SC5=CC(C(C)(C)C)=CC(S2)=C5OCCC6=CN(C7=CC(C8=NC=CC=C8)=NC(C9=CC=CC=N9)=C7)N=N6)=C4OCCCCCCCCCCCC)=C3OCCC%10=CN(C%11=CC(C%12=NC=CC=C%12)=NC(C%13=CC=CC=N%13)=C%11)N=N%10)=C1)(C)C
outer_cv,valid,1,1,1,,,158,Group 12/155.log,Group 12,Group 12,155.log,CC(C1=CC2=C(OCCCCCCCCCCCC)C(SC3=CC(C(C)(C)C)=CC(SC4=CC(C(C)(C)C)=CC(SC5=CC(C(C)(C)C)=CC(S2)=C5OCCCC6=CN(C7=CC(C8=NC=CC=C8)=NC(C9=CC=CC=N9)=C7)N=N6)=C4OCCCCCCCCCCCC)=C3OCCCC%10=CN(C%11=CC(C%12=NC=CC=C%12)=NC(C%13=CC=CC=N%13)=C%11)N=N%10)=C1)(C)C
outer_cv,valid,1,1,1,,,159,Group 12/156.log,Group 12,Group 12,156.log,CC(C1=CC2=C(OCCCCCCCCCCCC)C(SC3=CC(C(C)(C)C)=CC(SC4=CC(C(C)(C)C)=CC(SC5=CC(C(C)(C)C)=CC(S2)=C5OCCCCC6=CN(C7=CC(C8=NC=CC=C8)=NC(C9=CC=CC=N9)=C7)N=N6)=C4OCCCCCCCCCCCC)=C3OCCCCC%10=CN(C%11=CC(C%12=NC=CC=C%12)=NC(C%13=CC=CC=N%13)=C%11)N=N%10)=C1)(C)C
outer_cv,valid,1,1,1,,,160,Group 12/157.log,Group 12,Group 12,157.log,CC(C1=CC2=C(OCCCCC3=CN(C4=CC(C5=NC=CC=C5)=NC(C6=CC=CC=N6)=C4)N=N3)C(SC7=CC(C(C)(C)C)=CC(SC8=CC(C(C)(C)C)=CC(SC9=CC(C(C)(C)C)=CC(S2)=C9OCCCCC%10=CN(C%11=CC(C%12=NC=CC=C%12)=NC(C%13=CC=CC=N%13)=C%11)N=N%10)=C8OCCCCC%14=CN(C%15=CC(C%16=NC=CC=C%16)=NC(C%17=CC=CC=N%17)=C%15)N=N%14)=C7OCCCCC%18=CN(C%19=CC(C%20=NC=CC=C%20)=NC(C%21=CC=CC=N%21)=C%19)N=N%18)=C1)(C)C
outer_cv,train,1,2,2,,,11,Group 2/12.log,Group 2,Group 2,12.log,OC1=C(SC2=C(C(SC3=C(O)C(SC4=CC(C(C)(C)C)=CC(SC1=C5)=C4O[Si](C)(C(C)(C)C)C)=CC(C(C)(C)C)=C3)=CC(C(C)(C)C)=C2)O[Si](C)(C)C(C)(C)C)C=C5C(C)(C)C
outer_cv,train,1,2,2,,,12,Group 2/13.log,Group 2,Group 2,13.log,OC1=C(SC2=C(C(SC3=C(O)C(S4)=CC=C3)=CC=C2)O[Si](C)(C)C(C)(C)C)C=CC=C1SC5=C(O[Si](C)(C(C)(C)C)C)C4=CC=C5
outer_cv,train,1,2,2,,,13,Group 2/14.log,Group 2,Group 2,14.log,OC1=C(SC2=C(C(SC3=C(O)C(SC4=CC(Br)=CC(SC1=C5)=C4O[Si](C)(C(C)(C)C)C)=CC(Br)=C3)=CC(Br)=C2)O[Si](C)(C)C(C)(C)C)C=C5Br
outer_cv,train,1,2,2,,,14,Group 2/15.log,Group 2,Group 2,15.log,OC1=C(SC2=C(C(SC3=C(O)C(S4)=CC=C3)=CC=C2)OS(C(F)(F)F)(=O)=O)C=CC=C1SC5=C(OS(=O)(C(F)(F)F)=O)C4=CC=C5
outer_cv,train,1,2,2,,,26,Group 4/27.log,Group 4,Group 4,27.log,CC(C)(C)C1=CC(CC2=C3)=C(OCC#C)C(CC4=CC(C(C)(C)C)=CC(CC5=CC(C(C)(C)C)=CC(CC(C=C3C(C)(C)C)=C2OCC#C)=C5OCC#C)=C4OCC#C)=C1
outer_cv,train,1,2,2,,,27,Group 4/28.log,Group 4,Group 4,28.log,CC(C)(C1=CC(CC2=C(C(CC(C=C(C=C3C4)C(C)(C)C)=C3OCC#C)=CC(C(C)(C)C)=C2)OCC#C)=C(OCC#C)C(CC5=CC(C(C)(C)C)=CC4=C5OCC#C)=C1)C
outer_cv,train,1,2,2,,,28,Group 4/29.log,Group 4,Group 4,29.log,CC(C1=CC2=C(OCC#C)C(CC3=CC(C(C)(C)C)=CC(CC4=CC(C(C)(C)C)=CC(CC5=CC(C(C)(C)C)=CC(C2)=C5OCC#C)=C4OCC#C)=C3OCC#C)=C1)(C)C
outer_cv,train,1,2,2,,,29,Group 4/30.log,Group 4,Group 4,30.log,C#CCOC1=C2C=CC=C1CC3=CC=CC(CC4=CC=CC(CC(C=CC=C5C2)=C5OCC#C)=C4OCC#C)=C3OCC#C
outer_cv,train,1,2,2,,,30,Group 4/31.log,Group 4,Group 4,31.log,OC1=C(SC2=C(C(S3)=CC(C(C)(C)C)=C2)OCCC#CC#CCCOC4=C(SC1=C5)C=C(C(C)(C)C)C=C4SC6=CC(C(C)(C)C)=CC3=C6O)C=C5C(C)(C)C
outer_cv,train,1,2,2,,,31,Group 4/32.log,Group 4,Group 4,32.log,OC1=C(CC2=C(C(CC3=C(O)C(CC4=CC(C(C)(C)C)=CC(CC1=C5)=C4OCC=C)=CC(C(C)(C)C)=C3)=CC(C(C)(C)C)=C2)OCC=C)C=C5C(C)(C)C
outer_cv,train,1,2,2,,,32,Group 4/33.log,Group 4,Group 4,33.log,OC1=C(CC2=C(C(CC3=C(O)C(C4)=CC=C3)=CC=C2)OCC=C)C=CC=C1CC5=C(OCC=C)C4=CC=C5
outer_cv,train,1,2,2,,,33,Group 4/34.log,Group 4,Group 4,34.log,OC1=C(SC2=C(C(SC3=C(O)C(SC4=CC(C(C)(C)C)=CC(SC1=C5)=C4OCC=C)=CC(C(C)(C)C)=C3)=CC(C(C)(C)C)=C2)OCC=C)C=C5C(C)(C)C
outer_cv,train,1,2,2,,,34,Group 4/35.log,Group 4,Group 4,35.log,CC(C1=CC2=C(OCC=C)C(SC3=CC(C(C)(C)C)=CC(SC4=CC(C(C)(C)C)=CC(SC5=CC(C(C)(C)C)=CC(S2)=C5OCC=C)=C4OCC=C)=C3OCC=C)=C1)(C)C
outer_cv,train,1,2,2,,,35,Group 4/36.log,Group 4,Group 4,36.log,CC(C1=CC2=C(OCC#C)C(SC3=CC(C(C)(C)C)=CC(SC4=CC(C(C)(C)C)=CC(SC5=CC(C(C)(C)C)=CC(S2)=C5OCC#C)=C4OCC#C)=C3OCC#C)=C1)(C)C
outer_cv,train,1,2,2,,,36,Group 4/36_iso.log,Group 4,Group 4,36_iso.log,CC(C)(C1=CC(SC2=C(C(SC(C=C(C=C3S4)C(C)(C)C)=C3OCC#C)=CC(C(C)(C)C)=C2)OCC#C)=C(OCC#C)C(SC5=CC(C(C)(C)C)=CC4=C5OCC#C)=C1)C
outer_cv,train,1,2,2,,,37,Group 4/37_iso.log,Group 4,Group 4,37_iso.log,C#CCOC1=C(SC2=CC=CC(S3)=C2OCC#C)C=CC=C1SC4=C(OCC#C)C(SC5=CC=CC3=C5OCC#C)=CC=C4
outer_cv,train,1,2,2,,,38,Group 4/37.log,Group 4,Group 4,37.log,C#CCOC1=C(S2)C=CC=C1SC(C=CC=C3SC4=C(OCC#C)C(SC5=CC=CC2=C5OCC#C)=CC=C4)=C3OCC#C
outer_cv,train,1,2,2,,,39,Group 4/38.log,Group 4,Group 4,38.log,BrC1=CC(SC2=CC(Br)=CC(SC3=C(OCC#C)C(SC4=CC(Br)=CC(SC5=C1)=C4OCC#C)=CC(Br)=C3)=C2OCC#C)=C5OCC#C
outer_cv,train,1,2,2,,,40,Group 4/38_iso.log,Group 4,Group 4,38_iso.log,BrC(C=C1S2)=CC(SC3=CC(Br)=CC(SC4=C(OCC#C)C(SC5=CC(Br)=CC2=C5OCC#C)=CC(Br)=C4)=C3OCC#C)=C1OCC#C
outer_cv,train,1,2,2,,,41,Group 4/39.log,Group 4,Group 4,39.log,OC1=C(SC2=C(C(SC3=C(O)C(SC4=CC(C(C)(C)C)=CC(SC1=C5)=C4OCC#C)=CC(C(C)(C)C)=C3)=CC(C(C)(C)C)=C2)OCC#C)C=C5C(C)(C)C
outer_cv,train,1,2,2,,,42,Group 4/39_iso.log,Group 4,Group 4,39_iso.log,OC(C(SC1=CC(C(C)(C)C)=CC(SC2=CC(C(C)(C)C)=CC(S3)=C2O)=C1OCC#C)=CC(C(C)(C)C)=C4)=C4SC5=C(C3=CC(C(C)(C)C)=C5)OCC#C
outer_cv,train,1,2,2,,,43,Group 4/40.log,Group 4,Group 4,40.log,CC(C)(C)C1=CC(CC2=C3)=C(OCCC#C)C(CC4=CC(C(C)(C)C)=CC(CC5=CC(C(C)(C)C)=CC(CC(C=C3C(C)(C)C)=C2OCCC#C)=C5OCCC#C)=C4OCCC#C)=C1
outer_cv,train,1,2,2,,,44,Group 4/41.log,Group 4,Group 4,41.log,CC(C)(C1=CC(CC2=C(C(CC(C=C(C=C3C4)C(C)(C)C)=C3OCCCC#C)=CC(C(C)(C)C)=C2)OCCCC#C)=C(OCCCC#C)C(CC5=CC(C(C)(C)C)=CC4=C5OCCCC#C)=C1)C
outer_cv,train,1,2,2,,,45,Group 4/42.log,Group 4,Group 4,42.log,CC(C1=CC2=C(OCCCC#C)C(CC3=CC(C(C)(C)C)=CC(CC4=CC(C(C)(C)C)=CC(CC5=CC(C(C)(C)C)=CC(C2)=C5OCCCC#C)=C4OCCCC#C)=C3OCCCC#C)=C1)(C)C
outer_cv,train,1,2,2,,,46,Group 4/43.log,Group 4,Group 4,43.log,CC(C)(C)C1=CC(CC2=C3)=C(OCCCCC#C)C(CC4=CC(C(C)(C)C)=CC(CC5=CC(C(C)(C)C)=CC(CC(C=C3C(C)(C)C)=C2OCCCCC#C)=C5OCCCCC#C)=C4OCCCCC#C)=C1
outer_cv,train,1,2,2,,,47,Group 4/44.log,Group 4,Group 4,44.log,CC(C1=CC2=C(OCCC#C)C(SC3=CC(C(C)(C)C)=CC(SC4=CC(C(C)(C)C)=CC5=C4OCCC#CC(C(C=C6S5)=CC(S2)=C6OCCC#C)(C)C)=C3OCCC#C)=C1)(C)C
outer_cv,train,1,2,2,,,48,Group 4/45.log,Group 4,Group 4,45.log,CC(C1=CC2=C(OCCCC#C)C(SC3=CC(C(C)(C)C)=CC(SC4=CC(C(C)(C)C)=CC(SC5=CC(C(C)(C)C)=CC(S2)=C5OCCCC#C)=C4OCCCC#C)=C3OCCCC#C)=C1)(C)C
outer_cv,train,1,2,2,,,49,Group 4/46.log,Group 4,Group 4,46.log,CC(C1=CC2=C(OCCCCC#C)C(SC3=CC(C(C)(C)C)=CC(SC4=CC(C(C)(C)C)=CC(SC5=CC(C(C)(C)C)=CC(S2)=C5OCCCCC#C)=C4OCCCCC#C)=C3OCCCCC#C)=C1)(C)C
outer_cv,train,1,2,2,,,50,Group 4/47.log,Group 4,Group 4,47.log,OC1=C(SC2=C(C(SC3=C(O)C(SC4=CC(C(C)(C)C)=CC(SC1=C5)=C4OCCC#C)=CC(C(C)(C)C)=C3)=CC(C(C)(C)C)=C2)OCCC#C)C=C5C(C)(C)C
outer_cv,train,1,2,2,,,51,Group 4/48.log,Group 4,Group 4,48.log,OC1=C(SC2=C(C(SC3=C(O)C(SC4=CC(C(C)(C)C)=CC(SC1=C5)=C4OCCCC#C)=CC(C(C)(C)C)=C3)=CC(C(C)(C)C)=C2)OCCCC#C)C=C5C(C)(C)C
outer_cv,train,1,2,2,,,52,Group 4/49.log,Group 4,Group 4,49.log,OC1=C(SC2=C(C(SC3=C(O)C(SC4=CC(C(C)(C)C)=CC(SC1=C5)=C4OCCCCC#C)=CC(C(C)(C)C)=C3)=CC(C(C)(C)C)=C2)OCCCCC#C)C=C5C(C)(C)C
outer_cv,train,1,2,2,,,53,Group 4/50.log,Group 4,Group 4,50.log,OC1=C(SC2=C(C(SC3=C(O)C(SC4=CC(C(C)(C)C)=CC(SC1=C5)=C4OCC#C)=CC(C(C)(C)C)=C3)=CC(C(C)(C)C)=C2)O)C=C5C(C)(C)C
outer_cv,train,1,2,2,,,54,Group 4/51.log,Group 4,Group 4,51.log,OC1=C(SC2=C(C(SC3=C(O)C(SC4=CC(C(C)(C)C)=CC(SC1=C5)=C4OCCC#C)=CC(C(C)(C)C)=C3)=CC(C(C)(C)C)=C2)O)C=C5C(C)(C)C
outer_cv,train,1,2,2,,,55,Group 4/52.log,Group 4,Group 4,52.log,OC1=C(SC2=C(C(SC3=C(O)C(SC4=CC(C(C)(C)C)=CC(SC1=C5)=C4OCCCC#C)=CC(C(C)(C)C)=C3)=CC(C(C)(C)C)=C2)O)C=C5C(C)(C)C
outer_cv,train,1,2,2,,,56,Group 4/53.log,Group 4,Group 4,53.log,OC1=C(SC2=C(C(SC3=C(O)C(SC4=CC(C(C)(C)C)=CC(SC1=C5)=C4OCCCCC#C)=CC(C(C)(C)C)=C3)=CC(C(C)(C)C)=C2)O)C=C5C(C)(C)C
outer_cv,train,1,2,2,,,57,Group 4/54.log,Group 4,Group 4,54.log,OC1=C(CC2=C(C(CC3=C(OCC#C)C(CC4=CC(C(C)(C)C)=CC(CC1=C5)=C4OCC#C)=CC(C(C)(C)C)=C3)=CC(C(C)(C)C)=C2)O)C=C5C(C)(C)C
outer_cv,train,1,2,2,,,58,Group 5/55.log,Group 5,Group 5,55.log,CC(C1=CC2=C(OCCC#C)C(SC3=CC(C(C)(C)C)=CC(SC4=CC(C(C)(C)C)=CC5=C4OCCC#CC(C(C=C6S5)=CC(S2)=C6OCCCCCCCCCCCC)(C)C)=C3OCCCCCCCCCCCC)=C1)(C)C
outer_cv,train,1,2,2,,,59,Group 5/56.log,Group 5,Group 5,56.log,CC(C1=CC2=C(OCCCC#C)C(SC3=CC(C(C)(C)C)=CC(SC4=CC(C(C)(C)C)=CC(SC5=CC(C(C)(C)C)=CC(S2)=C5OCCCCCCCCCCCC)=C4OCCCC#C)=C3OCCCCCCCCCCCC)=C1)(C)C
outer_cv,train,1,2,2,,,60,Group 5/57.log,Group 5,Group 5,57.log,CC(C1=CC2=C(OCCCCC#C)C(SC3=CC(C(C)(C)C)=CC(SC4=CC(C(C)(C)C)=CC(SC5=CC(C(C)(C)C)=CC(S2)=C5OCCCCCCCCCCCC)=C4OCCCCC#C)=C3OCCCCCCCCCCCC)=C1)(C)C
outer_cv,train,1,2,2,,,71,Group 7/68.log,Group 7,Group 7,68.log,OC1=C(CC2=C(C(CC3=C(O)C(CC4=CC(/N=N/C5=CC=C([N+]([O-])=O)C=C5)=CC(CC1=C6)=C4O)=CC(/N=N/C7=CC=C([N+]([O-])=O)C=C7)=C3)=CC(/N=N/C8=CC=C([N+]([O-])=O)C=C8)=C2)O)C=C6/N=N/C9=CC=C([N+]([O-])=O)C=C9
outer_cv,train,1,2,2,,,72,Group 7/69.log,Group 7,Group 7,69.log,OC1=C(SC2=C(C(SC3=C(O)C(SC4=CC(/N=N/C5=CC=C([N+]([O-])=O)C=C5)=CC(SC1=C6)=C4O)=CC(/N=N/C7=CC=C([N+]([O-])=O)C=C7)=C3)=CC(/N=N/C8=CC=C([N+]([O-])=O)C=C8)=C2)O)C=C6/N=N/C9=CC=C([N+]([O-])=O)C=C9
outer_cv,train,1,2,2,,,73,Group 7/70.log,Group 7,Group 7,70.log,OC1=C(SC2=C(C(SC3=C(O)C(SC4=CC(/N=N/C5=CC=C([N+]([O-])=O)C=C5)=CC(SC1=C6)=C4OCCCBr)=CC(/N=N/C7=CC=C([N+]([O-])=O)C=C7)=C3)=CC(/N=N/C8=CC=C([N+]([O-])=O)C=C8)=C2)OCCCBr)C=C6/N=N/C9=CC=C([N+]([O-])=O)C=C9
outer_cv,train,1,2,2,,,74,Group 7/71.log,Group 7,Group 7,71.log,OC1=C(SC2=C(C(SC3=C(O)C(SC4=CC(C(C)(C)C)=CC(SC1=C5)=C4OCCCOC6=CC=C(/N=N/C7=CC=C([N+]([O-])=O)C=C7)C=C6)=CC(C(C)(C)C)=C3)=CC(C(C)(C)C)=C2)OCCCOC8=CC=C(/N=N/C9=CC=C([N+]([O-])=O)C=C9)C=C8)C=C5C(C)(C)C
outer_cv,train,1,2,2,,,75,Group 7/72.log,Group 7,Group 7,72.log,OC(C=C1)=CC=C1/N=N/C2=CC=C([N+]([O-])=O)C=C2
outer_cv,train,1,2,2,,,76,Group 7/73.log,Group 7,Group 7,73.log,OCCCOC(C=C1)=CC=C1/N=N/C2=CC=C([N+]([O-])=O)C=C2
outer_cv,train,1,2,2,,,77,Group 7/74.log,Group 7,Group 7,74.log,CCCCCCCCOC(C=C1)=CC=C1/N=N/C2=CC=C([N+]([O-])=O)C=C2
outer_cv,train,1,2,2,,,78,Group 7/75.log,Group 7,Group 7,75.log,OCCN(CC)C(C=C1)=CC=C1/N=N/C2=CC=C([N+]([O-])=O)C=C2
outer_cv,train,1,2,2,,,79,Group 8/76.log,Group 8,Group 8,76.log,OC1=C(SC2=C(C(SC3=C(O)C(SC4=CC(C(C)(C)C)=CC(SC1=C5)=C4OCCN)=CC(C(C)(C)C)=C3)=CC(C(C)(C)C)=C2)OCCN)C=C5C(C)(C)C
outer_cv,train,1,2,2,,,80,Group 8/77.log,Group 8,Group 8,77.log,OC1=C(SC2=C(C(SC3=C(O)C(SC4=CC(C(C)(C)C)=CC(SC1=C5)=C4OCCCN)=CC(C(C)(C)C)=C3)=CC(C(C)(C)C)=C2)OCCCN)C=C5C(C)(C)C
outer_cv,train,1,2,2,,,81,Group 8/78.log,Group 8,Group 8,78.log,OC1=C(SC2=C(C(SC3=C(O)C(SC4=CC(C(C)(C)C)=CC(SC1=C5)=C4OCCN)=CC(C(C)(C)C)=C3)=CC(C(C)(C)C)=C2)O)C=C5C(C)(C)C
outer_cv,train,1,2,2,,,82,Group 8/79.log,Group 8,Group 8,79.log,OC1=C(SC2=C(C(SC3=C(O)C(SC4=CC(C(C)(C)C)=CC(SC1=C5)=C4OCCCN)=CC(C(C)(C)C)=C3)=CC(C(C)(C)C)=C2)O)C=C5C(C)(C)C
outer_cv,train,1,2,2,,,83,Group 8/80.log,Group 8,Group 8,80.log,OC1=C(SC2=C(C(SC3=C(O)C(SC4=CC(C(C)(C)C)=CC(SC1=C5)=C4OCCN(CC)CC6=CC=CC=C6)=CC(C(C)(C)C)=C3)=CC(C(C)(C)C)=C2)OCCN(CC)CC7=CC=CC=C7)C=C5C(C)(C)C
outer_cv,train,1,2,2,,,84,Group 8/81.log,Group 8,Group 8,81.log,CC(C1=CC2=C(OCCCCCCCCCCCC)C(SC3=CC(C(C)(C)C)=CC(SC4=CC(C(C)(C)C)=CC(SC5=CC(C(C)(C)C)=CC(S2)=C5OCCN)=C4OCCCCCCCCCCCC)=C3OCCN)=C1)(C)C
outer_cv,train,1,2,2,,,85,Group 8/82.log,Group 8,Group 8,82.log,CC(C1=CC2=C(OCCCCCCCCCCCC)C(SC3=CC(C(C)(C)C)=CC(SC4=CC(C(C)(C)C)=CC(SC5=CC(C(C)(C)C)=CC(S2)=C5OCCCN)=C4OCCCCCCCCCCCC)=C3OCCCN)=C1)(C)C
outer_cv,train,1,2,2,,,86,Group 8/83.log,Group 8,Group 8,83.log,CC(C1=CC2=C(OCCCCCCCCCCCC)C(SC3=CC(C(C)(C)C)=CC(SC4=CC(C(C)(C)C)=CC(SC5=CC(C(C)(C)C)=CC(S2)=C5OCCCN=[N+]=[N-])=C4OCCCCCCCCCCCC)=C3OCCCN=[N+]=[N-])=C1)(C)C
outer_cv,train,1,2,2,,,87,Group 8/84.log,Group 8,Group 8,84.log,CC(C1=CC2=C(OCCN=[N+]=[N-])C(SC3=CC(C(C)(C)C)=CC(SC4=CC(C(C)(C)C)=CC(SC5=CC(C(C)(C)C)=CC(S2)=C5OCCN=[N+]=[N-])=C4OCCN=[N+]=[N-])=C3OCCN=[N+]=[N-])=C1)(C)C
outer_cv,train,1,2,2,,,88,Group 8/85.log,Group 8,Group 8,85.log,CC(C1=CC2=C(OCCCN=[N+]=[N-])C(SC3=CC(C(C)(C)C)=CC(SC4=CC(C(C)(C)C)=CC(SC5=CC(C(C)(C)C)=CC(S2)=C5OCCCN=[N+]=[N-])=C4OCCCN=[N+]=[N-])=C3OCCCN=[N+]=[N-])=C1)(C)C
outer_cv,train,1,2,2,,,89,Group 8/86.log,Group 8,Group 8,86.log,CC(C1=CC2=C(OCCCCN=[N+]=[N-])C(SC3=CC(C(C)(C)C)=CC(SC4=CC(C(C)(C)C)=CC(SC5=CC(C(C)(C)C)=CC(S2)=C5OCCCCN=[N+]=[N-])=C4OCCCCN=[N+]=[N-])=C3OCCCCN=[N+]=[N-])=C1)(C)C
outer_cv,train,1,2,2,,,90,Group 8/87.log,Group 8,Group 8,87.log,CC(C1=CC2=C(OCCCCCN=[N+]=[N-])C(SC3=CC(C(C)(C)C)=CC(SC4=CC(C(C)(C)C)=CC(SC5=CC(C(C)(C)C)=CC(S2)=C5OCCCCCN=[N+]=[N-])=C4OCCCCCN=[N+]=[N-])=C3OCCCCCN=[N+]=[N-])=C1)(C)C
outer_cv,train,1,2,2,,,91,Group 8/88.log,Group 8,Group 8,88.log,OC1=C(SC2=C(C(SC3=C(O)C(SC4=CC(C(C)(C)C)=CC(SC1=C5)=C4OCCN=[N+]=[N-])=CC(C(C)(C)C)=C3)=CC(C(C)(C)C)=C2)OCCN=[N+]=[N-])C=C5C(C)(C)C
outer_cv,train,1,2,2,,,92,Group 8/89.log,Group 8,Group 8,89.log,OC1=C(SC2=C(C(SC3=C(O)C(SC4=CC(C(C)(C)C)=CC(SC1=C5)=C4OCCN=[N+]=[N-])=CC(C(C)(C)C)=C3)=CC(C(C)(C)C)=C2)O)C=C5C(C)(C)C
outer_cv,train,1,2,2,,,93,Group 8/90.log,Group 8,Group 8,90.log,OC1=C(SC2=C(C(SC3=C(O)C(SC4=CC(C(C)(C)C)=CC(SC1=C5)=C4OCCCN=[N+]=[N-])=CC(C(C)(C)C)=C3)=CC(C(C)(C)C)=C2)O)C=C5C(C)(C)C
outer_cv,train,1,2,2,,,94,Group 9/91.log,Group 9,Group 9,91.log,CC(C)(C1=CC(CC2=C(C(CC(C=C(C=C3C4)C(C)(C)C)=C3OCC5=CC(C6=CC=CC=C6)=NN5)=CC(C(C)(C)C)=C2)OCC7=CC(C8=CC=CC=C8)=NN7)=C(OCC9=CC(C%10=CC=CC=C%10)=NN9)C(CC%11=CC(C(C)(C)C)=CC4=C%11OCC%12=CC(C%13=CC=CC=C%13)=NN%12)=C1)C
outer_cv,train,1,2,2,,,95,Group 9/92.log,Group 9,Group 9,92.log,CC(C)(C1=CC(CC2=C(C(CC(C=C(C=C3C4)C(C)(C)C)=C3OCC5=CC(C6=CC=C(C)C=C6)=NN5)=CC(C(C)(C)C)=C2)OCC7=CC(C8=CC=C(C)C=C8)=NN7)=C(OCC9=CC(C%10=CC=C(C)C=C%10)=NN9)C(CC%11=CC(C(C)(C)C)=CC4=C%11OCC%12=CC(C%13=CC=C(C)C=C%13)=NN%12)=C1)C
outer_cv,train,1,2,2,,,96,Group 9/93.log,Group 9,Group 9,93.log,CC(C)(C1=CC(CC2=C(C(CC(C=C(C=C3C4)C(C)(C)C)=C3OCC5=CC(C6=CC=C(Cl)C=C6)=NN5)=CC(C(C)(C)C)=C2)OCC7=CC(C8=CC=C(Cl)C=C8)=NN7)=C(OCC9=CC(C%10=CC=C(Cl)C=C%10)=NN9)C(CC%11=CC(C(C)(C)C)=CC4=C%11OCC%12=CC(C%13=CC=C(Cl)C=C%13)=NN%12)=C1)C
outer_cv,train,1,2,2,,,97,Group 9/94.log,Group 9,Group 9,94.log,CC(C)(C1=CC(CC2=C(C(CC(C=C(C=C3C4)C(C)(C)C)=C3OCC5=CC(C6=CC=C(OC)C=C6)=NN5)=CC(C(C)(C)C)=C2)OCC7=CC(C8=CC=C(OC)C=C8)=NN7)=C(OCC9=CC(C%10=CC=C(OC)C=C%10)=NN9)C(CC%11=CC(C(C)(C)C)=CC4=C%11OCC%12=CC(C%13=CC=C(OC)C=C%13)=NN%12)=C1)C
outer_cv,train,1,2,2,,,98,Group 9/95.log,Group 9,Group 9,95.log,CC(C)(C)C1=CC(CC2=C3)=C(OCC4=CC(C5=CC=C(C)C=C5)=NN4)C(CC6=CC(C(C)(C)C)=CC(CC7=CC(C(C)(C)C)=CC(CC(C=C3C(C)(C)C)=C2OCC8=CC(C9=CC=C(C)C=C9)=NN8)=C7OCC%10=CC(C%11=CC=C(C)C=C%11)=N[N]%10)=C6OCC%12=CC(C%13=CC=C(C)C=C%13)=NN%12)=C1
outer_cv,train,1,2,2,,,99,Group 9/96.log,Group 9,Group 9,96.log,CC(C)(C)C1=CC(CC2=C3)=C(OCC4=CC(C5=CC=C(Cl)C=C5)=NN4)C(CC6=CC(C(C)(C)C)=CC(CC7=CC(C(C)(C)C)=CC(CC(C=C3C(C)(C)C)=C2OCC8=CC(C9=CC=C(Cl)C=C9)=NN8)=C7OCC%10=CC(C%11=CC=C(Cl)C=C%11)=N[N]%10)=C6OCC%12=CC(C%13=CC=C(Cl)C=C%13)=NN%12)=C1
outer_cv,train,1,2,2,,,100,Group 9/97.log,Group 9,Group 9,97.log,CC(C)(C)C1=CC(CC2=C3)=C(OCC4=CC(C5=CC=C(OC)C=C5)=NN4)C(CC6=CC(C(C)(C)C)=CC(CC7=CC(C(C)(C)C)=CC(CC(C=C3C(C)(C)C)=C2OCC8=CC(C9=CC=C(OC)C=C9)=NN8)=C7OCC%10=CC(C%11=CC=C(OC)C=C%11)=NN%10)=C6OCC%12=CC(C%13=CC=C(OC)C=C%13)=NN%12)=C1
outer_cv,train,1,2,2,,,101,Group 9/98.log,Group 9,Group 9,98.log,CC(C)(C)C1=CC(CC2=C3)=C(OCC4=CC(C5=CC=CC=C5)=NN4)C(CC6=CC(C(C)(C)C)=CC(CC7=CC(C(C)(C)C)=CC(CC(C=C3C(C)(C)C)=C2OCC8=CC(C9=CC=CC=C9)=NN8)=C7OCC%10=CC(C%11=CC=CC=C%11)=NN%10)=C6OCC%12=CC(C%13=CC=CC=C%13)=NN%12)=C1
outer_cv,train,1,2,2,,,102,Group 9/99.log,Group 9,Group 9,99.log,CC(C1=CC2=C(OCC3=CC(C4=CC=CC=C4)=NN3)C(CC5=CC(C(C)(C)C)=CC(CC6=CC(C(C)(C)C)=CC(CC7=CC(C(C)(C)C)=CC(C2)=C7OCC8=CC(C9=CC=CC=C9)=NN8)=C6OCC%10=CC(C%11=CC=CC=C%11)=NN%10)=C5OCC%12=CC(C%13=CC=CC=C%13)=NN%12)=C1)(C)C
outer_cv,train,1,2,2,,,103,Group 9/100.log,Group 9,Group 9,100.log,CC(C1=CC2=C(OCC3=CC(C4=CC=C(C)C=C4)=NN3)C(CC5=CC(C(C)(C)C)=CC(CC6=CC(C(C)(C)C)=CC(CC7=CC(C(C)(C)C)=CC(C2)=C7OCC8=CC(C9=CC=C(C)C=C9)=NN8)=C6OCC%10=CC(C%11=CC=C(C)C=C%11)=NN%10)=C5OCC%12=CC(C%13=CC=C(C)C=C%13)=NN%12)=C1)(C)C
outer_cv,train,1,2,2,,,104,Group 9/101.log,Group 9,Group 9,101.log,CC(C1=CC2=C(OCC3=CC(C4=CC=C(Cl)C=C4)=NN3)C(CC5=CC(C(C)(C)C)=CC(CC6=CC(C(C)(C)C)=CC(CC7=CC(C(C)(C)C)=CC(C2)=C7OCC8=CC(C9=CC=C(Cl)C=C9)=NN8)=C6OCC%10=CC(C%11=CC=C(Cl)C=C%11)=NN%10)=C5OCC%12=CC(C%13=CC=C(Cl)C=C%13)=NN%12)=C1)(C)C
outer_cv,train,1,2,2,,,105,Group 9/102.log,Group 9,Group 9,102.log,CC(C1=CC2=C(OCC3=CC(C4=CC=C(OC)C=C4)=NN3)C(CC5=CC(C(C)(C)C)=CC(CC6=CC(C(C)(C)C)=CC(CC7=CC(C(C)(C)C)=CC(C2)=C7OCC8=CC(C9=CC=C(OC)C=C9)=NN8)=C6OCC%10=CC(C%11=CC=C(OC)C=C%11)=NN%10)=C5OCC%12=CC(C%13=CC=C(OC)C=C%13)=NN%12)=C1)(C)C
outer_cv,train,1,2,2,,,106,Group 9/103.log,Group 9,Group 9,103.log,C1(C2)=C(C(CC(C=CC=C3CC4=C(OCC5=CC(C6=CC=CC=C6)=NN5)C(CC7=CC=CC2=C7OCC8=CC(C9=CC=CC=C9)=NN8)=CC=C4)=C3OCC%10=CC(C%11=CC=CC=C%11)=NN%10)=CC=C1)OCC%12=CC(C%13=CC=CC=C%13)=NN%12
outer_cv,train,1,2,2,,,107,Group 9/104.log,Group 9,Group 9,104.log,CC(C1=CC2=C(OCCCC3=CC(C4=CC=CC=C4)=NN3)C(CC5=CC(C(C)(C)C)=CC(CC6=CC(C(C)(C)C)=CC(CC7=CC(C(C)(C)C)=CC(C2)=C7OCCCC8=CC(C9=CC=CC=C9)=NN8)=C6OCCCC%10=CC(C%11=CC=CC=C%11)=NN%10)=C5OCCCC%12=CC(C%13=CC=CC=C%13)=NN%12)=C1)(C)C
outer_cv,train,1,2,2,,,108,Group 9/105.log,Group 9,Group 9,105.log,CC(C1=CC2=C(OCC3=CC(C4=CC=CC=C4)=NN3)C(SC5=CC(C(C)(C)C)=CC(SC6=CC(C(C)(C)C)=CC(SC7=CC(C(C)(C)C)=CC(S2)=C7OCC8=CC(C9=CC=CC=C9)=NN8)=C6OCC%10=CC(C%11=CC=CC=C%11)=NN%10)=C5OCC%12=CC(C%13=CC=CC=C%13)=NN%12)=C1)(C)C
outer_cv,train,1,2,2,,,109,Group 9/106.log,Group 9,Group 9,106.log,CC(C1=CC2=C(OCCCC3=CC(C4=CC=CC=C4)=NN3)C(SC5=CC(C(C)(C)C)=CC(SC6=CC(C(C)(C)C)=CC(SC7=CC(C(C)(C)C)=CC(S2)=C7OCCCC8=CC(C9=CC=CC=C9)=NN8)=C6OCCCC%10=CC(C%11=CC=CC=C%11)=NN%10)=C5OCCCC%12=CC(C%13=CC=CC=C%13)=NN%12)=C1)(C)C
outer_cv,train,1,2,2,,,110,Group 9/107.log,Group 9,Group 9,107.log,CC(C1=CC2=C(OCCCCC3=CC(C4=CC=CC=C4)=NN3)C(SC5=CC(C(C)(C)C)=CC(SC6=CC(C(C)(C)C)=CC(SC7=CC(C(C)(C)C)=CC(S2)=C7OCCCCC8=CC(C9=CC=CC=C9)=NN8)=C6OCCCCC%10=CC(C%11=CC=CC=C%11)=NN%10)=C5OCCCCC%12=CC(C%13=CC=CC=C%13)=NN%12)=C1)(C)C
outer_cv,train,1,2,2,,,111,Group 9/108.log,Group 9,Group 9,108.log,CC(C1=CC2=C(OCCCCCN3C=CC=N3)C(SC4=CC(C(C)(C)C)=CC(SC5=CC(C(C)(C)C)=CC(SC6=CC(C(C)(C)C)=CC(S2)=C6OCCCCCN7C=CC=N7)=C5OCCCCCN8N=CC=C8)=C4OCCCCCN9N=CC=C9)=C1)(C)C
outer_cv,train,1,2,2,,,112,Group 9/109.log,Group 9,Group 9,109.log,CC(C)(C)C(C=C1)=CC=C1OCC2=N3N([H][N]4C(COC5=CC=C(C(C)(C)C)C=C5)=CC(C6=CC=CC=C6)=[N]4[H]N(N([H][N]7[N]([H]3)=C(C8=CC=CC=C8)C=C7COC9=CC=C(C(C)(C)C)C=C9)C(C%10=CC=CC=C%10)=C%11)=C%11COC%12=CC=C(C(C)(C)C)C=C%12)C(C%13=CC=CC=C%13)=C2
outer_cv,train,1,2,2,,,113,Group 9/110.log,Group 9,Group 9,110.log,CC(C)(C)C(C=C1)=CC=C1OCC2=CC(C3=CC=CC=C3)=N([H]N([N]([H][N]4N5=C(C6=CC=CC=C6)C=C4COC7=CC=C(C(C)(C)C)C=C7)C(COC8=CC=C(C(C)(C)C)C=C8)=C9)=C9C%10=CC=CC=C%10)[N]2[H][N]%11N([H]5)=C(C%12=CC=CC=C%12)C=C%11COC%13=CC=C(C(C)(C)C)C=C%13
outer_cv,train,1,2,2,,,151,Group 12/148.log,Group 12,Group 12,148.log,OCC(N=N1)=CN1C2=CC(C3=NC=CC=C3)=NC(C4=CC=CC=N4)=C2
outer_cv,train,1,2,2,,,152,Group 12/149.log,Group 12,Group 12,149.log,CCCCCCC(N=N1)=CN1C2=CC(C3=NC=CC=C3)=NC(C4=CC=CC=N4)=C2
outer_cv,train,1,2,2,,,153,Group 12/150.log,Group 12,Group 12,150.log,OC1=C(SC2=C(C(SC3=C(O)C(SC4=CC(C(C)(C)C)=CC(SC1=C5)=C4OCCC6=CN(C7=CC(C8=NC=CC=C8)=NC(C9=CC=CC=N9)=C7)N=N6)=CC(C(C)(C)C)=C3)=CC(C(C)(C)C)=C2)OCCC%10=CN(C%11=CC(C%12=NC=CC=C%12)=NC(C%13=CC=CC=N%13)=C%11)N=N%10)C=C5C(C)(C)C
outer_cv,train,1,2,2,,,154,Group 12/151.log,Group 12,Group 12,151.log,OC1=C(SC2=C(C(SC3=C(O)C(SC4=CC(C(C)(C)C)=CC(SC1=C5)=C4OCCCC6=CN(C7=CC(C8=NC=CC=C8)=NC(C9=CC=CC=N9)=C7)N=N6)=CC(C(C)(C)C)=C3)=CC(C(C)(C)C)=C2)OCCCC%10=CN(C%11=CC(C%12=NC=CC=C%12)=NC(C%13=CC=CC=N%13)=C%11)N=N%10)C=C5C(C)(C)C
outer_cv,train,1,2,2,,,155,Group 12/152.log,Group 12,Group 12,152.log,OC1=C(SC2=C(C(SC3=C(O)C(SC4=CC(C(C)(C)C)=CC(SC1=C5)=C4OCCCCC6=CN(C7=CC(C8=NC=CC=C8)=NC(C9=CC=CC=N9)=C7)N=N6)=CC(C(C)(C)C)=C3)=CC(C(C)(C)C)=C2)OCCCCC%10=CN(C%11=CC(C%12=NC=CC=C%12)=NC(C%13=CC=CC=N%13)=C%11)N=N%10)C=C5C(C)(C)C
outer_cv,train,1,2,2,,,156,Group 12/153.log,Group 12,Group 12,153.log,CC(C1=CC2=C(OCCC3=CN(C4=CC(C5=NC=CC=C5)=NC(C6=CC=CC=N6)=C4)N=N3)C(SC7=CC(C(C)(C)C)=CC(SC8=CC(C(C)(C)C)=CC(SC9=CC(C(C)(C)C)=CC(S2)=C9OCCC%10=CN(C%11=CC(C%12=NC=CC=C%12)=NC(C%13=CC=CC=N%13)=C%11)N=N%10)=C8OCCC%14=CN(C%15=CC(C%16=NC=CC=C%16)=NC(C%17=CC=CC=N%17)=C%15)N=N%14)=C7OCCC%18=CN(C%19=CC(C%20=NC=CC=C%20)=NC(C%21=CC=CC=N%21)=C%19)N=N%18)=C1)(C)C
outer_cv,train,1,2,2,,,157,Group 12/154.log,Group 12,Group 12,154.log,CC(C1=CC2=C(OCCCCCCCCCCCC)C(SC3=CC(C(C)(C)C)=CC(SC4=CC(C(C)(C)C)=CC(SC5=CC(C(C)(C)C)=CC(S2)=C5OCCC6=CN(C7=CC(C8=NC=CC=C8)=NC(C9=CC=CC=N9)=C7)N=N6)=C4OCCCCCCCCCCCC)=C3OCCC%10=CN(C%11=CC(C%12=NC=CC=C%12)=NC(C%13=CC=CC=N%13)=C%11)N=N%10)=C1)(C)C
outer_cv,train,1,2,2,,,158,Group 12/155.log,Group 12,Group 12,155.log,CC(C1=CC2=C(OCCCCCCCCCCCC)C(SC3=CC(C(C)(C)C)=CC(SC4=CC(C(C)(C)C)=CC(SC5=CC(C(C)(C)C)=CC(S2)=C5OCCCC6=CN(C7=CC(C8=NC=CC=C8)=NC(C9=CC=CC=N9)=C7)N=N6)=C4OCCCCCCCCCCCC)=C3OCCCC%10=CN(C%11=CC(C%12=NC=CC=C%12)=NC(C%13=CC=CC=N%13)=C%11)N=N%10)=C1)(C)C
outer_cv,train,1,2,2,,,159,Group 12/156.log,Group 12,Group 12,156.log,CC(C1=CC2=C(OCCCCCCCCCCCC)C(SC3=CC(C(C)(C)C)=CC(SC4=CC(C(C)(C)C)=CC(SC5=CC(C(C)(C)C)=CC(S2)=C5OCCCCC6=CN(C7=CC(C8=NC=CC=C8)=NC(C9=CC=CC=N9)=C7)N=N6)=C4OCCCCCCCCCCCC)=C3OCCCCC%10=CN(C%11=CC(C%12=NC=CC=C%12)=NC(C%13=CC=CC=N%13)=C%11)N=N%10)=C1)(C)C
outer_cv,train,1,2,2,,,160,Group 12/157.log,Group 12,Group 12,157.log,CC(C1=CC2=C(OCCCCC3=CN(C4=CC(C5=NC=CC=C5)=NC(C6=CC=CC=N6)=C4)N=N3)C(SC7=CC(C(C)(C)C)=CC(SC8=CC(C(C)(C)C)=CC(SC9=CC(C(C)(C)C)=CC(S2)=C9OCCCCC%10=CN(C%11=CC(C%12=NC=CC=C%12)=NC(C%13=CC=CC=N%13)=C%11)N=N%10)=C8OCCCCC%14=CN(C%15=CC(C%16=NC=CC=C%16)=NC(C%17=CC=CC=N%17)=C%15)N=N%14)=C7OCCCCC%18=CN(C%19=CC(C%20=NC=CC=C%20)=NC(C%21=CC=CC=N%21)=C%19)N=N%18)=C1)(C)C
outer_cv,train,1,2,2,,,161,Group 13/158.log,Group 13,Group 13,158.log,CC(C1=CC2=C(OCCOCCO)C(SC3=CC(C(C)(C)C)=CC(SC4=CC(C(C)(C)C)=CC(SC5=CC(C(C)(C)C)=CC(S2)=C5OCCOCCO)=C4OCCOCCO)=C3OCCOCCO)=C1)(C)C
outer_cv,train,1,2,2,,,162,Group 13/159.log,Group 13,Group 13,159.log,CC(C1=CC2=C(OCCOCCO)C(SC3=CC(C(C)(C)C)=CC(SC4=CC(C(C)(C)C)=CC(SC5=CC(C(C)(C)C)=CC(S2)=C5OCCBr)=C4OCCOCCO)=C3OCCBr)=C1)(C)C
outer_cv,train,1,2,2,,,163,Group 13/160.log,Group 13,Group 13,160.log,OC1=C2C=C(C(C)(C)C)C=C1SC3=C(OCCOCCOC4=C(S2)C=C5C(C)(C)C)C(SC6=CC(C(C)(C)C)=CC(SC4=C5)=C6O)=CC(C(C)(C)C)=C3
outer_cv,train,1,2,2,,,164,Group 13/161.log,Group 13,Group 13,161.log,OC1=C2C=C(C(C)(C)C)C=C1SC3=C(OCCOCCOCCOC4=C(S2)C=C5C(C)(C)C)C(SC6=CC(C(C)(C)C)=CC(SC4=C5)=C6O)=CC(C(C)(C)C)=C3
outer_cv,train,1,2,2,,,165,Group 13/162.log,Group 13,Group 13,162.log,OC1=C2C=C(C(C)(C)C)C=C1SC3=C(OCCOCCOCCOCCOC4=C(S2)C=C5C(C)(C)C)C(SC6=CC(C(C)(C)C)=CC(SC4=C5)=C6O)=CC(C(C)(C)C)=C3.C
outer_cv,train,1,2,2,,,166,Group 13/163.log,Group 13,Group 13,163.log,OC1=C2C=C(C(C)(C)C)C=C1SC3=C(OCCOCCOCCOCCOCCOC4=C(S2)C=C5C(C)(C)C)C(SC6=CC(C(C)(C)C)=CC(SC4=C5)=C6O)=CC(C(C)(C)C)=C3.C
outer_cv,train,1,2,2,,,167,Group 13/164.log,Group 13,Group 13,164.log,O=[N+](C1=CC(S2)=C3OCCOCCOCCOCCOC4=C5SC6=C(C2=CC([N+]([O-])=O)=C6)OCCOCCOCCOCCOC7=C(SC3=C1)C=C([N+]([O-])=O)C=C7SC4=CC([N+]([O-])=O)=C5)[O-]
outer_cv,train,1,2,2,,,168,Group 13/165.log,Group 13,Group 13,165.log,CC(C1=CC2=C(OCCOCCOC3=C(SC4=CC(C(C)(C)C)=CC(S2)=C4OCCBr)C=C(C(C)(C)C)C=C3S5)C(SC6=CC(C(C)(C)C)=CC5=C6OCCBr)=C1)(C)C
outer_cv,train,1,2,2,,,169,Group 13/166.log,Group 13,Group 13,166.log,CC(C1=CC2=C(OCCOCCOC3=C(SC4=CC(C(C)(C)C)=CC(S2)=C4OCCCBr)C=C(C(C)(C)C)C=C3S5)C(SC6=CC(C(C)(C)C)=CC5=C6OCCCBr)=C1)(C)C
outer_cv,train,1,2,2,,,170,Group 13/167.log,Group 13,Group 13,167.log,CC(C1=CC2=C(OCCOCCOCCOC3=C(SC4=CC(C(C)(C)C)=CC(S2)=C4OCCBr)C=C(C(C)(C)C)C=C3S5)C(SC6=CC(C(C)(C)C)=CC5=C6OCCBr)=C1)(C)C
outer_cv,train,1,2,2,,,171,Group 13/168.log,Group 13,Group 13,168.log,CC(C1=CC2=C(OCCOCCOCCOC3=C(SC4=CC(C(C)(C)C)=CC(S2)=C4OCCCBr)C=C(C(C)(C)C)C=C3S5)C(SC6=CC(C(C)(C)C)=CC5=C6OCCCBr)=C1)(C)C
outer_cv,train,1,2,2,,,172,Group 13/169.log,Group 13,Group 13,169.log,CC(C1=CC2=C(OCCOCCOCCOCCOC3=C(SC4=CC(C(C)(C)C)=CC(S2)=C4OCCCBr)C=C(C(C)(C)C)C=C3S5)C(SC6=CC(C(C)(C)C)=CC5=C6OCCCBr)=C1)(C)C
outer_cv,train,1,2,2,,,173,Group 13/170.log,Group 13,Group 13,170.log,CC(C1=CC2=C(OCCOCCOCCOCCOCCOC3=C(SC4=CC(C(C)(C)C)=CC(S2)=C4OCCBr)C=C(C(C)(C)C)C=C3S5)C(SC6=CC(C(C)(C)C)=CC5=C6OCCBr)=C1)(C)C
outer_cv,train,1,2,2,,,174,Group 13/171.log,Group 13,Group 13,171.log,CC(C1=CC2=C(OCCOCCOCCOCCOCCOC3=C(SC4=CC(C(C)(C)C)=CC(S2)=C4OCCCBr)C=C(C(C)(C)C)C=C3S5)C(SC6=CC(C(C)(C)C)=CC5=C6OCCCBr)=C1)(C)C
outer_cv,train,1,2,2,,,175,Group 13/172.log,Group 13,Group 13,172.log,CC(C1=CC2=C(OCCOCCOCCOCCOCCOCCOC3=C(SC4=CC(C(C)(C)C)=CC(S2)=C4OCCBr)C=C(C(C)(C)C)C=C3S5)C(SC6=CC(C(C)(C)C)=CC5=C6OCCBr)=C1)(C)C
outer_cv,train,1,2,2,,,176,Group 13/173.log,Group 13,Group 13,173.log,CC(C1=CC2=C(OCCOCCOCCOCCOCCOCCOC3=C(SC4=CC(C(C)(C)C)=CC(S2)=C4OCCCBr)C=C(C(C)(C)C)C=C3S5)C(SC6=CC(C(C)(C)C)=CC5=C6OCCCBr)=C1)(C)C
outer_cv,train,1,2,2,,,177,Group 13/174.log,Group 13,Group 13,174.log,CC(C)(C)C1=CC(SC(C=C2C(C)(C)C)=C3OCCOCCOCCOCCOCCOC(C(S4)=CC(C(C)(C)C)=C5)=C5SC6=C(C7=CC(C(C)(C)C)=C6)OCCCBr)=C(OCCCBr)C(SC8=C(OCCOCCOCCOCCOCCOC9=C(S7)C=C(C(C)(C)C)C=C9SC%10=C(OCCCBr)C4=CC(C(C)(C)C)=C%10)C(SC(C=C(C=C%11SC3=C2)C(C)(C)C)=C%11OCCCBr)=CC(C(C)(C)C)=C8)=C1
outer_cv,train,1,2,2,,,178,Group 13/175.log,Group 13,Group 13,175.log,CC(C1=CC2=C(OCCOCCOCCOC3=C(SC4=CC(C(C)(C)C)=CC(S2)=C4OCCCCCCCCCCCC)C=C(C(C)(C)C)C=C3S5)C(SC6=CC(C(C)(C)C)=CC5=C6OCCCCCCCCCCCC)=C1)(C)C
outer_cv,train,1,2,2,,,179,Group 13/176.log,Group 13,Group 13,176.log,CC(C1=CC2=C(OCCOCCOCCOCCOC3=C(SC4=CC(C(C)(C)C)=CC(S2)=C4OCCCCCCCCCCCC)C=C(C(C)(C)C)C=C3S5)C(SC6=CC(C(C)(C)C)=CC5=C6OCCCCCCCCCCCC)=C1)(C)C
outer_cv,train,1,2,2,,,180,Group 13/177.log,Group 13,Group 13,177.log,CC(C1=CC2=C(OCCOCCOCCOCCOCCOC3=C(SC4=CC(C(C)(C)C)=CC(S2)=C4OCCCCCCCCCCCC)C=C(C(C)(C)C)C=C3S5)C(SC6=CC(C(C)(C)C)=CC5=C6OCCCCCCCCCCCC)=C1)(C)C
outer_cv,train,1,2,2,,,181,Group 13/178.log,Group 13,Group 13,178.log,CC(C1=CC2=C(OCCOCCOCCOC3=C(SC4=CC(C(C)(C)C)=CC(S2)=C4OC)C=C(C(C)(C)C)C=C3S5)C(SC6=CC(C(C)(C)C)=CC5=C6OC)=C1)(C)C
outer_cv,train,1,2,2,,,182,Group 13/179.log,Group 13,Group 13,179.log,CC(C1=CC2=C(OCCOCCOCCOCCOC3=C(SC4=CC(C(C)(C)C)=CC(S2)=C4OC)C=C(C(C)(C)C)C=C3S5)C(SC6=CC(C(C)(C)C)=CC5=C6OC)=C1)(C)C
outer_cv,train,1,2,2,,,183,Group 13/180.log,Group 13,Group 13,180.log,CC(C1=CC2=C(OCCOCCOCCOCCOCCOC3=C(SC4=CC(C(C)(C)C)=CC(S2)=C4OC)C=C(C(C)(C)C)C=C3S5)C(SC6=CC(C(C)(C)C)=CC5=C6OC)=C1)(C)C
outer_cv,train,1,2,2,,,184,Group 14/181.log,Group 14,Group 14,181.log,CC(C)(C1=CC(CC2=C(C(CC(C=C(C=C3C4)C(C)(C)C)=C3OCC#CC(C5=CC=CC=C5)=O)=CC(C(C)(C)C)=C2)OCC#CC(C6=CC=CC=C6)=O)=C(OCC#CC(C7=CC=CC=C7)=O)C(CC8=CC(C(C)(C)C)=CC4=C8OCC#CC(C9=CC=CC=C9)=O)=C1)C
outer_cv,train,1,2,2,,,185,Group 14/182.log,Group 14,Group 14,182.log,CC(C)(C1=CC(CC2=C(C(CC(C=C(C=C3C4)C(C)(C)C)=C3OCC#CC(C5=CC=C(C)C=C5)=O)=CC(C(C)(C)C)=C2)OCC#CC(C6=CC=C(C)C=C6)=O)=C(OCC#CC(C7=CC=C(C)C=C7)=O)C(CC8=CC(C(C)(C)C)=CC4=C8OCC#CC(C9=CC=C(C)C=C9)=O)=C1)C
outer_cv,train,1,2,2,,,186,Group 14/183.log,Group 14,Group 14,183.log,CC(C)(C1=CC(CC2=C(C(CC(C=C(C=C3C4)C(C)(C)C)=C3OCC#CC(C5=CC=C(Cl)C=C5)=O)=CC(C(C)(C)C)=C2)OCC#CC(C6=CC=C(Cl)C=C6)=O)=C(OCC#CC(C7=CC=C(Cl)C=C7)=O)C(CC8=CC(C(C)(C)C)=CC4=C8OCC#CC(C9=CC=C(Cl)C=C9)=O)=C1)C
outer_cv,train,1,2,2,,,187,Group 14/184.log,Group 14,Group 14,184.log,CC(C)(C1=CC(CC2=C(C(CC(C=C(C=C3C4)C(C)(C)C)=C3OCC#CC(C5=CC=C(OC)C=C5)=O)=CC(C(C)(C)C)=C2)OCC#CC(C6=CC=C(OC)C=C6)=O)=C(OCC#CC(C7=CC=C(OC)C=C7)=O)C(CC8=CC(C(C)(C)C)=CC4=C8OCC#CC(C9=CC=C(OC)C=C9)=O)=C1)C
outer_cv,train,1,2,2,,,188,Group 14/185.log,Group 14,Group 14,185.log,CC(C1=CC2=C(OCC#CC(C3=CC=CC=C3)=O)C(CC4=CC(C(C)(C)C)=CC(CC5=CC(C(C)(C)C)=CC(CC6=CC(C(C)(C)C)=CC(C2)=C6OCC#CC(C7=CC=CC=C7)=O)=C5OCC#CC(C8=CC=CC=C8)=O)=C4OCC#CC(C9=CC=CC=C9)=O)=C1)(C)C
outer_cv,train,1,2,2,,,189,Group 14/186.log,Group 14,Group 14,186.log,CC(C1=CC2=C(OCC#CC(C3=CC=C(C)C=C3)=O)C(CC4=CC(C(C)(C)C)=CC(CC5=CC(C(C)(C)C)=CC(CC6=CC(C(C)(C)C)=CC(C2)=C6OCC#CC(C7=CC=C(C)C=C7)=O)=C5OCC#CC(C8=CC=C(C)C=C8)=O)=C4OCC#CC(C9=CC=C(C)C=C9)=O)=C1)(C)C
outer_cv,train,1,2,2,,,190,Group 14/187.log,Group 14,Group 14,187.log,CC(C)(C)C1=CC(CC2=C3)=C(OCC#CC(C4=CC=CC=C4)=O)C(CC5=CC(C(C)(C)C)=CC(CC6=CC(C(C)(C)C)=CC(CC(C=C3C(C)(C)C)=C2OCC#CC(C7=CC=CC=C7)=O)=C6OCC#CC(C8=CC=CC=C8)=O)=C5OCC#CC(C9=CC=CC=C9)=O)=C1
outer_cv,train,1,2,2,,,191,Group 14/188.log,Group 14,Group 14,188.log,CC(C)(C)C1=CC(CC2=C3)=C(OCC#CC(C4=CC=C(C)C=C4)=O)C(CC5=CC(C(C)(C)C)=CC(CC6=CC(C(C)(C)C)=CC(CC(C=C3C(C)(C)C)=C2OCC#CC(C7=CC=C(C)C=C7)=O)=C6OCC#CC(C8=CC=C(C)C=C8)=O)=C5OCC#CC(C9=CC=C(C)C=C9)=O)=C1
outer_cv,train,1,2,2,,,192,Group 14/189.log,Group 14,Group 14,189.log,CC(C)(C)C1=CC(CC2=C3)=C(OCC#CC(C4=CC=C(Cl)C=C4)=O)C(CC5=CC(C(C)(C)C)=CC(CC6=CC(C(C)(C)C)=CC(CC(C=C3C(C)(C)C)=C2OCC#CC(C7=CC=C(Cl)C=C7)=O)=C6OCC#CC(C8=CC=C(Cl)C=C8)=O)=C5OCC#CC(C9=CC=C(Cl)C=C9)=O)=C1
outer_cv,train,1,2,2,,,193,Group 14/190.log,Group 14,Group 14,190.log,CC(C)(C)C1=CC(CC2=C3)=C(OCC#CC(C4=CC=C(OC)C=C4)=O)C(CC5=CC(C(C)(C)C)=CC(CC6=CC(C(C)(C)C)=CC(CC(C=C3C(C)(C)C)=C2OCC#CC(C7=CC=C(OC)C=C7)=O)=C6OCC#CC(C8=CC=C(OC)C=C8)=O)=C5OCC#CC(C9=CC=C(OC)C=C9)=O)=C1
outer_cv,train,1,2,2,,,194,Group 14/191.log,Group 14,Group 14,191.log,CC(C1=CC2=C(OCC#CC(C3=CC=C(Cl)C=C3)=O)C(CC4=CC(C(C)(C)C)=CC(CC5=CC(C(C)(C)C)=CC(CC6=CC(C(C)(C)C)=CC(C2)=C6OCC#CC(C7=CC=C(Cl)C=C7)=O)=C5OCC#CC(C8=CC=C(Cl)C=C8)=O)=C4OCC#CC(C9=CC=C(Cl)C=C9)=O)=C1)(C)C
outer_cv,train,1,2,2,,,195,Group 14/192.log,Group 14,Group 14,192.log,CC(C1=CC2=C(OCC#CC(C3=CC=C(OC)C=C3)=O)C(CC4=CC(C(C)(C)C)=CC(CC5=CC(C(C)(C)C)=CC(CC6=CC(C(C)(C)C)=CC(C2)=C6OCC#CC(C7=CC=C(OC)C=C7)=O)=C5OCC#CC(C8=CC=C(OC)C=C8)=O)=C4OCC#CC(C9=CC=C(OC)C=C9)=O)=C1)(C)C
outer_cv,train,1,2,2,,,196,Group 14/193.log,Group 14,Group 14,193.log,CC(C1=CC2=C(OCC#CC(C3=CC=CC=C3)=O)C(SC4=CC(C(C)(C)C)=CC(SC5=CC(C(C)(C)C)=CC(SC6=CC(C(C)(C)C)=CC(S2)=C6OCC#CC(C7=CC=CC=C7)=O)=C5OCC#CC(C8=CC=CC=C8)=O)=C4OCC#CC(C9=CC=CC=C9)=O)=C1)(C)C
outer_cv,train,1,2,2,,,197,Group 14/194.log,Group 14,Group 14,194.log,CC(C1=CC2=C(OCCC#CC(C3=CC=CC=C3)=O)C(SC4=CC(C(C)(C)C)=CC(SC5=CC(C(C)(C)C)=CC6=C5OCCC#C(C(C7=CC=CC=C7)=O)C(C(C=C8S6)=CC(S2)=C8OCCC#CC(C9=CC=CC=C9)=O)(C)C)=C4OCCC#CC(C%10=CC=CC=C%10)=O)=C1)(C)C
outer_cv,train,1,2,2,,,198,Group 14/195.log,Group 14,Group 14,195.log,CC(C1=CC2=C(OCCCC#CC(C3=CC=CC=C3)=O)C(CC4=CC(C(C)(C)C)=CC(CC5=CC(C(C)(C)C)=CC(CC6=CC(C(C)(C)C)=CC(C2)=C6OCCCC#CC(C7=CC=CC=C7)=O)=C5OCCCC#CC(C8=CC=CC=C8)=O)=C4OCCCC#CC(C9=CC=CC=C9)=O)=C1)(C)C
outer_cv,train,1,2,2,,,199,Group 14/196.log,Group 14,Group 14,196.log,CC(C1=CC2=C(OCCCC#CC(C3=CC=CC=C3)=O)C(SC4=CC(C(C)(C)C)=CC(SC5=CC(C(C)(C)C)=CC(SC6=CC(C(C)(C)C)=CC(S2)=C6OCCCC#CC(C7=CC=CC=C7)=O)=C5OCCCC#CC(C8=CC=CC=C8)=O)=C4OCCCC#CC(C9=CC=CC=C9)=O)=C1)(C)C
outer_cv,train,1,2,2,,,200,Group 14/197.log,Group 14,Group 14,197.log,CC(C1=CC2=C(OCCCCC#CC(C3=CC=CC=C3)=O)C(SC4=CC(C(C)(C)C)=CC(SC5=CC(C(C)(C)C)=CC(SC6=CC(C(C)(C)C)=CC(S2)=C6OCCCCC#CC(C7=CC=CC=C7)=O)=C5OCCCCC#CC(C8=CC=CC=C8)=O)=C4OCCCCC#CC(C9=CC=CC=C9)=O)=C1)(C)C
outer_cv,train,1,2,2,,,201,Group 15/198.log,Group 15,Group 15,198.log,CC(C)(C)C1=CC(SC2=C3)=C(OCO)C(SC4=CC(C(C)(C)C)=CC(SC5=CC(C(C)(C)C)=CC(SC(C=C3C(C)(C)C)=C2OCC(O)=O)=C5OCC(O)=O)=C4OCC(O)=O)=C1.O=[C]
outer_cv,train,1,2,2,,,202,Group 15/199.log,Group 15,Group 15,199.log,CC(C)(C)C1=CC(CC2=C3)=C(OCO)C(CC4=CC(C(C)(C)C)=CC(CC5=CC(C(C)(C)C)=CC(CC(C=C3C(C)(C)C)=C2OCC(O)=O)=C5OCC(O)=O)=C4OCC(O)=O)=C1.O=[C]
outer_cv,train,1,2,2,,,203,Group 15/200.log,Group 15,Group 15,200.log,CC(C)(C1=CC(CC2=C(C(CC(C=C(C=C3C4)C(C)(C)C)=C3OCC(O)=O)=CC(C(C)(C)C)=C2)OCC(O)=O)=C(OCC(O)=O)C(CC5=CC(C(C)(C)C)=CC4=C5OCC(O)=O)=C1)C
outer_cv,train,1,2,2,,,204,Group 15/201.log,Group 15,Group 15,201.log,CC(C)(C)C1=CC(CC2=C3)=C(OCC(OCC)=O)C(CC4=CC(C(C)(C)C)=CC(CC5=CC(C(C)(C)C)=CC(CC(C=C3C(C)(C)C)=C2OCC(OCC)=O)=C5OCC(OCC)=O)=C4OCC(OCC)=O)=C1
outer_cv,train,1,2,2,,,205,Group 15/202.log,Group 15,Group 15,202.log,OC1=C(SC2=C(C(SC3=C(O)C(SC4=CC(C(C)(C)C)=CC(SC1=C5)=C4OCCN6C(C(OC)=O)=C(C(OC)=O)N=N6)=CC(C(C)(C)C)=C3)=CC(C(C)(C)C)=C2)OCCN7N=NC(C(OC)=O)=C7C(OC)=O)C=C5C(C)(C)C
outer_cv,train,1,2,2,,,206,Group 15/203.log,Group 15,Group 15,203.log,CC(C1=CC2=C(OCCCCCCCCCCCC)C(SC3=CC(C(C)(C)C)=CC(SC4=CC(C(C)(C)C)=CC(SC5=CC(C(C)(C)C)=CC(S2)=C5OCCCN6C(C(OC)=O)=C(C(OC)=O)N=N6)=C4OCCCCCCCCCCCC)=C3OCCCN7N=NC(C(OC)=O)=C7C(OC)=O)=C1)(C)C
outer_cv,train,1,2,2,,,207,Group 15/204.log,Group 15,Group 15,204.log,CC(C1=CC2=C(OCC(OCC)=O)C(CC3=CC(C(C)(C)C)=CC(CC4=CC(C(C)(C)C)=CC(CC5=CC(C(C)(C)C)=CC(C2)=C5OCC(OCC)=O)=C4OCC(OCC)=O)=C3OCC(OCC)=O)=C1)(C)C
outer_cv,train,1,2,2,,,208,Group 15/205.log,Group 15,Group 15,205.log,CC(C)(C1=CC(CC2=C(C(CC(C=C(C=C3C4)C(C)(C)C)=C3OCC(OCC)=O)=CC(C(C)(C)C)=C2)OCC(OCC)=O)=C(OCC(OCC)=O)C(CC5=CC(C(C)(C)C)=CC4=C5OCC(OCC)=O)=C1)C
outer_cv,train,1,2,2,,,209,Group 15/206.log,Group 15,Group 15,206.log,CC(C1=CC2=C(OCC(OCC)=O)C(SC3=CC(C(C)(C)C)=CC(SC4=CC(C(C)(C)C)=CC(SC5=CC(C(C)(C)C)=CC(S2)=C5OCC(OCC)=O)=C4OCC(OCC)=O)=C3OCC(OCC)=O)=C1)(C)C
outer_cv,train,1,2,2,,,210,Group 15/207.log,Group 15,Group 15,207.log,CC(C1=CC2=C(OCC(OC(C)(C)C)=O)C(SC3=CC(C(C)(C)C)=CC(SC4=CC(C(C)(C)C)=CC(SC5=CC(C(C)(C)C)=CC(S2)=C5OCC(OC(C)(C)C)=O)=C4OCC(OC(C)(C)C)=O)=C3OCC(OC(C)(C)C)=O)=C1)(C)C
outer_cv,train,1,2,2,,,211,Group 16/208.log,Group 16,Group 16,208.log,OC1=C(SC2=C(C(SC3=C(O)C(SC4=CC(C(C)(C)C)=CC(SC1=C5)=C4OCCN6C(C(C=CC=C7)=C7C6=O)=O)=CC(C(C)(C)C)=C3)=CC(C(C)(C)C)=C2)OCCN8C(C(C=CC=C9)=C9C8=O)=O)C=C5C(C)(C)C
outer_cv,train,1,2,2,,,212,Group 16/209.log,Group 16,Group 16,209.log,OC1=C(SC2=C(C(SC3=C(O)C(SC4=CC(C(C)(C)C)=CC(SC1=C5)=C4OCCCN6C(C(C=CC=C7)=C7C6=O)=O)=CC(C(C)(C)C)=C3)=CC(C(C)(C)C)=C2)OCCCN8C(C(C=CC=C9)=C9C8=O)=O)C=C5C(C)(C)C
outer_cv,train,1,2,2,,,213,Group 16/210.log,Group 16,Group 16,210.log,OC1=C(CC2=C(C(CC3=C(O)C(CC4=CC(C(C)(C)C)=CC(CC1=C5)=C4OCC(N6CCOCC6)=O)=CC(C(C)(C)C)=C3)=CC(C(C)(C)C)=C2)OCC(N7CCOCC7)=O)C=C5C(C)(C)C
outer_cv,train,1,2,2,,,214,Group 16/211.log,Group 16,Group 16,211.log,CC(C1=CC2=C(OCCOCCOCCOCCOCCOC3=C(SC4=CC(C(C)(C)C)=CC(S2)=C4OCCN5C(C(C=CC=C6)C6C5=O)=O)C=C(C(C)(C)C)C=C3S7)C(SC8=CC(C(C)(C)C)=CC7=C8OCCN9C(C(C=CC=C%10)C%10C9=O)=O)=C1)(C)C
outer_cv,train,1,2,2,,,215,Group 16/212.log,Group 16,Group 16,212.log,CC(C1=CC2=C(OCCOCCOCCOCCOCCOC3=C(SC4=CC(C(C)(C)C)=CC(S2)=C4OCCCN5C(C(C=CC=C6)=C6C5=O)=O)C=C(C(C)(C)C)C=C3S7)C(SC8=CC(C(C)(C)C)=CC7=C8OCCCN9C(C(C=CC=C%10)=C%10C9=O)=O)=C1)(C)C
outer_cv,train,1,2,2,,,216,Group 16/213.log,Group 16,Group 16,213.log,OC1=C(CC2=C(C(CC3=C(O)C(CC4=CC(C(C)(C)C)=CC(CC1=C5)=C4OCC(N6CCOCCOCCOCC6)=O)=CC(C(C)(C)C)=C3)=CC(C(C)(C)C)=C2)OCC(N7CCOCCOCCOCC7)=O)C=C5C(C)(C)C
outer_cv,train,1,2,2,,,217,Group 16/214.log,Group 16,Group 16,214.log,OC1=C(CC2=C(C(CC3=C(O)C(CC4=CC(C(C)(C)C)=CC(CC1=C5)=C4OCC(N6CCOCCOCCOCCOCC6)=O)=CC(C(C)(C)C)=C3)=CC(C(C)(C)C)=C2)OCC(N7CCOCCOCCOCCOCC7)=O)C=C5C(C)(C)C
outer_cv,train,1,2,2,,,218,Group 16/215.log,Group 16,Group 16,215.log,OC1=C(CC2=C(C(CC3=C(O)C(CC4=CC(C(C)(C)C)=CC(CC1=C5)=C4OCC(N6CCOCCOCCOCCOCCOCC6)=O)=CC(C(C)(C)C)=C3)=CC(C(C)(C)C)=C2)OCC(N7CCOCCOCCOCCOCCOCC7)=O)C=C5C(C)(C)C
outer_cv,train,1,2,2,,,219,Group 16/216.log,Group 16,Group 16,216.log,OC1=C(CC2=CC(C(C)(C)C)=CC(CC(C=C3C(C)(C)C)=C4OCC(N5CCOCCOCCOCC5)=O)=C2OCC(N6CCOCCOCCOCC6)=O)C=C(C(C)(C)C)C=C1CC7=CC(C(C)(C)C)=CC(CC4=C3)=C7OCC(N8CCOCCOCCOCC8)=O
outer_cv,train,1,2,2,,,220,Group 16/217.log,Group 16,Group 16,217.log,CC(C)(C)C1=CC(CC2=C3)=C(OCC(N4CCOCCOCCOCC4)=O)C(CC5=CC(C(C)(C)C)=CC(CC6=CC(C(C)(C)C)=CC(CC(C=C3C(C)(C)C)=C2OCC(N7CCOCCOCCOCC7)=O)=C6OCC(N8CCOCCOCCOCC8)=O)=C5OCC(N9CCOCCOCCOCC9)=O)=C1
outer_cv,train,1,2,2,,,227,Group 19/224.log,Group 19,Group 19,224.log,OC1=C(SC2=C(C(SC3=C(O)C(SC4=CC(C(C)(C)C)=CC(SC1=C5)=C4OCCSCCCCCCCC)=CC(C(C)(C)C)=C3)=CC(C(C)(C)C)=C2)OCCSCCCCCCCC)C=C5C(C)(C)C
outer_cv,train,1,2,2,,,228,Group 19/225.log,Group 19,Group 19,225.log,OC1=C(SC2=C(C(SC3=C(O)C(SC4=CC(C(C)(C)C)=CC(SC1=C5)=C4OCCSC)=CC(C(C)(C)C)=C3)=CC(C(C)(C)C)=C2)OCCSC)C=C5C(C)(C)C
outer_cv,train,1,2,2,,,229,Group 19/226.log,Group 19,Group 19,226.log,OC1=C(SC2=C(C(SC3=C(O)C(SC4=CC(C(C)(C)C)=CC(SC1=C5)=C4OCCSCC6=CC=CC=C6)=CC(C(C)(C)C)=C3)=CC(C(C)(C)C)=C2)OCCSCC7=CC=CC=C7)C=C5C(C)(C)C
outer_cv,train,1,2,2,,,230,Group 19/227.log,Group 19,Group 19,227.log,OC1=C(SC2=C(C(SC3=C(O)C(SC4=CC(C(C)(C)C)=CC(SC1=C5)=C4OCCCSCC)=CC(C(C)(C)C)=C3)=CC(C(C)(C)C)=C2)OCCCSCC)C=C5C(C)(C)C
outer_cv,train,1,2,2,,,231,Group 19/228.log,Group 19,Group 19,228.log,OC1=C(CC2=C(C(CC3=C(O)C(C4)=CC=C3)=CC=C2)OCCCS)C=CC=C1CC5=C(OCCCS)C4=CC=C5
outer_cv,train,1,2,2,,,232,Group 19/229.log,Group 19,Group 19,229.log,OC1=C(SC2=C(C(SC3=C(O)C(SC4=CC(C(C)(C)C)=CC(SC1=C5)=C4OCCCSCCSCCS)=CC(C(C)(C)C)=C3)=CC(C(C)(C)C)=C2)O)C=C5C(C)(C)C
outer_cv,train,1,2,2,,,233,Group 19/230.log,Group 19,Group 19,230.log,CC(C1=CC2=C(OCCCS)C(SC3=CC(C(C)(C)C)=CC(SC4=CC(C(C)(C)C)=CC(SC5=CC(C(C)(C)C)=CC(S2)=C5OCCCS)=C4OCCCS)=C3OCCCS)=C1)(C)C
outer_cv,train,1,2,2,,,234,Group 19/231.log,Group 19,Group 19,231.log,CC(C1=CC2=C(OCCCSCC(OC)=O)C(SC3=CC(C(C)(C)C)=CC(SC4=CC(C(C)(C)C)=CC(SC5=CC(C(C)(C)C)=CC(S2)=C5OCCCSCC(OC)=O)=C4OCCCSCC(OC)=O)=C3OCCCSCC(OC)=O)=C1)(C)C
outer_cv,train,1,2,2,,,235,Group 19/232.log,Group 19,Group 19,232.log,CC(C1=CC2=C(OCCCCSCC(OC)=O)C(SC3=CC(C(C)(C)C)=CC(SC4=CC(C(C)(C)C)=CC(SC5=CC(C(C)(C)C)=CC(S2)=C5OCCCCSCC(OC)=O)=C4OCCCCSCC(OC)=O)=C3OCCCCSCC(OC)=O)=C1)(C)C
outer_cv,train,1,2,2,,,236,Group 19/233.log,Group 19,Group 19,233.log,CC(C1=CC2=C(OCCCCCSCC(OC)=O)C(SC3=CC(C(C)(C)C)=CC(SC4=CC(C(C)(C)C)=CC(SC5=CC(C(C)(C)C)=CC(S2)=C5OCCCCCSCC(OC)=O)=C4OCCCCCSCC(OC)=O)=C3OCCCCCSCC(OC)=O)=C1)(C)C
outer_cv,train,1,2,2,,,237,Group 19/234.log,Group 19,Group 19,234.log,CC(C1=CC2=C(OCCOCCO)C(SC3=CC(C(C)(C)C)=CC(SC4=CC(C(C)(C)C)=CC(SC5=CC(C(C)(C)C)=CC(S2)=C5OCCSCC(OC)=O)=C4OCCOCCO)=C3OCCSCC(OC)=O)=C1)(C)C
outer_cv,train,1,2,2,,,238,Group 19/235.log,Group 19,Group 19,235.log,OC1=C(SC2=C(C(SC3=C(O)C(SC4=CC(C(C)(C)C)=CC(SC1=C5)=C4OCCSC(C)=O)=CC(C(C)(C)C)=C3)=CC(C(C)(C)C)=C2)OCCSC(C)=O)C=C5C(C)(C)C
outer_cv,train,1,2,2,,,239,Group 19/236.log,Group 19,Group 19,236.log,OC1=C(SC2=C(C(SC3=C(O)C(SC4=CC(C(C)(C)C)=CC(SC1=C5)=C4OCCCSC(C)=O)=CC(C(C)(C)C)=C3)=CC(C(C)(C)C)=C2)OCCCSC(C)=O)C=C5C(C)(C)C
outer_cv,train,1,2,2,,,240,Group 19/237.log,Group 19,Group 19,237.log,CC(C1=CC2=C(OCCSCCCCCCCC)C(SC3=CC(C(C)(C)C)=CC(SC4=CC(C(C)(C)C)=CC(SC5=CC(C(C)(C)C)=CC(S2)=C5OCCC#C)=C4OCCSCCCCCCCC)=C3OCCC#C)=C1)(C)C
outer_cv,train,1,2,2,,,241,Group 19/238.log,Group 19,Group 19,238.log,CC(C1=CC2=C(OCCSCCCCCCCC)C(SC3=CC(C(C)(C)C)=CC(SC4=CC(C(C)(C)C)=CC(SC5=CC(C(C)(C)C)=CC(S2)=C5OCCCC#C)=C4OCCSCCCCCCCC)=C3OCCCC#C)=C1)(C)C
outer_cv,train,1,2,2,,,242,Group 19/239.log,Group 19,Group 19,239.log,CC(C1=CC2=C(OCCSCCCCCCCC)C(SC3=CC(C(C)(C)C)=CC(SC4=CC(C(C)(C)C)=CC(SC5=CC(C(C)(C)C)=CC(S2)=C5OCCCCC#C)=C4OCCSCCCCCCCC)=C3OCCCCC#C)=C1)(C)C
outer_cv,train,1,2,2,,,243,Group 19/240.log,Group 19,Group 19,240.log,CC(C1=CC2=C(OCCSCCCCCCCC)C(SC3=CC(C(C)(C)C)=CC(SC4=CC(C(C)(C)C)=CC(SC5=CC(C(C)(C)C)=CC(S2)=C5OCCCBr)=C4OCCSCCCCCCCC)=C3OCCCBr)=C1)(C)C
outer_cv,train,1,2,2,,,244,Group 19/241.log,Group 19,Group 19,241.log,CC(C1=CC2=C(OCCSCCCCCCCC)C(SC3=CC(C(C)(C)C)=CC(SC4=CC(C(C)(C)C)=CC(SC5=CC(C(C)(C)C)=CC(S2)=C5OCCCN=[N+]=[N-])=C4OCCSCCCCCCCC)=C3OCCCN=[N+]=[N-])=C1)(C)C
outer_cv,train,1,2,2,,,245,Group 19/242.log,Group 19,Group 19,242.log,CC(C1=CC2=C(OCCSCCCCCCCC)C(SC3=CC(C(C)(C)C)=CC(SC4=CC(C(C)(C)C)=CC(SC5=CC(C(C)(C)C)=CC(S2)=C5OCCCN6C(C(OC)=O)=C(C(OC)=O)N=N6)=C4OCCSCCCCCCCC)=C3OCCCN7N=NC(C(OC)=O)=C7C(OC)=O)=C1)(C)C
outer_cv,train,1,2,2,,,246,Group 19/243.log,Group 19,Group 19,243.log,OC1=C(SC2=C(C(SC3=C(O)C(SC4=CC(C(C)(C)C)=CC(SC1=C5)=C4OCCCBr)=CC(C(C)(C)C)=C3)=CC(C(C)(C)C)=C2)OCCCSC(C)=O)C=C5C(C)(C)C
outer_cv,train,1,2,2,,,247,Group 20/244.log,Group 20,Group 20,244.log,BrCCCOC1=C2C=CC=C1SC3=CC=CC4=C3OCCSCCSCCOC5=C(SC6=CC=CC(S4)=C6OCCCBr)C=CC=C5S2
outer_cv,train,1,2,2,,,248,Group 20/245.log,Group 20,Group 20,245.log,CC(C1=CC2=C(OCCSCCSCCOC3=C(SC4=CC(C(C)(C)C)=CC(S2)=C4OCCCBr)C=C(C(C)(C)C)C=C3S5)C(SC6=CC(C(C)(C)C)=CC5=C6OCCCBr)=C1)(C)C
outer_cv,train,1,2,2,,,249,Group 20/246.log,Group 20,Group 20,246.log,CC(C1=CC2=C(OCCSCCSCCOC3=C(SC4=CC(C(C)(C)C)=CC(S2)=C4OCCCCCCCCCCCC)C=C(C(C)(C)C)C=C3S5)C(SC6=CC(C(C)(C)C)=CC5=C6OCCCCCCCCCCCC)=C1)(C)C
outer_cv,train,1,2,2,,,250,Group 20/247.log,Group 20,Group 20,247.log,CC(C1=CC2=C(OCCCSCCOCCSCCCOC3=C(SC4=CC(C(C)(C)C)=CC(S2)=C4OCCCCCCCCCCCC)C=C(C(C)(C)C)C=C3S5)C(SC6=CC(C(C)(C)C)=CC5=C6OCCCCCCCCCCCC)=C1)(C)C
outer_cv,train,1,2,2,,,251,Group 20/248.log,Group 20,Group 20,248.log,CC(C1=CC2=C(OCCCSCCSCCSCCCOC3=C(SC4=CC(C(C)(C)C)=CC(S2)=C4OCCCCCCCCCCCC)C=C(C(C)(C)C)C=C3S5)C(SC6=CC(C(C)(C)C)=CC5=C6OCCCCCCCCCCCC)=C1)(C)C
outer_cv,valid,1,2,2,,,61,Group 6/58.log,Group 6,Group 6,58.log,OC1=C(CC2=C(C(CC3=C(O)C(CC4=CC(C(C)(C)C)=CC(CC1=C5)=C4OCCBr)=CC(C(C)(C)C)=C3)=CC(C(C)(C)C)=C2)OCCBr)C=C5C(C)(C)C
outer_cv,valid,1,2,2,,,62,Group 6/59.log,Group 6,Group 6,59.log,OC1=C(CC2=C(C(CC3=C(O)C(CC4=CC(C(C)(C)C)=CC(CC1=C5)=C4OCCCBr)=CC(C(C)(C)C)=C3)=CC(C(C)(C)C)=C2)OCCCBr)C=C5C(C)(C)C
outer_cv,valid,1,2,2,,,63,Group 6/60.log,Group 6,Group 6,60.log,OC1=C(CC2=C(C(CC3=C(O)C(CC4=CC(C(C)(C)C)=CC(CC1=C5)=C4OCCCCBr)=CC(C(C)(C)C)=C3)=CC(C(C)(C)C)=C2)OCCCCBr)C=C5C(C)(C)C
outer_cv,valid,1,2,2,,,64,Group 6/61.log,Group 6,Group 6,61.log,OC1=C(SC2=C(C(SC3=C(O)C(SC4=CC([N+]([O-])=O)=CC(SC1=C5)=C4OCCCBr)=CC([N+]([O-])=O)=C3)=CC([N+]([O-])=O)=C2)OCCCBr)C=C5[N+]([O-])=O
outer_cv,valid,1,2,2,,,65,Group 6/62.log,Group 6,Group 6,62.log,CC(C1=CC2=C(OCCCBr)C(SC3=CC(C(C)(C)C)=CC(SC4=CC(C(C)(C)C)=CC(SC5=CC(C(C)(C)C)=CC(S2)=C5OCCCBr)=C4OCCCBr)=C3OCCCBr)=C1)(C)C
outer_cv,valid,1,2,2,,,66,Group 6/63.log,Group 6,Group 6,63.log,CC(C1=CC2=C(OCCCCBr)C(SC3=CC(C(C)(C)C)=CC(SC4=CC(C(C)(C)C)=CC(SC5=CC(C(C)(C)C)=CC(S2)=C5OCCCCBr)=C4OCCCCBr)=C3OCCCCBr)=C1)(C)C
outer_cv,valid,1,2,2,,,67,Group 6/64.log,Group 6,Group 6,64.log,CC(C1=CC2=C(OCCCCCBr)C(SC3=CC(C(C)(C)C)=CC(SC4=CC(C(C)(C)C)=CC(SC5=CC(C(C)(C)C)=CC(S2)=C5OCCCCCBr)=C4OCCCCCBr)=C3OCCCCCBr)=C1)(C)C
outer_cv,valid,1,2,2,,,68,Group 6/65.log,Group 6,Group 6,65.log,CC(C1=CC2=C(OCCCCCCBr)C(SC3=CC(C(C)(C)C)=CC(SC4=CC(C(C)(C)C)=CC(SC5=CC(C(C)(C)C)=CC(S2)=C5OCCCCCCBr)=C4OCCCCCCBr)=C3OCCCCCCBr)=C1)(C)C
outer_cv,valid,1,2,2,,,69,Group 6/66.log,Group 6,Group 6,66.log,CC(C1=CC2=C(OCCCCCCCCCCCC)C(SC3=CC(C(C)(C)C)=CC(SC4=CC(C(C)(C)C)=CC(SC5=CC(C(C)(C)C)=CC(S2)=C5OCCCBr)=C4OCCCCCCCCCCCC)=C3OCCCBr)=C1)(C)C
outer_cv,valid,1,2,2,,,70,Group 6/67.log,Group 6,Group 6,67.log,CC(C1=CC2=C(OCCCCCCOC3=C(SC4=CC(C(C)(C)C)=CC(S2)=C4OCCCCCCBr)C=C(C(C)(C)C)C=C3S5)C(SC6=CC(C(C)(C)C)=CC5=C6OCCCCCCBr)=C1)(C)C
outer_cv,valid,1,2,2,,,127,Group 11/124.log,Group 11,Group 11,124.log,CC(C1=CC2=C(OCC3=CN(CCOC(C(SC(C=C4C(C)(C)C)=C5O)=C6)=C(C=C6C(C)(C)C)SC7=C(O)C(SC(C=C(C=C8SC5=C4)C(C)(C)C)=C8O)=CC(C(C)(C)C)=C7)N=N3)C(SC9=CC(C(C)(C)C)=CC(SC%10=CC(C(C)(C)C)=CC(SC%11=CC(C(C)(C)C)=CC(S2)=C%11OCC%12=CN(CCOC%13=C(SC%14=C%15)C=C(C(C)(C)C)C=C%13SC%16=CC(C(C)(C)C)=CC(SC%17=CC(C(C)(C)C)=CC(SC(C=C%15C(C)(C)C)=C%14O)=C%17O)=C%16O)N=N%12)=C%10OCC%18=CN(CCOC%19=C(C=C(C=C%19SC%20=C%21)C(C)(C)C)SC%22=CC(C(C)(C)C)=CC(SC%23=C(O)C(SC(C=C%21C(C)(C)C)=C%20O)=CC(C(C)(C)C)=C%23)=C%22O)N=N%18)=C9OCC%24=CN(CCOC%25=C(SC(C=C%26C(C)(C)C)=C%27O)C=C(C(C)(C)C)C=C%25SC%28=C(O)C(SC%29=CC(C(C)(C)C)=CC(SC%27=C%26)=C%29O)=CC(C(C)(C)C)=C%28)N=N%24)=C1)(C)C
outer_cv,valid,1,2,2,,,128,Group 11/125.log,Group 11,Group 11,125.log,CC(C1=CC2=C(OCC3=CN(CCCOC(C(SC(C=C4C(C)(C)C)=C5O)=C6)=C(C=C6C(C)(C)C)SC7=C(O)C(SC(C=C(C=C8SC5=C4)C(C)(C)C)=C8O)=CC(C(C)(C)C)=C7)N=N3)C(SC9=CC(C(C)(C)C)=CC(SC%10=CC(C(C)(C)C)=CC(SC%11=CC(C(C)(C)C)=CC(S2)=C%11OCC%12=CN(CCCOC%13=C(SC%14=C%15)C=C(C(C)(C)C)C=C%13SC%16=CC(C(C)(C)C)=CC(SC%17=CC(C(C)(C)C)=CC(SC(C=C%15C(C)(C)C)=C%14O)=C%17O)=C%16O)N=N%12)=C%10OCC%18=CN(CCCOC%19=C(C=C(C=C%19SC%20=C%21)C(C)(C)C)SC%22=CC(C(C)(C)C)=CC(SC%23=C(O)C(SC(C=C%21C(C)(C)C)=C%20O)=CC(C(C)(C)C)=C%23)=C%22O)N=N%18)=C9OCC%24=CN(CCCOC%25=C(SC(C=C%26C(C)(C)C)=C%27O)C=C(C(C)(C)C)C=C%25SC%28=C(O)C(SC%29=CC(C(C)(C)C)=CC(SC%27=C%26)=C%29O)=CC(C(C)(C)C)=C%28)N=N%24)=C1)(C)C
outer_cv,valid,1,2,2,,,129,Group 11/126.log,Group 11,Group 11,126.log,CC(C1=CC(SC2=C(O)C(SC(C=C(C=C3SC4=C5)C(C)(C)C)=C3O)=CC(C(C)(C)C)=C2)=C(OCCN6N=NC(CCOC(C(SC7=CC(C(C)(C)C)=CC(SC8=CC(C(C)(C)C)=CC(S9)=C8OCCC%10=CN(CCOC%11=C(C=C(C=C%11SC%12=C%13)C(C)(C)C)SC%14=CC(C(C)(C)C)=CC(SC%15=C(O)C(SC(C=C%13C(C)(C)C)=C%12O)=CC(C(C)(C)C)=C%15)=C%14O)N=N%10)=C7OCCC%16=CN(CCOC%17=C(SC(C=C%18C(C)(C)C)=C%19O)C=C(C(C)(C)C)C=C%17SC%20=C(O)C(SC%21=CC(C(C)(C)C)=CC(SC%19=C%18)=C%21O)=CC(C(C)(C)C)=C%20)N=N%16)=CC(C(C)(C)C)=C%22)=C%22SC%23=C(C9=CC(C(C)(C)C)=C%23)OCCC%24=CN(CCOC%25=C(SC%26=C%27)C=C(C(C)(C)C)C=C%25SC%28=CC(C(C)(C)C)=CC(SC%29=CC(C(C)(C)C)=CC(SC(C=C%27C(C)(C)C)=C%26O)=C%29O)=C%28O)N=N%24)=C6)C(SC(C=C5C(C)(C)C)=C4O)=C1)(C)C
outer_cv,valid,1,2,2,,,130,Group 11/127.log,Group 11,Group 11,127.log,OC1=C(SC2=C3)C=C(C(C)(C)C)C=C1SC4=CC(C(C)(C)C)=CC(SC5=CC(C(C)(C)C)=CC(SC(C=C3C(C)(C)C)=C2O)=C5OCCCN(N=N6)C=C6CCOC7=C(SC8=CC(C(C)(C)C)=CC(SC9=CC(C(C)(C)C)=CC(S%10)=C9OCCC%11=CN(CCCOC%12=C(SC%13=C%14)C=C(C(C)(C)C)C=C%12SC%15=CC(C(C)(C)C)=CC(SC%16=CC(C(C)(C)C)=CC(SC(C=C%14C(C)(C)C)=C%13O)=C%16O)=C%15O)N=N%11)=C8OCCC%17=CN(CCCOC%18=C(C=C(C=C%18SC%19=C%20)C(C)(C)C)SC%21=CC(C(C)(C)C)=CC(SC%22=C(O)C(SC(C=C%20C(C)(C)C)=C%19O)=CC(C(C)(C)C)=C%22)=C%21O)N=N%17)C=C(C(C)(C)C)C=C7SC%23=CC(C(C)(C)C)=CC%10=C%23OCCC%24=CN(CCCOC%25=C(C=C%26C(C)(C)C)SC%27=C(O)C(SC%28=C(O)C(SC%29=CC(C(C)(C)C)=CC(SC%25=C%26)=C%29O)=CC(C(C)(C)C)=C%28)=CC(C(C)(C)C)=C%27)N=N%24)=C4O
outer_cv,valid,1,2,2,,,131,Group 11/128.log,Group 11,Group 11,128.log,CC(C1=CC2=C(OCCCC3=CN(CCOC4=C(C=C5C(C)(C)C)SC6=C(O)C(SC7=C(O)C(SC8=CC(C(C)(C)C)=CC(SC4=C5)=C8O)=CC(C(C)(C)C)=C7)=CC(C(C)(C)C)=C6)N=N3)C(SC9=CC(C(C)(C)C)=CC(SC%10=CC(C(C)(C)C)=CC(SC%11=CC(C(C)(C)C)=CC(S2)=C%11OCCCC%12=CN(CCOC%13=C(SC%14=C%15)C=C(C(C)(C)C)C=C%13SC%16=CC(C(C)(C)C)=CC(SC%17=CC(C(C)(C)C)=CC(SC(C=C%15C(C)(C)C)=C%14O)=C%17O)=C%16O)N=N%12)=C%10OCCCC%18=CN(CCOC%19=C(C=C(C=C%19SC%20=C%21)C(C)(C)C)SC%22=CC(C(C)(C)C)=CC(SC%23=C(O)C(SC(C=C%21C(C)(C)C)=C%20O)=CC(C(C)(C)C)=C%23)=C%22O)N=N%18)=C9OCCCC%24=CN(CCOC%25=C(SC(C=C%26C(C)(C)C)=C%27O)C=C(C(C)(C)C)C=C%25SC%28=C(O)C(SC%29=CC(C(C)(C)C)=CC(SC%27=C%26)=C%29O)=CC(C(C)(C)C)=C%28)N=N%24)=C1)(C)C
outer_cv,valid,1,2,2,,,132,Group 11/129.log,Group 11,Group 11,129.log,CC(C1=CC2=C(OCCCC3=CN(CCCOC4=C(C=C5C(C)(C)C)SC6=C(O)C(SC7=C(O)C(SC8=CC(C(C)(C)C)=CC(SC4=C5)=C8O)=CC(C(C)(C)C)=C7)=CC(C(C)(C)C)=C6)N=N3)C(SC9=CC(C(C)(C)C)=CC(SC%10=CC(C(C)(C)C)=CC(SC%11=CC(C(C)(C)C)=CC(S2)=C%11OCCCC%12=CN(CCCOC%13=C(SC%14=C%15)C=C(C(C)(C)C)C=C%13SC%16=CC(C(C)(C)C)=CC(SC%17=CC(C(C)(C)C)=CC(SC(C=C%15C(C)(C)C)=C%14O)=C%17O)=C%16O)N=N%12)=C%10OCCCC%18=CN(CCCOC%19=C(C=C(C=C%19SC%20=C%21)C(C)(C)C)SC%22=CC(C(C)(C)C)=CC(SC%23=C(O)C(SC(C=C%21C(C)(C)C)=C%20O)=CC(C(C)(C)C)=C%23)=C%22O)N=N%18)=C9OCCCC%24=CN(CCCOC%25=C(SC(C=C%26C(C)(C)C)=C%27O)C=C(C(C)(C)C)C=C%25SC%28=C(O)C(SC%29=CC(C(C)(C)C)=CC(SC%27=C%26)=C%29O)=CC(C(C)(C)C)=C%28)N=N%24)=C1)(C)C
outer_cv,valid,1,2,2,,,133,Group 11/130.log,Group 11,Group 11,130.log,CC(C1=CC2=C(OCCCCC3=CN(CCOC(C(SC(C=C4C(C)(C)C)=C5O)=C6)=C(C=C6C(C)(C)C)SC7=C(O)C(SC(C=C(C=C8SC5=C4)C(C)(C)C)=C8O)=CC(C(C)(C)C)=C7)N=N3)C(SC9=CC(C(C)(C)C)=CC(SC%10=CC(C(C)(C)C)=CC(SC%11=CC(C(C)(C)C)=CC(S2)=C%11OCCCCC%12=CN(CCOC%13=C(SC%14=C%15)C=C(C(C)(C)C)C=C%13SC%16=CC(C(C)(C)C)=CC(SC%17=CC(C(C)(C)C)=CC(SC(C=C%15C(C)(C)C)=C%14O)=C%17O)=C%16O)N=N%12)=C%10OCCCCC%18=CN(CCOC%19=C(C=C(C=C%19SC%20=C%21)C(C)(C)C)SC%22=CC(C(C)(C)C)=CC(SC%23=C(O)C(SC(C=C%21C(C)(C)C)=C%20O)=CC(C(C)(C)C)=C%23)=C%22O)N=N%18)=C9OCCCCC%24=CN(CCOC%25=C(SC(C=C%26C(C)(C)C)=C%27O)C=C(C(C)(C)C)C=C%25SC%28=C(O)C(SC%29=CC(C(C)(C)C)=CC(SC%27=C%26)=C%29O)=CC(C(C)(C)C)=C%28)N=N%24)=C1)(C)C
outer_cv,valid,1,2,2,,,134,Group 11/131.log,Group 11,Group 11,131.log,CC(C1=CC2=C(OCCCCC3=CN(CCCOC(C(SC(C=C4C(C)(C)C)=C5O)=C6)=C(C=C6C(C)(C)C)SC7=C(O)C(SC(C=C(C=C8SC5=C4)C(C)(C)C)=C8O)=CC(C(C)(C)C)=C7)N=N3)C(SC9=CC(C(C)(C)C)=CC(SC%10=CC(C(C)(C)C)=CC(SC%11=CC(C(C)(C)C)=CC(S2)=C%11OCCCCC%12=CN(CCCOC%13=C(SC%14=C%15)C=C(C(C)(C)C)C=C%13SC%16=CC(C(C)(C)C)=CC(SC%17=CC(C(C)(C)C)=CC(SC(C=C%15C(C)(C)C)=C%14O)=C%17O)=C%16O)N=N%12)=C%10OCCCCC%18=CN(CCCOC%19=C(C=C(C=C%19SC%20=C%21)C(C)(C)C)SC%22=CC(C(C)(C)C)=CC(SC%23=C(O)C(SC(C=C%21C(C)(C)C)=C%20O)=CC(C(C)(C)C)=C%23)=C%22O)N=N%18)=C9OCCCCC%24=CN(CCCOC%25=C(SC(C=C%26C(C)(C)C)=C%27O)C=C(C(C)(C)C)C=C%25SC%28=C(O)C(SC%29=CC(C(C)(C)C)=CC(SC%27=C%26)=C%29O)=CC(C(C)(C)C)=C%28)N=N%24)=C1)(C)C
outer_cv,valid,1,2,2,,,135,Group 11/132.log,Group 11,Group 11,132.log,CC(C1=CC(SC2=C(O)C(SC(C=C(C=C3SC4=C5)C(C)(C)C)=C3O)=CC(C(C)(C)C)=C2)=C(OCC6=CN(N=N6)CCOC(C(SC7=CC(C(C)(C)C)=CC(SC8=CC(C(C)(C)C)=CC(S9)=C8OCCN%10C=C(COC%11=C(C=C(C=C%11SC%12=C%13)C(C)(C)C)SC%14=CC(C(C)(C)C)=CC(SC%15=C(O)C(SC(C=C%13C(C)(C)C)=C%12O)=CC(C(C)(C)C)=C%15)=C%14O)N=N%10)=C7OCCN%16C=C(COC%17=C(SC(C=C%18C(C)(C)C)=C%19O)C=C(C(C)(C)C)C=C%17SC%20=C(O)C(SC%21=CC(C(C)(C)C)=CC(SC%19=C%18)=C%21O)=CC(C(C)(C)C)=C%20)N=N%16)=CC(C(C)(C)C)=C%22)=C%22SC%23=C(C9=CC(C(C)(C)C)=C%23)OCCN%24N=NC(COC%25=C(SC%26=C%27)C=C(C(C)(C)C)C=C%25SC%28=CC(C(C)(C)C)=CC(SC%29=CC(C(C)(C)C)=CC(SC(C=C%27C(C)(C)C)=C%26O)=C%29O)=C%28O)=C%24)C(SC(C=C5C(C)(C)C)=C4O)=C1)(C)C
outer_cv,valid,1,2,2,,,136,Group 11/133.log,Group 11,Group 11,133.log,CC(C1=CC(SC2=C(O)C(SC(C=C(C=C3SC4=C5)C(C)(C)C)=C3O)=CC(C(C)(C)C)=C2)=C(OCCC6=CN(N=N6)CCOC(C(SC7=CC(C(C)(C)C)=CC(SC8=CC(C(C)(C)C)=CC(S9)=C8OCCN%10C=C(CCOC%11=C(C=C(C=C%11SC%12=C%13)C(C)(C)C)SC%14=CC(C(C)(C)C)=CC(SC%15=C(O)C(SC(C=C%13C(C)(C)C)=C%12O)=CC(C(C)(C)C)=C%15)=C%14O)N=N%10)=C7OCCN%16C=C(CCOC%17=C(SC(C=C%18C(C)(C)C)=C%19O)C=C(C(C)(C)C)C=C%17SC%20=C(O)C(SC%21=CC(C(C)(C)C)=CC(SC%19=C%18)=C%21O)=CC(C(C)(C)C)=C%20)N=N%16)=CC(C(C)(C)C)=C%22)=C%22SC%23=C(C9=CC(C(C)(C)C)=C%23)OCCN%24N=NC(CCOC%25=C(SC%26=C%27)C=C(C(C)(C)C)C=C%25SC%28=CC(C(C)(C)C)=CC(SC%29=CC(C(C)(C)C)=CC(SC(C=C%27C(C)(C)C)=C%26O)=C%29O)=C%28O)=C%24)C(SC(C=C5C(C)(C)C)=C4O)=C1)(C)C
outer_cv,valid,1,2,2,,,137,Group 11/134.log,Group 11,Group 11,134.log,OC1=C(SC2=C3)C=C(C(C)(C)C)C=C1SC4=CC(C(C)(C)C)=CC(SC5=CC(C(C)(C)C)=CC(SC(C=C3C(C)(C)C)=C2O)=C5OCCCC(N=N6)=CN6CCOC7=C(SC8=CC(C(C)(C)C)=CC(SC9=CC(C(C)(C)C)=CC(S%10)=C9OCCN%11N=NC(CCCOC%12=C(SC%13=C%14)C=C(C(C)(C)C)C=C%12SC%15=CC(C(C)(C)C)=CC(SC%16=CC(C(C)(C)C)=CC(SC(C=C%14C(C)(C)C)=C%13O)=C%16O)=C%15O)=C%11)=C8OCCN%17C=C(CCCOC%18=C(C=C(C=C%18SC%19=C%20)C(C)(C)C)SC%21=CC(C(C)(C)C)=CC(SC%22=C(O)C(SC(C=C%20C(C)(C)C)=C%19O)=CC(C(C)(C)C)=C%22)=C%21O)N=N%17)C=C(C(C)(C)C)C=C7SC%23=CC(C(C)(C)C)=CC%10=C%23OCCN%24N=NC(CCCOC%25=C(C=C%26C(C)(C)C)SC%27=C(O)C(SC%28=C(O)C(SC%29=CC(C(C)(C)C)=CC(SC%25=C%26)=C%29O)=CC(C(C)(C)C)=C%28)=CC(C(C)(C)C)=C%27)=C%24)=C4O
outer_cv,valid,1,2,2,,,138,Group 11/135.log,Group 11,Group 11,135.log,OC1=C(SC2=C3)C=C(C(C)(C)C)C=C1SC4=CC(C(C)(C)C)=CC(SC5=CC(C(C)(C)C)=CC(SC(C=C3C(C)(C)C)=C2O)=C5OCCCCC(N=N6)=CN6CCOC7=C(SC8=CC(C(C)(C)C)=CC(SC9=CC(C(C)(C)C)=CC(S%10)=C9OCCN%11N=NC(CCCCOC%12=C(SC%13=C%14)C=C(C(C)(C)C)C=C%12SC%15=CC(C(C)(C)C)=CC(SC%16=CC(C(C)(C)C)=CC(SC(C=C%14C(C)(C)C)=C%13O)=C%16O)=C%15O)=C%11)=C8OCCN%17C=C(CCCCOC%18=C(C=C(C=C%18SC%19=C%20)C(C)(C)C)SC%21=CC(C(C)(C)C)=CC(SC%22=C(O)C(SC(C=C%20C(C)(C)C)=C%19O)=CC(C(C)(C)C)=C%22)=C%21O)N=N%17)C=C(C(C)(C)C)C=C7SC%23=CC(C(C)(C)C)=CC%10=C%23OCCN%24N=NC(CCCCOC%25=C(C=C%26C(C)(C)C)SC%27=C(O)C(SC%28=C(O)C(SC%29=CC(C(C)(C)C)=CC(SC%25=C%26)=C%29O)=CC(C(C)(C)C)=C%28)=CC(C(C)(C)C)=C%27)=C%24)=C4O
outer_cv,valid,1,2,2,,,139,Group 11/136.log,Group 11,Group 11,136.log,CC(C1=CC2=C(OCCCN3C=C(COC4=C(C=C5C(C)(C)C)SC6=C(O)C(SC7=C(O)C(SC8=CC(C(C)(C)C)=CC(SC4=C5)=C8O)=CC(C(C)(C)C)=C7)=CC(C(C)(C)C)=C6)N=N3)C(SC9=CC(C(C)(C)C)=CC(SC%10=CC(C(C)(C)C)=CC(SC%11=CC(C(C)(C)C)=CC(S2)=C%11OCCCN%12C=C(COC%13=C(SC%14=C%15)C=C(C(C)(C)C)C=C%13SC%16=CC(C(C)(C)C)=CC(SC%17=CC(C(C)(C)C)=CC(SC(C=C%15C(C)(C)C)=C%14O)=C%17O)=C%16O)N=N%12)=C%10OCCCN%18N=NC(COC%19=C(C=C(C=C%19SC%20=C%21)C(C)(C)C)SC%22=CC(C(C)(C)C)=CC(SC%23=C(O)C(SC(C=C%21C(C)(C)C)=C%20O)=CC(C(C)(C)C)=C%23)=C%22O)=C%18)=C9OCCCN%24N=NC(COC%25=C(SC(C=C%26C(C)(C)C)=C%27O)C=C(C(C)(C)C)C=C%25SC%28=C(O)C(SC%29=CC(C(C)(C)C)=CC(SC%27=C%26)=C%29O)=CC(C(C)(C)C)=C%28)=C%24)=C1)(C)C
outer_cv,valid,1,2,2,,,140,Group 11/137.log,Group 11,Group 11,137.log,CC(C1=CC2=C(OCCCN3C=C(CCOC4=C(C=C5C(C)(C)C)SC6=C(O)C(SC7=C(O)C(SC8=CC(C(C)(C)C)=CC(SC4=C5)=C8O)=CC(C(C)(C)C)=C7)=CC(C(C)(C)C)=C6)N=N3)C(SC9=CC(C(C)(C)C)=CC(SC%10=CC(C(C)(C)C)=CC(SC%11=CC(C(C)(C)C)=CC(S2)=C%11OCCCN%12C=C(CCOC%13=C(SC%14=C%15)C=C(C(C)(C)C)C=C%13SC%16=CC(C(C)(C)C)=CC(SC%17=CC(C(C)(C)C)=CC(SC(C=C%15C(C)(C)C)=C%14O)=C%17O)=C%16O)N=N%12)=C%10OCCCN%18N=NC(CCOC%19=C(C=C(C=C%19SC%20=C%21)C(C)(C)C)SC%22=CC(C(C)(C)C)=CC(SC%23=C(O)C(SC(C=C%21C(C)(C)C)=C%20O)=CC(C(C)(C)C)=C%23)=C%22O)=C%18)=C9OCCCN%24N=NC(CCOC%25=C(SC(C=C%26C(C)(C)C)=C%27O)C=C(C(C)(C)C)C=C%25SC%28=C(O)C(SC%29=CC(C(C)(C)C)=CC(SC%27=C%26)=C%29O)=CC(C(C)(C)C)=C%28)=C%24)=C1)(C)C
outer_cv,valid,1,2,2,,,141,Group 11/138.log,Group 11,Group 11,138.log,CC(C1=CC2=C(OCCCN3C=C(CCCOC4=C(C=C5C(C)(C)C)SC6=C(O)C(SC7=C(O)C(SC8=CC(C(C)(C)C)=CC(SC4=C5)=C8O)=CC(C(C)(C)C)=C7)=CC(C(C)(C)C)=C6)N=N3)C(SC9=CC(C(C)(C)C)=CC(SC%10=CC(C(C)(C)C)=CC(SC%11=CC(C(C)(C)C)=CC(S2)=C%11OCCCN%12C=C(CCCOC%13=C(SC%14=C%15)C=C(C(C)(C)C)C=C%13SC%16=CC(C(C)(C)C)=CC(SC%17=CC(C(C)(C)C)=CC(SC(C=C%15C(C)(C)C)=C%14O)=C%17O)=C%16O)N=N%12)=C%10OCCCN%18N=NC(CCCOC%19=C(C=C(C=C%19SC%20=C%21)C(C)(C)C)SC%22=CC(C(C)(C)C)=CC(SC%23=C(O)C(SC(C=C%21C(C)(C)C)=C%20O)=CC(C(C)(C)C)=C%23)=C%22O)=C%18)=C9OCCCN%24N=NC(CCCOC%25=C(SC(C=C%26C(C)(C)C)=C%27O)C=C(C(C)(C)C)C=C%25SC%28=C(O)C(SC%29=CC(C(C)(C)C)=CC(SC%27=C%26)=C%29O)=CC(C(C)(C)C)=C%28)=C%24)=C1)(C)C
outer_cv,valid,1,2,2,,,142,Group 11/139.log,Group 11,Group 11,139.log,CC(C1=CC2=C(OCCCN3C=C(CCCCOC4=C(C=C5C(C)(C)C)SC6=C(O)C(SC7=C(O)C(SC8=CC(C(C)(C)C)=CC(SC4=C5)=C8O)=CC(C(C)(C)C)=C7)=CC(C(C)(C)C)=C6)N=N3)C(SC9=CC(C(C)(C)C)=CC(SC%10=CC(C(C)(C)C)=CC(SC%11=CC(C(C)(C)C)=CC(S2)=C%11OCCCN%12C=C(CCCCOC%13=C(SC%14=C%15)C=C(C(C)(C)C)C=C%13SC%16=CC(C(C)(C)C)=CC(SC%17=CC(C(C)(C)C)=CC(SC(C=C%15C(C)(C)C)=C%14O)=C%17O)=C%16O)N=N%12)=C%10OCCCN%18N=NC(CCCCOC%19=C(C=C(C=C%19SC%20=C%21)C(C)(C)C)SC%22=CC(C(C)(C)C)=CC(SC%23=C(O)C(SC(C=C%21C(C)(C)C)=C%20O)=CC(C(C)(C)C)=C%23)=C%22O)=C%18)=C9OCCCN%24N=NC(CCCCOC%25=C(S)C=C(C(C)(C)C)C=C%25SC%26=C(O)C(SC%27=CC(C(C)(C)C)=CC(SC%28=CC(C(C)(C)C)=CC=C%28O)=C%27O)=CC(C(C)(C)C)=C%26)=C%24)=C1)(C)C
outer_cv,valid,1,2,2,,,143,Group 11/140.log,Group 11,Group 11,140.log,CC(C1=CC2=C(OCCCCN3N=NC(COC(C(SC(C=C4C(C)(C)C)=C5O)=C6)=C(C=C6C(C)(C)C)SC7=C(O)C(SC(C=C(C=C8SC5=C4)C(C)(C)C)=C8O)=CC(C(C)(C)C)=C7)=C3)C(SC9=CC(C(C)(C)C)=CC(SC%10=CC(C(C)(C)C)=CC(SC%11=CC(C(C)(C)C)=CC(S2)=C%11OCCCCN%12N=NC(COC%13=C(SC%14=C%15)C=C(C(C)(C)C)C=C%13SC%16=CC(C(C)(C)C)=CC(SC%17=CC(C(C)(C)C)=CC(SC(C=C%15C(C)(C)C)=C%14O)=C%17O)=C%16O)=C%12)=C%10OCCCCN%18C=C(COC%19=C(C=C(C=C%19SC%20=C%21)C(C)(C)C)SC%22=CC(C(C)(C)C)=CC(SC%23=C(O)C(SC(C=C%21C(C)(C)C)=C%20O)=CC(C(C)(C)C)=C%23)=C%22O)N=N%18)=C9OCCCCN%24C=C(COC%25=C(SC(C=C%26C(C)(C)C)=C%27O)C=C(C(C)(C)C)C=C%25SC%28=C(O)C(SC%29=CC(C(C)(C)C)=CC(SC%27=C%26)=C%29O)=CC(C(C)(C)C)=C%28)N=N%24)=C1)(C)C
outer_cv,valid,1,2,2,,,144,Group 11/141.log,Group 11,Group 11,141.log,CC(C1=CC2=C(OCCCCN3N=NC(CCOC(C(SC(C=C4C(C)(C)C)=C5O)=C6)=C(C=C6C(C)(C)C)SC7=C(O)C(SC(C=C(C=C8SC5=C4)C(C)(C)C)=C8O)=CC(C(C)(C)C)=C7)=C3)C(SC9=CC(C(C)(C)C)=CC(SC%10=CC(C(C)(C)C)=CC(SC%11=CC(C(C)(C)C)=CC(S2)=C%11OCCCCN%12N=NC(CCOC%13=C(SC%14=C%15)C=C(C(C)(C)C)C=C%13SC%16=CC(C(C)(C)C)=CC(SC%17=CC(C(C)(C)C)=CC(SC(C=C%15C(C)(C)C)=C%14O)=C%17O)=C%16O)=C%12)=C%10OCCCCN%18C=C(CCOC%19=C(C=C(C=C%19SC%20=C%21)C(C)(C)C)SC%22=CC(C(C)(C)C)=CC(SC%23=C(O)C(SC(C=C%21C(C)(C)C)=C%20O)=CC(C(C)(C)C)=C%23)=C%22O)N=N%18)=C9OCCCCN%24C=C(CCOC%25=C(SC(C=C%26C(C)(C)C)=C%27O)C=C(C(C)(C)C)C=C%25SC%28=C(O)C(SC%29=CC(C(C)(C)C)=CC(SC%27=C%26)=C%29O)=CC(C(C)(C)C)=C%28)N=N%24)=C1)(C)C
outer_cv,valid,1,2,2,,,145,Group 11/142.log,Group 11,Group 11,142.log,CC(C1=CC2=C(OCCCCN3N=NC(CCCOC(C(SC(C=C4C(C)(C)C)=C5O)=C6)=C(C=C6C(C)(C)C)SC7=C(O)C(SC(C=C(C=C8SC5=C4)C(C)(C)C)=C8O)=CC(C(C)(C)C)=C7)=C3)C(SC9=CC(C(C)(C)C)=CC(SC%10=CC(C(C)(C)C)=CC(SC%11=CC(C(C)(C)C)=CC(S2)=C%11OCCCCN%12N=NC(CCCOC%13=C(SC%14=C%15)C=C(C(C)(C)C)C=C%13SC%16=CC(C(C)(C)C)=CC(SC%17=CC(C(C)(C)C)=CC(SC(C=C%15C(C)(C)C)=C%14O)=C%17O)=C%16O)=C%12)=C%10OCCCCN%18C=C(CCCOC%19=C(C=C(C=C%19SC%20=C%21)C(C)(C)C)SC%22=CC(C(C)(C)C)=CC(SC%23=C(O)C(SC(C=C%21C(C)(C)C)=C%20O)=CC(C(C)(C)C)=C%23)=C%22O)N=N%18)=C9OCCCCN%24C=C(CCCOC%25=C(SC(C=C%26C(C)(C)C)=C%27O)C=C(C(C)(C)C)C=C%25SC%28=C(O)C(SC%29=CC(C(C)(C)C)=CC(SC%27=C%26)=C%29O)=CC(C(C)(C)C)=C%28)N=N%24)=C1)(C)C
outer_cv,valid,1,2,2,,,146,Group 11/143.log,Group 11,Group 11,143.log,CC(C1=CC2=C(OCCCCN3N=NC(CCCCOC(C(SC(C=C4C(C)(C)C)=C5O)=C6)=C(C=C6C(C)(C)C)SC7=C(O)C(SC(C=C(C=C8SC5=C4)C(C)(C)C)=C8O)=CC(C(C)(C)C)=C7)=C3)C(SC9=CC(C(C)(C)C)=CC(SC%10=CC(C(C)(C)C)=CC(SC%11=CC(C(C)(C)C)=CC(S2)=C%11OCCCCN%12N=NC(CCCCOC%13=C(SC%14=C%15)C=C(C(C)(C)C)C=C%13SC%16=CC(C(C)(C)C)=CC(SC%17=CC(C(C)(C)C)=CC(SC(C=C%15C(C)(C)C)=C%14O)=C%17O)=C%16O)=C%12)=C%10OCCCCN%18C=C(CCCCOC%19=C(C=C(C=C%19SC%20=C%21)C(C)(C)C)SC%22=CC(C(C)(C)C)=CC(SC%23=C(O)C(SC(C=C%21C(C)(C)C)=C%20O)=CC(C(C)(C)C)=C%23)=C%22O)N=N%18)=C9OCCCCN%24C=C(CCCCOC%25=C(SC(C=C%26C(C)(C)C)=C%27O)C=C(C(C)(C)C)C=C%25SC%28=C(O)C(SC%29=CC(C(C)(C)C)=CC(SC%27=C%26)=C%29O)=CC(C(C)(C)C)=C%28)N=N%24)=C1)(C)C
outer_cv,valid,1,2,2,,,147,Group 11/144.log,Group 11,Group 11,144.log,CC(C1=CC2=C(OCCCCCN3N=NC(COC(C(SC(C=C4C(C)(C)C)=C5O)=C6)=C(C=C6C(C)(C)C)SC7=C(O)C(SC(C=C(C=C8SC5=C4)C(C)(C)C)=C8O)=CC(C(C)(C)C)=C7)=C3)C(SC9=CC(C(C)(C)C)=CC(SC%10=CC(C(C)(C)C)=CC(SC%11=CC(C(C)(C)C)=CC(S2)=C%11OCCCCCN%12N=NC(COC%13=C(SC%14=C%15)C=C(C(C)(C)C)C=C%13SC%16=CC(C(C)(C)C)=CC(SC%17=CC(C(C)(C)C)=CC(SC(C=C%15C(C)(C)C)=C%14O)=C%17O)=C%16O)=C%12)=C%10OCCCCCN%18C=C(COC%19=C(C=C(C=C%19SC%20=C%21)C(C)(C)C)SC%22=CC(C(C)(C)C)=CC(SC%23=C(O)C(SC(C=C%21C(C)(C)C)=C%20O)=CC(C(C)(C)C)=C%23)=C%22O)N=N%18)=C9OCCCCCN%24C=C(COC%25=C(SC(C=C%26C(C)(C)C)=C%27O)C=C(C(C)(C)C)C=C%25SC%28=C(O)C(SC%29=CC(C(C)(C)C)=CC(SC%27=C%26)=C%29O)=CC(C(C)(C)C)=C%28)N=N%24)=C1)(C)C
outer_cv,valid,1,2,2,,,148,Group 11/145.log,Group 11,Group 11,145.log,CC(C1=CC2=C(OCCCCCN3N=NC(CCOC4=C(C=C5C(C)(C)C)SC6=C(O)C(SC7=C(O)C(SC8=CC(C(C)(C)C)=CC(SC4=C5)=C8O)=CC(C(C)(C)C)=C7)=CC(C(C)(C)C)=C6)=C3)C(SC9=CC(C(C)(C)C)=CC(SC%10=CC(C(C)(C)C)=CC(SC%11=CC(C(C)(C)C)=CC(S2)=C%11OCCCCCN%12N=NC(CCOC%13=C(SC%14=C%15)C=C(C(C)(C)C)C=C%13SC%16=CC(C(C)(C)C)=CC(SC%17=CC(C(C)(C)C)=CC(SC(C=C%15C(C)(C)C)=C%14O)=C%17O)=C%16O)=C%12)=C%10OCCCCCN%18C=C(CCOC%19=C(C=C(C=C%19SC%20=C%21)C(C)(C)C)SC%22=CC(C(C)(C)C)=CC(SC%23=C(O)C(SC(C=C%21C(C)(C)C)=C%20O)=CC(C(C)(C)C)=C%23)=C%22O)N=N%18)=C9OCCCCCN%24C=C(CCOC%25=C(SC(C=C%26C(C)(C)C)=C%27O)C=C(C(C)(C)C)C=C%25SC%28=C(O)C(SC%29=CC(C(C)(C)C)=CC(SC%27=C%26)=C%29O)=CC(C(C)(C)C)=C%28)N=N%24)=C1)(C)C
outer_cv,valid,1,2,2,,,149,Group 11/146.log,Group 11,Group 11,146.log,CC(C1=CC2=C(OCCCCCN3N=NC(CCCOC4=C(C=C5C(C)(C)C)SC6=C(O)C(SC7=C(O)C(SC8=CC(C(C)(C)C)=CC(SC4=C5)=C8O)=CC(C(C)(C)C)=C7)=CC(C(C)(C)C)=C6)=C3)C(SC9=CC(C(C)(C)C)=CC(SC%10=CC(C(C)(C)C)=CC(SC%11=CC(C(C)(C)C)=CC(S2)=C%11OCCCCCN%12N=NC(CCCOC%13=C(SC%14=C%15)C=C(C(C)(C)C)C=C%13SC%16=CC(C(C)(C)C)=CC(SC%17=CC(C(C)(C)C)=CC(SC(C=C%15C(C)(C)C)=C%14O)=C%17O)=C%16O)=C%12)=C%10OCCCCCN%18C=C(CCCOC%19=C(C=C(C=C%19SC%20=C%21)C(C)(C)C)SC%22=CC(C(C)(C)C)=CC(SC%23=C(O)C(SC(C=C%21C(C)(C)C)=C%20O)=CC(C(C)(C)C)=C%23)=C%22O)N=N%18)=C9OCCCCCN%24C=C(CCCOC%25=C(SC(C=C%26C(C)(C)C)=C%27O)C=C(C(C)(C)C)C=C%25SC%28=C(O)C(SC%29=CC(C(C)(C)C)=CC(SC%27=C%26)=C%29O)=CC(C(C)(C)C)=C%28)N=N%24)=C1)(C)C
outer_cv,valid,1,2,2,,,150,Group 11/147.log,Group 11,Group 11,147.log,OC1=C(SC2=C3)C=C(C(C)(C)C)C=C1SC4=CC(C(C)(C)C)=CC(SC5=CC(C(C)(C)C)=CC(SC(C=C3C(C)(C)C)=C2O)=C5OCCCCC(N=N6)=CN6CCCCCOC7=C(SC8=CC(C(C)(C)C)=CC(SC9=CC(C(C)(C)C)=CC(S%10)=C9OCCCCCN%11N=NC(CCCCOC%12=C(SC%13=C%14)C=C(C(C)(C)C)C=C%12SC%15=CC(C(C)(C)C)=CC(SC%16=CC(C(C)(C)C)=CC(SC(C=C%14C(C)(C)C)=C%13O)=C%16O)=C%15O)=C%11)=C8OCCCCCN%17C=C(CCCCOC%18=C(C=C(C=C%18SC%19=C%20)C(C)(C)C)SC%21=CC(C(C)(C)C)=CC(SC%22=C(O)C(SC(C=C%20C(C)(C)C)=C%19O)=CC(C(C)(C)C)=C%22)=C%21O)N=N%17)C=C(C(C)(C)C)C=C7SC%23=CC(C(C)(C)C)=CC%10=C%23OCCCCCN%24N=NC(CCCCOC%25=C(C=C%26C(C)(C)C)SC%27=C(O)C(SC%28=C(O)C(SC%29=CC(C(C)(C)C)=CC(SC%25=C%26)=C%29O)=CC(C(C)(C)C)=C%28)=CC(C(C)(C)C)=C%27)=C%24)=C4O
outer_cv,valid,1,2,2,,,223,Group 18/220.log,Group 18,Group 18,220.log,C12=C(C(SC(C=CC=C3S4)=C3OCCOCCOCCOC(C(SC5=CC=CC4=C5OCCCOC6=CC(C7=NC=CC=C7)=NC(C8=CC=CC=N8)=C6)=CC=C9)=C9S2)=CC=C1)OCCCOC%10=CC(C%11=NC=CC=C%11)=NC(C%12=CC=CC=N%12)=C%10
outer_cv,valid,1,2,2,,,224,Group 18/221.log,Group 18,Group 18,221.log,CC(C1=CC2=C(OCCOCCOCCOC3=C(SC4=CC(C(C)(C)C)=CC(S2)=C4OCCCOC5=CC(C6=NC=CC=C6)=NC(C7=CC=CC=N7)=C5)C=C(C(C)(C)C)C=C3S8)C(SC9=CC(C(C)(C)C)=CC8=C9OCCCOC%10=CC(C%11=NC=CC=C%11)=NC(C%12=CC=CC=N%12)=C%10)=C1)(C)C
outer_cv,valid,1,2,2,,,225,Group 18/222.log,Group 18,Group 18,222.log,CC(C1=CC2=C(OCCOCCOCCOCCOC3=C(SC4=CC(C(C)(C)C)=CC(S2)=C4OCCCOC5=CC(C6=NC=CC=C6)=NC(C7=CC=CC=N7)=C5)C=C(C(C)(C)C)C=C3S8)C(SC9=CC(C(C)(C)C)=CC8=C9OCCCOC%10=CC(C%11=NC=CC=C%11)=NC(C%12=CC=CC=N%12)=C%10)=C1)(C)C
outer_cv,valid,1,2,2,,,226,Group 18/223.log,Group 18,Group 18,223.log,CC(C1=CC2=C(OCCOCCOCCOCCOCCOC3=C(SC4=CC(C(C)(C)C)=CC(S2)=C4OCCCOC5=CC(C6=NC=CC=C6)=NC(C7=CC=CC=N7)=C5)C=C(C(C)(C)C)C=C3S8)C(SC9=CC(C(C)(C)C)=CC8=C9OCCCOC%10=CC(C%11=NC=CC=C%11)=NC(C%12=CC=CC=N%12)=C%10)=C1)(C)C
outer_cv,valid,1,2,2,,,258,Group 22/255.log,Group 22,Group 22,255.log,CC(C1=CC2=C(OCCOCCOCCOC3=C(SC4=CC(C(C)(C)C)=CC(S2)=C4OCCSC(C)=O)C=C(C(C)(C)C)C=C3S5)C(SC6=CC(C(C)(C)C)=CC5=C6OCCSC(C)=O)=C1)(C)C
outer_cv,valid,1,2,2,,,259,Group 22/256.log,Group 22,Group 22,256.log,CC(C1=CC2=C(OCCOCCOCCOC3=C(SC4=CC(C(C)(C)C)=CC(S2)=C4OCCCSC(C)=O)C=C(C(C)(C)C)C=C3S5)C(SC6=CC(C(C)(C)C)=CC5=C6OCCCSC(C)=O)=C1)(C)C
outer_cv,valid,1,2,2,,,260,Group 22/257.log,Group 22,Group 22,257.log,CC(C1=CC2=C(OCCOCCOCCOC3=C(SC4=CC(C(C)(C)C)=CC(S2)=C4OCCSC)C=C(C(C)(C)C)C=C3S5)C(SC6=CC(C(C)(C)C)=CC5=C6OCCSC)=C1)(C)C
outer_cv,valid,1,2,2,,,261,Group 22/258.log,Group 22,Group 22,258.log,CC(C1=CC2=C(OCCOCCOCCOC3=C(SC4=CC(C(C)(C)C)=CC(S2)=C4OCCSCC5=CC=CC=C5)C=C(C(C)(C)C)C=C3S6)C(SC7=CC(C(C)(C)C)=CC6=C7OCCSCC8=CC=CC=C8)=C1)(C)C
outer_cv,valid,1,2,2,,,262,Group 22/259.log,Group 22,Group 22,259.log,CC(C1=CC2=C(OCCOCCOCCOC3=C(SC4=CC(C(C)(C)C)=CC(S2)=C4OCCCSCC)C=C(C(C)(C)C)C=C3S5)C(SC6=CC(C(C)(C)C)=CC5=C6OCCCSCC)=C1)(C)C
outer_cv,valid,1,2,2,,,263,Group 22/260.log,Group 22,Group 22,260.log,CC(C1=CC2=C(OCCOCCOCCOCCOC3=C(SC4=CC(C(C)(C)C)=CC(S2)=C4OCCSCC5=CC=CC=C5)C=C(C(C)(C)C)C=C3S6)C(SC7=CC(C(C)(C)C)=CC6=C7OCCSCC8=CC=CC=C8)=C1)(C)C
outer_cv,valid,1,2,2,,,264,Group 22/261.log,Group 22,Group 22,261.log,CC(C1=CC2=C(OCCOCCOCCOCCOC3=C(SC4=CC(C(C)(C)C)=CC(S2)=C4OCCCSCC)C=C(C(C)(C)C)C=C3S5)C(SC6=CC(C(C)(C)C)=CC5=C6OCCCSCC)=C1)(C)C
outer_cv,valid,1,2,2,,,265,Group 22/262.log,Group 22,Group 22,262.log,CC(C1=CC2=C(OCCOCCOC3=C(SC4=CC(C(C)(C)C)=CC(S2)=C4OCCCSC(C)=O)C=C(C(C)(C)C)C=C3S5)C(SC6=CC(C(C)(C)C)=CC5=C6OCCCSC(C)=O)=C1)(C)C
outer_cv,train,1,3,3,,,11,Group 2/12.log,Group 2,Group 2,12.log,OC1=C(SC2=C(C(SC3=C(O)C(SC4=CC(C(C)(C)C)=CC(SC1=C5)=C4O[Si](C)(C(C)(C)C)C)=CC(C(C)(C)C)=C3)=CC(C(C)(C)C)=C2)O[Si](C)(C)C(C)(C)C)C=C5C(C)(C)C
outer_cv,train,1,3,3,,,12,Group 2/13.log,Group 2,Group 2,13.log,OC1=C(SC2=C(C(SC3=C(O)C(S4)=CC=C3)=CC=C2)O[Si](C)(C)C(C)(C)C)C=CC=C1SC5=C(O[Si](C)(C(C)(C)C)C)C4=CC=C5
outer_cv,train,1,3,3,,,13,Group 2/14.log,Group 2,Group 2,14.log,OC1=C(SC2=C(C(SC3=C(O)C(SC4=CC(Br)=CC(SC1=C5)=C4O[Si](C)(C(C)(C)C)C)=CC(Br)=C3)=CC(Br)=C2)O[Si](C)(C)C(C)(C)C)C=C5Br
outer_cv,train,1,3,3,,,14,Group 2/15.log,Group 2,Group 2,15.log,OC1=C(SC2=C(C(SC3=C(O)C(S4)=CC=C3)=CC=C2)OS(C(F)(F)F)(=O)=O)C=CC=C1SC5=C(OS(=O)(C(F)(F)F)=O)C4=CC=C5
outer_cv,train,1,3,3,,,26,Group 4/27.log,Group 4,Group 4,27.log,CC(C)(C)C1=CC(CC2=C3)=C(OCC#C)C(CC4=CC(C(C)(C)C)=CC(CC5=CC(C(C)(C)C)=CC(CC(C=C3C(C)(C)C)=C2OCC#C)=C5OCC#C)=C4OCC#C)=C1
outer_cv,train,1,3,3,,,27,Group 4/28.log,Group 4,Group 4,28.log,CC(C)(C1=CC(CC2=C(C(CC(C=C(C=C3C4)C(C)(C)C)=C3OCC#C)=CC(C(C)(C)C)=C2)OCC#C)=C(OCC#C)C(CC5=CC(C(C)(C)C)=CC4=C5OCC#C)=C1)C
outer_cv,train,1,3,3,,,28,Group 4/29.log,Group 4,Group 4,29.log,CC(C1=CC2=C(OCC#C)C(CC3=CC(C(C)(C)C)=CC(CC4=CC(C(C)(C)C)=CC(CC5=CC(C(C)(C)C)=CC(C2)=C5OCC#C)=C4OCC#C)=C3OCC#C)=C1)(C)C
outer_cv,train,1,3,3,,,29,Group 4/30.log,Group 4,Group 4,30.log,C#CCOC1=C2C=CC=C1CC3=CC=CC(CC4=CC=CC(CC(C=CC=C5C2)=C5OCC#C)=C4OCC#C)=C3OCC#C
outer_cv,train,1,3,3,,,30,Group 4/31.log,Group 4,Group 4,31.log,OC1=C(SC2=C(C(S3)=CC(C(C)(C)C)=C2)OCCC#CC#CCCOC4=C(SC1=C5)C=C(C(C)(C)C)C=C4SC6=CC(C(C)(C)C)=CC3=C6O)C=C5C(C)(C)C
outer_cv,train,1,3,3,,,31,Group 4/32.log,Group 4,Group 4,32.log,OC1=C(CC2=C(C(CC3=C(O)C(CC4=CC(C(C)(C)C)=CC(CC1=C5)=C4OCC=C)=CC(C(C)(C)C)=C3)=CC(C(C)(C)C)=C2)OCC=C)C=C5C(C)(C)C
outer_cv,train,1,3,3,,,32,Group 4/33.log,Group 4,Group 4,33.log,OC1=C(CC2=C(C(CC3=C(O)C(C4)=CC=C3)=CC=C2)OCC=C)C=CC=C1CC5=C(OCC=C)C4=CC=C5
outer_cv,train,1,3,3,,,33,Group 4/34.log,Group 4,Group 4,34.log,OC1=C(SC2=C(C(SC3=C(O)C(SC4=CC(C(C)(C)C)=CC(SC1=C5)=C4OCC=C)=CC(C(C)(C)C)=C3)=CC(C(C)(C)C)=C2)OCC=C)C=C5C(C)(C)C
outer_cv,train,1,3,3,,,34,Group 4/35.log,Group 4,Group 4,35.log,CC(C1=CC2=C(OCC=C)C(SC3=CC(C(C)(C)C)=CC(SC4=CC(C(C)(C)C)=CC(SC5=CC(C(C)(C)C)=CC(S2)=C5OCC=C)=C4OCC=C)=C3OCC=C)=C1)(C)C
outer_cv,train,1,3,3,,,35,Group 4/36.log,Group 4,Group 4,36.log,CC(C1=CC2=C(OCC#C)C(SC3=CC(C(C)(C)C)=CC(SC4=CC(C(C)(C)C)=CC(SC5=CC(C(C)(C)C)=CC(S2)=C5OCC#C)=C4OCC#C)=C3OCC#C)=C1)(C)C
outer_cv,train,1,3,3,,,36,Group 4/36_iso.log,Group 4,Group 4,36_iso.log,CC(C)(C1=CC(SC2=C(C(SC(C=C(C=C3S4)C(C)(C)C)=C3OCC#C)=CC(C(C)(C)C)=C2)OCC#C)=C(OCC#C)C(SC5=CC(C(C)(C)C)=CC4=C5OCC#C)=C1)C
outer_cv,train,1,3,3,,,37,Group 4/37_iso.log,Group 4,Group 4,37_iso.log,C#CCOC1=C(SC2=CC=CC(S3)=C2OCC#C)C=CC=C1SC4=C(OCC#C)C(SC5=CC=CC3=C5OCC#C)=CC=C4
outer_cv,train,1,3,3,,,38,Group 4/37.log,Group 4,Group 4,37.log,C#CCOC1=C(S2)C=CC=C1SC(C=CC=C3SC4=C(OCC#C)C(SC5=CC=CC2=C5OCC#C)=CC=C4)=C3OCC#C
outer_cv,train,1,3,3,,,39,Group 4/38.log,Group 4,Group 4,38.log,BrC1=CC(SC2=CC(Br)=CC(SC3=C(OCC#C)C(SC4=CC(Br)=CC(SC5=C1)=C4OCC#C)=CC(Br)=C3)=C2OCC#C)=C5OCC#C
outer_cv,train,1,3,3,,,40,Group 4/38_iso.log,Group 4,Group 4,38_iso.log,BrC(C=C1S2)=CC(SC3=CC(Br)=CC(SC4=C(OCC#C)C(SC5=CC(Br)=CC2=C5OCC#C)=CC(Br)=C4)=C3OCC#C)=C1OCC#C
outer_cv,train,1,3,3,,,41,Group 4/39.log,Group 4,Group 4,39.log,OC1=C(SC2=C(C(SC3=C(O)C(SC4=CC(C(C)(C)C)=CC(SC1=C5)=C4OCC#C)=CC(C(C)(C)C)=C3)=CC(C(C)(C)C)=C2)OCC#C)C=C5C(C)(C)C
outer_cv,train,1,3,3,,,42,Group 4/39_iso.log,Group 4,Group 4,39_iso.log,OC(C(SC1=CC(C(C)(C)C)=CC(SC2=CC(C(C)(C)C)=CC(S3)=C2O)=C1OCC#C)=CC(C(C)(C)C)=C4)=C4SC5=C(C3=CC(C(C)(C)C)=C5)OCC#C
outer_cv,train,1,3,3,,,43,Group 4/40.log,Group 4,Group 4,40.log,CC(C)(C)C1=CC(CC2=C3)=C(OCCC#C)C(CC4=CC(C(C)(C)C)=CC(CC5=CC(C(C)(C)C)=CC(CC(C=C3C(C)(C)C)=C2OCCC#C)=C5OCCC#C)=C4OCCC#C)=C1
outer_cv,train,1,3,3,,,44,Group 4/41.log,Group 4,Group 4,41.log,CC(C)(C1=CC(CC2=C(C(CC(C=C(C=C3C4)C(C)(C)C)=C3OCCCC#C)=CC(C(C)(C)C)=C2)OCCCC#C)=C(OCCCC#C)C(CC5=CC(C(C)(C)C)=CC4=C5OCCCC#C)=C1)C
outer_cv,train,1,3,3,,,45,Group 4/42.log,Group 4,Group 4,42.log,CC(C1=CC2=C(OCCCC#C)C(CC3=CC(C(C)(C)C)=CC(CC4=CC(C(C)(C)C)=CC(CC5=CC(C(C)(C)C)=CC(C2)=C5OCCCC#C)=C4OCCCC#C)=C3OCCCC#C)=C1)(C)C
outer_cv,train,1,3,3,,,46,Group 4/43.log,Group 4,Group 4,43.log,CC(C)(C)C1=CC(CC2=C3)=C(OCCCCC#C)C(CC4=CC(C(C)(C)C)=CC(CC5=CC(C(C)(C)C)=CC(CC(C=C3C(C)(C)C)=C2OCCCCC#C)=C5OCCCCC#C)=C4OCCCCC#C)=C1
outer_cv,train,1,3,3,,,47,Group 4/44.log,Group 4,Group 4,44.log,CC(C1=CC2=C(OCCC#C)C(SC3=CC(C(C)(C)C)=CC(SC4=CC(C(C)(C)C)=CC5=C4OCCC#CC(C(C=C6S5)=CC(S2)=C6OCCC#C)(C)C)=C3OCCC#C)=C1)(C)C
outer_cv,train,1,3,3,,,48,Group 4/45.log,Group 4,Group 4,45.log,CC(C1=CC2=C(OCCCC#C)C(SC3=CC(C(C)(C)C)=CC(SC4=CC(C(C)(C)C)=CC(SC5=CC(C(C)(C)C)=CC(S2)=C5OCCCC#C)=C4OCCCC#C)=C3OCCCC#C)=C1)(C)C
outer_cv,train,1,3,3,,,49,Group 4/46.log,Group 4,Group 4,46.log,CC(C1=CC2=C(OCCCCC#C)C(SC3=CC(C(C)(C)C)=CC(SC4=CC(C(C)(C)C)=CC(SC5=CC(C(C)(C)C)=CC(S2)=C5OCCCCC#C)=C4OCCCCC#C)=C3OCCCCC#C)=C1)(C)C
outer_cv,train,1,3,3,,,50,Group 4/47.log,Group 4,Group 4,47.log,OC1=C(SC2=C(C(SC3=C(O)C(SC4=CC(C(C)(C)C)=CC(SC1=C5)=C4OCCC#C)=CC(C(C)(C)C)=C3)=CC(C(C)(C)C)=C2)OCCC#C)C=C5C(C)(C)C
outer_cv,train,1,3,3,,,51,Group 4/48.log,Group 4,Group 4,48.log,OC1=C(SC2=C(C(SC3=C(O)C(SC4=CC(C(C)(C)C)=CC(SC1=C5)=C4OCCCC#C)=CC(C(C)(C)C)=C3)=CC(C(C)(C)C)=C2)OCCCC#C)C=C5C(C)(C)C
outer_cv,train,1,3,3,,,52,Group 4/49.log,Group 4,Group 4,49.log,OC1=C(SC2=C(C(SC3=C(O)C(SC4=CC(C(C)(C)C)=CC(SC1=C5)=C4OCCCCC#C)=CC(C(C)(C)C)=C3)=CC(C(C)(C)C)=C2)OCCCCC#C)C=C5C(C)(C)C
outer_cv,train,1,3,3,,,53,Group 4/50.log,Group 4,Group 4,50.log,OC1=C(SC2=C(C(SC3=C(O)C(SC4=CC(C(C)(C)C)=CC(SC1=C5)=C4OCC#C)=CC(C(C)(C)C)=C3)=CC(C(C)(C)C)=C2)O)C=C5C(C)(C)C
outer_cv,train,1,3,3,,,54,Group 4/51.log,Group 4,Group 4,51.log,OC1=C(SC2=C(C(SC3=C(O)C(SC4=CC(C(C)(C)C)=CC(SC1=C5)=C4OCCC#C)=CC(C(C)(C)C)=C3)=CC(C(C)(C)C)=C2)O)C=C5C(C)(C)C
outer_cv,train,1,3,3,,,55,Group 4/52.log,Group 4,Group 4,52.log,OC1=C(SC2=C(C(SC3=C(O)C(SC4=CC(C(C)(C)C)=CC(SC1=C5)=C4OCCCC#C)=CC(C(C)(C)C)=C3)=CC(C(C)(C)C)=C2)O)C=C5C(C)(C)C
outer_cv,train,1,3,3,,,56,Group 4/53.log,Group 4,Group 4,53.log,OC1=C(SC2=C(C(SC3=C(O)C(SC4=CC(C(C)(C)C)=CC(SC1=C5)=C4OCCCCC#C)=CC(C(C)(C)C)=C3)=CC(C(C)(C)C)=C2)O)C=C5C(C)(C)C
outer_cv,train,1,3,3,,,57,Group 4/54.log,Group 4,Group 4,54.log,OC1=C(CC2=C(C(CC3=C(OCC#C)C(CC4=CC(C(C)(C)C)=CC(CC1=C5)=C4OCC#C)=CC(C(C)(C)C)=C3)=CC(C(C)(C)C)=C2)O)C=C5C(C)(C)C
outer_cv,train,1,3,3,,,58,Group 5/55.log,Group 5,Group 5,55.log,CC(C1=CC2=C(OCCC#C)C(SC3=CC(C(C)(C)C)=CC(SC4=CC(C(C)(C)C)=CC5=C4OCCC#CC(C(C=C6S5)=CC(S2)=C6OCCCCCCCCCCCC)(C)C)=C3OCCCCCCCCCCCC)=C1)(C)C
outer_cv,train,1,3,3,,,59,Group 5/56.log,Group 5,Group 5,56.log,CC(C1=CC2=C(OCCCC#C)C(SC3=CC(C(C)(C)C)=CC(SC4=CC(C(C)(C)C)=CC(SC5=CC(C(C)(C)C)=CC(S2)=C5OCCCCCCCCCCCC)=C4OCCCC#C)=C3OCCCCCCCCCCCC)=C1)(C)C
outer_cv,train,1,3,3,,,60,Group 5/57.log,Group 5,Group 5,57.log,CC(C1=CC2=C(OCCCCC#C)C(SC3=CC(C(C)(C)C)=CC(SC4=CC(C(C)(C)C)=CC(SC5=CC(C(C)(C)C)=CC(S2)=C5OCCCCCCCCCCCC)=C4OCCCCC#C)=C3OCCCCCCCCCCCC)=C1)(C)C
outer_cv,train,1,3,3,,,61,Group 6/58.log,Group 6,Group 6,58.log,OC1=C(CC2=C(C(CC3=C(O)C(CC4=CC(C(C)(C)C)=CC(CC1=C5)=C4OCCBr)=CC(C(C)(C)C)=C3)=CC(C(C)(C)C)=C2)OCCBr)C=C5C(C)(C)C
outer_cv,train,1,3,3,,,62,Group 6/59.log,Group 6,Group 6,59.log,OC1=C(CC2=C(C(CC3=C(O)C(CC4=CC(C(C)(C)C)=CC(CC1=C5)=C4OCCCBr)=CC(C(C)(C)C)=C3)=CC(C(C)(C)C)=C2)OCCCBr)C=C5C(C)(C)C
outer_cv,train,1,3,3,,,63,Group 6/60.log,Group 6,Group 6,60.log,OC1=C(CC2=C(C(CC3=C(O)C(CC4=CC(C(C)(C)C)=CC(CC1=C5)=C4OCCCCBr)=CC(C(C)(C)C)=C3)=CC(C(C)(C)C)=C2)OCCCCBr)C=C5C(C)(C)C
outer_cv,train,1,3,3,,,64,Group 6/61.log,Group 6,Group 6,61.log,OC1=C(SC2=C(C(SC3=C(O)C(SC4=CC([N+]([O-])=O)=CC(SC1=C5)=C4OCCCBr)=CC([N+]([O-])=O)=C3)=CC([N+]([O-])=O)=C2)OCCCBr)C=C5[N+]([O-])=O
outer_cv,train,1,3,3,,,65,Group 6/62.log,Group 6,Group 6,62.log,CC(C1=CC2=C(OCCCBr)C(SC3=CC(C(C)(C)C)=CC(SC4=CC(C(C)(C)C)=CC(SC5=CC(C(C)(C)C)=CC(S2)=C5OCCCBr)=C4OCCCBr)=C3OCCCBr)=C1)(C)C
outer_cv,train,1,3,3,,,66,Group 6/63.log,Group 6,Group 6,63.log,CC(C1=CC2=C(OCCCCBr)C(SC3=CC(C(C)(C)C)=CC(SC4=CC(C(C)(C)C)=CC(SC5=CC(C(C)(C)C)=CC(S2)=C5OCCCCBr)=C4OCCCCBr)=C3OCCCCBr)=C1)(C)C
outer_cv,train,1,3,3,,,67,Group 6/64.log,Group 6,Group 6,64.log,CC(C1=CC2=C(OCCCCCBr)C(SC3=CC(C(C)(C)C)=CC(SC4=CC(C(C)(C)C)=CC(SC5=CC(C(C)(C)C)=CC(S2)=C5OCCCCCBr)=C4OCCCCCBr)=C3OCCCCCBr)=C1)(C)C
outer_cv,train,1,3,3,,,68,Group 6/65.log,Group 6,Group 6,65.log,CC(C1=CC2=C(OCCCCCCBr)C(SC3=CC(C(C)(C)C)=CC(SC4=CC(C(C)(C)C)=CC(SC5=CC(C(C)(C)C)=CC(S2)=C5OCCCCCCBr)=C4OCCCCCCBr)=C3OCCCCCCBr)=C1)(C)C
outer_cv,train,1,3,3,,,69,Group 6/66.log,Group 6,Group 6,66.log,CC(C1=CC2=C(OCCCCCCCCCCCC)C(SC3=CC(C(C)(C)C)=CC(SC4=CC(C(C)(C)C)=CC(SC5=CC(C(C)(C)C)=CC(S2)=C5OCCCBr)=C4OCCCCCCCCCCCC)=C3OCCCBr)=C1)(C)C
outer_cv,train,1,3,3,,,70,Group 6/67.log,Group 6,Group 6,67.log,CC(C1=CC2=C(OCCCCCCOC3=C(SC4=CC(C(C)(C)C)=CC(S2)=C4OCCCCCCBr)C=C(C(C)(C)C)C=C3S5)C(SC6=CC(C(C)(C)C)=CC5=C6OCCCCCCBr)=C1)(C)C
outer_cv,train,1,3,3,,,71,Group 7/68.log,Group 7,Group 7,68.log,OC1=C(CC2=C(C(CC3=C(O)C(CC4=CC(/N=N/C5=CC=C([N+]([O-])=O)C=C5)=CC(CC1=C6)=C4O)=CC(/N=N/C7=CC=C([N+]([O-])=O)C=C7)=C3)=CC(/N=N/C8=CC=C([N+]([O-])=O)C=C8)=C2)O)C=C6/N=N/C9=CC=C([N+]([O-])=O)C=C9
outer_cv,train,1,3,3,,,72,Group 7/69.log,Group 7,Group 7,69.log,OC1=C(SC2=C(C(SC3=C(O)C(SC4=CC(/N=N/C5=CC=C([N+]([O-])=O)C=C5)=CC(SC1=C6)=C4O)=CC(/N=N/C7=CC=C([N+]([O-])=O)C=C7)=C3)=CC(/N=N/C8=CC=C([N+]([O-])=O)C=C8)=C2)O)C=C6/N=N/C9=CC=C([N+]([O-])=O)C=C9
outer_cv,train,1,3,3,,,73,Group 7/70.log,Group 7,Group 7,70.log,OC1=C(SC2=C(C(SC3=C(O)C(SC4=CC(/N=N/C5=CC=C([N+]([O-])=O)C=C5)=CC(SC1=C6)=C4OCCCBr)=CC(/N=N/C7=CC=C([N+]([O-])=O)C=C7)=C3)=CC(/N=N/C8=CC=C([N+]([O-])=O)C=C8)=C2)OCCCBr)C=C6/N=N/C9=CC=C([N+]([O-])=O)C=C9
outer_cv,train,1,3,3,,,74,Group 7/71.log,Group 7,Group 7,71.log,OC1=C(SC2=C(C(SC3=C(O)C(SC4=CC(C(C)(C)C)=CC(SC1=C5)=C4OCCCOC6=CC=C(/N=N/C7=CC=C([N+]([O-])=O)C=C7)C=C6)=CC(C(C)(C)C)=C3)=CC(C(C)(C)C)=C2)OCCCOC8=CC=C(/N=N/C9=CC=C([N+]([O-])=O)C=C9)C=C8)C=C5C(C)(C)C
outer_cv,train,1,3,3,,,75,Group 7/72.log,Group 7,Group 7,72.log,OC(C=C1)=CC=C1/N=N/C2=CC=C([N+]([O-])=O)C=C2
outer_cv,train,1,3,3,,,76,Group 7/73.log,Group 7,Group 7,73.log,OCCCOC(C=C1)=CC=C1/N=N/C2=CC=C([N+]([O-])=O)C=C2
outer_cv,train,1,3,3,,,77,Group 7/74.log,Group 7,Group 7,74.log,CCCCCCCCOC(C=C1)=CC=C1/N=N/C2=CC=C([N+]([O-])=O)C=C2
outer_cv,train,1,3,3,,,78,Group 7/75.log,Group 7,Group 7,75.log,OCCN(CC)C(C=C1)=CC=C1/N=N/C2=CC=C([N+]([O-])=O)C=C2
outer_cv,train,1,3,3,,,79,Group 8/76.log,Group 8,Group 8,76.log,OC1=C(SC2=C(C(SC3=C(O)C(SC4=CC(C(C)(C)C)=CC(SC1=C5)=C4OCCN)=CC(C(C)(C)C)=C3)=CC(C(C)(C)C)=C2)OCCN)C=C5C(C)(C)C
outer_cv,train,1,3,3,,,80,Group 8/77.log,Group 8,Group 8,77.log,OC1=C(SC2=C(C(SC3=C(O)C(SC4=CC(C(C)(C)C)=CC(SC1=C5)=C4OCCCN)=CC(C(C)(C)C)=C3)=CC(C(C)(C)C)=C2)OCCCN)C=C5C(C)(C)C
outer_cv,train,1,3,3,,,81,Group 8/78.log,Group 8,Group 8,78.log,OC1=C(SC2=C(C(SC3=C(O)C(SC4=CC(C(C)(C)C)=CC(SC1=C5)=C4OCCN)=CC(C(C)(C)C)=C3)=CC(C(C)(C)C)=C2)O)C=C5C(C)(C)C
outer_cv,train,1,3,3,,,82,Group 8/79.log,Group 8,Group 8,79.log,OC1=C(SC2=C(C(SC3=C(O)C(SC4=CC(C(C)(C)C)=CC(SC1=C5)=C4OCCCN)=CC(C(C)(C)C)=C3)=CC(C(C)(C)C)=C2)O)C=C5C(C)(C)C
outer_cv,train,1,3,3,,,83,Group 8/80.log,Group 8,Group 8,80.log,OC1=C(SC2=C(C(SC3=C(O)C(SC4=CC(C(C)(C)C)=CC(SC1=C5)=C4OCCN(CC)CC6=CC=CC=C6)=CC(C(C)(C)C)=C3)=CC(C(C)(C)C)=C2)OCCN(CC)CC7=CC=CC=C7)C=C5C(C)(C)C
outer_cv,train,1,3,3,,,84,Group 8/81.log,Group 8,Group 8,81.log,CC(C1=CC2=C(OCCCCCCCCCCCC)C(SC3=CC(C(C)(C)C)=CC(SC4=CC(C(C)(C)C)=CC(SC5=CC(C(C)(C)C)=CC(S2)=C5OCCN)=C4OCCCCCCCCCCCC)=C3OCCN)=C1)(C)C
outer_cv,train,1,3,3,,,85,Group 8/82.log,Group 8,Group 8,82.log,CC(C1=CC2=C(OCCCCCCCCCCCC)C(SC3=CC(C(C)(C)C)=CC(SC4=CC(C(C)(C)C)=CC(SC5=CC(C(C)(C)C)=CC(S2)=C5OCCCN)=C4OCCCCCCCCCCCC)=C3OCCCN)=C1)(C)C
outer_cv,train,1,3,3,,,86,Group 8/83.log,Group 8,Group 8,83.log,CC(C1=CC2=C(OCCCCCCCCCCCC)C(SC3=CC(C(C)(C)C)=CC(SC4=CC(C(C)(C)C)=CC(SC5=CC(C(C)(C)C)=CC(S2)=C5OCCCN=[N+]=[N-])=C4OCCCCCCCCCCCC)=C3OCCCN=[N+]=[N-])=C1)(C)C
outer_cv,train,1,3,3,,,87,Group 8/84.log,Group 8,Group 8,84.log,CC(C1=CC2=C(OCCN=[N+]=[N-])C(SC3=CC(C(C)(C)C)=CC(SC4=CC(C(C)(C)C)=CC(SC5=CC(C(C)(C)C)=CC(S2)=C5OCCN=[N+]=[N-])=C4OCCN=[N+]=[N-])=C3OCCN=[N+]=[N-])=C1)(C)C
outer_cv,train,1,3,3,,,88,Group 8/85.log,Group 8,Group 8,85.log,CC(C1=CC2=C(OCCCN=[N+]=[N-])C(SC3=CC(C(C)(C)C)=CC(SC4=CC(C(C)(C)C)=CC(SC5=CC(C(C)(C)C)=CC(S2)=C5OCCCN=[N+]=[N-])=C4OCCCN=[N+]=[N-])=C3OCCCN=[N+]=[N-])=C1)(C)C
outer_cv,train,1,3,3,,,89,Group 8/86.log,Group 8,Group 8,86.log,CC(C1=CC2=C(OCCCCN=[N+]=[N-])C(SC3=CC(C(C)(C)C)=CC(SC4=CC(C(C)(C)C)=CC(SC5=CC(C(C)(C)C)=CC(S2)=C5OCCCCN=[N+]=[N-])=C4OCCCCN=[N+]=[N-])=C3OCCCCN=[N+]=[N-])=C1)(C)C
outer_cv,train,1,3,3,,,90,Group 8/87.log,Group 8,Group 8,87.log,CC(C1=CC2=C(OCCCCCN=[N+]=[N-])C(SC3=CC(C(C)(C)C)=CC(SC4=CC(C(C)(C)C)=CC(SC5=CC(C(C)(C)C)=CC(S2)=C5OCCCCCN=[N+]=[N-])=C4OCCCCCN=[N+]=[N-])=C3OCCCCCN=[N+]=[N-])=C1)(C)C
outer_cv,train,1,3,3,,,91,Group 8/88.log,Group 8,Group 8,88.log,OC1=C(SC2=C(C(SC3=C(O)C(SC4=CC(C(C)(C)C)=CC(SC1=C5)=C4OCCN=[N+]=[N-])=CC(C(C)(C)C)=C3)=CC(C(C)(C)C)=C2)OCCN=[N+]=[N-])C=C5C(C)(C)C
outer_cv,train,1,3,3,,,92,Group 8/89.log,Group 8,Group 8,89.log,OC1=C(SC2=C(C(SC3=C(O)C(SC4=CC(C(C)(C)C)=CC(SC1=C5)=C4OCCN=[N+]=[N-])=CC(C(C)(C)C)=C3)=CC(C(C)(C)C)=C2)O)C=C5C(C)(C)C
outer_cv,train,1,3,3,,,93,Group 8/90.log,Group 8,Group 8,90.log,OC1=C(SC2=C(C(SC3=C(O)C(SC4=CC(C(C)(C)C)=CC(SC1=C5)=C4OCCCN=[N+]=[N-])=CC(C(C)(C)C)=C3)=CC(C(C)(C)C)=C2)O)C=C5C(C)(C)C
outer_cv,train,1,3,3,,,94,Group 9/91.log,Group 9,Group 9,91.log,CC(C)(C1=CC(CC2=C(C(CC(C=C(C=C3C4)C(C)(C)C)=C3OCC5=CC(C6=CC=CC=C6)=NN5)=CC(C(C)(C)C)=C2)OCC7=CC(C8=CC=CC=C8)=NN7)=C(OCC9=CC(C%10=CC=CC=C%10)=NN9)C(CC%11=CC(C(C)(C)C)=CC4=C%11OCC%12=CC(C%13=CC=CC=C%13)=NN%12)=C1)C
outer_cv,train,1,3,3,,,95,Group 9/92.log,Group 9,Group 9,92.log,CC(C)(C1=CC(CC2=C(C(CC(C=C(C=C3C4)C(C)(C)C)=C3OCC5=CC(C6=CC=C(C)C=C6)=NN5)=CC(C(C)(C)C)=C2)OCC7=CC(C8=CC=C(C)C=C8)=NN7)=C(OCC9=CC(C%10=CC=C(C)C=C%10)=NN9)C(CC%11=CC(C(C)(C)C)=CC4=C%11OCC%12=CC(C%13=CC=C(C)C=C%13)=NN%12)=C1)C
outer_cv,train,1,3,3,,,96,Group 9/93.log,Group 9,Group 9,93.log,CC(C)(C1=CC(CC2=C(C(CC(C=C(C=C3C4)C(C)(C)C)=C3OCC5=CC(C6=CC=C(Cl)C=C6)=NN5)=CC(C(C)(C)C)=C2)OCC7=CC(C8=CC=C(Cl)C=C8)=NN7)=C(OCC9=CC(C%10=CC=C(Cl)C=C%10)=NN9)C(CC%11=CC(C(C)(C)C)=CC4=C%11OCC%12=CC(C%13=CC=C(Cl)C=C%13)=NN%12)=C1)C
outer_cv,train,1,3,3,,,97,Group 9/94.log,Group 9,Group 9,94.log,CC(C)(C1=CC(CC2=C(C(CC(C=C(C=C3C4)C(C)(C)C)=C3OCC5=CC(C6=CC=C(OC)C=C6)=NN5)=CC(C(C)(C)C)=C2)OCC7=CC(C8=CC=C(OC)C=C8)=NN7)=C(OCC9=CC(C%10=CC=C(OC)C=C%10)=NN9)C(CC%11=CC(C(C)(C)C)=CC4=C%11OCC%12=CC(C%13=CC=C(OC)C=C%13)=NN%12)=C1)C
outer_cv,train,1,3,3,,,98,Group 9/95.log,Group 9,Group 9,95.log,CC(C)(C)C1=CC(CC2=C3)=C(OCC4=CC(C5=CC=C(C)C=C5)=NN4)C(CC6=CC(C(C)(C)C)=CC(CC7=CC(C(C)(C)C)=CC(CC(C=C3C(C)(C)C)=C2OCC8=CC(C9=CC=C(C)C=C9)=NN8)=C7OCC%10=CC(C%11=CC=C(C)C=C%11)=N[N]%10)=C6OCC%12=CC(C%13=CC=C(C)C=C%13)=NN%12)=C1
outer_cv,train,1,3,3,,,99,Group 9/96.log,Group 9,Group 9,96.log,CC(C)(C)C1=CC(CC2=C3)=C(OCC4=CC(C5=CC=C(Cl)C=C5)=NN4)C(CC6=CC(C(C)(C)C)=CC(CC7=CC(C(C)(C)C)=CC(CC(C=C3C(C)(C)C)=C2OCC8=CC(C9=CC=C(Cl)C=C9)=NN8)=C7OCC%10=CC(C%11=CC=C(Cl)C=C%11)=N[N]%10)=C6OCC%12=CC(C%13=CC=C(Cl)C=C%13)=NN%12)=C1
outer_cv,train,1,3,3,,,100,Group 9/97.log,Group 9,Group 9,97.log,CC(C)(C)C1=CC(CC2=C3)=C(OCC4=CC(C5=CC=C(OC)C=C5)=NN4)C(CC6=CC(C(C)(C)C)=CC(CC7=CC(C(C)(C)C)=CC(CC(C=C3C(C)(C)C)=C2OCC8=CC(C9=CC=C(OC)C=C9)=NN8)=C7OCC%10=CC(C%11=CC=C(OC)C=C%11)=NN%10)=C6OCC%12=CC(C%13=CC=C(OC)C=C%13)=NN%12)=C1
outer_cv,train,1,3,3,,,101,Group 9/98.log,Group 9,Group 9,98.log,CC(C)(C)C1=CC(CC2=C3)=C(OCC4=CC(C5=CC=CC=C5)=NN4)C(CC6=CC(C(C)(C)C)=CC(CC7=CC(C(C)(C)C)=CC(CC(C=C3C(C)(C)C)=C2OCC8=CC(C9=CC=CC=C9)=NN8)=C7OCC%10=CC(C%11=CC=CC=C%11)=NN%10)=C6OCC%12=CC(C%13=CC=CC=C%13)=NN%12)=C1
outer_cv,train,1,3,3,,,102,Group 9/99.log,Group 9,Group 9,99.log,CC(C1=CC2=C(OCC3=CC(C4=CC=CC=C4)=NN3)C(CC5=CC(C(C)(C)C)=CC(CC6=CC(C(C)(C)C)=CC(CC7=CC(C(C)(C)C)=CC(C2)=C7OCC8=CC(C9=CC=CC=C9)=NN8)=C6OCC%10=CC(C%11=CC=CC=C%11)=NN%10)=C5OCC%12=CC(C%13=CC=CC=C%13)=NN%12)=C1)(C)C
outer_cv,train,1,3,3,,,103,Group 9/100.log,Group 9,Group 9,100.log,CC(C1=CC2=C(OCC3=CC(C4=CC=C(C)C=C4)=NN3)C(CC5=CC(C(C)(C)C)=CC(CC6=CC(C(C)(C)C)=CC(CC7=CC(C(C)(C)C)=CC(C2)=C7OCC8=CC(C9=CC=C(C)C=C9)=NN8)=C6OCC%10=CC(C%11=CC=C(C)C=C%11)=NN%10)=C5OCC%12=CC(C%13=CC=C(C)C=C%13)=NN%12)=C1)(C)C
outer_cv,train,1,3,3,,,104,Group 9/101.log,Group 9,Group 9,101.log,CC(C1=CC2=C(OCC3=CC(C4=CC=C(Cl)C=C4)=NN3)C(CC5=CC(C(C)(C)C)=CC(CC6=CC(C(C)(C)C)=CC(CC7=CC(C(C)(C)C)=CC(C2)=C7OCC8=CC(C9=CC=C(Cl)C=C9)=NN8)=C6OCC%10=CC(C%11=CC=C(Cl)C=C%11)=NN%10)=C5OCC%12=CC(C%13=CC=C(Cl)C=C%13)=NN%12)=C1)(C)C
outer_cv,train,1,3,3,,,105,Group 9/102.log,Group 9,Group 9,102.log,CC(C1=CC2=C(OCC3=CC(C4=CC=C(OC)C=C4)=NN3)C(CC5=CC(C(C)(C)C)=CC(CC6=CC(C(C)(C)C)=CC(CC7=CC(C(C)(C)C)=CC(C2)=C7OCC8=CC(C9=CC=C(OC)C=C9)=NN8)=C6OCC%10=CC(C%11=CC=C(OC)C=C%11)=NN%10)=C5OCC%12=CC(C%13=CC=C(OC)C=C%13)=NN%12)=C1)(C)C
outer_cv,train,1,3,3,,,106,Group 9/103.log,Group 9,Group 9,103.log,C1(C2)=C(C(CC(C=CC=C3CC4=C(OCC5=CC(C6=CC=CC=C6)=NN5)C(CC7=CC=CC2=C7OCC8=CC(C9=CC=CC=C9)=NN8)=CC=C4)=C3OCC%10=CC(C%11=CC=CC=C%11)=NN%10)=CC=C1)OCC%12=CC(C%13=CC=CC=C%13)=NN%12
outer_cv,train,1,3,3,,,107,Group 9/104.log,Group 9,Group 9,104.log,CC(C1=CC2=C(OCCCC3=CC(C4=CC=CC=C4)=NN3)C(CC5=CC(C(C)(C)C)=CC(CC6=CC(C(C)(C)C)=CC(CC7=CC(C(C)(C)C)=CC(C2)=C7OCCCC8=CC(C9=CC=CC=C9)=NN8)=C6OCCCC%10=CC(C%11=CC=CC=C%11)=NN%10)=C5OCCCC%12=CC(C%13=CC=CC=C%13)=NN%12)=C1)(C)C
outer_cv,train,1,3,3,,,108,Group 9/105.log,Group 9,Group 9,105.log,CC(C1=CC2=C(OCC3=CC(C4=CC=CC=C4)=NN3)C(SC5=CC(C(C)(C)C)=CC(SC6=CC(C(C)(C)C)=CC(SC7=CC(C(C)(C)C)=CC(S2)=C7OCC8=CC(C9=CC=CC=C9)=NN8)=C6OCC%10=CC(C%11=CC=CC=C%11)=NN%10)=C5OCC%12=CC(C%13=CC=CC=C%13)=NN%12)=C1)(C)C
outer_cv,train,1,3,3,,,109,Group 9/106.log,Group 9,Group 9,106.log,CC(C1=CC2=C(OCCCC3=CC(C4=CC=CC=C4)=NN3)C(SC5=CC(C(C)(C)C)=CC(SC6=CC(C(C)(C)C)=CC(SC7=CC(C(C)(C)C)=CC(S2)=C7OCCCC8=CC(C9=CC=CC=C9)=NN8)=C6OCCCC%10=CC(C%11=CC=CC=C%11)=NN%10)=C5OCCCC%12=CC(C%13=CC=CC=C%13)=NN%12)=C1)(C)C
outer_cv,train,1,3,3,,,110,Group 9/107.log,Group 9,Group 9,107.log,CC(C1=CC2=C(OCCCCC3=CC(C4=CC=CC=C4)=NN3)C(SC5=CC(C(C)(C)C)=CC(SC6=CC(C(C)(C)C)=CC(SC7=CC(C(C)(C)C)=CC(S2)=C7OCCCCC8=CC(C9=CC=CC=C9)=NN8)=C6OCCCCC%10=CC(C%11=CC=CC=C%11)=NN%10)=C5OCCCCC%12=CC(C%13=CC=CC=C%13)=NN%12)=C1)(C)C
outer_cv,train,1,3,3,,,111,Group 9/108.log,Group 9,Group 9,108.log,CC(C1=CC2=C(OCCCCCN3C=CC=N3)C(SC4=CC(C(C)(C)C)=CC(SC5=CC(C(C)(C)C)=CC(SC6=CC(C(C)(C)C)=CC(S2)=C6OCCCCCN7C=CC=N7)=C5OCCCCCN8N=CC=C8)=C4OCCCCCN9N=CC=C9)=C1)(C)C
outer_cv,train,1,3,3,,,112,Group 9/109.log,Group 9,Group 9,109.log,CC(C)(C)C(C=C1)=CC=C1OCC2=N3N([H][N]4C(COC5=CC=C(C(C)(C)C)C=C5)=CC(C6=CC=CC=C6)=[N]4[H]N(N([H][N]7[N]([H]3)=C(C8=CC=CC=C8)C=C7COC9=CC=C(C(C)(C)C)C=C9)C(C%10=CC=CC=C%10)=C%11)=C%11COC%12=CC=C(C(C)(C)C)C=C%12)C(C%13=CC=CC=C%13)=C2
outer_cv,train,1,3,3,,,113,Group 9/110.log,Group 9,Group 9,110.log,CC(C)(C)C(C=C1)=CC=C1OCC2=CC(C3=CC=CC=C3)=N([H]N([N]([H][N]4N5=C(C6=CC=CC=C6)C=C4COC7=CC=C(C(C)(C)C)C=C7)C(COC8=CC=C(C(C)(C)C)C=C8)=C9)=C9C%10=CC=CC=C%10)[N]2[H][N]%11N([H]5)=C(C%12=CC=CC=C%12)C=C%11COC%13=CC=C(C(C)(C)C)C=C%13
outer_cv,train,1,3,3,,,127,Group 11/124.log,Group 11,Group 11,124.log,CC(C1=CC2=C(OCC3=CN(CCOC(C(SC(C=C4C(C)(C)C)=C5O)=C6)=C(C=C6C(C)(C)C)SC7=C(O)C(SC(C=C(C=C8SC5=C4)C(C)(C)C)=C8O)=CC(C(C)(C)C)=C7)N=N3)C(SC9=CC(C(C)(C)C)=CC(SC%10=CC(C(C)(C)C)=CC(SC%11=CC(C(C)(C)C)=CC(S2)=C%11OCC%12=CN(CCOC%13=C(SC%14=C%15)C=C(C(C)(C)C)C=C%13SC%16=CC(C(C)(C)C)=CC(SC%17=CC(C(C)(C)C)=CC(SC(C=C%15C(C)(C)C)=C%14O)=C%17O)=C%16O)N=N%12)=C%10OCC%18=CN(CCOC%19=C(C=C(C=C%19SC%20=C%21)C(C)(C)C)SC%22=CC(C(C)(C)C)=CC(SC%23=C(O)C(SC(C=C%21C(C)(C)C)=C%20O)=CC(C(C)(C)C)=C%23)=C%22O)N=N%18)=C9OCC%24=CN(CCOC%25=C(SC(C=C%26C(C)(C)C)=C%27O)C=C(C(C)(C)C)C=C%25SC%28=C(O)C(SC%29=CC(C(C)(C)C)=CC(SC%27=C%26)=C%29O)=CC(C(C)(C)C)=C%28)N=N%24)=C1)(C)C
outer_cv,train,1,3,3,,,128,Group 11/125.log,Group 11,Group 11,125.log,CC(C1=CC2=C(OCC3=CN(CCCOC(C(SC(C=C4C(C)(C)C)=C5O)=C6)=C(C=C6C(C)(C)C)SC7=C(O)C(SC(C=C(C=C8SC5=C4)C(C)(C)C)=C8O)=CC(C(C)(C)C)=C7)N=N3)C(SC9=CC(C(C)(C)C)=CC(SC%10=CC(C(C)(C)C)=CC(SC%11=CC(C(C)(C)C)=CC(S2)=C%11OCC%12=CN(CCCOC%13=C(SC%14=C%15)C=C(C(C)(C)C)C=C%13SC%16=CC(C(C)(C)C)=CC(SC%17=CC(C(C)(C)C)=CC(SC(C=C%15C(C)(C)C)=C%14O)=C%17O)=C%16O)N=N%12)=C%10OCC%18=CN(CCCOC%19=C(C=C(C=C%19SC%20=C%21)C(C)(C)C)SC%22=CC(C(C)(C)C)=CC(SC%23=C(O)C(SC(C=C%21C(C)(C)C)=C%20O)=CC(C(C)(C)C)=C%23)=C%22O)N=N%18)=C9OCC%24=CN(CCCOC%25=C(SC(C=C%26C(C)(C)C)=C%27O)C=C(C(C)(C)C)C=C%25SC%28=C(O)C(SC%29=CC(C(C)(C)C)=CC(SC%27=C%26)=C%29O)=CC(C(C)(C)C)=C%28)N=N%24)=C1)(C)C
outer_cv,train,1,3,3,,,129,Group 11/126.log,Group 11,Group 11,126.log,CC(C1=CC(SC2=C(O)C(SC(C=C(C=C3SC4=C5)C(C)(C)C)=C3O)=CC(C(C)(C)C)=C2)=C(OCCN6N=NC(CCOC(C(SC7=CC(C(C)(C)C)=CC(SC8=CC(C(C)(C)C)=CC(S9)=C8OCCC%10=CN(CCOC%11=C(C=C(C=C%11SC%12=C%13)C(C)(C)C)SC%14=CC(C(C)(C)C)=CC(SC%15=C(O)C(SC(C=C%13C(C)(C)C)=C%12O)=CC(C(C)(C)C)=C%15)=C%14O)N=N%10)=C7OCCC%16=CN(CCOC%17=C(SC(C=C%18C(C)(C)C)=C%19O)C=C(C(C)(C)C)C=C%17SC%20=C(O)C(SC%21=CC(C(C)(C)C)=CC(SC%19=C%18)=C%21O)=CC(C(C)(C)C)=C%20)N=N%16)=CC(C(C)(C)C)=C%22)=C%22SC%23=C(C9=CC(C(C)(C)C)=C%23)OCCC%24=CN(CCOC%25=C(SC%26=C%27)C=C(C(C)(C)C)C=C%25SC%28=CC(C(C)(C)C)=CC(SC%29=CC(C(C)(C)C)=CC(SC(C=C%27C(C)(C)C)=C%26O)=C%29O)=C%28O)N=N%24)=C6)C(SC(C=C5C(C)(C)C)=C4O)=C1)(C)C
outer_cv,train,1,3,3,,,130,Group 11/127.log,Group 11,Group 11,127.log,OC1=C(SC2=C3)C=C(C(C)(C)C)C=C1SC4=CC(C(C)(C)C)=CC(SC5=CC(C(C)(C)C)=CC(SC(C=C3C(C)(C)C)=C2O)=C5OCCCN(N=N6)C=C6CCOC7=C(SC8=CC(C(C)(C)C)=CC(SC9=CC(C(C)(C)C)=CC(S%10)=C9OCCC%11=CN(CCCOC%12=C(SC%13=C%14)C=C(C(C)(C)C)C=C%12SC%15=CC(C(C)(C)C)=CC(SC%16=CC(C(C)(C)C)=CC(SC(C=C%14C(C)(C)C)=C%13O)=C%16O)=C%15O)N=N%11)=C8OCCC%17=CN(CCCOC%18=C(C=C(C=C%18SC%19=C%20)C(C)(C)C)SC%21=CC(C(C)(C)C)=CC(SC%22=C(O)C(SC(C=C%20C(C)(C)C)=C%19O)=CC(C(C)(C)C)=C%22)=C%21O)N=N%17)C=C(C(C)(C)C)C=C7SC%23=CC(C(C)(C)C)=CC%10=C%23OCCC%24=CN(CCCOC%25=C(C=C%26C(C)(C)C)SC%27=C(O)C(SC%28=C(O)C(SC%29=CC(C(C)(C)C)=CC(SC%25=C%26)=C%29O)=CC(C(C)(C)C)=C%28)=CC(C(C)(C)C)=C%27)N=N%24)=C4O
outer_cv,train,1,3,3,,,131,Group 11/128.log,Group 11,Group 11,128.log,CC(C1=CC2=C(OCCCC3=CN(CCOC4=C(C=C5C(C)(C)C)SC6=C(O)C(SC7=C(O)C(SC8=CC(C(C)(C)C)=CC(SC4=C5)=C8O)=CC(C(C)(C)C)=C7)=CC(C(C)(C)C)=C6)N=N3)C(SC9=CC(C(C)(C)C)=CC(SC%10=CC(C(C)(C)C)=CC(SC%11=CC(C(C)(C)C)=CC(S2)=C%11OCCCC%12=CN(CCOC%13=C(SC%14=C%15)C=C(C(C)(C)C)C=C%13SC%16=CC(C(C)(C)C)=CC(SC%17=CC(C(C)(C)C)=CC(SC(C=C%15C(C)(C)C)=C%14O)=C%17O)=C%16O)N=N%12)=C%10OCCCC%18=CN(CCOC%19=C(C=C(C=C%19SC%20=C%21)C(C)(C)C)SC%22=CC(C(C)(C)C)=CC(SC%23=C(O)C(SC(C=C%21C(C)(C)C)=C%20O)=CC(C(C)(C)C)=C%23)=C%22O)N=N%18)=C9OCCCC%24=CN(CCOC%25=C(SC(C=C%26C(C)(C)C)=C%27O)C=C(C(C)(C)C)C=C%25SC%28=C(O)C(SC%29=CC(C(C)(C)C)=CC(SC%27=C%26)=C%29O)=CC(C(C)(C)C)=C%28)N=N%24)=C1)(C)C
outer_cv,train,1,3,3,,,132,Group 11/129.log,Group 11,Group 11,129.log,CC(C1=CC2=C(OCCCC3=CN(CCCOC4=C(C=C5C(C)(C)C)SC6=C(O)C(SC7=C(O)C(SC8=CC(C(C)(C)C)=CC(SC4=C5)=C8O)=CC(C(C)(C)C)=C7)=CC(C(C)(C)C)=C6)N=N3)C(SC9=CC(C(C)(C)C)=CC(SC%10=CC(C(C)(C)C)=CC(SC%11=CC(C(C)(C)C)=CC(S2)=C%11OCCCC%12=CN(CCCOC%13=C(SC%14=C%15)C=C(C(C)(C)C)C=C%13SC%16=CC(C(C)(C)C)=CC(SC%17=CC(C(C)(C)C)=CC(SC(C=C%15C(C)(C)C)=C%14O)=C%17O)=C%16O)N=N%12)=C%10OCCCC%18=CN(CCCOC%19=C(C=C(C=C%19SC%20=C%21)C(C)(C)C)SC%22=CC(C(C)(C)C)=CC(SC%23=C(O)C(SC(C=C%21C(C)(C)C)=C%20O)=CC(C(C)(C)C)=C%23)=C%22O)N=N%18)=C9OCCCC%24=CN(CCCOC%25=C(SC(C=C%26C(C)(C)C)=C%27O)C=C(C(C)(C)C)C=C%25SC%28=C(O)C(SC%29=CC(C(C)(C)C)=CC(SC%27=C%26)=C%29O)=CC(C(C)(C)C)=C%28)N=N%24)=C1)(C)C
outer_cv,train,1,3,3,,,133,Group 11/130.log,Group 11,Group 11,130.log,CC(C1=CC2=C(OCCCCC3=CN(CCOC(C(SC(C=C4C(C)(C)C)=C5O)=C6)=C(C=C6C(C)(C)C)SC7=C(O)C(SC(C=C(C=C8SC5=C4)C(C)(C)C)=C8O)=CC(C(C)(C)C)=C7)N=N3)C(SC9=CC(C(C)(C)C)=CC(SC%10=CC(C(C)(C)C)=CC(SC%11=CC(C(C)(C)C)=CC(S2)=C%11OCCCCC%12=CN(CCOC%13=C(SC%14=C%15)C=C(C(C)(C)C)C=C%13SC%16=CC(C(C)(C)C)=CC(SC%17=CC(C(C)(C)C)=CC(SC(C=C%15C(C)(C)C)=C%14O)=C%17O)=C%16O)N=N%12)=C%10OCCCCC%18=CN(CCOC%19=C(C=C(C=C%19SC%20=C%21)C(C)(C)C)SC%22=CC(C(C)(C)C)=CC(SC%23=C(O)C(SC(C=C%21C(C)(C)C)=C%20O)=CC(C(C)(C)C)=C%23)=C%22O)N=N%18)=C9OCCCCC%24=CN(CCOC%25=C(SC(C=C%26C(C)(C)C)=C%27O)C=C(C(C)(C)C)C=C%25SC%28=C(O)C(SC%29=CC(C(C)(C)C)=CC(SC%27=C%26)=C%29O)=CC(C(C)(C)C)=C%28)N=N%24)=C1)(C)C
outer_cv,train,1,3,3,,,134,Group 11/131.log,Group 11,Group 11,131.log,CC(C1=CC2=C(OCCCCC3=CN(CCCOC(C(SC(C=C4C(C)(C)C)=C5O)=C6)=C(C=C6C(C)(C)C)SC7=C(O)C(SC(C=C(C=C8SC5=C4)C(C)(C)C)=C8O)=CC(C(C)(C)C)=C7)N=N3)C(SC9=CC(C(C)(C)C)=CC(SC%10=CC(C(C)(C)C)=CC(SC%11=CC(C(C)(C)C)=CC(S2)=C%11OCCCCC%12=CN(CCCOC%13=C(SC%14=C%15)C=C(C(C)(C)C)C=C%13SC%16=CC(C(C)(C)C)=CC(SC%17=CC(C(C)(C)C)=CC(SC(C=C%15C(C)(C)C)=C%14O)=C%17O)=C%16O)N=N%12)=C%10OCCCCC%18=CN(CCCOC%19=C(C=C(C=C%19SC%20=C%21)C(C)(C)C)SC%22=CC(C(C)(C)C)=CC(SC%23=C(O)C(SC(C=C%21C(C)(C)C)=C%20O)=CC(C(C)(C)C)=C%23)=C%22O)N=N%18)=C9OCCCCC%24=CN(CCCOC%25=C(SC(C=C%26C(C)(C)C)=C%27O)C=C(C(C)(C)C)C=C%25SC%28=C(O)C(SC%29=CC(C(C)(C)C)=CC(SC%27=C%26)=C%29O)=CC(C(C)(C)C)=C%28)N=N%24)=C1)(C)C
outer_cv,train,1,3,3,,,135,Group 11/132.log,Group 11,Group 11,132.log,CC(C1=CC(SC2=C(O)C(SC(C=C(C=C3SC4=C5)C(C)(C)C)=C3O)=CC(C(C)(C)C)=C2)=C(OCC6=CN(N=N6)CCOC(C(SC7=CC(C(C)(C)C)=CC(SC8=CC(C(C)(C)C)=CC(S9)=C8OCCN%10C=C(COC%11=C(C=C(C=C%11SC%12=C%13)C(C)(C)C)SC%14=CC(C(C)(C)C)=CC(SC%15=C(O)C(SC(C=C%13C(C)(C)C)=C%12O)=CC(C(C)(C)C)=C%15)=C%14O)N=N%10)=C7OCCN%16C=C(COC%17=C(SC(C=C%18C(C)(C)C)=C%19O)C=C(C(C)(C)C)C=C%17SC%20=C(O)C(SC%21=CC(C(C)(C)C)=CC(SC%19=C%18)=C%21O)=CC(C(C)(C)C)=C%20)N=N%16)=CC(C(C)(C)C)=C%22)=C%22SC%23=C(C9=CC(C(C)(C)C)=C%23)OCCN%24N=NC(COC%25=C(SC%26=C%27)C=C(C(C)(C)C)C=C%25SC%28=CC(C(C)(C)C)=CC(SC%29=CC(C(C)(C)C)=CC(SC(C=C%27C(C)(C)C)=C%26O)=C%29O)=C%28O)=C%24)C(SC(C=C5C(C)(C)C)=C4O)=C1)(C)C
outer_cv,train,1,3,3,,,136,Group 11/133.log,Group 11,Group 11,133.log,CC(C1=CC(SC2=C(O)C(SC(C=C(C=C3SC4=C5)C(C)(C)C)=C3O)=CC(C(C)(C)C)=C2)=C(OCCC6=CN(N=N6)CCOC(C(SC7=CC(C(C)(C)C)=CC(SC8=CC(C(C)(C)C)=CC(S9)=C8OCCN%10C=C(CCOC%11=C(C=C(C=C%11SC%12=C%13)C(C)(C)C)SC%14=CC(C(C)(C)C)=CC(SC%15=C(O)C(SC(C=C%13C(C)(C)C)=C%12O)=CC(C(C)(C)C)=C%15)=C%14O)N=N%10)=C7OCCN%16C=C(CCOC%17=C(SC(C=C%18C(C)(C)C)=C%19O)C=C(C(C)(C)C)C=C%17SC%20=C(O)C(SC%21=CC(C(C)(C)C)=CC(SC%19=C%18)=C%21O)=CC(C(C)(C)C)=C%20)N=N%16)=CC(C(C)(C)C)=C%22)=C%22SC%23=C(C9=CC(C(C)(C)C)=C%23)OCCN%24N=NC(CCOC%25=C(SC%26=C%27)C=C(C(C)(C)C)C=C%25SC%28=CC(C(C)(C)C)=CC(SC%29=CC(C(C)(C)C)=CC(SC(C=C%27C(C)(C)C)=C%26O)=C%29O)=C%28O)=C%24)C(SC(C=C5C(C)(C)C)=C4O)=C1)(C)C
outer_cv,train,1,3,3,,,137,Group 11/134.log,Group 11,Group 11,134.log,OC1=C(SC2=C3)C=C(C(C)(C)C)C=C1SC4=CC(C(C)(C)C)=CC(SC5=CC(C(C)(C)C)=CC(SC(C=C3C(C)(C)C)=C2O)=C5OCCCC(N=N6)=CN6CCOC7=C(SC8=CC(C(C)(C)C)=CC(SC9=CC(C(C)(C)C)=CC(S%10)=C9OCCN%11N=NC(CCCOC%12=C(SC%13=C%14)C=C(C(C)(C)C)C=C%12SC%15=CC(C(C)(C)C)=CC(SC%16=CC(C(C)(C)C)=CC(SC(C=C%14C(C)(C)C)=C%13O)=C%16O)=C%15O)=C%11)=C8OCCN%17C=C(CCCOC%18=C(C=C(C=C%18SC%19=C%20)C(C)(C)C)SC%21=CC(C(C)(C)C)=CC(SC%22=C(O)C(SC(C=C%20C(C)(C)C)=C%19O)=CC(C(C)(C)C)=C%22)=C%21O)N=N%17)C=C(C(C)(C)C)C=C7SC%23=CC(C(C)(C)C)=CC%10=C%23OCCN%24N=NC(CCCOC%25=C(C=C%26C(C)(C)C)SC%27=C(O)C(SC%28=C(O)C(SC%29=CC(C(C)(C)C)=CC(SC%25=C%26)=C%29O)=CC(C(C)(C)C)=C%28)=CC(C(C)(C)C)=C%27)=C%24)=C4O
outer_cv,train,1,3,3,,,138,Group 11/135.log,Group 11,Group 11,135.log,OC1=C(SC2=C3)C=C(C(C)(C)C)C=C1SC4=CC(C(C)(C)C)=CC(SC5=CC(C(C)(C)C)=CC(SC(C=C3C(C)(C)C)=C2O)=C5OCCCCC(N=N6)=CN6CCOC7=C(SC8=CC(C(C)(C)C)=CC(SC9=CC(C(C)(C)C)=CC(S%10)=C9OCCN%11N=NC(CCCCOC%12=C(SC%13=C%14)C=C(C(C)(C)C)C=C%12SC%15=CC(C(C)(C)C)=CC(SC%16=CC(C(C)(C)C)=CC(SC(C=C%14C(C)(C)C)=C%13O)=C%16O)=C%15O)=C%11)=C8OCCN%17C=C(CCCCOC%18=C(C=C(C=C%18SC%19=C%20)C(C)(C)C)SC%21=CC(C(C)(C)C)=CC(SC%22=C(O)C(SC(C=C%20C(C)(C)C)=C%19O)=CC(C(C)(C)C)=C%22)=C%21O)N=N%17)C=C(C(C)(C)C)C=C7SC%23=CC(C(C)(C)C)=CC%10=C%23OCCN%24N=NC(CCCCOC%25=C(C=C%26C(C)(C)C)SC%27=C(O)C(SC%28=C(O)C(SC%29=CC(C(C)(C)C)=CC(SC%25=C%26)=C%29O)=CC(C(C)(C)C)=C%28)=CC(C(C)(C)C)=C%27)=C%24)=C4O
outer_cv,train,1,3,3,,,139,Group 11/136.log,Group 11,Group 11,136.log,CC(C1=CC2=C(OCCCN3C=C(COC4=C(C=C5C(C)(C)C)SC6=C(O)C(SC7=C(O)C(SC8=CC(C(C)(C)C)=CC(SC4=C5)=C8O)=CC(C(C)(C)C)=C7)=CC(C(C)(C)C)=C6)N=N3)C(SC9=CC(C(C)(C)C)=CC(SC%10=CC(C(C)(C)C)=CC(SC%11=CC(C(C)(C)C)=CC(S2)=C%11OCCCN%12C=C(COC%13=C(SC%14=C%15)C=C(C(C)(C)C)C=C%13SC%16=CC(C(C)(C)C)=CC(SC%17=CC(C(C)(C)C)=CC(SC(C=C%15C(C)(C)C)=C%14O)=C%17O)=C%16O)N=N%12)=C%10OCCCN%18N=NC(COC%19=C(C=C(C=C%19SC%20=C%21)C(C)(C)C)SC%22=CC(C(C)(C)C)=CC(SC%23=C(O)C(SC(C=C%21C(C)(C)C)=C%20O)=CC(C(C)(C)C)=C%23)=C%22O)=C%18)=C9OCCCN%24N=NC(COC%25=C(SC(C=C%26C(C)(C)C)=C%27O)C=C(C(C)(C)C)C=C%25SC%28=C(O)C(SC%29=CC(C(C)(C)C)=CC(SC%27=C%26)=C%29O)=CC(C(C)(C)C)=C%28)=C%24)=C1)(C)C
outer_cv,train,1,3,3,,,140,Group 11/137.log,Group 11,Group 11,137.log,CC(C1=CC2=C(OCCCN3C=C(CCOC4=C(C=C5C(C)(C)C)SC6=C(O)C(SC7=C(O)C(SC8=CC(C(C)(C)C)=CC(SC4=C5)=C8O)=CC(C(C)(C)C)=C7)=CC(C(C)(C)C)=C6)N=N3)C(SC9=CC(C(C)(C)C)=CC(SC%10=CC(C(C)(C)C)=CC(SC%11=CC(C(C)(C)C)=CC(S2)=C%11OCCCN%12C=C(CCOC%13=C(SC%14=C%15)C=C(C(C)(C)C)C=C%13SC%16=CC(C(C)(C)C)=CC(SC%17=CC(C(C)(C)C)=CC(SC(C=C%15C(C)(C)C)=C%14O)=C%17O)=C%16O)N=N%12)=C%10OCCCN%18N=NC(CCOC%19=C(C=C(C=C%19SC%20=C%21)C(C)(C)C)SC%22=CC(C(C)(C)C)=CC(SC%23=C(O)C(SC(C=C%21C(C)(C)C)=C%20O)=CC(C(C)(C)C)=C%23)=C%22O)=C%18)=C9OCCCN%24N=NC(CCOC%25=C(SC(C=C%26C(C)(C)C)=C%27O)C=C(C(C)(C)C)C=C%25SC%28=C(O)C(SC%29=CC(C(C)(C)C)=CC(SC%27=C%26)=C%29O)=CC(C(C)(C)C)=C%28)=C%24)=C1)(C)C
outer_cv,train,1,3,3,,,141,Group 11/138.log,Group 11,Group 11,138.log,CC(C1=CC2=C(OCCCN3C=C(CCCOC4=C(C=C5C(C)(C)C)SC6=C(O)C(SC7=C(O)C(SC8=CC(C(C)(C)C)=CC(SC4=C5)=C8O)=CC(C(C)(C)C)=C7)=CC(C(C)(C)C)=C6)N=N3)C(SC9=CC(C(C)(C)C)=CC(SC%10=CC(C(C)(C)C)=CC(SC%11=CC(C(C)(C)C)=CC(S2)=C%11OCCCN%12C=C(CCCOC%13=C(SC%14=C%15)C=C(C(C)(C)C)C=C%13SC%16=CC(C(C)(C)C)=CC(SC%17=CC(C(C)(C)C)=CC(SC(C=C%15C(C)(C)C)=C%14O)=C%17O)=C%16O)N=N%12)=C%10OCCCN%18N=NC(CCCOC%19=C(C=C(C=C%19SC%20=C%21)C(C)(C)C)SC%22=CC(C(C)(C)C)=CC(SC%23=C(O)C(SC(C=C%21C(C)(C)C)=C%20O)=CC(C(C)(C)C)=C%23)=C%22O)=C%18)=C9OCCCN%24N=NC(CCCOC%25=C(SC(C=C%26C(C)(C)C)=C%27O)C=C(C(C)(C)C)C=C%25SC%28=C(O)C(SC%29=CC(C(C)(C)C)=CC(SC%27=C%26)=C%29O)=CC(C(C)(C)C)=C%28)=C%24)=C1)(C)C
outer_cv,train,1,3,3,,,142,Group 11/139.log,Group 11,Group 11,139.log,CC(C1=CC2=C(OCCCN3C=C(CCCCOC4=C(C=C5C(C)(C)C)SC6=C(O)C(SC7=C(O)C(SC8=CC(C(C)(C)C)=CC(SC4=C5)=C8O)=CC(C(C)(C)C)=C7)=CC(C(C)(C)C)=C6)N=N3)C(SC9=CC(C(C)(C)C)=CC(SC%10=CC(C(C)(C)C)=CC(SC%11=CC(C(C)(C)C)=CC(S2)=C%11OCCCN%12C=C(CCCCOC%13=C(SC%14=C%15)C=C(C(C)(C)C)C=C%13SC%16=CC(C(C)(C)C)=CC(SC%17=CC(C(C)(C)C)=CC(SC(C=C%15C(C)(C)C)=C%14O)=C%17O)=C%16O)N=N%12)=C%10OCCCN%18N=NC(CCCCOC%19=C(C=C(C=C%19SC%20=C%21)C(C)(C)C)SC%22=CC(C(C)(C)C)=CC(SC%23=C(O)C(SC(C=C%21C(C)(C)C)=C%20O)=CC(C(C)(C)C)=C%23)=C%22O)=C%18)=C9OCCCN%24N=NC(CCCCOC%25=C(S)C=C(C(C)(C)C)C=C%25SC%26=C(O)C(SC%27=CC(C(C)(C)C)=CC(SC%28=CC(C(C)(C)C)=CC=C%28O)=C%27O)=CC(C(C)(C)C)=C%26)=C%24)=C1)(C)C
outer_cv,train,1,3,3,,,143,Group 11/140.log,Group 11,Group 11,140.log,CC(C1=CC2=C(OCCCCN3N=NC(COC(C(SC(C=C4C(C)(C)C)=C5O)=C6)=C(C=C6C(C)(C)C)SC7=C(O)C(SC(C=C(C=C8SC5=C4)C(C)(C)C)=C8O)=CC(C(C)(C)C)=C7)=C3)C(SC9=CC(C(C)(C)C)=CC(SC%10=CC(C(C)(C)C)=CC(SC%11=CC(C(C)(C)C)=CC(S2)=C%11OCCCCN%12N=NC(COC%13=C(SC%14=C%15)C=C(C(C)(C)C)C=C%13SC%16=CC(C(C)(C)C)=CC(SC%17=CC(C(C)(C)C)=CC(SC(C=C%15C(C)(C)C)=C%14O)=C%17O)=C%16O)=C%12)=C%10OCCCCN%18C=C(COC%19=C(C=C(C=C%19SC%20=C%21)C(C)(C)C)SC%22=CC(C(C)(C)C)=CC(SC%23=C(O)C(SC(C=C%21C(C)(C)C)=C%20O)=CC(C(C)(C)C)=C%23)=C%22O)N=N%18)=C9OCCCCN%24C=C(COC%25=C(SC(C=C%26C(C)(C)C)=C%27O)C=C(C(C)(C)C)C=C%25SC%28=C(O)C(SC%29=CC(C(C)(C)C)=CC(SC%27=C%26)=C%29O)=CC(C(C)(C)C)=C%28)N=N%24)=C1)(C)C
outer_cv,train,1,3,3,,,144,Group 11/141.log,Group 11,Group 11,141.log,CC(C1=CC2=C(OCCCCN3N=NC(CCOC(C(SC(C=C4C(C)(C)C)=C5O)=C6)=C(C=C6C(C)(C)C)SC7=C(O)C(SC(C=C(C=C8SC5=C4)C(C)(C)C)=C8O)=CC(C(C)(C)C)=C7)=C3)C(SC9=CC(C(C)(C)C)=CC(SC%10=CC(C(C)(C)C)=CC(SC%11=CC(C(C)(C)C)=CC(S2)=C%11OCCCCN%12N=NC(CCOC%13=C(SC%14=C%15)C=C(C(C)(C)C)C=C%13SC%16=CC(C(C)(C)C)=CC(SC%17=CC(C(C)(C)C)=CC(SC(C=C%15C(C)(C)C)=C%14O)=C%17O)=C%16O)=C%12)=C%10OCCCCN%18C=C(CCOC%19=C(C=C(C=C%19SC%20=C%21)C(C)(C)C)SC%22=CC(C(C)(C)C)=CC(SC%23=C(O)C(SC(C=C%21C(C)(C)C)=C%20O)=CC(C(C)(C)C)=C%23)=C%22O)N=N%18)=C9OCCCCN%24C=C(CCOC%25=C(SC(C=C%26C(C)(C)C)=C%27O)C=C(C(C)(C)C)C=C%25SC%28=C(O)C(SC%29=CC(C(C)(C)C)=CC(SC%27=C%26)=C%29O)=CC(C(C)(C)C)=C%28)N=N%24)=C1)(C)C
outer_cv,train,1,3,3,,,145,Group 11/142.log,Group 11,Group 11,142.log,CC(C1=CC2=C(OCCCCN3N=NC(CCCOC(C(SC(C=C4C(C)(C)C)=C5O)=C6)=C(C=C6C(C)(C)C)SC7=C(O)C(SC(C=C(C=C8SC5=C4)C(C)(C)C)=C8O)=CC(C(C)(C)C)=C7)=C3)C(SC9=CC(C(C)(C)C)=CC(SC%10=CC(C(C)(C)C)=CC(SC%11=CC(C(C)(C)C)=CC(S2)=C%11OCCCCN%12N=NC(CCCOC%13=C(SC%14=C%15)C=C(C(C)(C)C)C=C%13SC%16=CC(C(C)(C)C)=CC(SC%17=CC(C(C)(C)C)=CC(SC(C=C%15C(C)(C)C)=C%14O)=C%17O)=C%16O)=C%12)=C%10OCCCCN%18C=C(CCCOC%19=C(C=C(C=C%19SC%20=C%21)C(C)(C)C)SC%22=CC(C(C)(C)C)=CC(SC%23=C(O)C(SC(C=C%21C(C)(C)C)=C%20O)=CC(C(C)(C)C)=C%23)=C%22O)N=N%18)=C9OCCCCN%24C=C(CCCOC%25=C(SC(C=C%26C(C)(C)C)=C%27O)C=C(C(C)(C)C)C=C%25SC%28=C(O)C(SC%29=CC(C(C)(C)C)=CC(SC%27=C%26)=C%29O)=CC(C(C)(C)C)=C%28)N=N%24)=C1)(C)C
outer_cv,train,1,3,3,,,146,Group 11/143.log,Group 11,Group 11,143.log,CC(C1=CC2=C(OCCCCN3N=NC(CCCCOC(C(SC(C=C4C(C)(C)C)=C5O)=C6)=C(C=C6C(C)(C)C)SC7=C(O)C(SC(C=C(C=C8SC5=C4)C(C)(C)C)=C8O)=CC(C(C)(C)C)=C7)=C3)C(SC9=CC(C(C)(C)C)=CC(SC%10=CC(C(C)(C)C)=CC(SC%11=CC(C(C)(C)C)=CC(S2)=C%11OCCCCN%12N=NC(CCCCOC%13=C(SC%14=C%15)C=C(C(C)(C)C)C=C%13SC%16=CC(C(C)(C)C)=CC(SC%17=CC(C(C)(C)C)=CC(SC(C=C%15C(C)(C)C)=C%14O)=C%17O)=C%16O)=C%12)=C%10OCCCCN%18C=C(CCCCOC%19=C(C=C(C=C%19SC%20=C%21)C(C)(C)C)SC%22=CC(C(C)(C)C)=CC(SC%23=C(O)C(SC(C=C%21C(C)(C)C)=C%20O)=CC(C(C)(C)C)=C%23)=C%22O)N=N%18)=C9OCCCCN%24C=C(CCCCOC%25=C(SC(C=C%26C(C)(C)C)=C%27O)C=C(C(C)(C)C)C=C%25SC%28=C(O)C(SC%29=CC(C(C)(C)C)=CC(SC%27=C%26)=C%29O)=CC(C(C)(C)C)=C%28)N=N%24)=C1)(C)C
outer_cv,train,1,3,3,,,147,Group 11/144.log,Group 11,Group 11,144.log,CC(C1=CC2=C(OCCCCCN3N=NC(COC(C(SC(C=C4C(C)(C)C)=C5O)=C6)=C(C=C6C(C)(C)C)SC7=C(O)C(SC(C=C(C=C8SC5=C4)C(C)(C)C)=C8O)=CC(C(C)(C)C)=C7)=C3)C(SC9=CC(C(C)(C)C)=CC(SC%10=CC(C(C)(C)C)=CC(SC%11=CC(C(C)(C)C)=CC(S2)=C%11OCCCCCN%12N=NC(COC%13=C(SC%14=C%15)C=C(C(C)(C)C)C=C%13SC%16=CC(C(C)(C)C)=CC(SC%17=CC(C(C)(C)C)=CC(SC(C=C%15C(C)(C)C)=C%14O)=C%17O)=C%16O)=C%12)=C%10OCCCCCN%18C=C(COC%19=C(C=C(C=C%19SC%20=C%21)C(C)(C)C)SC%22=CC(C(C)(C)C)=CC(SC%23=C(O)C(SC(C=C%21C(C)(C)C)=C%20O)=CC(C(C)(C)C)=C%23)=C%22O)N=N%18)=C9OCCCCCN%24C=C(COC%25=C(SC(C=C%26C(C)(C)C)=C%27O)C=C(C(C)(C)C)C=C%25SC%28=C(O)C(SC%29=CC(C(C)(C)C)=CC(SC%27=C%26)=C%29O)=CC(C(C)(C)C)=C%28)N=N%24)=C1)(C)C
outer_cv,train,1,3,3,,,148,Group 11/145.log,Group 11,Group 11,145.log,CC(C1=CC2=C(OCCCCCN3N=NC(CCOC4=C(C=C5C(C)(C)C)SC6=C(O)C(SC7=C(O)C(SC8=CC(C(C)(C)C)=CC(SC4=C5)=C8O)=CC(C(C)(C)C)=C7)=CC(C(C)(C)C)=C6)=C3)C(SC9=CC(C(C)(C)C)=CC(SC%10=CC(C(C)(C)C)=CC(SC%11=CC(C(C)(C)C)=CC(S2)=C%11OCCCCCN%12N=NC(CCOC%13=C(SC%14=C%15)C=C(C(C)(C)C)C=C%13SC%16=CC(C(C)(C)C)=CC(SC%17=CC(C(C)(C)C)=CC(SC(C=C%15C(C)(C)C)=C%14O)=C%17O)=C%16O)=C%12)=C%10OCCCCCN%18C=C(CCOC%19=C(C=C(C=C%19SC%20=C%21)C(C)(C)C)SC%22=CC(C(C)(C)C)=CC(SC%23=C(O)C(SC(C=C%21C(C)(C)C)=C%20O)=CC(C(C)(C)C)=C%23)=C%22O)N=N%18)=C9OCCCCCN%24C=C(CCOC%25=C(SC(C=C%26C(C)(C)C)=C%27O)C=C(C(C)(C)C)C=C%25SC%28=C(O)C(SC%29=CC(C(C)(C)C)=CC(SC%27=C%26)=C%29O)=CC(C(C)(C)C)=C%28)N=N%24)=C1)(C)C
outer_cv,train,1,3,3,,,149,Group 11/146.log,Group 11,Group 11,146.log,CC(C1=CC2=C(OCCCCCN3N=NC(CCCOC4=C(C=C5C(C)(C)C)SC6=C(O)C(SC7=C(O)C(SC8=CC(C(C)(C)C)=CC(SC4=C5)=C8O)=CC(C(C)(C)C)=C7)=CC(C(C)(C)C)=C6)=C3)C(SC9=CC(C(C)(C)C)=CC(SC%10=CC(C(C)(C)C)=CC(SC%11=CC(C(C)(C)C)=CC(S2)=C%11OCCCCCN%12N=NC(CCCOC%13=C(SC%14=C%15)C=C(C(C)(C)C)C=C%13SC%16=CC(C(C)(C)C)=CC(SC%17=CC(C(C)(C)C)=CC(SC(C=C%15C(C)(C)C)=C%14O)=C%17O)=C%16O)=C%12)=C%10OCCCCCN%18C=C(CCCOC%19=C(C=C(C=C%19SC%20=C%21)C(C)(C)C)SC%22=CC(C(C)(C)C)=CC(SC%23=C(O)C(SC(C=C%21C(C)(C)C)=C%20O)=CC(C(C)(C)C)=C%23)=C%22O)N=N%18)=C9OCCCCCN%24C=C(CCCOC%25=C(SC(C=C%26C(C)(C)C)=C%27O)C=C(C(C)(C)C)C=C%25SC%28=C(O)C(SC%29=CC(C(C)(C)C)=CC(SC%27=C%26)=C%29O)=CC(C(C)(C)C)=C%28)N=N%24)=C1)(C)C
outer_cv,train,1,3,3,,,150,Group 11/147.log,Group 11,Group 11,147.log,OC1=C(SC2=C3)C=C(C(C)(C)C)C=C1SC4=CC(C(C)(C)C)=CC(SC5=CC(C(C)(C)C)=CC(SC(C=C3C(C)(C)C)=C2O)=C5OCCCCC(N=N6)=CN6CCCCCOC7=C(SC8=CC(C(C)(C)C)=CC(SC9=CC(C(C)(C)C)=CC(S%10)=C9OCCCCCN%11N=NC(CCCCOC%12=C(SC%13=C%14)C=C(C(C)(C)C)C=C%12SC%15=CC(C(C)(C)C)=CC(SC%16=CC(C(C)(C)C)=CC(SC(C=C%14C(C)(C)C)=C%13O)=C%16O)=C%15O)=C%11)=C8OCCCCCN%17C=C(CCCCOC%18=C(C=C(C=C%18SC%19=C%20)C(C)(C)C)SC%21=CC(C(C)(C)C)=CC(SC%22=C(O)C(SC(C=C%20C(C)(C)C)=C%19O)=CC(C(C)(C)C)=C%22)=C%21O)N=N%17)C=C(C(C)(C)C)C=C7SC%23=CC(C(C)(C)C)=CC%10=C%23OCCCCCN%24N=NC(CCCCOC%25=C(C=C%26C(C)(C)C)SC%27=C(O)C(SC%28=C(O)C(SC%29=CC(C(C)(C)C)=CC(SC%25=C%26)=C%29O)=CC(C(C)(C)C)=C%28)=CC(C(C)(C)C)=C%27)=C%24)=C4O
outer_cv,train,1,3,3,,,151,Group 12/148.log,Group 12,Group 12,148.log,OCC(N=N1)=CN1C2=CC(C3=NC=CC=C3)=NC(C4=CC=CC=N4)=C2
outer_cv,train,1,3,3,,,152,Group 12/149.log,Group 12,Group 12,149.log,CCCCCCC(N=N1)=CN1C2=CC(C3=NC=CC=C3)=NC(C4=CC=CC=N4)=C2
outer_cv,train,1,3,3,,,153,Group 12/150.log,Group 12,Group 12,150.log,OC1=C(SC2=C(C(SC3=C(O)C(SC4=CC(C(C)(C)C)=CC(SC1=C5)=C4OCCC6=CN(C7=CC(C8=NC=CC=C8)=NC(C9=CC=CC=N9)=C7)N=N6)=CC(C(C)(C)C)=C3)=CC(C(C)(C)C)=C2)OCCC%10=CN(C%11=CC(C%12=NC=CC=C%12)=NC(C%13=CC=CC=N%13)=C%11)N=N%10)C=C5C(C)(C)C
outer_cv,train,1,3,3,,,154,Group 12/151.log,Group 12,Group 12,151.log,OC1=C(SC2=C(C(SC3=C(O)C(SC4=CC(C(C)(C)C)=CC(SC1=C5)=C4OCCCC6=CN(C7=CC(C8=NC=CC=C8)=NC(C9=CC=CC=N9)=C7)N=N6)=CC(C(C)(C)C)=C3)=CC(C(C)(C)C)=C2)OCCCC%10=CN(C%11=CC(C%12=NC=CC=C%12)=NC(C%13=CC=CC=N%13)=C%11)N=N%10)C=C5C(C)(C)C
outer_cv,train,1,3,3,,,155,Group 12/152.log,Group 12,Group 12,152.log,OC1=C(SC2=C(C(SC3=C(O)C(SC4=CC(C(C)(C)C)=CC(SC1=C5)=C4OCCCCC6=CN(C7=CC(C8=NC=CC=C8)=NC(C9=CC=CC=N9)=C7)N=N6)=CC(C(C)(C)C)=C3)=CC(C(C)(C)C)=C2)OCCCCC%10=CN(C%11=CC(C%12=NC=CC=C%12)=NC(C%13=CC=CC=N%13)=C%11)N=N%10)C=C5C(C)(C)C
outer_cv,train,1,3,3,,,156,Group 12/153.log,Group 12,Group 12,153.log,CC(C1=CC2=C(OCCC3=CN(C4=CC(C5=NC=CC=C5)=NC(C6=CC=CC=N6)=C4)N=N3)C(SC7=CC(C(C)(C)C)=CC(SC8=CC(C(C)(C)C)=CC(SC9=CC(C(C)(C)C)=CC(S2)=C9OCCC%10=CN(C%11=CC(C%12=NC=CC=C%12)=NC(C%13=CC=CC=N%13)=C%11)N=N%10)=C8OCCC%14=CN(C%15=CC(C%16=NC=CC=C%16)=NC(C%17=CC=CC=N%17)=C%15)N=N%14)=C7OCCC%18=CN(C%19=CC(C%20=NC=CC=C%20)=NC(C%21=CC=CC=N%21)=C%19)N=N%18)=C1)(C)C
outer_cv,train,1,3,3,,,157,Group 12/154.log,Group 12,Group 12,154.log,CC(C1=CC2=C(OCCCCCCCCCCCC)C(SC3=CC(C(C)(C)C)=CC(SC4=CC(C(C)(C)C)=CC(SC5=CC(C(C)(C)C)=CC(S2)=C5OCCC6=CN(C7=CC(C8=NC=CC=C8)=NC(C9=CC=CC=N9)=C7)N=N6)=C4OCCCCCCCCCCCC)=C3OCCC%10=CN(C%11=CC(C%12=NC=CC=C%12)=NC(C%13=CC=CC=N%13)=C%11)N=N%10)=C1)(C)C
outer_cv,train,1,3,3,,,158,Group 12/155.log,Group 12,Group 12,155.log,CC(C1=CC2=C(OCCCCCCCCCCCC)C(SC3=CC(C(C)(C)C)=CC(SC4=CC(C(C)(C)C)=CC(SC5=CC(C(C)(C)C)=CC(S2)=C5OCCCC6=CN(C7=CC(C8=NC=CC=C8)=NC(C9=CC=CC=N9)=C7)N=N6)=C4OCCCCCCCCCCCC)=C3OCCCC%10=CN(C%11=CC(C%12=NC=CC=C%12)=NC(C%13=CC=CC=N%13)=C%11)N=N%10)=C1)(C)C
outer_cv,train,1,3,3,,,159,Group 12/156.log,Group 12,Group 12,156.log,CC(C1=CC2=C(OCCCCCCCCCCCC)C(SC3=CC(C(C)(C)C)=CC(SC4=CC(C(C)(C)C)=CC(SC5=CC(C(C)(C)C)=CC(S2)=C5OCCCCC6=CN(C7=CC(C8=NC=CC=C8)=NC(C9=CC=CC=N9)=C7)N=N6)=C4OCCCCCCCCCCCC)=C3OCCCCC%10=CN(C%11=CC(C%12=NC=CC=C%12)=NC(C%13=CC=CC=N%13)=C%11)N=N%10)=C1)(C)C
outer_cv,train,1,3,3,,,160,Group 12/157.log,Group 12,Group 12,157.log,CC(C1=CC2=C(OCCCCC3=CN(C4=CC(C5=NC=CC=C5)=NC(C6=CC=CC=N6)=C4)N=N3)C(SC7=CC(C(C)(C)C)=CC(SC8=CC(C(C)(C)C)=CC(SC9=CC(C(C)(C)C)=CC(S2)=C9OCCCCC%10=CN(C%11=CC(C%12=NC=CC=C%12)=NC(C%13=CC=CC=N%13)=C%11)N=N%10)=C8OCCCCC%14=CN(C%15=CC(C%16=NC=CC=C%16)=NC(C%17=CC=CC=N%17)=C%15)N=N%14)=C7OCCCCC%18=CN(C%19=CC(C%20=NC=CC=C%20)=NC(C%21=CC=CC=N%21)=C%19)N=N%18)=C1)(C)C
outer_cv,train,1,3,3,,,184,Group 14/181.log,Group 14,Group 14,181.log,CC(C)(C1=CC(CC2=C(C(CC(C=C(C=C3C4)C(C)(C)C)=C3OCC#CC(C5=CC=CC=C5)=O)=CC(C(C)(C)C)=C2)OCC#CC(C6=CC=CC=C6)=O)=C(OCC#CC(C7=CC=CC=C7)=O)C(CC8=CC(C(C)(C)C)=CC4=C8OCC#CC(C9=CC=CC=C9)=O)=C1)C
outer_cv,train,1,3,3,,,185,Group 14/182.log,Group 14,Group 14,182.log,CC(C)(C1=CC(CC2=C(C(CC(C=C(C=C3C4)C(C)(C)C)=C3OCC#CC(C5=CC=C(C)C=C5)=O)=CC(C(C)(C)C)=C2)OCC#CC(C6=CC=C(C)C=C6)=O)=C(OCC#CC(C7=CC=C(C)C=C7)=O)C(CC8=CC(C(C)(C)C)=CC4=C8OCC#CC(C9=CC=C(C)C=C9)=O)=C1)C
outer_cv,train,1,3,3,,,186,Group 14/183.log,Group 14,Group 14,183.log,CC(C)(C1=CC(CC2=C(C(CC(C=C(C=C3C4)C(C)(C)C)=C3OCC#CC(C5=CC=C(Cl)C=C5)=O)=CC(C(C)(C)C)=C2)OCC#CC(C6=CC=C(Cl)C=C6)=O)=C(OCC#CC(C7=CC=C(Cl)C=C7)=O)C(CC8=CC(C(C)(C)C)=CC4=C8OCC#CC(C9=CC=C(Cl)C=C9)=O)=C1)C
outer_cv,train,1,3,3,,,187,Group 14/184.log,Group 14,Group 14,184.log,CC(C)(C1=CC(CC2=C(C(CC(C=C(C=C3C4)C(C)(C)C)=C3OCC#CC(C5=CC=C(OC)C=C5)=O)=CC(C(C)(C)C)=C2)OCC#CC(C6=CC=C(OC)C=C6)=O)=C(OCC#CC(C7=CC=C(OC)C=C7)=O)C(CC8=CC(C(C)(C)C)=CC4=C8OCC#CC(C9=CC=C(OC)C=C9)=O)=C1)C
outer_cv,train,1,3,3,,,188,Group 14/185.log,Group 14,Group 14,185.log,CC(C1=CC2=C(OCC#CC(C3=CC=CC=C3)=O)C(CC4=CC(C(C)(C)C)=CC(CC5=CC(C(C)(C)C)=CC(CC6=CC(C(C)(C)C)=CC(C2)=C6OCC#CC(C7=CC=CC=C7)=O)=C5OCC#CC(C8=CC=CC=C8)=O)=C4OCC#CC(C9=CC=CC=C9)=O)=C1)(C)C
outer_cv,train,1,3,3,,,189,Group 14/186.log,Group 14,Group 14,186.log,CC(C1=CC2=C(OCC#CC(C3=CC=C(C)C=C3)=O)C(CC4=CC(C(C)(C)C)=CC(CC5=CC(C(C)(C)C)=CC(CC6=CC(C(C)(C)C)=CC(C2)=C6OCC#CC(C7=CC=C(C)C=C7)=O)=C5OCC#CC(C8=CC=C(C)C=C8)=O)=C4OCC#CC(C9=CC=C(C)C=C9)=O)=C1)(C)C
outer_cv,train,1,3,3,,,190,Group 14/187.log,Group 14,Group 14,187.log,CC(C)(C)C1=CC(CC2=C3)=C(OCC#CC(C4=CC=CC=C4)=O)C(CC5=CC(C(C)(C)C)=CC(CC6=CC(C(C)(C)C)=CC(CC(C=C3C(C)(C)C)=C2OCC#CC(C7=CC=CC=C7)=O)=C6OCC#CC(C8=CC=CC=C8)=O)=C5OCC#CC(C9=CC=CC=C9)=O)=C1
outer_cv,train,1,3,3,,,191,Group 14/188.log,Group 14,Group 14,188.log,CC(C)(C)C1=CC(CC2=C3)=C(OCC#CC(C4=CC=C(C)C=C4)=O)C(CC5=CC(C(C)(C)C)=CC(CC6=CC(C(C)(C)C)=CC(CC(C=C3C(C)(C)C)=C2OCC#CC(C7=CC=C(C)C=C7)=O)=C6OCC#CC(C8=CC=C(C)C=C8)=O)=C5OCC#CC(C9=CC=C(C)C=C9)=O)=C1
outer_cv,train,1,3,3,,,192,Group 14/189.log,Group 14,Group 14,189.log,CC(C)(C)C1=CC(CC2=C3)=C(OCC#CC(C4=CC=C(Cl)C=C4)=O)C(CC5=CC(C(C)(C)C)=CC(CC6=CC(C(C)(C)C)=CC(CC(C=C3C(C)(C)C)=C2OCC#CC(C7=CC=C(Cl)C=C7)=O)=C6OCC#CC(C8=CC=C(Cl)C=C8)=O)=C5OCC#CC(C9=CC=C(Cl)C=C9)=O)=C1
outer_cv,train,1,3,3,,,193,Group 14/190.log,Group 14,Group 14,190.log,CC(C)(C)C1=CC(CC2=C3)=C(OCC#CC(C4=CC=C(OC)C=C4)=O)C(CC5=CC(C(C)(C)C)=CC(CC6=CC(C(C)(C)C)=CC(CC(C=C3C(C)(C)C)=C2OCC#CC(C7=CC=C(OC)C=C7)=O)=C6OCC#CC(C8=CC=C(OC)C=C8)=O)=C5OCC#CC(C9=CC=C(OC)C=C9)=O)=C1
outer_cv,train,1,3,3,,,194,Group 14/191.log,Group 14,Group 14,191.log,CC(C1=CC2=C(OCC#CC(C3=CC=C(Cl)C=C3)=O)C(CC4=CC(C(C)(C)C)=CC(CC5=CC(C(C)(C)C)=CC(CC6=CC(C(C)(C)C)=CC(C2)=C6OCC#CC(C7=CC=C(Cl)C=C7)=O)=C5OCC#CC(C8=CC=C(Cl)C=C8)=O)=C4OCC#CC(C9=CC=C(Cl)C=C9)=O)=C1)(C)C
outer_cv,train,1,3,3,,,195,Group 14/192.log,Group 14,Group 14,192.log,CC(C1=CC2=C(OCC#CC(C3=CC=C(OC)C=C3)=O)C(CC4=CC(C(C)(C)C)=CC(CC5=CC(C(C)(C)C)=CC(CC6=CC(C(C)(C)C)=CC(C2)=C6OCC#CC(C7=CC=C(OC)C=C7)=O)=C5OCC#CC(C8=CC=C(OC)C=C8)=O)=C4OCC#CC(C9=CC=C(OC)C=C9)=O)=C1)(C)C
outer_cv,train,1,3,3,,,196,Group 14/193.log,Group 14,Group 14,193.log,CC(C1=CC2=C(OCC#CC(C3=CC=CC=C3)=O)C(SC4=CC(C(C)(C)C)=CC(SC5=CC(C(C)(C)C)=CC(SC6=CC(C(C)(C)C)=CC(S2)=C6OCC#CC(C7=CC=CC=C7)=O)=C5OCC#CC(C8=CC=CC=C8)=O)=C4OCC#CC(C9=CC=CC=C9)=O)=C1)(C)C
outer_cv,train,1,3,3,,,197,Group 14/194.log,Group 14,Group 14,194.log,CC(C1=CC2=C(OCCC#CC(C3=CC=CC=C3)=O)C(SC4=CC(C(C)(C)C)=CC(SC5=CC(C(C)(C)C)=CC6=C5OCCC#C(C(C7=CC=CC=C7)=O)C(C(C=C8S6)=CC(S2)=C8OCCC#CC(C9=CC=CC=C9)=O)(C)C)=C4OCCC#CC(C%10=CC=CC=C%10)=O)=C1)(C)C
outer_cv,train,1,3,3,,,198,Group 14/195.log,Group 14,Group 14,195.log,CC(C1=CC2=C(OCCCC#CC(C3=CC=CC=C3)=O)C(CC4=CC(C(C)(C)C)=CC(CC5=CC(C(C)(C)C)=CC(CC6=CC(C(C)(C)C)=CC(C2)=C6OCCCC#CC(C7=CC=CC=C7)=O)=C5OCCCC#CC(C8=CC=CC=C8)=O)=C4OCCCC#CC(C9=CC=CC=C9)=O)=C1)(C)C
outer_cv,train,1,3,3,,,199,Group 14/196.log,Group 14,Group 14,196.log,CC(C1=CC2=C(OCCCC#CC(C3=CC=CC=C3)=O)C(SC4=CC(C(C)(C)C)=CC(SC5=CC(C(C)(C)C)=CC(SC6=CC(C(C)(C)C)=CC(S2)=C6OCCCC#CC(C7=CC=CC=C7)=O)=C5OCCCC#CC(C8=CC=CC=C8)=O)=C4OCCCC#CC(C9=CC=CC=C9)=O)=C1)(C)C
outer_cv,train,1,3,3,,,200,Group 14/197.log,Group 14,Group 14,197.log,CC(C1=CC2=C(OCCCCC#CC(C3=CC=CC=C3)=O)C(SC4=CC(C(C)(C)C)=CC(SC5=CC(C(C)(C)C)=CC(SC6=CC(C(C)(C)C)=CC(S2)=C6OCCCCC#CC(C7=CC=CC=C7)=O)=C5OCCCCC#CC(C8=CC=CC=C8)=O)=C4OCCCCC#CC(C9=CC=CC=C9)=O)=C1)(C)C
outer_cv,train,1,3,3,,,223,Group 18/220.log,Group 18,Group 18,220.log,C12=C(C(SC(C=CC=C3S4)=C3OCCOCCOCCOC(C(SC5=CC=CC4=C5OCCCOC6=CC(C7=NC=CC=C7)=NC(C8=CC=CC=N8)=C6)=CC=C9)=C9S2)=CC=C1)OCCCOC%10=CC(C%11=NC=CC=C%11)=NC(C%12=CC=CC=N%12)=C%10
outer_cv,train,1,3,3,,,224,Group 18/221.log,Group 18,Group 18,221.log,CC(C1=CC2=C(OCCOCCOCCOC3=C(SC4=CC(C(C)(C)C)=CC(S2)=C4OCCCOC5=CC(C6=NC=CC=C6)=NC(C7=CC=CC=N7)=C5)C=C(C(C)(C)C)C=C3S8)C(SC9=CC(C(C)(C)C)=CC8=C9OCCCOC%10=CC(C%11=NC=CC=C%11)=NC(C%12=CC=CC=N%12)=C%10)=C1)(C)C
outer_cv,train,1,3,3,,,225,Group 18/222.log,Group 18,Group 18,222.log,CC(C1=CC2=C(OCCOCCOCCOCCOC3=C(SC4=CC(C(C)(C)C)=CC(S2)=C4OCCCOC5=CC(C6=NC=CC=C6)=NC(C7=CC=CC=N7)=C5)C=C(C(C)(C)C)C=C3S8)C(SC9=CC(C(C)(C)C)=CC8=C9OCCCOC%10=CC(C%11=NC=CC=C%11)=NC(C%12=CC=CC=N%12)=C%10)=C1)(C)C
outer_cv,train,1,3,3,,,226,Group 18/223.log,Group 18,Group 18,223.log,CC(C1=CC2=C(OCCOCCOCCOCCOCCOC3=C(SC4=CC(C(C)(C)C)=CC(S2)=C4OCCCOC5=CC(C6=NC=CC=C6)=NC(C7=CC=CC=N7)=C5)C=C(C(C)(C)C)C=C3S8)C(SC9=CC(C(C)(C)C)=CC8=C9OCCCOC%10=CC(C%11=NC=CC=C%11)=NC(C%12=CC=CC=N%12)=C%10)=C1)(C)C
outer_cv,train,1,3,3,,,227,Group 19/224.log,Group 19,Group 19,224.log,OC1=C(SC2=C(C(SC3=C(O)C(SC4=CC(C(C)(C)C)=CC(SC1=C5)=C4OCCSCCCCCCCC)=CC(C(C)(C)C)=C3)=CC(C(C)(C)C)=C2)OCCSCCCCCCCC)C=C5C(C)(C)C
outer_cv,train,1,3,3,,,228,Group 19/225.log,Group 19,Group 19,225.log,OC1=C(SC2=C(C(SC3=C(O)C(SC4=CC(C(C)(C)C)=CC(SC1=C5)=C4OCCSC)=CC(C(C)(C)C)=C3)=CC(C(C)(C)C)=C2)OCCSC)C=C5C(C)(C)C
outer_cv,train,1,3,3,,,229,Group 19/226.log,Group 19,Group 19,226.log,OC1=C(SC2=C(C(SC3=C(O)C(SC4=CC(C(C)(C)C)=CC(SC1=C5)=C4OCCSCC6=CC=CC=C6)=CC(C(C)(C)C)=C3)=CC(C(C)(C)C)=C2)OCCSCC7=CC=CC=C7)C=C5C(C)(C)C
outer_cv,train,1,3,3,,,230,Group 19/227.log,Group 19,Group 19,227.log,OC1=C(SC2=C(C(SC3=C(O)C(SC4=CC(C(C)(C)C)=CC(SC1=C5)=C4OCCCSCC)=CC(C(C)(C)C)=C3)=CC(C(C)(C)C)=C2)OCCCSCC)C=C5C(C)(C)C
outer_cv,train,1,3,3,,,231,Group 19/228.log,Group 19,Group 19,228.log,OC1=C(CC2=C(C(CC3=C(O)C(C4)=CC=C3)=CC=C2)OCCCS)C=CC=C1CC5=C(OCCCS)C4=CC=C5
outer_cv,train,1,3,3,,,232,Group 19/229.log,Group 19,Group 19,229.log,OC1=C(SC2=C(C(SC3=C(O)C(SC4=CC(C(C)(C)C)=CC(SC1=C5)=C4OCCCSCCSCCS)=CC(C(C)(C)C)=C3)=CC(C(C)(C)C)=C2)O)C=C5C(C)(C)C
outer_cv,train,1,3,3,,,233,Group 19/230.log,Group 19,Group 19,230.log,CC(C1=CC2=C(OCCCS)C(SC3=CC(C(C)(C)C)=CC(SC4=CC(C(C)(C)C)=CC(SC5=CC(C(C)(C)C)=CC(S2)=C5OCCCS)=C4OCCCS)=C3OCCCS)=C1)(C)C
outer_cv,train,1,3,3,,,234,Group 19/231.log,Group 19,Group 19,231.log,CC(C1=CC2=C(OCCCSCC(OC)=O)C(SC3=CC(C(C)(C)C)=CC(SC4=CC(C(C)(C)C)=CC(SC5=CC(C(C)(C)C)=CC(S2)=C5OCCCSCC(OC)=O)=C4OCCCSCC(OC)=O)=C3OCCCSCC(OC)=O)=C1)(C)C
outer_cv,train,1,3,3,,,235,Group 19/232.log,Group 19,Group 19,232.log,CC(C1=CC2=C(OCCCCSCC(OC)=O)C(SC3=CC(C(C)(C)C)=CC(SC4=CC(C(C)(C)C)=CC(SC5=CC(C(C)(C)C)=CC(S2)=C5OCCCCSCC(OC)=O)=C4OCCCCSCC(OC)=O)=C3OCCCCSCC(OC)=O)=C1)(C)C
outer_cv,train,1,3,3,,,236,Group 19/233.log,Group 19,Group 19,233.log,CC(C1=CC2=C(OCCCCCSCC(OC)=O)C(SC3=CC(C(C)(C)C)=CC(SC4=CC(C(C)(C)C)=CC(SC5=CC(C(C)(C)C)=CC(S2)=C5OCCCCCSCC(OC)=O)=C4OCCCCCSCC(OC)=O)=C3OCCCCCSCC(OC)=O)=C1)(C)C
outer_cv,train,1,3,3,,,237,Group 19/234.log,Group 19,Group 19,234.log,CC(C1=CC2=C(OCCOCCO)C(SC3=CC(C(C)(C)C)=CC(SC4=CC(C(C)(C)C)=CC(SC5=CC(C(C)(C)C)=CC(S2)=C5OCCSCC(OC)=O)=C4OCCOCCO)=C3OCCSCC(OC)=O)=C1)(C)C
outer_cv,train,1,3,3,,,238,Group 19/235.log,Group 19,Group 19,235.log,OC1=C(SC2=C(C(SC3=C(O)C(SC4=CC(C(C)(C)C)=CC(SC1=C5)=C4OCCSC(C)=O)=CC(C(C)(C)C)=C3)=CC(C(C)(C)C)=C2)OCCSC(C)=O)C=C5C(C)(C)C
outer_cv,train,1,3,3,,,239,Group 19/236.log,Group 19,Group 19,236.log,OC1=C(SC2=C(C(SC3=C(O)C(SC4=CC(C(C)(C)C)=CC(SC1=C5)=C4OCCCSC(C)=O)=CC(C(C)(C)C)=C3)=CC(C(C)(C)C)=C2)OCCCSC(C)=O)C=C5C(C)(C)C
outer_cv,train,1,3,3,,,240,Group 19/237.log,Group 19,Group 19,237.log,CC(C1=CC2=C(OCCSCCCCCCCC)C(SC3=CC(C(C)(C)C)=CC(SC4=CC(C(C)(C)C)=CC(SC5=CC(C(C)(C)C)=CC(S2)=C5OCCC#C)=C4OCCSCCCCCCCC)=C3OCCC#C)=C1)(C)C
outer_cv,train,1,3,3,,,241,Group 19/238.log,Group 19,Group 19,238.log,CC(C1=CC2=C(OCCSCCCCCCCC)C(SC3=CC(C(C)(C)C)=CC(SC4=CC(C(C)(C)C)=CC(SC5=CC(C(C)(C)C)=CC(S2)=C5OCCCC#C)=C4OCCSCCCCCCCC)=C3OCCCC#C)=C1)(C)C
outer_cv,train,1,3,3,,,242,Group 19/239.log,Group 19,Group 19,239.log,CC(C1=CC2=C(OCCSCCCCCCCC)C(SC3=CC(C(C)(C)C)=CC(SC4=CC(C(C)(C)C)=CC(SC5=CC(C(C)(C)C)=CC(S2)=C5OCCCCC#C)=C4OCCSCCCCCCCC)=C3OCCCCC#C)=C1)(C)C
outer_cv,train,1,3,3,,,243,Group 19/240.log,Group 19,Group 19,240.log,CC(C1=CC2=C(OCCSCCCCCCCC)C(SC3=CC(C(C)(C)C)=CC(SC4=CC(C(C)(C)C)=CC(SC5=CC(C(C)(C)C)=CC(S2)=C5OCCCBr)=C4OCCSCCCCCCCC)=C3OCCCBr)=C1)(C)C
outer_cv,train,1,3,3,,,244,Group 19/241.log,Group 19,Group 19,241.log,CC(C1=CC2=C(OCCSCCCCCCCC)C(SC3=CC(C(C)(C)C)=CC(SC4=CC(C(C)(C)C)=CC(SC5=CC(C(C)(C)C)=CC(S2)=C5OCCCN=[N+]=[N-])=C4OCCSCCCCCCCC)=C3OCCCN=[N+]=[N-])=C1)(C)C
outer_cv,train,1,3,3,,,245,Group 19/242.log,Group 19,Group 19,242.log,CC(C1=CC2=C(OCCSCCCCCCCC)C(SC3=CC(C(C)(C)C)=CC(SC4=CC(C(C)(C)C)=CC(SC5=CC(C(C)(C)C)=CC(S2)=C5OCCCN6C(C(OC)=O)=C(C(OC)=O)N=N6)=C4OCCSCCCCCCCC)=C3OCCCN7N=NC(C(OC)=O)=C7C(OC)=O)=C1)(C)C
outer_cv,train,1,3,3,,,246,Group 19/243.log,Group 19,Group 19,243.log,OC1=C(SC2=C(C(SC3=C(O)C(SC4=CC(C(C)(C)C)=CC(SC1=C5)=C4OCCCBr)=CC(C(C)(C)C)=C3)=CC(C(C)(C)C)=C2)OCCCSC(C)=O)C=C5C(C)(C)C
outer_cv,train,1,3,3,,,247,Group 20/244.log,Group 20,Group 20,244.log,BrCCCOC1=C2C=CC=C1SC3=CC=CC4=C3OCCSCCSCCOC5=C(SC6=CC=CC(S4)=C6OCCCBr)C=CC=C5S2
outer_cv,train,1,3,3,,,248,Group 20/245.log,Group 20,Group 20,245.log,CC(C1=CC2=C(OCCSCCSCCOC3=C(SC4=CC(C(C)(C)C)=CC(S2)=C4OCCCBr)C=C(C(C)(C)C)C=C3S5)C(SC6=CC(C(C)(C)C)=CC5=C6OCCCBr)=C1)(C)C
outer_cv,train,1,3,3,,,249,Group 20/246.log,Group 20,Group 20,246.log,CC(C1=CC2=C(OCCSCCSCCOC3=C(SC4=CC(C(C)(C)C)=CC(S2)=C4OCCCCCCCCCCCC)C=C(C(C)(C)C)C=C3S5)C(SC6=CC(C(C)(C)C)=CC5=C6OCCCCCCCCCCCC)=C1)(C)C
outer_cv,train,1,3,3,,,250,Group 20/247.log,Group 20,Group 20,247.log,CC(C1=CC2=C(OCCCSCCOCCSCCCOC3=C(SC4=CC(C(C)(C)C)=CC(S2)=C4OCCCCCCCCCCCC)C=C(C(C)(C)C)C=C3S5)C(SC6=CC(C(C)(C)C)=CC5=C6OCCCCCCCCCCCC)=C1)(C)C
outer_cv,train,1,3,3,,,251,Group 20/248.log,Group 20,Group 20,248.log,CC(C1=CC2=C(OCCCSCCSCCSCCCOC3=C(SC4=CC(C(C)(C)C)=CC(S2)=C4OCCCCCCCCCCCC)C=C(C(C)(C)C)C=C3S5)C(SC6=CC(C(C)(C)C)=CC5=C6OCCCCCCCCCCCC)=C1)(C)C
outer_cv,train,1,3,3,,,258,Group 22/255.log,Group 22,Group 22,255.log,CC(C1=CC2=C(OCCOCCOCCOC3=C(SC4=CC(C(C)(C)C)=CC(S2)=C4OCCSC(C)=O)C=C(C(C)(C)C)C=C3S5)C(SC6=CC(C(C)(C)C)=CC5=C6OCCSC(C)=O)=C1)(C)C
outer_cv,train,1,3,3,,,259,Group 22/256.log,Group 22,Group 22,256.log,CC(C1=CC2=C(OCCOCCOCCOC3=C(SC4=CC(C(C)(C)C)=CC(S2)=C4OCCCSC(C)=O)C=C(C(C)(C)C)C=C3S5)C(SC6=CC(C(C)(C)C)=CC5=C6OCCCSC(C)=O)=C1)(C)C
outer_cv,train,1,3,3,,,260,Group 22/257.log,Group 22,Group 22,257.log,CC(C1=CC2=C(OCCOCCOCCOC3=C(SC4=CC(C(C)(C)C)=CC(S2)=C4OCCSC)C=C(C(C)(C)C)C=C3S5)C(SC6=CC(C(C)(C)C)=CC5=C6OCCSC)=C1)(C)C
outer_cv,train,1,3,3,,,261,Group 22/258.log,Group 22,Group 22,258.log,CC(C1=CC2=C(OCCOCCOCCOC3=C(SC4=CC(C(C)(C)C)=CC(S2)=C4OCCSCC5=CC=CC=C5)C=C(C(C)(C)C)C=C3S6)C(SC7=CC(C(C)(C)C)=CC6=C7OCCSCC8=CC=CC=C8)=C1)(C)C
outer_cv,train,1,3,3,,,262,Group 22/259.log,Group 22,Group 22,259.log,CC(C1=CC2=C(OCCOCCOCCOC3=C(SC4=CC(C(C)(C)C)=CC(S2)=C4OCCCSCC)C=C(C(C)(C)C)C=C3S5)C(SC6=CC(C(C)(C)C)=CC5=C6OCCCSCC)=C1)(C)C
outer_cv,train,1,3,3,,,263,Group 22/260.log,Group 22,Group 22,260.log,CC(C1=CC2=C(OCCOCCOCCOCCOC3=C(SC4=CC(C(C)(C)C)=CC(S2)=C4OCCSCC5=CC=CC=C5)C=C(C(C)(C)C)C=C3S6)C(SC7=CC(C(C)(C)C)=CC6=C7OCCSCC8=CC=CC=C8)=C1)(C)C
outer_cv,train,1,3,3,,,264,Group 22/261.log,Group 22,Group 22,261.log,CC(C1=CC2=C(OCCOCCOCCOCCOC3=C(SC4=CC(C(C)(C)C)=CC(S2)=C4OCCCSCC)C=C(C(C)(C)C)C=C3S5)C(SC6=CC(C(C)(C)C)=CC5=C6OCCCSCC)=C1)(C)C
outer_cv,train,1,3,3,,,265,Group 22/262.log,Group 22,Group 22,262.log,CC(C1=CC2=C(OCCOCCOC3=C(SC4=CC(C(C)(C)C)=CC(S2)=C4OCCCSC(C)=O)C=C(C(C)(C)C)C=C3S5)C(SC6=CC(C(C)(C)C)=CC5=C6OCCCSC(C)=O)=C1)(C)C
outer_cv,valid,1,3,3,,,161,Group 13/158.log,Group 13,Group 13,158.log,CC(C1=CC2=C(OCCOCCO)C(SC3=CC(C(C)(C)C)=CC(SC4=CC(C(C)(C)C)=CC(SC5=CC(C(C)(C)C)=CC(S2)=C5OCCOCCO)=C4OCCOCCO)=C3OCCOCCO)=C1)(C)C
outer_cv,valid,1,3,3,,,162,Group 13/159.log,Group 13,Group 13,159.log,CC(C1=CC2=C(OCCOCCO)C(SC3=CC(C(C)(C)C)=CC(SC4=CC(C(C)(C)C)=CC(SC5=CC(C(C)(C)C)=CC(S2)=C5OCCBr)=C4OCCOCCO)=C3OCCBr)=C1)(C)C
outer_cv,valid,1,3,3,,,163,Group 13/160.log,Group 13,Group 13,160.log,OC1=C2C=C(C(C)(C)C)C=C1SC3=C(OCCOCCOC4=C(S2)C=C5C(C)(C)C)C(SC6=CC(C(C)(C)C)=CC(SC4=C5)=C6O)=CC(C(C)(C)C)=C3
outer_cv,valid,1,3,3,,,164,Group 13/161.log,Group 13,Group 13,161.log,OC1=C2C=C(C(C)(C)C)C=C1SC3=C(OCCOCCOCCOC4=C(S2)C=C5C(C)(C)C)C(SC6=CC(C(C)(C)C)=CC(SC4=C5)=C6O)=CC(C(C)(C)C)=C3
outer_cv,valid,1,3,3,,,165,Group 13/162.log,Group 13,Group 13,162.log,OC1=C2C=C(C(C)(C)C)C=C1SC3=C(OCCOCCOCCOCCOC4=C(S2)C=C5C(C)(C)C)C(SC6=CC(C(C)(C)C)=CC(SC4=C5)=C6O)=CC(C(C)(C)C)=C3.C
outer_cv,valid,1,3,3,,,166,Group 13/163.log,Group 13,Group 13,163.log,OC1=C2C=C(C(C)(C)C)C=C1SC3=C(OCCOCCOCCOCCOCCOC4=C(S2)C=C5C(C)(C)C)C(SC6=CC(C(C)(C)C)=CC(SC4=C5)=C6O)=CC(C(C)(C)C)=C3.C
outer_cv,valid,1,3,3,,,167,Group 13/164.log,Group 13,Group 13,164.log,O=[N+](C1=CC(S2)=C3OCCOCCOCCOCCOC4=C5SC6=C(C2=CC([N+]([O-])=O)=C6)OCCOCCOCCOCCOC7=C(SC3=C1)C=C([N+]([O-])=O)C=C7SC4=CC([N+]([O-])=O)=C5)[O-]
outer_cv,valid,1,3,3,,,168,Group 13/165.log,Group 13,Group 13,165.log,CC(C1=CC2=C(OCCOCCOC3=C(SC4=CC(C(C)(C)C)=CC(S2)=C4OCCBr)C=C(C(C)(C)C)C=C3S5)C(SC6=CC(C(C)(C)C)=CC5=C6OCCBr)=C1)(C)C
outer_cv,valid,1,3,3,,,169,Group 13/166.log,Group 13,Group 13,166.log,CC(C1=CC2=C(OCCOCCOC3=C(SC4=CC(C(C)(C)C)=CC(S2)=C4OCCCBr)C=C(C(C)(C)C)C=C3S5)C(SC6=CC(C(C)(C)C)=CC5=C6OCCCBr)=C1)(C)C
outer_cv,valid,1,3,3,,,170,Group 13/167.log,Group 13,Group 13,167.log,CC(C1=CC2=C(OCCOCCOCCOC3=C(SC4=CC(C(C)(C)C)=CC(S2)=C4OCCBr)C=C(C(C)(C)C)C=C3S5)C(SC6=CC(C(C)(C)C)=CC5=C6OCCBr)=C1)(C)C
outer_cv,valid,1,3,3,,,171,Group 13/168.log,Group 13,Group 13,168.log,CC(C1=CC2=C(OCCOCCOCCOC3=C(SC4=CC(C(C)(C)C)=CC(S2)=C4OCCCBr)C=C(C(C)(C)C)C=C3S5)C(SC6=CC(C(C)(C)C)=CC5=C6OCCCBr)=C1)(C)C
outer_cv,valid,1,3,3,,,172,Group 13/169.log,Group 13,Group 13,169.log,CC(C1=CC2=C(OCCOCCOCCOCCOC3=C(SC4=CC(C(C)(C)C)=CC(S2)=C4OCCCBr)C=C(C(C)(C)C)C=C3S5)C(SC6=CC(C(C)(C)C)=CC5=C6OCCCBr)=C1)(C)C
outer_cv,valid,1,3,3,,,173,Group 13/170.log,Group 13,Group 13,170.log,CC(C1=CC2=C(OCCOCCOCCOCCOCCOC3=C(SC4=CC(C(C)(C)C)=CC(S2)=C4OCCBr)C=C(C(C)(C)C)C=C3S5)C(SC6=CC(C(C)(C)C)=CC5=C6OCCBr)=C1)(C)C
outer_cv,valid,1,3,3,,,174,Group 13/171.log,Group 13,Group 13,171.log,CC(C1=CC2=C(OCCOCCOCCOCCOCCOC3=C(SC4=CC(C(C)(C)C)=CC(S2)=C4OCCCBr)C=C(C(C)(C)C)C=C3S5)C(SC6=CC(C(C)(C)C)=CC5=C6OCCCBr)=C1)(C)C
outer_cv,valid,1,3,3,,,175,Group 13/172.log,Group 13,Group 13,172.log,CC(C1=CC2=C(OCCOCCOCCOCCOCCOCCOC3=C(SC4=CC(C(C)(C)C)=CC(S2)=C4OCCBr)C=C(C(C)(C)C)C=C3S5)C(SC6=CC(C(C)(C)C)=CC5=C6OCCBr)=C1)(C)C
outer_cv,valid,1,3,3,,,176,Group 13/173.log,Group 13,Group 13,173.log,CC(C1=CC2=C(OCCOCCOCCOCCOCCOCCOC3=C(SC4=CC(C(C)(C)C)=CC(S2)=C4OCCCBr)C=C(C(C)(C)C)C=C3S5)C(SC6=CC(C(C)(C)C)=CC5=C6OCCCBr)=C1)(C)C
outer_cv,valid,1,3,3,,,177,Group 13/174.log,Group 13,Group 13,174.log,CC(C)(C)C1=CC(SC(C=C2C(C)(C)C)=C3OCCOCCOCCOCCOCCOC(C(S4)=CC(C(C)(C)C)=C5)=C5SC6=C(C7=CC(C(C)(C)C)=C6)OCCCBr)=C(OCCCBr)C(SC8=C(OCCOCCOCCOCCOCCOC9=C(S7)C=C(C(C)(C)C)C=C9SC%10=C(OCCCBr)C4=CC(C(C)(C)C)=C%10)C(SC(C=C(C=C%11SC3=C2)C(C)(C)C)=C%11OCCCBr)=CC(C(C)(C)C)=C8)=C1
outer_cv,valid,1,3,3,,,178,Group 13/175.log,Group 13,Group 13,175.log,CC(C1=CC2=C(OCCOCCOCCOC3=C(SC4=CC(C(C)(C)C)=CC(S2)=C4OCCCCCCCCCCCC)C=C(C(C)(C)C)C=C3S5)C(SC6=CC(C(C)(C)C)=CC5=C6OCCCCCCCCCCCC)=C1)(C)C
outer_cv,valid,1,3,3,,,179,Group 13/176.log,Group 13,Group 13,176.log,CC(C1=CC2=C(OCCOCCOCCOCCOC3=C(SC4=CC(C(C)(C)C)=CC(S2)=C4OCCCCCCCCCCCC)C=C(C(C)(C)C)C=C3S5)C(SC6=CC(C(C)(C)C)=CC5=C6OCCCCCCCCCCCC)=C1)(C)C
outer_cv,valid,1,3,3,,,180,Group 13/177.log,Group 13,Group 13,177.log,CC(C1=CC2=C(OCCOCCOCCOCCOCCOC3=C(SC4=CC(C(C)(C)C)=CC(S2)=C4OCCCCCCCCCCCC)C=C(C(C)(C)C)C=C3S5)C(SC6=CC(C(C)(C)C)=CC5=C6OCCCCCCCCCCCC)=C1)(C)C
outer_cv,valid,1,3,3,,,181,Group 13/178.log,Group 13,Group 13,178.log,CC(C1=CC2=C(OCCOCCOCCOC3=C(SC4=CC(C(C)(C)C)=CC(S2)=C4OC)C=C(C(C)(C)C)C=C3S5)C(SC6=CC(C(C)(C)C)=CC5=C6OC)=C1)(C)C
outer_cv,valid,1,3,3,,,182,Group 13/179.log,Group 13,Group 13,179.log,CC(C1=CC2=C(OCCOCCOCCOCCOC3=C(SC4=CC(C(C)(C)C)=CC(S2)=C4OC)C=C(C(C)(C)C)C=C3S5)C(SC6=CC(C(C)(C)C)=CC5=C6OC)=C1)(C)C
outer_cv,valid,1,3,3,,,183,Group 13/180.log,Group 13,Group 13,180.log,CC(C1=CC2=C(OCCOCCOCCOCCOCCOC3=C(SC4=CC(C(C)(C)C)=CC(S2)=C4OC)C=C(C(C)(C)C)C=C3S5)C(SC6=CC(C(C)(C)C)=CC5=C6OC)=C1)(C)C
outer_cv,valid,1,3,3,,,201,Group 15/198.log,Group 15,Group 15,198.log,CC(C)(C)C1=CC(SC2=C3)=C(OCO)C(SC4=CC(C(C)(C)C)=CC(SC5=CC(C(C)(C)C)=CC(SC(C=C3C(C)(C)C)=C2OCC(O)=O)=C5OCC(O)=O)=C4OCC(O)=O)=C1.O=[C]
outer_cv,valid,1,3,3,,,202,Group 15/199.log,Group 15,Group 15,199.log,CC(C)(C)C1=CC(CC2=C3)=C(OCO)C(CC4=CC(C(C)(C)C)=CC(CC5=CC(C(C)(C)C)=CC(CC(C=C3C(C)(C)C)=C2OCC(O)=O)=C5OCC(O)=O)=C4OCC(O)=O)=C1.O=[C]
outer_cv,valid,1,3,3,,,203,Group 15/200.log,Group 15,Group 15,200.log,CC(C)(C1=CC(CC2=C(C(CC(C=C(C=C3C4)C(C)(C)C)=C3OCC(O)=O)=CC(C(C)(C)C)=C2)OCC(O)=O)=C(OCC(O)=O)C(CC5=CC(C(C)(C)C)=CC4=C5OCC(O)=O)=C1)C
outer_cv,valid,1,3,3,,,204,Group 15/201.log,Group 15,Group 15,201.log,CC(C)(C)C1=CC(CC2=C3)=C(OCC(OCC)=O)C(CC4=CC(C(C)(C)C)=CC(CC5=CC(C(C)(C)C)=CC(CC(C=C3C(C)(C)C)=C2OCC(OCC)=O)=C5OCC(OCC)=O)=C4OCC(OCC)=O)=C1
outer_cv,valid,1,3,3,,,205,Group 15/202.log,Group 15,Group 15,202.log,OC1=C(SC2=C(C(SC3=C(O)C(SC4=CC(C(C)(C)C)=CC(SC1=C5)=C4OCCN6C(C(OC)=O)=C(C(OC)=O)N=N6)=CC(C(C)(C)C)=C3)=CC(C(C)(C)C)=C2)OCCN7N=NC(C(OC)=O)=C7C(OC)=O)C=C5C(C)(C)C
outer_cv,valid,1,3,3,,,206,Group 15/203.log,Group 15,Group 15,203.log,CC(C1=CC2=C(OCCCCCCCCCCCC)C(SC3=CC(C(C)(C)C)=CC(SC4=CC(C(C)(C)C)=CC(SC5=CC(C(C)(C)C)=CC(S2)=C5OCCCN6C(C(OC)=O)=C(C(OC)=O)N=N6)=C4OCCCCCCCCCCCC)=C3OCCCN7N=NC(C(OC)=O)=C7C(OC)=O)=C1)(C)C
outer_cv,valid,1,3,3,,,207,Group 15/204.log,Group 15,Group 15,204.log,CC(C1=CC2=C(OCC(OCC)=O)C(CC3=CC(C(C)(C)C)=CC(CC4=CC(C(C)(C)C)=CC(CC5=CC(C(C)(C)C)=CC(C2)=C5OCC(OCC)=O)=C4OCC(OCC)=O)=C3OCC(OCC)=O)=C1)(C)C
outer_cv,valid,1,3,3,,,208,Group 15/205.log,Group 15,Group 15,205.log,CC(C)(C1=CC(CC2=C(C(CC(C=C(C=C3C4)C(C)(C)C)=C3OCC(OCC)=O)=CC(C(C)(C)C)=C2)OCC(OCC)=O)=C(OCC(OCC)=O)C(CC5=CC(C(C)(C)C)=CC4=C5OCC(OCC)=O)=C1)C
outer_cv,valid,1,3,3,,,209,Group 15/206.log,Group 15,Group 15,206.log,CC(C1=CC2=C(OCC(OCC)=O)C(SC3=CC(C(C)(C)C)=CC(SC4=CC(C(C)(C)C)=CC(SC5=CC(C(C)(C)C)=CC(S2)=C5OCC(OCC)=O)=C4OCC(OCC)=O)=C3OCC(OCC)=O)=C1)(C)C
outer_cv,valid,1,3,3,,,210,Group 15/207.log,Group 15,Group 15,207.log,CC(C1=CC2=C(OCC(OC(C)(C)C)=O)C(SC3=CC(C(C)(C)C)=CC(SC4=CC(C(C)(C)C)=CC(SC5=CC(C(C)(C)C)=CC(S2)=C5OCC(OC(C)(C)C)=O)=C4OCC(OC(C)(C)C)=O)=C3OCC(OC(C)(C)C)=O)=C1)(C)C
outer_cv,valid,1,3,3,,,211,Group 16/208.log,Group 16,Group 16,208.log,OC1=C(SC2=C(C(SC3=C(O)C(SC4=CC(C(C)(C)C)=CC(SC1=C5)=C4OCCN6C(C(C=CC=C7)=C7C6=O)=O)=CC(C(C)(C)C)=C3)=CC(C(C)(C)C)=C2)OCCN8C(C(C=CC=C9)=C9C8=O)=O)C=C5C(C)(C)C
outer_cv,valid,1,3,3,,,212,Group 16/209.log,Group 16,Group 16,209.log,OC1=C(SC2=C(C(SC3=C(O)C(SC4=CC(C(C)(C)C)=CC(SC1=C5)=C4OCCCN6C(C(C=CC=C7)=C7C6=O)=O)=CC(C(C)(C)C)=C3)=CC(C(C)(C)C)=C2)OCCCN8C(C(C=CC=C9)=C9C8=O)=O)C=C5C(C)(C)C
outer_cv,valid,1,3,3,,,213,Group 16/210.log,Group 16,Group 16,210.log,OC1=C(CC2=C(C(CC3=C(O)C(CC4=CC(C(C)(C)C)=CC(CC1=C5)=C4OCC(N6CCOCC6)=O)=CC(C(C)(C)C)=C3)=CC(C(C)(C)C)=C2)OCC(N7CCOCC7)=O)C=C5C(C)(C)C
outer_cv,valid,1,3,3,,,214,Group 16/211.log,Group 16,Group 16,211.log,CC(C1=CC2=C(OCCOCCOCCOCCOCCOC3=C(SC4=CC(C(C)(C)C)=CC(S2)=C4OCCN5C(C(C=CC=C6)C6C5=O)=O)C=C(C(C)(C)C)C=C3S7)C(SC8=CC(C(C)(C)C)=CC7=C8OCCN9C(C(C=CC=C%10)C%10C9=O)=O)=C1)(C)C
outer_cv,valid,1,3,3,,,215,Group 16/212.log,Group 16,Group 16,212.log,CC(C1=CC2=C(OCCOCCOCCOCCOCCOC3=C(SC4=CC(C(C)(C)C)=CC(S2)=C4OCCCN5C(C(C=CC=C6)=C6C5=O)=O)C=C(C(C)(C)C)C=C3S7)C(SC8=CC(C(C)(C)C)=CC7=C8OCCCN9C(C(C=CC=C%10)=C%10C9=O)=O)=C1)(C)C
outer_cv,valid,1,3,3,,,216,Group 16/213.log,Group 16,Group 16,213.log,OC1=C(CC2=C(C(CC3=C(O)C(CC4=CC(C(C)(C)C)=CC(CC1=C5)=C4OCC(N6CCOCCOCCOCC6)=O)=CC(C(C)(C)C)=C3)=CC(C(C)(C)C)=C2)OCC(N7CCOCCOCCOCC7)=O)C=C5C(C)(C)C
outer_cv,valid,1,3,3,,,217,Group 16/214.log,Group 16,Group 16,214.log,OC1=C(CC2=C(C(CC3=C(O)C(CC4=CC(C(C)(C)C)=CC(CC1=C5)=C4OCC(N6CCOCCOCCOCCOCC6)=O)=CC(C(C)(C)C)=C3)=CC(C(C)(C)C)=C2)OCC(N7CCOCCOCCOCCOCC7)=O)C=C5C(C)(C)C
outer_cv,valid,1,3,3,,,218,Group 16/215.log,Group 16,Group 16,215.log,OC1=C(CC2=C(C(CC3=C(O)C(CC4=CC(C(C)(C)C)=CC(CC1=C5)=C4OCC(N6CCOCCOCCOCCOCCOCC6)=O)=CC(C(C)(C)C)=C3)=CC(C(C)(C)C)=C2)OCC(N7CCOCCOCCOCCOCCOCC7)=O)C=C5C(C)(C)C
outer_cv,valid,1,3,3,,,219,Group 16/216.log,Group 16,Group 16,216.log,OC1=C(CC2=CC(C(C)(C)C)=CC(CC(C=C3C(C)(C)C)=C4OCC(N5CCOCCOCCOCC5)=O)=C2OCC(N6CCOCCOCCOCC6)=O)C=C(C(C)(C)C)C=C1CC7=CC(C(C)(C)C)=CC(CC4=C3)=C7OCC(N8CCOCCOCCOCC8)=O
outer_cv,valid,1,3,3,,,220,Group 16/217.log,Group 16,Group 16,217.log,CC(C)(C)C1=CC(CC2=C3)=C(OCC(N4CCOCCOCCOCC4)=O)C(CC5=CC(C(C)(C)C)=CC(CC6=CC(C(C)(C)C)=CC(CC(C=C3C(C)(C)C)=C2OCC(N7CCOCCOCCOCC7)=O)=C6OCC(N8CCOCCOCCOCC8)=O)=C5OCC(N9CCOCCOCCOCC9)=O)=C1
outer_cv,train,1,4,4,,,11,Group 2/12.log,Group 2,Group 2,12.log,OC1=C(SC2=C(C(SC3=C(O)C(SC4=CC(C(C)(C)C)=CC(SC1=C5)=C4O[Si](C)(C(C)(C)C)C)=CC(C(C)(C)C)=C3)=CC(C(C)(C)C)=C2)O[Si](C)(C)C(C)(C)C)C=C5C(C)(C)C
outer_cv,train,1,4,4,,,12,Group 2/13.log,Group 2,Group 2,13.log,OC1=C(SC2=C(C(SC3=C(O)C(S4)=CC=C3)=CC=C2)O[Si](C)(C)C(C)(C)C)C=CC=C1SC5=C(O[Si](C)(C(C)(C)C)C)C4=CC=C5
outer_cv,train,1,4,4,,,13,Group 2/14.log,Group 2,Group 2,14.log,OC1=C(SC2=C(C(SC3=C(O)C(SC4=CC(Br)=CC(SC1=C5)=C4O[Si](C)(C(C)(C)C)C)=CC(Br)=C3)=CC(Br)=C2)O[Si](C)(C)C(C)(C)C)C=C5Br
outer_cv,train,1,4,4,,,14,Group 2/15.log,Group 2,Group 2,15.log,OC1=C(SC2=C(C(SC3=C(O)C(S4)=CC=C3)=CC=C2)OS(C(F)(F)F)(=O)=O)C=CC=C1SC5=C(OS(=O)(C(F)(F)F)=O)C4=CC=C5
outer_cv,train,1,4,4,,,26,Group 4/27.log,Group 4,Group 4,27.log,CC(C)(C)C1=CC(CC2=C3)=C(OCC#C)C(CC4=CC(C(C)(C)C)=CC(CC5=CC(C(C)(C)C)=CC(CC(C=C3C(C)(C)C)=C2OCC#C)=C5OCC#C)=C4OCC#C)=C1
outer_cv,train,1,4,4,,,27,Group 4/28.log,Group 4,Group 4,28.log,CC(C)(C1=CC(CC2=C(C(CC(C=C(C=C3C4)C(C)(C)C)=C3OCC#C)=CC(C(C)(C)C)=C2)OCC#C)=C(OCC#C)C(CC5=CC(C(C)(C)C)=CC4=C5OCC#C)=C1)C
outer_cv,train,1,4,4,,,28,Group 4/29.log,Group 4,Group 4,29.log,CC(C1=CC2=C(OCC#C)C(CC3=CC(C(C)(C)C)=CC(CC4=CC(C(C)(C)C)=CC(CC5=CC(C(C)(C)C)=CC(C2)=C5OCC#C)=C4OCC#C)=C3OCC#C)=C1)(C)C
outer_cv,train,1,4,4,,,29,Group 4/30.log,Group 4,Group 4,30.log,C#CCOC1=C2C=CC=C1CC3=CC=CC(CC4=CC=CC(CC(C=CC=C5C2)=C5OCC#C)=C4OCC#C)=C3OCC#C
outer_cv,train,1,4,4,,,30,Group 4/31.log,Group 4,Group 4,31.log,OC1=C(SC2=C(C(S3)=CC(C(C)(C)C)=C2)OCCC#CC#CCCOC4=C(SC1=C5)C=C(C(C)(C)C)C=C4SC6=CC(C(C)(C)C)=CC3=C6O)C=C5C(C)(C)C
outer_cv,train,1,4,4,,,31,Group 4/32.log,Group 4,Group 4,32.log,OC1=C(CC2=C(C(CC3=C(O)C(CC4=CC(C(C)(C)C)=CC(CC1=C5)=C4OCC=C)=CC(C(C)(C)C)=C3)=CC(C(C)(C)C)=C2)OCC=C)C=C5C(C)(C)C
outer_cv,train,1,4,4,,,32,Group 4/33.log,Group 4,Group 4,33.log,OC1=C(CC2=C(C(CC3=C(O)C(C4)=CC=C3)=CC=C2)OCC=C)C=CC=C1CC5=C(OCC=C)C4=CC=C5
outer_cv,train,1,4,4,,,33,Group 4/34.log,Group 4,Group 4,34.log,OC1=C(SC2=C(C(SC3=C(O)C(SC4=CC(C(C)(C)C)=CC(SC1=C5)=C4OCC=C)=CC(C(C)(C)C)=C3)=CC(C(C)(C)C)=C2)OCC=C)C=C5C(C)(C)C
outer_cv,train,1,4,4,,,34,Group 4/35.log,Group 4,Group 4,35.log,CC(C1=CC2=C(OCC=C)C(SC3=CC(C(C)(C)C)=CC(SC4=CC(C(C)(C)C)=CC(SC5=CC(C(C)(C)C)=CC(S2)=C5OCC=C)=C4OCC=C)=C3OCC=C)=C1)(C)C
outer_cv,train,1,4,4,,,35,Group 4/36.log,Group 4,Group 4,36.log,CC(C1=CC2=C(OCC#C)C(SC3=CC(C(C)(C)C)=CC(SC4=CC(C(C)(C)C)=CC(SC5=CC(C(C)(C)C)=CC(S2)=C5OCC#C)=C4OCC#C)=C3OCC#C)=C1)(C)C
outer_cv,train,1,4,4,,,36,Group 4/36_iso.log,Group 4,Group 4,36_iso.log,CC(C)(C1=CC(SC2=C(C(SC(C=C(C=C3S4)C(C)(C)C)=C3OCC#C)=CC(C(C)(C)C)=C2)OCC#C)=C(OCC#C)C(SC5=CC(C(C)(C)C)=CC4=C5OCC#C)=C1)C
outer_cv,train,1,4,4,,,37,Group 4/37_iso.log,Group 4,Group 4,37_iso.log,C#CCOC1=C(SC2=CC=CC(S3)=C2OCC#C)C=CC=C1SC4=C(OCC#C)C(SC5=CC=CC3=C5OCC#C)=CC=C4
outer_cv,train,1,4,4,,,38,Group 4/37.log,Group 4,Group 4,37.log,C#CCOC1=C(S2)C=CC=C1SC(C=CC=C3SC4=C(OCC#C)C(SC5=CC=CC2=C5OCC#C)=CC=C4)=C3OCC#C
outer_cv,train,1,4,4,,,39,Group 4/38.log,Group 4,Group 4,38.log,BrC1=CC(SC2=CC(Br)=CC(SC3=C(OCC#C)C(SC4=CC(Br)=CC(SC5=C1)=C4OCC#C)=CC(Br)=C3)=C2OCC#C)=C5OCC#C
outer_cv,train,1,4,4,,,40,Group 4/38_iso.log,Group 4,Group 4,38_iso.log,BrC(C=C1S2)=CC(SC3=CC(Br)=CC(SC4=C(OCC#C)C(SC5=CC(Br)=CC2=C5OCC#C)=CC(Br)=C4)=C3OCC#C)=C1OCC#C
outer_cv,train,1,4,4,,,41,Group 4/39.log,Group 4,Group 4,39.log,OC1=C(SC2=C(C(SC3=C(O)C(SC4=CC(C(C)(C)C)=CC(SC1=C5)=C4OCC#C)=CC(C(C)(C)C)=C3)=CC(C(C)(C)C)=C2)OCC#C)C=C5C(C)(C)C
outer_cv,train,1,4,4,,,42,Group 4/39_iso.log,Group 4,Group 4,39_iso.log,OC(C(SC1=CC(C(C)(C)C)=CC(SC2=CC(C(C)(C)C)=CC(S3)=C2O)=C1OCC#C)=CC(C(C)(C)C)=C4)=C4SC5=C(C3=CC(C(C)(C)C)=C5)OCC#C
outer_cv,train,1,4,4,,,43,Group 4/40.log,Group 4,Group 4,40.log,CC(C)(C)C1=CC(CC2=C3)=C(OCCC#C)C(CC4=CC(C(C)(C)C)=CC(CC5=CC(C(C)(C)C)=CC(CC(C=C3C(C)(C)C)=C2OCCC#C)=C5OCCC#C)=C4OCCC#C)=C1
outer_cv,train,1,4,4,,,44,Group 4/41.log,Group 4,Group 4,41.log,CC(C)(C1=CC(CC2=C(C(CC(C=C(C=C3C4)C(C)(C)C)=C3OCCCC#C)=CC(C(C)(C)C)=C2)OCCCC#C)=C(OCCCC#C)C(CC5=CC(C(C)(C)C)=CC4=C5OCCCC#C)=C1)C
outer_cv,train,1,4,4,,,45,Group 4/42.log,Group 4,Group 4,42.log,CC(C1=CC2=C(OCCCC#C)C(CC3=CC(C(C)(C)C)=CC(CC4=CC(C(C)(C)C)=CC(CC5=CC(C(C)(C)C)=CC(C2)=C5OCCCC#C)=C4OCCCC#C)=C3OCCCC#C)=C1)(C)C
outer_cv,train,1,4,4,,,46,Group 4/43.log,Group 4,Group 4,43.log,CC(C)(C)C1=CC(CC2=C3)=C(OCCCCC#C)C(CC4=CC(C(C)(C)C)=CC(CC5=CC(C(C)(C)C)=CC(CC(C=C3C(C)(C)C)=C2OCCCCC#C)=C5OCCCCC#C)=C4OCCCCC#C)=C1
outer_cv,train,1,4,4,,,47,Group 4/44.log,Group 4,Group 4,44.log,CC(C1=CC2=C(OCCC#C)C(SC3=CC(C(C)(C)C)=CC(SC4=CC(C(C)(C)C)=CC5=C4OCCC#CC(C(C=C6S5)=CC(S2)=C6OCCC#C)(C)C)=C3OCCC#C)=C1)(C)C
outer_cv,train,1,4,4,,,48,Group 4/45.log,Group 4,Group 4,45.log,CC(C1=CC2=C(OCCCC#C)C(SC3=CC(C(C)(C)C)=CC(SC4=CC(C(C)(C)C)=CC(SC5=CC(C(C)(C)C)=CC(S2)=C5OCCCC#C)=C4OCCCC#C)=C3OCCCC#C)=C1)(C)C
outer_cv,train,1,4,4,,,49,Group 4/46.log,Group 4,Group 4,46.log,CC(C1=CC2=C(OCCCCC#C)C(SC3=CC(C(C)(C)C)=CC(SC4=CC(C(C)(C)C)=CC(SC5=CC(C(C)(C)C)=CC(S2)=C5OCCCCC#C)=C4OCCCCC#C)=C3OCCCCC#C)=C1)(C)C
outer_cv,train,1,4,4,,,50,Group 4/47.log,Group 4,Group 4,47.log,OC1=C(SC2=C(C(SC3=C(O)C(SC4=CC(C(C)(C)C)=CC(SC1=C5)=C4OCCC#C)=CC(C(C)(C)C)=C3)=CC(C(C)(C)C)=C2)OCCC#C)C=C5C(C)(C)C
outer_cv,train,1,4,4,,,51,Group 4/48.log,Group 4,Group 4,48.log,OC1=C(SC2=C(C(SC3=C(O)C(SC4=CC(C(C)(C)C)=CC(SC1=C5)=C4OCCCC#C)=CC(C(C)(C)C)=C3)=CC(C(C)(C)C)=C2)OCCCC#C)C=C5C(C)(C)C
outer_cv,train,1,4,4,,,52,Group 4/49.log,Group 4,Group 4,49.log,OC1=C(SC2=C(C(SC3=C(O)C(SC4=CC(C(C)(C)C)=CC(SC1=C5)=C4OCCCCC#C)=CC(C(C)(C)C)=C3)=CC(C(C)(C)C)=C2)OCCCCC#C)C=C5C(C)(C)C
outer_cv,train,1,4,4,,,53,Group 4/50.log,Group 4,Group 4,50.log,OC1=C(SC2=C(C(SC3=C(O)C(SC4=CC(C(C)(C)C)=CC(SC1=C5)=C4OCC#C)=CC(C(C)(C)C)=C3)=CC(C(C)(C)C)=C2)O)C=C5C(C)(C)C
outer_cv,train,1,4,4,,,54,Group 4/51.log,Group 4,Group 4,51.log,OC1=C(SC2=C(C(SC3=C(O)C(SC4=CC(C(C)(C)C)=CC(SC1=C5)=C4OCCC#C)=CC(C(C)(C)C)=C3)=CC(C(C)(C)C)=C2)O)C=C5C(C)(C)C
outer_cv,train,1,4,4,,,55,Group 4/52.log,Group 4,Group 4,52.log,OC1=C(SC2=C(C(SC3=C(O)C(SC4=CC(C(C)(C)C)=CC(SC1=C5)=C4OCCCC#C)=CC(C(C)(C)C)=C3)=CC(C(C)(C)C)=C2)O)C=C5C(C)(C)C
outer_cv,train,1,4,4,,,56,Group 4/53.log,Group 4,Group 4,53.log,OC1=C(SC2=C(C(SC3=C(O)C(SC4=CC(C(C)(C)C)=CC(SC1=C5)=C4OCCCCC#C)=CC(C(C)(C)C)=C3)=CC(C(C)(C)C)=C2)O)C=C5C(C)(C)C
outer_cv,train,1,4,4,,,57,Group 4/54.log,Group 4,Group 4,54.log,OC1=C(CC2=C(C(CC3=C(OCC#C)C(CC4=CC(C(C)(C)C)=CC(CC1=C5)=C4OCC#C)=CC(C(C)(C)C)=C3)=CC(C(C)(C)C)=C2)O)C=C5C(C)(C)C
outer_cv,train,1,4,4,,,61,Group 6/58.log,Group 6,Group 6,58.log,OC1=C(CC2=C(C(CC3=C(O)C(CC4=CC(C(C)(C)C)=CC(CC1=C5)=C4OCCBr)=CC(C(C)(C)C)=C3)=CC(C(C)(C)C)=C2)OCCBr)C=C5C(C)(C)C
outer_cv,train,1,4,4,,,62,Group 6/59.log,Group 6,Group 6,59.log,OC1=C(CC2=C(C(CC3=C(O)C(CC4=CC(C(C)(C)C)=CC(CC1=C5)=C4OCCCBr)=CC(C(C)(C)C)=C3)=CC(C(C)(C)C)=C2)OCCCBr)C=C5C(C)(C)C
outer_cv,train,1,4,4,,,63,Group 6/60.log,Group 6,Group 6,60.log,OC1=C(CC2=C(C(CC3=C(O)C(CC4=CC(C(C)(C)C)=CC(CC1=C5)=C4OCCCCBr)=CC(C(C)(C)C)=C3)=CC(C(C)(C)C)=C2)OCCCCBr)C=C5C(C)(C)C
outer_cv,train,1,4,4,,,64,Group 6/61.log,Group 6,Group 6,61.log,OC1=C(SC2=C(C(SC3=C(O)C(SC4=CC([N+]([O-])=O)=CC(SC1=C5)=C4OCCCBr)=CC([N+]([O-])=O)=C3)=CC([N+]([O-])=O)=C2)OCCCBr)C=C5[N+]([O-])=O
outer_cv,train,1,4,4,,,65,Group 6/62.log,Group 6,Group 6,62.log,CC(C1=CC2=C(OCCCBr)C(SC3=CC(C(C)(C)C)=CC(SC4=CC(C(C)(C)C)=CC(SC5=CC(C(C)(C)C)=CC(S2)=C5OCCCBr)=C4OCCCBr)=C3OCCCBr)=C1)(C)C
outer_cv,train,1,4,4,,,66,Group 6/63.log,Group 6,Group 6,63.log,CC(C1=CC2=C(OCCCCBr)C(SC3=CC(C(C)(C)C)=CC(SC4=CC(C(C)(C)C)=CC(SC5=CC(C(C)(C)C)=CC(S2)=C5OCCCCBr)=C4OCCCCBr)=C3OCCCCBr)=C1)(C)C
outer_cv,train,1,4,4,,,67,Group 6/64.log,Group 6,Group 6,64.log,CC(C1=CC2=C(OCCCCCBr)C(SC3=CC(C(C)(C)C)=CC(SC4=CC(C(C)(C)C)=CC(SC5=CC(C(C)(C)C)=CC(S2)=C5OCCCCCBr)=C4OCCCCCBr)=C3OCCCCCBr)=C1)(C)C
outer_cv,train,1,4,4,,,68,Group 6/65.log,Group 6,Group 6,65.log,CC(C1=CC2=C(OCCCCCCBr)C(SC3=CC(C(C)(C)C)=CC(SC4=CC(C(C)(C)C)=CC(SC5=CC(C(C)(C)C)=CC(S2)=C5OCCCCCCBr)=C4OCCCCCCBr)=C3OCCCCCCBr)=C1)(C)C
outer_cv,train,1,4,4,,,69,Group 6/66.log,Group 6,Group 6,66.log,CC(C1=CC2=C(OCCCCCCCCCCCC)C(SC3=CC(C(C)(C)C)=CC(SC4=CC(C(C)(C)C)=CC(SC5=CC(C(C)(C)C)=CC(S2)=C5OCCCBr)=C4OCCCCCCCCCCCC)=C3OCCCBr)=C1)(C)C
outer_cv,train,1,4,4,,,70,Group 6/67.log,Group 6,Group 6,67.log,CC(C1=CC2=C(OCCCCCCOC3=C(SC4=CC(C(C)(C)C)=CC(S2)=C4OCCCCCCBr)C=C(C(C)(C)C)C=C3S5)C(SC6=CC(C(C)(C)C)=CC5=C6OCCCCCCBr)=C1)(C)C
outer_cv,train,1,4,4,,,71,Group 7/68.log,Group 7,Group 7,68.log,OC1=C(CC2=C(C(CC3=C(O)C(CC4=CC(/N=N/C5=CC=C([N+]([O-])=O)C=C5)=CC(CC1=C6)=C4O)=CC(/N=N/C7=CC=C([N+]([O-])=O)C=C7)=C3)=CC(/N=N/C8=CC=C([N+]([O-])=O)C=C8)=C2)O)C=C6/N=N/C9=CC=C([N+]([O-])=O)C=C9
outer_cv,train,1,4,4,,,72,Group 7/69.log,Group 7,Group 7,69.log,OC1=C(SC2=C(C(SC3=C(O)C(SC4=CC(/N=N/C5=CC=C([N+]([O-])=O)C=C5)=CC(SC1=C6)=C4O)=CC(/N=N/C7=CC=C([N+]([O-])=O)C=C7)=C3)=CC(/N=N/C8=CC=C([N+]([O-])=O)C=C8)=C2)O)C=C6/N=N/C9=CC=C([N+]([O-])=O)C=C9
outer_cv,train,1,4,4,,,73,Group 7/70.log,Group 7,Group 7,70.log,OC1=C(SC2=C(C(SC3=C(O)C(SC4=CC(/N=N/C5=CC=C([N+]([O-])=O)C=C5)=CC(SC1=C6)=C4OCCCBr)=CC(/N=N/C7=CC=C([N+]([O-])=O)C=C7)=C3)=CC(/N=N/C8=CC=C([N+]([O-])=O)C=C8)=C2)OCCCBr)C=C6/N=N/C9=CC=C([N+]([O-])=O)C=C9
outer_cv,train,1,4,4,,,74,Group 7/71.log,Group 7,Group 7,71.log,OC1=C(SC2=C(C(SC3=C(O)C(SC4=CC(C(C)(C)C)=CC(SC1=C5)=C4OCCCOC6=CC=C(/N=N/C7=CC=C([N+]([O-])=O)C=C7)C=C6)=CC(C(C)(C)C)=C3)=CC(C(C)(C)C)=C2)OCCCOC8=CC=C(/N=N/C9=CC=C([N+]([O-])=O)C=C9)C=C8)C=C5C(C)(C)C
outer_cv,train,1,4,4,,,75,Group 7/72.log,Group 7,Group 7,72.log,OC(C=C1)=CC=C1/N=N/C2=CC=C([N+]([O-])=O)C=C2
outer_cv,train,1,4,4,,,76,Group 7/73.log,Group 7,Group 7,73.log,OCCCOC(C=C1)=CC=C1/N=N/C2=CC=C([N+]([O-])=O)C=C2
outer_cv,train,1,4,4,,,77,Group 7/74.log,Group 7,Group 7,74.log,CCCCCCCCOC(C=C1)=CC=C1/N=N/C2=CC=C([N+]([O-])=O)C=C2
outer_cv,train,1,4,4,,,78,Group 7/75.log,Group 7,Group 7,75.log,OCCN(CC)C(C=C1)=CC=C1/N=N/C2=CC=C([N+]([O-])=O)C=C2
outer_cv,train,1,4,4,,,79,Group 8/76.log,Group 8,Group 8,76.log,OC1=C(SC2=C(C(SC3=C(O)C(SC4=CC(C(C)(C)C)=CC(SC1=C5)=C4OCCN)=CC(C(C)(C)C)=C3)=CC(C(C)(C)C)=C2)OCCN)C=C5C(C)(C)C
outer_cv,train,1,4,4,,,80,Group 8/77.log,Group 8,Group 8,77.log,OC1=C(SC2=C(C(SC3=C(O)C(SC4=CC(C(C)(C)C)=CC(SC1=C5)=C4OCCCN)=CC(C(C)(C)C)=C3)=CC(C(C)(C)C)=C2)OCCCN)C=C5C(C)(C)C
outer_cv,train,1,4,4,,,81,Group 8/78.log,Group 8,Group 8,78.log,OC1=C(SC2=C(C(SC3=C(O)C(SC4=CC(C(C)(C)C)=CC(SC1=C5)=C4OCCN)=CC(C(C)(C)C)=C3)=CC(C(C)(C)C)=C2)O)C=C5C(C)(C)C
outer_cv,train,1,4,4,,,82,Group 8/79.log,Group 8,Group 8,79.log,OC1=C(SC2=C(C(SC3=C(O)C(SC4=CC(C(C)(C)C)=CC(SC1=C5)=C4OCCCN)=CC(C(C)(C)C)=C3)=CC(C(C)(C)C)=C2)O)C=C5C(C)(C)C
outer_cv,train,1,4,4,,,83,Group 8/80.log,Group 8,Group 8,80.log,OC1=C(SC2=C(C(SC3=C(O)C(SC4=CC(C(C)(C)C)=CC(SC1=C5)=C4OCCN(CC)CC6=CC=CC=C6)=CC(C(C)(C)C)=C3)=CC(C(C)(C)C)=C2)OCCN(CC)CC7=CC=CC=C7)C=C5C(C)(C)C
outer_cv,train,1,4,4,,,84,Group 8/81.log,Group 8,Group 8,81.log,CC(C1=CC2=C(OCCCCCCCCCCCC)C(SC3=CC(C(C)(C)C)=CC(SC4=CC(C(C)(C)C)=CC(SC5=CC(C(C)(C)C)=CC(S2)=C5OCCN)=C4OCCCCCCCCCCCC)=C3OCCN)=C1)(C)C
outer_cv,train,1,4,4,,,85,Group 8/82.log,Group 8,Group 8,82.log,CC(C1=CC2=C(OCCCCCCCCCCCC)C(SC3=CC(C(C)(C)C)=CC(SC4=CC(C(C)(C)C)=CC(SC5=CC(C(C)(C)C)=CC(S2)=C5OCCCN)=C4OCCCCCCCCCCCC)=C3OCCCN)=C1)(C)C
outer_cv,train,1,4,4,,,86,Group 8/83.log,Group 8,Group 8,83.log,CC(C1=CC2=C(OCCCCCCCCCCCC)C(SC3=CC(C(C)(C)C)=CC(SC4=CC(C(C)(C)C)=CC(SC5=CC(C(C)(C)C)=CC(S2)=C5OCCCN=[N+]=[N-])=C4OCCCCCCCCCCCC)=C3OCCCN=[N+]=[N-])=C1)(C)C
outer_cv,train,1,4,4,,,87,Group 8/84.log,Group 8,Group 8,84.log,CC(C1=CC2=C(OCCN=[N+]=[N-])C(SC3=CC(C(C)(C)C)=CC(SC4=CC(C(C)(C)C)=CC(SC5=CC(C(C)(C)C)=CC(S2)=C5OCCN=[N+]=[N-])=C4OCCN=[N+]=[N-])=C3OCCN=[N+]=[N-])=C1)(C)C
outer_cv,train,1,4,4,,,88,Group 8/85.log,Group 8,Group 8,85.log,CC(C1=CC2=C(OCCCN=[N+]=[N-])C(SC3=CC(C(C)(C)C)=CC(SC4=CC(C(C)(C)C)=CC(SC5=CC(C(C)(C)C)=CC(S2)=C5OCCCN=[N+]=[N-])=C4OCCCN=[N+]=[N-])=C3OCCCN=[N+]=[N-])=C1)(C)C
outer_cv,train,1,4,4,,,89,Group 8/86.log,Group 8,Group 8,86.log,CC(C1=CC2=C(OCCCCN=[N+]=[N-])C(SC3=CC(C(C)(C)C)=CC(SC4=CC(C(C)(C)C)=CC(SC5=CC(C(C)(C)C)=CC(S2)=C5OCCCCN=[N+]=[N-])=C4OCCCCN=[N+]=[N-])=C3OCCCCN=[N+]=[N-])=C1)(C)C
outer_cv,train,1,4,4,,,90,Group 8/87.log,Group 8,Group 8,87.log,CC(C1=CC2=C(OCCCCCN=[N+]=[N-])C(SC3=CC(C(C)(C)C)=CC(SC4=CC(C(C)(C)C)=CC(SC5=CC(C(C)(C)C)=CC(S2)=C5OCCCCCN=[N+]=[N-])=C4OCCCCCN=[N+]=[N-])=C3OCCCCCN=[N+]=[N-])=C1)(C)C
outer_cv,train,1,4,4,,,91,Group 8/88.log,Group 8,Group 8,88.log,OC1=C(SC2=C(C(SC3=C(O)C(SC4=CC(C(C)(C)C)=CC(SC1=C5)=C4OCCN=[N+]=[N-])=CC(C(C)(C)C)=C3)=CC(C(C)(C)C)=C2)OCCN=[N+]=[N-])C=C5C(C)(C)C
outer_cv,train,1,4,4,,,92,Group 8/89.log,Group 8,Group 8,89.log,OC1=C(SC2=C(C(SC3=C(O)C(SC4=CC(C(C)(C)C)=CC(SC1=C5)=C4OCCN=[N+]=[N-])=CC(C(C)(C)C)=C3)=CC(C(C)(C)C)=C2)O)C=C5C(C)(C)C
outer_cv,train,1,4,4,,,93,Group 8/90.log,Group 8,Group 8,90.log,OC1=C(SC2=C(C(SC3=C(O)C(SC4=CC(C(C)(C)C)=CC(SC1=C5)=C4OCCCN=[N+]=[N-])=CC(C(C)(C)C)=C3)=CC(C(C)(C)C)=C2)O)C=C5C(C)(C)C
outer_cv,train,1,4,4,,,127,Group 11/124.log,Group 11,Group 11,124.log,CC(C1=CC2=C(OCC3=CN(CCOC(C(SC(C=C4C(C)(C)C)=C5O)=C6)=C(C=C6C(C)(C)C)SC7=C(O)C(SC(C=C(C=C8SC5=C4)C(C)(C)C)=C8O)=CC(C(C)(C)C)=C7)N=N3)C(SC9=CC(C(C)(C)C)=CC(SC%10=CC(C(C)(C)C)=CC(SC%11=CC(C(C)(C)C)=CC(S2)=C%11OCC%12=CN(CCOC%13=C(SC%14=C%15)C=C(C(C)(C)C)C=C%13SC%16=CC(C(C)(C)C)=CC(SC%17=CC(C(C)(C)C)=CC(SC(C=C%15C(C)(C)C)=C%14O)=C%17O)=C%16O)N=N%12)=C%10OCC%18=CN(CCOC%19=C(C=C(C=C%19SC%20=C%21)C(C)(C)C)SC%22=CC(C(C)(C)C)=CC(SC%23=C(O)C(SC(C=C%21C(C)(C)C)=C%20O)=CC(C(C)(C)C)=C%23)=C%22O)N=N%18)=C9OCC%24=CN(CCOC%25=C(SC(C=C%26C(C)(C)C)=C%27O)C=C(C(C)(C)C)C=C%25SC%28=C(O)C(SC%29=CC(C(C)(C)C)=CC(SC%27=C%26)=C%29O)=CC(C(C)(C)C)=C%28)N=N%24)=C1)(C)C
outer_cv,train,1,4,4,,,128,Group 11/125.log,Group 11,Group 11,125.log,CC(C1=CC2=C(OCC3=CN(CCCOC(C(SC(C=C4C(C)(C)C)=C5O)=C6)=C(C=C6C(C)(C)C)SC7=C(O)C(SC(C=C(C=C8SC5=C4)C(C)(C)C)=C8O)=CC(C(C)(C)C)=C7)N=N3)C(SC9=CC(C(C)(C)C)=CC(SC%10=CC(C(C)(C)C)=CC(SC%11=CC(C(C)(C)C)=CC(S2)=C%11OCC%12=CN(CCCOC%13=C(SC%14=C%15)C=C(C(C)(C)C)C=C%13SC%16=CC(C(C)(C)C)=CC(SC%17=CC(C(C)(C)C)=CC(SC(C=C%15C(C)(C)C)=C%14O)=C%17O)=C%16O)N=N%12)=C%10OCC%18=CN(CCCOC%19=C(C=C(C=C%19SC%20=C%21)C(C)(C)C)SC%22=CC(C(C)(C)C)=CC(SC%23=C(O)C(SC(C=C%21C(C)(C)C)=C%20O)=CC(C(C)(C)C)=C%23)=C%22O)N=N%18)=C9OCC%24=CN(CCCOC%25=C(SC(C=C%26C(C)(C)C)=C%27O)C=C(C(C)(C)C)C=C%25SC%28=C(O)C(SC%29=CC(C(C)(C)C)=CC(SC%27=C%26)=C%29O)=CC(C(C)(C)C)=C%28)N=N%24)=C1)(C)C
outer_cv,train,1,4,4,,,129,Group 11/126.log,Group 11,Group 11,126.log,CC(C1=CC(SC2=C(O)C(SC(C=C(C=C3SC4=C5)C(C)(C)C)=C3O)=CC(C(C)(C)C)=C2)=C(OCCN6N=NC(CCOC(C(SC7=CC(C(C)(C)C)=CC(SC8=CC(C(C)(C)C)=CC(S9)=C8OCCC%10=CN(CCOC%11=C(C=C(C=C%11SC%12=C%13)C(C)(C)C)SC%14=CC(C(C)(C)C)=CC(SC%15=C(O)C(SC(C=C%13C(C)(C)C)=C%12O)=CC(C(C)(C)C)=C%15)=C%14O)N=N%10)=C7OCCC%16=CN(CCOC%17=C(SC(C=C%18C(C)(C)C)=C%19O)C=C(C(C)(C)C)C=C%17SC%20=C(O)C(SC%21=CC(C(C)(C)C)=CC(SC%19=C%18)=C%21O)=CC(C(C)(C)C)=C%20)N=N%16)=CC(C(C)(C)C)=C%22)=C%22SC%23=C(C9=CC(C(C)(C)C)=C%23)OCCC%24=CN(CCOC%25=C(SC%26=C%27)C=C(C(C)(C)C)C=C%25SC%28=CC(C(C)(C)C)=CC(SC%29=CC(C(C)(C)C)=CC(SC(C=C%27C(C)(C)C)=C%26O)=C%29O)=C%28O)N=N%24)=C6)C(SC(C=C5C(C)(C)C)=C4O)=C1)(C)C
outer_cv,train,1,4,4,,,130,Group 11/127.log,Group 11,Group 11,127.log,OC1=C(SC2=C3)C=C(C(C)(C)C)C=C1SC4=CC(C(C)(C)C)=CC(SC5=CC(C(C)(C)C)=CC(SC(C=C3C(C)(C)C)=C2O)=C5OCCCN(N=N6)C=C6CCOC7=C(SC8=CC(C(C)(C)C)=CC(SC9=CC(C(C)(C)C)=CC(S%10)=C9OCCC%11=CN(CCCOC%12=C(SC%13=C%14)C=C(C(C)(C)C)C=C%12SC%15=CC(C(C)(C)C)=CC(SC%16=CC(C(C)(C)C)=CC(SC(C=C%14C(C)(C)C)=C%13O)=C%16O)=C%15O)N=N%11)=C8OCCC%17=CN(CCCOC%18=C(C=C(C=C%18SC%19=C%20)C(C)(C)C)SC%21=CC(C(C)(C)C)=CC(SC%22=C(O)C(SC(C=C%20C(C)(C)C)=C%19O)=CC(C(C)(C)C)=C%22)=C%21O)N=N%17)C=C(C(C)(C)C)C=C7SC%23=CC(C(C)(C)C)=CC%10=C%23OCCC%24=CN(CCCOC%25=C(C=C%26C(C)(C)C)SC%27=C(O)C(SC%28=C(O)C(SC%29=CC(C(C)(C)C)=CC(SC%25=C%26)=C%29O)=CC(C(C)(C)C)=C%28)=CC(C(C)(C)C)=C%27)N=N%24)=C4O
outer_cv,train,1,4,4,,,131,Group 11/128.log,Group 11,Group 11,128.log,CC(C1=CC2=C(OCCCC3=CN(CCOC4=C(C=C5C(C)(C)C)SC6=C(O)C(SC7=C(O)C(SC8=CC(C(C)(C)C)=CC(SC4=C5)=C8O)=CC(C(C)(C)C)=C7)=CC(C(C)(C)C)=C6)N=N3)C(SC9=CC(C(C)(C)C)=CC(SC%10=CC(C(C)(C)C)=CC(SC%11=CC(C(C)(C)C)=CC(S2)=C%11OCCCC%12=CN(CCOC%13=C(SC%14=C%15)C=C(C(C)(C)C)C=C%13SC%16=CC(C(C)(C)C)=CC(SC%17=CC(C(C)(C)C)=CC(SC(C=C%15C(C)(C)C)=C%14O)=C%17O)=C%16O)N=N%12)=C%10OCCCC%18=CN(CCOC%19=C(C=C(C=C%19SC%20=C%21)C(C)(C)C)SC%22=CC(C(C)(C)C)=CC(SC%23=C(O)C(SC(C=C%21C(C)(C)C)=C%20O)=CC(C(C)(C)C)=C%23)=C%22O)N=N%18)=C9OCCCC%24=CN(CCOC%25=C(SC(C=C%26C(C)(C)C)=C%27O)C=C(C(C)(C)C)C=C%25SC%28=C(O)C(SC%29=CC(C(C)(C)C)=CC(SC%27=C%26)=C%29O)=CC(C(C)(C)C)=C%28)N=N%24)=C1)(C)C
outer_cv,train,1,4,4,,,132,Group 11/129.log,Group 11,Group 11,129.log,CC(C1=CC2=C(OCCCC3=CN(CCCOC4=C(C=C5C(C)(C)C)SC6=C(O)C(SC7=C(O)C(SC8=CC(C(C)(C)C)=CC(SC4=C5)=C8O)=CC(C(C)(C)C)=C7)=CC(C(C)(C)C)=C6)N=N3)C(SC9=CC(C(C)(C)C)=CC(SC%10=CC(C(C)(C)C)=CC(SC%11=CC(C(C)(C)C)=CC(S2)=C%11OCCCC%12=CN(CCCOC%13=C(SC%14=C%15)C=C(C(C)(C)C)C=C%13SC%16=CC(C(C)(C)C)=CC(SC%17=CC(C(C)(C)C)=CC(SC(C=C%15C(C)(C)C)=C%14O)=C%17O)=C%16O)N=N%12)=C%10OCCCC%18=CN(CCCOC%19=C(C=C(C=C%19SC%20=C%21)C(C)(C)C)SC%22=CC(C(C)(C)C)=CC(SC%23=C(O)C(SC(C=C%21C(C)(C)C)=C%20O)=CC(C(C)(C)C)=C%23)=C%22O)N=N%18)=C9OCCCC%24=CN(CCCOC%25=C(SC(C=C%26C(C)(C)C)=C%27O)C=C(C(C)(C)C)C=C%25SC%28=C(O)C(SC%29=CC(C(C)(C)C)=CC(SC%27=C%26)=C%29O)=CC(C(C)(C)C)=C%28)N=N%24)=C1)(C)C
outer_cv,train,1,4,4,,,133,Group 11/130.log,Group 11,Group 11,130.log,CC(C1=CC2=C(OCCCCC3=CN(CCOC(C(SC(C=C4C(C)(C)C)=C5O)=C6)=C(C=C6C(C)(C)C)SC7=C(O)C(SC(C=C(C=C8SC5=C4)C(C)(C)C)=C8O)=CC(C(C)(C)C)=C7)N=N3)C(SC9=CC(C(C)(C)C)=CC(SC%10=CC(C(C)(C)C)=CC(SC%11=CC(C(C)(C)C)=CC(S2)=C%11OCCCCC%12=CN(CCOC%13=C(SC%14=C%15)C=C(C(C)(C)C)C=C%13SC%16=CC(C(C)(C)C)=CC(SC%17=CC(C(C)(C)C)=CC(SC(C=C%15C(C)(C)C)=C%14O)=C%17O)=C%16O)N=N%12)=C%10OCCCCC%18=CN(CCOC%19=C(C=C(C=C%19SC%20=C%21)C(C)(C)C)SC%22=CC(C(C)(C)C)=CC(SC%23=C(O)C(SC(C=C%21C(C)(C)C)=C%20O)=CC(C(C)(C)C)=C%23)=C%22O)N=N%18)=C9OCCCCC%24=CN(CCOC%25=C(SC(C=C%26C(C)(C)C)=C%27O)C=C(C(C)(C)C)C=C%25SC%28=C(O)C(SC%29=CC(C(C)(C)C)=CC(SC%27=C%26)=C%29O)=CC(C(C)(C)C)=C%28)N=N%24)=C1)(C)C
outer_cv,train,1,4,4,,,134,Group 11/131.log,Group 11,Group 11,131.log,CC(C1=CC2=C(OCCCCC3=CN(CCCOC(C(SC(C=C4C(C)(C)C)=C5O)=C6)=C(C=C6C(C)(C)C)SC7=C(O)C(SC(C=C(C=C8SC5=C4)C(C)(C)C)=C8O)=CC(C(C)(C)C)=C7)N=N3)C(SC9=CC(C(C)(C)C)=CC(SC%10=CC(C(C)(C)C)=CC(SC%11=CC(C(C)(C)C)=CC(S2)=C%11OCCCCC%12=CN(CCCOC%13=C(SC%14=C%15)C=C(C(C)(C)C)C=C%13SC%16=CC(C(C)(C)C)=CC(SC%17=CC(C(C)(C)C)=CC(SC(C=C%15C(C)(C)C)=C%14O)=C%17O)=C%16O)N=N%12)=C%10OCCCCC%18=CN(CCCOC%19=C(C=C(C=C%19SC%20=C%21)C(C)(C)C)SC%22=CC(C(C)(C)C)=CC(SC%23=C(O)C(SC(C=C%21C(C)(C)C)=C%20O)=CC(C(C)(C)C)=C%23)=C%22O)N=N%18)=C9OCCCCC%24=CN(CCCOC%25=C(SC(C=C%26C(C)(C)C)=C%27O)C=C(C(C)(C)C)C=C%25SC%28=C(O)C(SC%29=CC(C(C)(C)C)=CC(SC%27=C%26)=C%29O)=CC(C(C)(C)C)=C%28)N=N%24)=C1)(C)C
outer_cv,train,1,4,4,,,135,Group 11/132.log,Group 11,Group 11,132.log,CC(C1=CC(SC2=C(O)C(SC(C=C(C=C3SC4=C5)C(C)(C)C)=C3O)=CC(C(C)(C)C)=C2)=C(OCC6=CN(N=N6)CCOC(C(SC7=CC(C(C)(C)C)=CC(SC8=CC(C(C)(C)C)=CC(S9)=C8OCCN%10C=C(COC%11=C(C=C(C=C%11SC%12=C%13)C(C)(C)C)SC%14=CC(C(C)(C)C)=CC(SC%15=C(O)C(SC(C=C%13C(C)(C)C)=C%12O)=CC(C(C)(C)C)=C%15)=C%14O)N=N%10)=C7OCCN%16C=C(COC%17=C(SC(C=C%18C(C)(C)C)=C%19O)C=C(C(C)(C)C)C=C%17SC%20=C(O)C(SC%21=CC(C(C)(C)C)=CC(SC%19=C%18)=C%21O)=CC(C(C)(C)C)=C%20)N=N%16)=CC(C(C)(C)C)=C%22)=C%22SC%23=C(C9=CC(C(C)(C)C)=C%23)OCCN%24N=NC(COC%25=C(SC%26=C%27)C=C(C(C)(C)C)C=C%25SC%28=CC(C(C)(C)C)=CC(SC%29=CC(C(C)(C)C)=CC(SC(C=C%27C(C)(C)C)=C%26O)=C%29O)=C%28O)=C%24)C(SC(C=C5C(C)(C)C)=C4O)=C1)(C)C
outer_cv,train,1,4,4,,,136,Group 11/133.log,Group 11,Group 11,133.log,CC(C1=CC(SC2=C(O)C(SC(C=C(C=C3SC4=C5)C(C)(C)C)=C3O)=CC(C(C)(C)C)=C2)=C(OCCC6=CN(N=N6)CCOC(C(SC7=CC(C(C)(C)C)=CC(SC8=CC(C(C)(C)C)=CC(S9)=C8OCCN%10C=C(CCOC%11=C(C=C(C=C%11SC%12=C%13)C(C)(C)C)SC%14=CC(C(C)(C)C)=CC(SC%15=C(O)C(SC(C=C%13C(C)(C)C)=C%12O)=CC(C(C)(C)C)=C%15)=C%14O)N=N%10)=C7OCCN%16C=C(CCOC%17=C(SC(C=C%18C(C)(C)C)=C%19O)C=C(C(C)(C)C)C=C%17SC%20=C(O)C(SC%21=CC(C(C)(C)C)=CC(SC%19=C%18)=C%21O)=CC(C(C)(C)C)=C%20)N=N%16)=CC(C(C)(C)C)=C%22)=C%22SC%23=C(C9=CC(C(C)(C)C)=C%23)OCCN%24N=NC(CCOC%25=C(SC%26=C%27)C=C(C(C)(C)C)C=C%25SC%28=CC(C(C)(C)C)=CC(SC%29=CC(C(C)(C)C)=CC(SC(C=C%27C(C)(C)C)=C%26O)=C%29O)=C%28O)=C%24)C(SC(C=C5C(C)(C)C)=C4O)=C1)(C)C
outer_cv,train,1,4,4,,,137,Group 11/134.log,Group 11,Group 11,134.log,OC1=C(SC2=C3)C=C(C(C)(C)C)C=C1SC4=CC(C(C)(C)C)=CC(SC5=CC(C(C)(C)C)=CC(SC(C=C3C(C)(C)C)=C2O)=C5OCCCC(N=N6)=CN6CCOC7=C(SC8=CC(C(C)(C)C)=CC(SC9=CC(C(C)(C)C)=CC(S%10)=C9OCCN%11N=NC(CCCOC%12=C(SC%13=C%14)C=C(C(C)(C)C)C=C%12SC%15=CC(C(C)(C)C)=CC(SC%16=CC(C(C)(C)C)=CC(SC(C=C%14C(C)(C)C)=C%13O)=C%16O)=C%15O)=C%11)=C8OCCN%17C=C(CCCOC%18=C(C=C(C=C%18SC%19=C%20)C(C)(C)C)SC%21=CC(C(C)(C)C)=CC(SC%22=C(O)C(SC(C=C%20C(C)(C)C)=C%19O)=CC(C(C)(C)C)=C%22)=C%21O)N=N%17)C=C(C(C)(C)C)C=C7SC%23=CC(C(C)(C)C)=CC%10=C%23OCCN%24N=NC(CCCOC%25=C(C=C%26C(C)(C)C)SC%27=C(O)C(SC%28=C(O)C(SC%29=CC(C(C)(C)C)=CC(SC%25=C%26)=C%29O)=CC(C(C)(C)C)=C%28)=CC(C(C)(C)C)=C%27)=C%24)=C4O
outer_cv,train,1,4,4,,,138,Group 11/135.log,Group 11,Group 11,135.log,OC1=C(SC2=C3)C=C(C(C)(C)C)C=C1SC4=CC(C(C)(C)C)=CC(SC5=CC(C(C)(C)C)=CC(SC(C=C3C(C)(C)C)=C2O)=C5OCCCCC(N=N6)=CN6CCOC7=C(SC8=CC(C(C)(C)C)=CC(SC9=CC(C(C)(C)C)=CC(S%10)=C9OCCN%11N=NC(CCCCOC%12=C(SC%13=C%14)C=C(C(C)(C)C)C=C%12SC%15=CC(C(C)(C)C)=CC(SC%16=CC(C(C)(C)C)=CC(SC(C=C%14C(C)(C)C)=C%13O)=C%16O)=C%15O)=C%11)=C8OCCN%17C=C(CCCCOC%18=C(C=C(C=C%18SC%19=C%20)C(C)(C)C)SC%21=CC(C(C)(C)C)=CC(SC%22=C(O)C(SC(C=C%20C(C)(C)C)=C%19O)=CC(C(C)(C)C)=C%22)=C%21O)N=N%17)C=C(C(C)(C)C)C=C7SC%23=CC(C(C)(C)C)=CC%10=C%23OCCN%24N=NC(CCCCOC%25=C(C=C%26C(C)(C)C)SC%27=C(O)C(SC%28=C(O)C(SC%29=CC(C(C)(C)C)=CC(SC%25=C%26)=C%29O)=CC(C(C)(C)C)=C%28)=CC(C(C)(C)C)=C%27)=C%24)=C4O
outer_cv,train,1,4,4,,,139,Group 11/136.log,Group 11,Group 11,136.log,CC(C1=CC2=C(OCCCN3C=C(COC4=C(C=C5C(C)(C)C)SC6=C(O)C(SC7=C(O)C(SC8=CC(C(C)(C)C)=CC(SC4=C5)=C8O)=CC(C(C)(C)C)=C7)=CC(C(C)(C)C)=C6)N=N3)C(SC9=CC(C(C)(C)C)=CC(SC%10=CC(C(C)(C)C)=CC(SC%11=CC(C(C)(C)C)=CC(S2)=C%11OCCCN%12C=C(COC%13=C(SC%14=C%15)C=C(C(C)(C)C)C=C%13SC%16=CC(C(C)(C)C)=CC(SC%17=CC(C(C)(C)C)=CC(SC(C=C%15C(C)(C)C)=C%14O)=C%17O)=C%16O)N=N%12)=C%10OCCCN%18N=NC(COC%19=C(C=C(C=C%19SC%20=C%21)C(C)(C)C)SC%22=CC(C(C)(C)C)=CC(SC%23=C(O)C(SC(C=C%21C(C)(C)C)=C%20O)=CC(C(C)(C)C)=C%23)=C%22O)=C%18)=C9OCCCN%24N=NC(COC%25=C(SC(C=C%26C(C)(C)C)=C%27O)C=C(C(C)(C)C)C=C%25SC%28=C(O)C(SC%29=CC(C(C)(C)C)=CC(SC%27=C%26)=C%29O)=CC(C(C)(C)C)=C%28)=C%24)=C1)(C)C
outer_cv,train,1,4,4,,,140,Group 11/137.log,Group 11,Group 11,137.log,CC(C1=CC2=C(OCCCN3C=C(CCOC4=C(C=C5C(C)(C)C)SC6=C(O)C(SC7=C(O)C(SC8=CC(C(C)(C)C)=CC(SC4=C5)=C8O)=CC(C(C)(C)C)=C7)=CC(C(C)(C)C)=C6)N=N3)C(SC9=CC(C(C)(C)C)=CC(SC%10=CC(C(C)(C)C)=CC(SC%11=CC(C(C)(C)C)=CC(S2)=C%11OCCCN%12C=C(CCOC%13=C(SC%14=C%15)C=C(C(C)(C)C)C=C%13SC%16=CC(C(C)(C)C)=CC(SC%17=CC(C(C)(C)C)=CC(SC(C=C%15C(C)(C)C)=C%14O)=C%17O)=C%16O)N=N%12)=C%10OCCCN%18N=NC(CCOC%19=C(C=C(C=C%19SC%20=C%21)C(C)(C)C)SC%22=CC(C(C)(C)C)=CC(SC%23=C(O)C(SC(C=C%21C(C)(C)C)=C%20O)=CC(C(C)(C)C)=C%23)=C%22O)=C%18)=C9OCCCN%24N=NC(CCOC%25=C(SC(C=C%26C(C)(C)C)=C%27O)C=C(C(C)(C)C)C=C%25SC%28=C(O)C(SC%29=CC(C(C)(C)C)=CC(SC%27=C%26)=C%29O)=CC(C(C)(C)C)=C%28)=C%24)=C1)(C)C
outer_cv,train,1,4,4,,,141,Group 11/138.log,Group 11,Group 11,138.log,CC(C1=CC2=C(OCCCN3C=C(CCCOC4=C(C=C5C(C)(C)C)SC6=C(O)C(SC7=C(O)C(SC8=CC(C(C)(C)C)=CC(SC4=C5)=C8O)=CC(C(C)(C)C)=C7)=CC(C(C)(C)C)=C6)N=N3)C(SC9=CC(C(C)(C)C)=CC(SC%10=CC(C(C)(C)C)=CC(SC%11=CC(C(C)(C)C)=CC(S2)=C%11OCCCN%12C=C(CCCOC%13=C(SC%14=C%15)C=C(C(C)(C)C)C=C%13SC%16=CC(C(C)(C)C)=CC(SC%17=CC(C(C)(C)C)=CC(SC(C=C%15C(C)(C)C)=C%14O)=C%17O)=C%16O)N=N%12)=C%10OCCCN%18N=NC(CCCOC%19=C(C=C(C=C%19SC%20=C%21)C(C)(C)C)SC%22=CC(C(C)(C)C)=CC(SC%23=C(O)C(SC(C=C%21C(C)(C)C)=C%20O)=CC(C(C)(C)C)=C%23)=C%22O)=C%18)=C9OCCCN%24N=NC(CCCOC%25=C(SC(C=C%26C(C)(C)C)=C%27O)C=C(C(C)(C)C)C=C%25SC%28=C(O)C(SC%29=CC(C(C)(C)C)=CC(SC%27=C%26)=C%29O)=CC(C(C)(C)C)=C%28)=C%24)=C1)(C)C
outer_cv,train,1,4,4,,,142,Group 11/139.log,Group 11,Group 11,139.log,CC(C1=CC2=C(OCCCN3C=C(CCCCOC4=C(C=C5C(C)(C)C)SC6=C(O)C(SC7=C(O)C(SC8=CC(C(C)(C)C)=CC(SC4=C5)=C8O)=CC(C(C)(C)C)=C7)=CC(C(C)(C)C)=C6)N=N3)C(SC9=CC(C(C)(C)C)=CC(SC%10=CC(C(C)(C)C)=CC(SC%11=CC(C(C)(C)C)=CC(S2)=C%11OCCCN%12C=C(CCCCOC%13=C(SC%14=C%15)C=C(C(C)(C)C)C=C%13SC%16=CC(C(C)(C)C)=CC(SC%17=CC(C(C)(C)C)=CC(SC(C=C%15C(C)(C)C)=C%14O)=C%17O)=C%16O)N=N%12)=C%10OCCCN%18N=NC(CCCCOC%19=C(C=C(C=C%19SC%20=C%21)C(C)(C)C)SC%22=CC(C(C)(C)C)=CC(SC%23=C(O)C(SC(C=C%21C(C)(C)C)=C%20O)=CC(C(C)(C)C)=C%23)=C%22O)=C%18)=C9OCCCN%24N=NC(CCCCOC%25=C(S)C=C(C(C)(C)C)C=C%25SC%26=C(O)C(SC%27=CC(C(C)(C)C)=CC(SC%28=CC(C(C)(C)C)=CC=C%28O)=C%27O)=CC(C(C)(C)C)=C%26)=C%24)=C1)(C)C
outer_cv,train,1,4,4,,,143,Group 11/140.log,Group 11,Group 11,140.log,CC(C1=CC2=C(OCCCCN3N=NC(COC(C(SC(C=C4C(C)(C)C)=C5O)=C6)=C(C=C6C(C)(C)C)SC7=C(O)C(SC(C=C(C=C8SC5=C4)C(C)(C)C)=C8O)=CC(C(C)(C)C)=C7)=C3)C(SC9=CC(C(C)(C)C)=CC(SC%10=CC(C(C)(C)C)=CC(SC%11=CC(C(C)(C)C)=CC(S2)=C%11OCCCCN%12N=NC(COC%13=C(SC%14=C%15)C=C(C(C)(C)C)C=C%13SC%16=CC(C(C)(C)C)=CC(SC%17=CC(C(C)(C)C)=CC(SC(C=C%15C(C)(C)C)=C%14O)=C%17O)=C%16O)=C%12)=C%10OCCCCN%18C=C(COC%19=C(C=C(C=C%19SC%20=C%21)C(C)(C)C)SC%22=CC(C(C)(C)C)=CC(SC%23=C(O)C(SC(C=C%21C(C)(C)C)=C%20O)=CC(C(C)(C)C)=C%23)=C%22O)N=N%18)=C9OCCCCN%24C=C(COC%25=C(SC(C=C%26C(C)(C)C)=C%27O)C=C(C(C)(C)C)C=C%25SC%28=C(O)C(SC%29=CC(C(C)(C)C)=CC(SC%27=C%26)=C%29O)=CC(C(C)(C)C)=C%28)N=N%24)=C1)(C)C
outer_cv,train,1,4,4,,,144,Group 11/141.log,Group 11,Group 11,141.log,CC(C1=CC2=C(OCCCCN3N=NC(CCOC(C(SC(C=C4C(C)(C)C)=C5O)=C6)=C(C=C6C(C)(C)C)SC7=C(O)C(SC(C=C(C=C8SC5=C4)C(C)(C)C)=C8O)=CC(C(C)(C)C)=C7)=C3)C(SC9=CC(C(C)(C)C)=CC(SC%10=CC(C(C)(C)C)=CC(SC%11=CC(C(C)(C)C)=CC(S2)=C%11OCCCCN%12N=NC(CCOC%13=C(SC%14=C%15)C=C(C(C)(C)C)C=C%13SC%16=CC(C(C)(C)C)=CC(SC%17=CC(C(C)(C)C)=CC(SC(C=C%15C(C)(C)C)=C%14O)=C%17O)=C%16O)=C%12)=C%10OCCCCN%18C=C(CCOC%19=C(C=C(C=C%19SC%20=C%21)C(C)(C)C)SC%22=CC(C(C)(C)C)=CC(SC%23=C(O)C(SC(C=C%21C(C)(C)C)=C%20O)=CC(C(C)(C)C)=C%23)=C%22O)N=N%18)=C9OCCCCN%24C=C(CCOC%25=C(SC(C=C%26C(C)(C)C)=C%27O)C=C(C(C)(C)C)C=C%25SC%28=C(O)C(SC%29=CC(C(C)(C)C)=CC(SC%27=C%26)=C%29O)=CC(C(C)(C)C)=C%28)N=N%24)=C1)(C)C
outer_cv,train,1,4,4,,,145,Group 11/142.log,Group 11,Group 11,142.log,CC(C1=CC2=C(OCCCCN3N=NC(CCCOC(C(SC(C=C4C(C)(C)C)=C5O)=C6)=C(C=C6C(C)(C)C)SC7=C(O)C(SC(C=C(C=C8SC5=C4)C(C)(C)C)=C8O)=CC(C(C)(C)C)=C7)=C3)C(SC9=CC(C(C)(C)C)=CC(SC%10=CC(C(C)(C)C)=CC(SC%11=CC(C(C)(C)C)=CC(S2)=C%11OCCCCN%12N=NC(CCCOC%13=C(SC%14=C%15)C=C(C(C)(C)C)C=C%13SC%16=CC(C(C)(C)C)=CC(SC%17=CC(C(C)(C)C)=CC(SC(C=C%15C(C)(C)C)=C%14O)=C%17O)=C%16O)=C%12)=C%10OCCCCN%18C=C(CCCOC%19=C(C=C(C=C%19SC%20=C%21)C(C)(C)C)SC%22=CC(C(C)(C)C)=CC(SC%23=C(O)C(SC(C=C%21C(C)(C)C)=C%20O)=CC(C(C)(C)C)=C%23)=C%22O)N=N%18)=C9OCCCCN%24C=C(CCCOC%25=C(SC(C=C%26C(C)(C)C)=C%27O)C=C(C(C)(C)C)C=C%25SC%28=C(O)C(SC%29=CC(C(C)(C)C)=CC(SC%27=C%26)=C%29O)=CC(C(C)(C)C)=C%28)N=N%24)=C1)(C)C
outer_cv,train,1,4,4,,,146,Group 11/143.log,Group 11,Group 11,143.log,CC(C1=CC2=C(OCCCCN3N=NC(CCCCOC(C(SC(C=C4C(C)(C)C)=C5O)=C6)=C(C=C6C(C)(C)C)SC7=C(O)C(SC(C=C(C=C8SC5=C4)C(C)(C)C)=C8O)=CC(C(C)(C)C)=C7)=C3)C(SC9=CC(C(C)(C)C)=CC(SC%10=CC(C(C)(C)C)=CC(SC%11=CC(C(C)(C)C)=CC(S2)=C%11OCCCCN%12N=NC(CCCCOC%13=C(SC%14=C%15)C=C(C(C)(C)C)C=C%13SC%16=CC(C(C)(C)C)=CC(SC%17=CC(C(C)(C)C)=CC(SC(C=C%15C(C)(C)C)=C%14O)=C%17O)=C%16O)=C%12)=C%10OCCCCN%18C=C(CCCCOC%19=C(C=C(C=C%19SC%20=C%21)C(C)(C)C)SC%22=CC(C(C)(C)C)=CC(SC%23=C(O)C(SC(C=C%21C(C)(C)C)=C%20O)=CC(C(C)(C)C)=C%23)=C%22O)N=N%18)=C9OCCCCN%24C=C(CCCCOC%25=C(SC(C=C%26C(C)(C)C)=C%27O)C=C(C(C)(C)C)C=C%25SC%28=C(O)C(SC%29=CC(C(C)(C)C)=CC(SC%27=C%26)=C%29O)=CC(C(C)(C)C)=C%28)N=N%24)=C1)(C)C
outer_cv,train,1,4,4,,,147,Group 11/144.log,Group 11,Group 11,144.log,CC(C1=CC2=C(OCCCCCN3N=NC(COC(C(SC(C=C4C(C)(C)C)=C5O)=C6)=C(C=C6C(C)(C)C)SC7=C(O)C(SC(C=C(C=C8SC5=C4)C(C)(C)C)=C8O)=CC(C(C)(C)C)=C7)=C3)C(SC9=CC(C(C)(C)C)=CC(SC%10=CC(C(C)(C)C)=CC(SC%11=CC(C(C)(C)C)=CC(S2)=C%11OCCCCCN%12N=NC(COC%13=C(SC%14=C%15)C=C(C(C)(C)C)C=C%13SC%16=CC(C(C)(C)C)=CC(SC%17=CC(C(C)(C)C)=CC(SC(C=C%15C(C)(C)C)=C%14O)=C%17O)=C%16O)=C%12)=C%10OCCCCCN%18C=C(COC%19=C(C=C(C=C%19SC%20=C%21)C(C)(C)C)SC%22=CC(C(C)(C)C)=CC(SC%23=C(O)C(SC(C=C%21C(C)(C)C)=C%20O)=CC(C(C)(C)C)=C%23)=C%22O)N=N%18)=C9OCCCCCN%24C=C(COC%25=C(SC(C=C%26C(C)(C)C)=C%27O)C=C(C(C)(C)C)C=C%25SC%28=C(O)C(SC%29=CC(C(C)(C)C)=CC(SC%27=C%26)=C%29O)=CC(C(C)(C)C)=C%28)N=N%24)=C1)(C)C
outer_cv,train,1,4,4,,,148,Group 11/145.log,Group 11,Group 11,145.log,CC(C1=CC2=C(OCCCCCN3N=NC(CCOC4=C(C=C5C(C)(C)C)SC6=C(O)C(SC7=C(O)C(SC8=CC(C(C)(C)C)=CC(SC4=C5)=C8O)=CC(C(C)(C)C)=C7)=CC(C(C)(C)C)=C6)=C3)C(SC9=CC(C(C)(C)C)=CC(SC%10=CC(C(C)(C)C)=CC(SC%11=CC(C(C)(C)C)=CC(S2)=C%11OCCCCCN%12N=NC(CCOC%13=C(SC%14=C%15)C=C(C(C)(C)C)C=C%13SC%16=CC(C(C)(C)C)=CC(SC%17=CC(C(C)(C)C)=CC(SC(C=C%15C(C)(C)C)=C%14O)=C%17O)=C%16O)=C%12)=C%10OCCCCCN%18C=C(CCOC%19=C(C=C(C=C%19SC%20=C%21)C(C)(C)C)SC%22=CC(C(C)(C)C)=CC(SC%23=C(O)C(SC(C=C%21C(C)(C)C)=C%20O)=CC(C(C)(C)C)=C%23)=C%22O)N=N%18)=C9OCCCCCN%24C=C(CCOC%25=C(SC(C=C%26C(C)(C)C)=C%27O)C=C(C(C)(C)C)C=C%25SC%28=C(O)C(SC%29=CC(C(C)(C)C)=CC(SC%27=C%26)=C%29O)=CC(C(C)(C)C)=C%28)N=N%24)=C1)(C)C
outer_cv,train,1,4,4,,,149,Group 11/146.log,Group 11,Group 11,146.log,CC(C1=CC2=C(OCCCCCN3N=NC(CCCOC4=C(C=C5C(C)(C)C)SC6=C(O)C(SC7=C(O)C(SC8=CC(C(C)(C)C)=CC(SC4=C5)=C8O)=CC(C(C)(C)C)=C7)=CC(C(C)(C)C)=C6)=C3)C(SC9=CC(C(C)(C)C)=CC(SC%10=CC(C(C)(C)C)=CC(SC%11=CC(C(C)(C)C)=CC(S2)=C%11OCCCCCN%12N=NC(CCCOC%13=C(SC%14=C%15)C=C(C(C)(C)C)C=C%13SC%16=CC(C(C)(C)C)=CC(SC%17=CC(C(C)(C)C)=CC(SC(C=C%15C(C)(C)C)=C%14O)=C%17O)=C%16O)=C%12)=C%10OCCCCCN%18C=C(CCCOC%19=C(C=C(C=C%19SC%20=C%21)C(C)(C)C)SC%22=CC(C(C)(C)C)=CC(SC%23=C(O)C(SC(C=C%21C(C)(C)C)=C%20O)=CC(C(C)(C)C)=C%23)=C%22O)N=N%18)=C9OCCCCCN%24C=C(CCCOC%25=C(SC(C=C%26C(C)(C)C)=C%27O)C=C(C(C)(C)C)C=C%25SC%28=C(O)C(SC%29=CC(C(C)(C)C)=CC(SC%27=C%26)=C%29O)=CC(C(C)(C)C)=C%28)N=N%24)=C1)(C)C
outer_cv,train,1,4,4,,,150,Group 11/147.log,Group 11,Group 11,147.log,OC1=C(SC2=C3)C=C(C(C)(C)C)C=C1SC4=CC(C(C)(C)C)=CC(SC5=CC(C(C)(C)C)=CC(SC(C=C3C(C)(C)C)=C2O)=C5OCCCCC(N=N6)=CN6CCCCCOC7=C(SC8=CC(C(C)(C)C)=CC(SC9=CC(C(C)(C)C)=CC(S%10)=C9OCCCCCN%11N=NC(CCCCOC%12=C(SC%13=C%14)C=C(C(C)(C)C)C=C%12SC%15=CC(C(C)(C)C)=CC(SC%16=CC(C(C)(C)C)=CC(SC(C=C%14C(C)(C)C)=C%13O)=C%16O)=C%15O)=C%11)=C8OCCCCCN%17C=C(CCCCOC%18=C(C=C(C=C%18SC%19=C%20)C(C)(C)C)SC%21=CC(C(C)(C)C)=CC(SC%22=C(O)C(SC(C=C%20C(C)(C)C)=C%19O)=CC(C(C)(C)C)=C%22)=C%21O)N=N%17)C=C(C(C)(C)C)C=C7SC%23=CC(C(C)(C)C)=CC%10=C%23OCCCCCN%24N=NC(CCCCOC%25=C(C=C%26C(C)(C)C)SC%27=C(O)C(SC%28=C(O)C(SC%29=CC(C(C)(C)C)=CC(SC%25=C%26)=C%29O)=CC(C(C)(C)C)=C%28)=CC(C(C)(C)C)=C%27)=C%24)=C4O
outer_cv,train,1,4,4,,,151,Group 12/148.log,Group 12,Group 12,148.log,OCC(N=N1)=CN1C2=CC(C3=NC=CC=C3)=NC(C4=CC=CC=N4)=C2
outer_cv,train,1,4,4,,,152,Group 12/149.log,Group 12,Group 12,149.log,CCCCCCC(N=N1)=CN1C2=CC(C3=NC=CC=C3)=NC(C4=CC=CC=N4)=C2
outer_cv,train,1,4,4,,,153,Group 12/150.log,Group 12,Group 12,150.log,OC1=C(SC2=C(C(SC3=C(O)C(SC4=CC(C(C)(C)C)=CC(SC1=C5)=C4OCCC6=CN(C7=CC(C8=NC=CC=C8)=NC(C9=CC=CC=N9)=C7)N=N6)=CC(C(C)(C)C)=C3)=CC(C(C)(C)C)=C2)OCCC%10=CN(C%11=CC(C%12=NC=CC=C%12)=NC(C%13=CC=CC=N%13)=C%11)N=N%10)C=C5C(C)(C)C
outer_cv,train,1,4,4,,,154,Group 12/151.log,Group 12,Group 12,151.log,OC1=C(SC2=C(C(SC3=C(O)C(SC4=CC(C(C)(C)C)=CC(SC1=C5)=C4OCCCC6=CN(C7=CC(C8=NC=CC=C8)=NC(C9=CC=CC=N9)=C7)N=N6)=CC(C(C)(C)C)=C3)=CC(C(C)(C)C)=C2)OCCCC%10=CN(C%11=CC(C%12=NC=CC=C%12)=NC(C%13=CC=CC=N%13)=C%11)N=N%10)C=C5C(C)(C)C
outer_cv,train,1,4,4,,,155,Group 12/152.log,Group 12,Group 12,152.log,OC1=C(SC2=C(C(SC3=C(O)C(SC4=CC(C(C)(C)C)=CC(SC1=C5)=C4OCCCCC6=CN(C7=CC(C8=NC=CC=C8)=NC(C9=CC=CC=N9)=C7)N=N6)=CC(C(C)(C)C)=C3)=CC(C(C)(C)C)=C2)OCCCCC%10=CN(C%11=CC(C%12=NC=CC=C%12)=NC(C%13=CC=CC=N%13)=C%11)N=N%10)C=C5C(C)(C)C
outer_cv,train,1,4,4,,,156,Group 12/153.log,Group 12,Group 12,153.log,CC(C1=CC2=C(OCCC3=CN(C4=CC(C5=NC=CC=C5)=NC(C6=CC=CC=N6)=C4)N=N3)C(SC7=CC(C(C)(C)C)=CC(SC8=CC(C(C)(C)C)=CC(SC9=CC(C(C)(C)C)=CC(S2)=C9OCCC%10=CN(C%11=CC(C%12=NC=CC=C%12)=NC(C%13=CC=CC=N%13)=C%11)N=N%10)=C8OCCC%14=CN(C%15=CC(C%16=NC=CC=C%16)=NC(C%17=CC=CC=N%17)=C%15)N=N%14)=C7OCCC%18=CN(C%19=CC(C%20=NC=CC=C%20)=NC(C%21=CC=CC=N%21)=C%19)N=N%18)=C1)(C)C
outer_cv,train,1,4,4,,,157,Group 12/154.log,Group 12,Group 12,154.log,CC(C1=CC2=C(OCCCCCCCCCCCC)C(SC3=CC(C(C)(C)C)=CC(SC4=CC(C(C)(C)C)=CC(SC5=CC(C(C)(C)C)=CC(S2)=C5OCCC6=CN(C7=CC(C8=NC=CC=C8)=NC(C9=CC=CC=N9)=C7)N=N6)=C4OCCCCCCCCCCCC)=C3OCCC%10=CN(C%11=CC(C%12=NC=CC=C%12)=NC(C%13=CC=CC=N%13)=C%11)N=N%10)=C1)(C)C
outer_cv,train,1,4,4,,,158,Group 12/155.log,Group 12,Group 12,155.log,CC(C1=CC2=C(OCCCCCCCCCCCC)C(SC3=CC(C(C)(C)C)=CC(SC4=CC(C(C)(C)C)=CC(SC5=CC(C(C)(C)C)=CC(S2)=C5OCCCC6=CN(C7=CC(C8=NC=CC=C8)=NC(C9=CC=CC=N9)=C7)N=N6)=C4OCCCCCCCCCCCC)=C3OCCCC%10=CN(C%11=CC(C%12=NC=CC=C%12)=NC(C%13=CC=CC=N%13)=C%11)N=N%10)=C1)(C)C
outer_cv,train,1,4,4,,,159,Group 12/156.log,Group 12,Group 12,156.log,CC(C1=CC2=C(OCCCCCCCCCCCC)C(SC3=CC(C(C)(C)C)=CC(SC4=CC(C(C)(C)C)=CC(SC5=CC(C(C)(C)C)=CC(S2)=C5OCCCCC6=CN(C7=CC(C8=NC=CC=C8)=NC(C9=CC=CC=N9)=C7)N=N6)=C4OCCCCCCCCCCCC)=C3OCCCCC%10=CN(C%11=CC(C%12=NC=CC=C%12)=NC(C%13=CC=CC=N%13)=C%11)N=N%10)=C1)(C)C
outer_cv,train,1,4,4,,,160,Group 12/157.log,Group 12,Group 12,157.log,CC(C1=CC2=C(OCCCCC3=CN(C4=CC(C5=NC=CC=C5)=NC(C6=CC=CC=N6)=C4)N=N3)C(SC7=CC(C(C)(C)C)=CC(SC8=CC(C(C)(C)C)=CC(SC9=CC(C(C)(C)C)=CC(S2)=C9OCCCCC%10=CN(C%11=CC(C%12=NC=CC=C%12)=NC(C%13=CC=CC=N%13)=C%11)N=N%10)=C8OCCCCC%14=CN(C%15=CC(C%16=NC=CC=C%16)=NC(C%17=CC=CC=N%17)=C%15)N=N%14)=C7OCCCCC%18=CN(C%19=CC(C%20=NC=CC=C%20)=NC(C%21=CC=CC=N%21)=C%19)N=N%18)=C1)(C)C
outer_cv,train,1,4,4,,,161,Group 13/158.log,Group 13,Group 13,158.log,CC(C1=CC2=C(OCCOCCO)C(SC3=CC(C(C)(C)C)=CC(SC4=CC(C(C)(C)C)=CC(SC5=CC(C(C)(C)C)=CC(S2)=C5OCCOCCO)=C4OCCOCCO)=C3OCCOCCO)=C1)(C)C
outer_cv,train,1,4,4,,,162,Group 13/159.log,Group 13,Group 13,159.log,CC(C1=CC2=C(OCCOCCO)C(SC3=CC(C(C)(C)C)=CC(SC4=CC(C(C)(C)C)=CC(SC5=CC(C(C)(C)C)=CC(S2)=C5OCCBr)=C4OCCOCCO)=C3OCCBr)=C1)(C)C
outer_cv,train,1,4,4,,,163,Group 13/160.log,Group 13,Group 13,160.log,OC1=C2C=C(C(C)(C)C)C=C1SC3=C(OCCOCCOC4=C(S2)C=C5C(C)(C)C)C(SC6=CC(C(C)(C)C)=CC(SC4=C5)=C6O)=CC(C(C)(C)C)=C3
outer_cv,train,1,4,4,,,164,Group 13/161.log,Group 13,Group 13,161.log,OC1=C2C=C(C(C)(C)C)C=C1SC3=C(OCCOCCOCCOC4=C(S2)C=C5C(C)(C)C)C(SC6=CC(C(C)(C)C)=CC(SC4=C5)=C6O)=CC(C(C)(C)C)=C3
outer_cv,train,1,4,4,,,165,Group 13/162.log,Group 13,Group 13,162.log,OC1=C2C=C(C(C)(C)C)C=C1SC3=C(OCCOCCOCCOCCOC4=C(S2)C=C5C(C)(C)C)C(SC6=CC(C(C)(C)C)=CC(SC4=C5)=C6O)=CC(C(C)(C)C)=C3.C
outer_cv,train,1,4,4,,,166,Group 13/163.log,Group 13,Group 13,163.log,OC1=C2C=C(C(C)(C)C)C=C1SC3=C(OCCOCCOCCOCCOCCOC4=C(S2)C=C5C(C)(C)C)C(SC6=CC(C(C)(C)C)=CC(SC4=C5)=C6O)=CC(C(C)(C)C)=C3.C
outer_cv,train,1,4,4,,,167,Group 13/164.log,Group 13,Group 13,164.log,O=[N+](C1=CC(S2)=C3OCCOCCOCCOCCOC4=C5SC6=C(C2=CC([N+]([O-])=O)=C6)OCCOCCOCCOCCOC7=C(SC3=C1)C=C([N+]([O-])=O)C=C7SC4=CC([N+]([O-])=O)=C5)[O-]
outer_cv,train,1,4,4,,,168,Group 13/165.log,Group 13,Group 13,165.log,CC(C1=CC2=C(OCCOCCOC3=C(SC4=CC(C(C)(C)C)=CC(S2)=C4OCCBr)C=C(C(C)(C)C)C=C3S5)C(SC6=CC(C(C)(C)C)=CC5=C6OCCBr)=C1)(C)C
outer_cv,train,1,4,4,,,169,Group 13/166.log,Group 13,Group 13,166.log,CC(C1=CC2=C(OCCOCCOC3=C(SC4=CC(C(C)(C)C)=CC(S2)=C4OCCCBr)C=C(C(C)(C)C)C=C3S5)C(SC6=CC(C(C)(C)C)=CC5=C6OCCCBr)=C1)(C)C
outer_cv,train,1,4,4,,,170,Group 13/167.log,Group 13,Group 13,167.log,CC(C1=CC2=C(OCCOCCOCCOC3=C(SC4=CC(C(C)(C)C)=CC(S2)=C4OCCBr)C=C(C(C)(C)C)C=C3S5)C(SC6=CC(C(C)(C)C)=CC5=C6OCCBr)=C1)(C)C
outer_cv,train,1,4,4,,,171,Group 13/168.log,Group 13,Group 13,168.log,CC(C1=CC2=C(OCCOCCOCCOC3=C(SC4=CC(C(C)(C)C)=CC(S2)=C4OCCCBr)C=C(C(C)(C)C)C=C3S5)C(SC6=CC(C(C)(C)C)=CC5=C6OCCCBr)=C1)(C)C
outer_cv,train,1,4,4,,,172,Group 13/169.log,Group 13,Group 13,169.log,CC(C1=CC2=C(OCCOCCOCCOCCOC3=C(SC4=CC(C(C)(C)C)=CC(S2)=C4OCCCBr)C=C(C(C)(C)C)C=C3S5)C(SC6=CC(C(C)(C)C)=CC5=C6OCCCBr)=C1)(C)C
outer_cv,train,1,4,4,,,173,Group 13/170.log,Group 13,Group 13,170.log,CC(C1=CC2=C(OCCOCCOCCOCCOCCOC3=C(SC4=CC(C(C)(C)C)=CC(S2)=C4OCCBr)C=C(C(C)(C)C)C=C3S5)C(SC6=CC(C(C)(C)C)=CC5=C6OCCBr)=C1)(C)C
outer_cv,train,1,4,4,,,174,Group 13/171.log,Group 13,Group 13,171.log,CC(C1=CC2=C(OCCOCCOCCOCCOCCOC3=C(SC4=CC(C(C)(C)C)=CC(S2)=C4OCCCBr)C=C(C(C)(C)C)C=C3S5)C(SC6=CC(C(C)(C)C)=CC5=C6OCCCBr)=C1)(C)C
outer_cv,train,1,4,4,,,175,Group 13/172.log,Group 13,Group 13,172.log,CC(C1=CC2=C(OCCOCCOCCOCCOCCOCCOC3=C(SC4=CC(C(C)(C)C)=CC(S2)=C4OCCBr)C=C(C(C)(C)C)C=C3S5)C(SC6=CC(C(C)(C)C)=CC5=C6OCCBr)=C1)(C)C
outer_cv,train,1,4,4,,,176,Group 13/173.log,Group 13,Group 13,173.log,CC(C1=CC2=C(OCCOCCOCCOCCOCCOCCOC3=C(SC4=CC(C(C)(C)C)=CC(S2)=C4OCCCBr)C=C(C(C)(C)C)C=C3S5)C(SC6=CC(C(C)(C)C)=CC5=C6OCCCBr)=C1)(C)C
outer_cv,train,1,4,4,,,177,Group 13/174.log,Group 13,Group 13,174.log,CC(C)(C)C1=CC(SC(C=C2C(C)(C)C)=C3OCCOCCOCCOCCOCCOC(C(S4)=CC(C(C)(C)C)=C5)=C5SC6=C(C7=CC(C(C)(C)C)=C6)OCCCBr)=C(OCCCBr)C(SC8=C(OCCOCCOCCOCCOCCOC9=C(S7)C=C(C(C)(C)C)C=C9SC%10=C(OCCCBr)C4=CC(C(C)(C)C)=C%10)C(SC(C=C(C=C%11SC3=C2)C(C)(C)C)=C%11OCCCBr)=CC(C(C)(C)C)=C8)=C1
outer_cv,train,1,4,4,,,178,Group 13/175.log,Group 13,Group 13,175.log,CC(C1=CC2=C(OCCOCCOCCOC3=C(SC4=CC(C(C)(C)C)=CC(S2)=C4OCCCCCCCCCCCC)C=C(C(C)(C)C)C=C3S5)C(SC6=CC(C(C)(C)C)=CC5=C6OCCCCCCCCCCCC)=C1)(C)C
outer_cv,train,1,4,4,,,179,Group 13/176.log,Group 13,Group 13,176.log,CC(C1=CC2=C(OCCOCCOCCOCCOC3=C(SC4=CC(C(C)(C)C)=CC(S2)=C4OCCCCCCCCCCCC)C=C(C(C)(C)C)C=C3S5)C(SC6=CC(C(C)(C)C)=CC5=C6OCCCCCCCCCCCC)=C1)(C)C
outer_cv,train,1,4,4,,,180,Group 13/177.log,Group 13,Group 13,177.log,CC(C1=CC2=C(OCCOCCOCCOCCOCCOC3=C(SC4=CC(C(C)(C)C)=CC(S2)=C4OCCCCCCCCCCCC)C=C(C(C)(C)C)C=C3S5)C(SC6=CC(C(C)(C)C)=CC5=C6OCCCCCCCCCCCC)=C1)(C)C
outer_cv,train,1,4,4,,,181,Group 13/178.log,Group 13,Group 13,178.log,CC(C1=CC2=C(OCCOCCOCCOC3=C(SC4=CC(C(C)(C)C)=CC(S2)=C4OC)C=C(C(C)(C)C)C=C3S5)C(SC6=CC(C(C)(C)C)=CC5=C6OC)=C1)(C)C
outer_cv,train,1,4,4,,,182,Group 13/179.log,Group 13,Group 13,179.log,CC(C1=CC2=C(OCCOCCOCCOCCOC3=C(SC4=CC(C(C)(C)C)=CC(S2)=C4OC)C=C(C(C)(C)C)C=C3S5)C(SC6=CC(C(C)(C)C)=CC5=C6OC)=C1)(C)C
outer_cv,train,1,4,4,,,183,Group 13/180.log,Group 13,Group 13,180.log,CC(C1=CC2=C(OCCOCCOCCOCCOCCOC3=C(SC4=CC(C(C)(C)C)=CC(S2)=C4OC)C=C(C(C)(C)C)C=C3S5)C(SC6=CC(C(C)(C)C)=CC5=C6OC)=C1)(C)C
outer_cv,train,1,4,4,,,201,Group 15/198.log,Group 15,Group 15,198.log,CC(C)(C)C1=CC(SC2=C3)=C(OCO)C(SC4=CC(C(C)(C)C)=CC(SC5=CC(C(C)(C)C)=CC(SC(C=C3C(C)(C)C)=C2OCC(O)=O)=C5OCC(O)=O)=C4OCC(O)=O)=C1.O=[C]
outer_cv,train,1,4,4,,,202,Group 15/199.log,Group 15,Group 15,199.log,CC(C)(C)C1=CC(CC2=C3)=C(OCO)C(CC4=CC(C(C)(C)C)=CC(CC5=CC(C(C)(C)C)=CC(CC(C=C3C(C)(C)C)=C2OCC(O)=O)=C5OCC(O)=O)=C4OCC(O)=O)=C1.O=[C]
outer_cv,train,1,4,4,,,203,Group 15/200.log,Group 15,Group 15,200.log,CC(C)(C1=CC(CC2=C(C(CC(C=C(C=C3C4)C(C)(C)C)=C3OCC(O)=O)=CC(C(C)(C)C)=C2)OCC(O)=O)=C(OCC(O)=O)C(CC5=CC(C(C)(C)C)=CC4=C5OCC(O)=O)=C1)C
outer_cv,train,1,4,4,,,204,Group 15/201.log,Group 15,Group 15,201.log,CC(C)(C)C1=CC(CC2=C3)=C(OCC(OCC)=O)C(CC4=CC(C(C)(C)C)=CC(CC5=CC(C(C)(C)C)=CC(CC(C=C3C(C)(C)C)=C2OCC(OCC)=O)=C5OCC(OCC)=O)=C4OCC(OCC)=O)=C1
outer_cv,train,1,4,4,,,205,Group 15/202.log,Group 15,Group 15,202.log,OC1=C(SC2=C(C(SC3=C(O)C(SC4=CC(C(C)(C)C)=CC(SC1=C5)=C4OCCN6C(C(OC)=O)=C(C(OC)=O)N=N6)=CC(C(C)(C)C)=C3)=CC(C(C)(C)C)=C2)OCCN7N=NC(C(OC)=O)=C7C(OC)=O)C=C5C(C)(C)C
outer_cv,train,1,4,4,,,206,Group 15/203.log,Group 15,Group 15,203.log,CC(C1=CC2=C(OCCCCCCCCCCCC)C(SC3=CC(C(C)(C)C)=CC(SC4=CC(C(C)(C)C)=CC(SC5=CC(C(C)(C)C)=CC(S2)=C5OCCCN6C(C(OC)=O)=C(C(OC)=O)N=N6)=C4OCCCCCCCCCCCC)=C3OCCCN7N=NC(C(OC)=O)=C7C(OC)=O)=C1)(C)C
outer_cv,train,1,4,4,,,207,Group 15/204.log,Group 15,Group 15,204.log,CC(C1=CC2=C(OCC(OCC)=O)C(CC3=CC(C(C)(C)C)=CC(CC4=CC(C(C)(C)C)=CC(CC5=CC(C(C)(C)C)=CC(C2)=C5OCC(OCC)=O)=C4OCC(OCC)=O)=C3OCC(OCC)=O)=C1)(C)C
outer_cv,train,1,4,4,,,208,Group 15/205.log,Group 15,Group 15,205.log,CC(C)(C1=CC(CC2=C(C(CC(C=C(C=C3C4)C(C)(C)C)=C3OCC(OCC)=O)=CC(C(C)(C)C)=C2)OCC(OCC)=O)=C(OCC(OCC)=O)C(CC5=CC(C(C)(C)C)=CC4=C5OCC(OCC)=O)=C1)C
outer_cv,train,1,4,4,,,209,Group 15/206.log,Group 15,Group 15,206.log,CC(C1=CC2=C(OCC(OCC)=O)C(SC3=CC(C(C)(C)C)=CC(SC4=CC(C(C)(C)C)=CC(SC5=CC(C(C)(C)C)=CC(S2)=C5OCC(OCC)=O)=C4OCC(OCC)=O)=C3OCC(OCC)=O)=C1)(C)C
outer_cv,train,1,4,4,,,210,Group 15/207.log,Group 15,Group 15,207.log,CC(C1=CC2=C(OCC(OC(C)(C)C)=O)C(SC3=CC(C(C)(C)C)=CC(SC4=CC(C(C)(C)C)=CC(SC5=CC(C(C)(C)C)=CC(S2)=C5OCC(OC(C)(C)C)=O)=C4OCC(OC(C)(C)C)=O)=C3OCC(OC(C)(C)C)=O)=C1)(C)C
outer_cv,train,1,4,4,,,211,Group 16/208.log,Group 16,Group 16,208.log,OC1=C(SC2=C(C(SC3=C(O)C(SC4=CC(C(C)(C)C)=CC(SC1=C5)=C4OCCN6C(C(C=CC=C7)=C7C6=O)=O)=CC(C(C)(C)C)=C3)=CC(C(C)(C)C)=C2)OCCN8C(C(C=CC=C9)=C9C8=O)=O)C=C5C(C)(C)C
outer_cv,train,1,4,4,,,212,Group 16/209.log,Group 16,Group 16,209.log,OC1=C(SC2=C(C(SC3=C(O)C(SC4=CC(C(C)(C)C)=CC(SC1=C5)=C4OCCCN6C(C(C=CC=C7)=C7C6=O)=O)=CC(C(C)(C)C)=C3)=CC(C(C)(C)C)=C2)OCCCN8C(C(C=CC=C9)=C9C8=O)=O)C=C5C(C)(C)C
outer_cv,train,1,4,4,,,213,Group 16/210.log,Group 16,Group 16,210.log,OC1=C(CC2=C(C(CC3=C(O)C(CC4=CC(C(C)(C)C)=CC(CC1=C5)=C4OCC(N6CCOCC6)=O)=CC(C(C)(C)C)=C3)=CC(C(C)(C)C)=C2)OCC(N7CCOCC7)=O)C=C5C(C)(C)C
outer_cv,train,1,4,4,,,214,Group 16/211.log,Group 16,Group 16,211.log,CC(C1=CC2=C(OCCOCCOCCOCCOCCOC3=C(SC4=CC(C(C)(C)C)=CC(S2)=C4OCCN5C(C(C=CC=C6)C6C5=O)=O)C=C(C(C)(C)C)C=C3S7)C(SC8=CC(C(C)(C)C)=CC7=C8OCCN9C(C(C=CC=C%10)C%10C9=O)=O)=C1)(C)C
outer_cv,train,1,4,4,,,215,Group 16/212.log,Group 16,Group 16,212.log,CC(C1=CC2=C(OCCOCCOCCOCCOCCOC3=C(SC4=CC(C(C)(C)C)=CC(S2)=C4OCCCN5C(C(C=CC=C6)=C6C5=O)=O)C=C(C(C)(C)C)C=C3S7)C(SC8=CC(C(C)(C)C)=CC7=C8OCCCN9C(C(C=CC=C%10)=C%10C9=O)=O)=C1)(C)C
outer_cv,train,1,4,4,,,216,Group 16/213.log,Group 16,Group 16,213.log,OC1=C(CC2=C(C(CC3=C(O)C(CC4=CC(C(C)(C)C)=CC(CC1=C5)=C4OCC(N6CCOCCOCCOCC6)=O)=CC(C(C)(C)C)=C3)=CC(C(C)(C)C)=C2)OCC(N7CCOCCOCCOCC7)=O)C=C5C(C)(C)C
outer_cv,train,1,4,4,,,217,Group 16/214.log,Group 16,Group 16,214.log,OC1=C(CC2=C(C(CC3=C(O)C(CC4=CC(C(C)(C)C)=CC(CC1=C5)=C4OCC(N6CCOCCOCCOCCOCC6)=O)=CC(C(C)(C)C)=C3)=CC(C(C)(C)C)=C2)OCC(N7CCOCCOCCOCCOCC7)=O)C=C5C(C)(C)C
outer_cv,train,1,4,4,,,218,Group 16/215.log,Group 16,Group 16,215.log,OC1=C(CC2=C(C(CC3=C(O)C(CC4=CC(C(C)(C)C)=CC(CC1=C5)=C4OCC(N6CCOCCOCCOCCOCCOCC6)=O)=CC(C(C)(C)C)=C3)=CC(C(C)(C)C)=C2)OCC(N7CCOCCOCCOCCOCCOCC7)=O)C=C5C(C)(C)C
outer_cv,train,1,4,4,,,219,Group 16/216.log,Group 16,Group 16,216.log,OC1=C(CC2=CC(C(C)(C)C)=CC(CC(C=C3C(C)(C)C)=C4OCC(N5CCOCCOCCOCC5)=O)=C2OCC(N6CCOCCOCCOCC6)=O)C=C(C(C)(C)C)C=C1CC7=CC(C(C)(C)C)=CC(CC4=C3)=C7OCC(N8CCOCCOCCOCC8)=O
outer_cv,train,1,4,4,,,220,Group 16/217.log,Group 16,Group 16,217.log,CC(C)(C)C1=CC(CC2=C3)=C(OCC(N4CCOCCOCCOCC4)=O)C(CC5=CC(C(C)(C)C)=CC(CC6=CC(C(C)(C)C)=CC(CC(C=C3C(C)(C)C)=C2OCC(N7CCOCCOCCOCC7)=O)=C6OCC(N8CCOCCOCCOCC8)=O)=C5OCC(N9CCOCCOCCOCC9)=O)=C1
outer_cv,train,1,4,4,,,223,Group 18/220.log,Group 18,Group 18,220.log,C12=C(C(SC(C=CC=C3S4)=C3OCCOCCOCCOC(C(SC5=CC=CC4=C5OCCCOC6=CC(C7=NC=CC=C7)=NC(C8=CC=CC=N8)=C6)=CC=C9)=C9S2)=CC=C1)OCCCOC%10=CC(C%11=NC=CC=C%11)=NC(C%12=CC=CC=N%12)=C%10
outer_cv,train,1,4,4,,,224,Group 18/221.log,Group 18,Group 18,221.log,CC(C1=CC2=C(OCCOCCOCCOC3=C(SC4=CC(C(C)(C)C)=CC(S2)=C4OCCCOC5=CC(C6=NC=CC=C6)=NC(C7=CC=CC=N7)=C5)C=C(C(C)(C)C)C=C3S8)C(SC9=CC(C(C)(C)C)=CC8=C9OCCCOC%10=CC(C%11=NC=CC=C%11)=NC(C%12=CC=CC=N%12)=C%10)=C1)(C)C
outer_cv,train,1,4,4,,,225,Group 18/222.log,Group 18,Group 18,222.log,CC(C1=CC2=C(OCCOCCOCCOCCOC3=C(SC4=CC(C(C)(C)C)=CC(S2)=C4OCCCOC5=CC(C6=NC=CC=C6)=NC(C7=CC=CC=N7)=C5)C=C(C(C)(C)C)C=C3S8)C(SC9=CC(C(C)(C)C)=CC8=C9OCCCOC%10=CC(C%11=NC=CC=C%11)=NC(C%12=CC=CC=N%12)=C%10)=C1)(C)C
outer_cv,train,1,4,4,,,226,Group 18/223.log,Group 18,Group 18,223.log,CC(C1=CC2=C(OCCOCCOCCOCCOCCOC3=C(SC4=CC(C(C)(C)C)=CC(S2)=C4OCCCOC5=CC(C6=NC=CC=C6)=NC(C7=CC=CC=N7)=C5)C=C(C(C)(C)C)C=C3S8)C(SC9=CC(C(C)(C)C)=CC8=C9OCCCOC%10=CC(C%11=NC=CC=C%11)=NC(C%12=CC=CC=N%12)=C%10)=C1)(C)C
outer_cv,train,1,4,4,,,227,Group 19/224.log,Group 19,Group 19,224.log,OC1=C(SC2=C(C(SC3=C(O)C(SC4=CC(C(C)(C)C)=CC(SC1=C5)=C4OCCSCCCCCCCC)=CC(C(C)(C)C)=C3)=CC(C(C)(C)C)=C2)OCCSCCCCCCCC)C=C5C(C)(C)C
outer_cv,train,1,4,4,,,228,Group 19/225.log,Group 19,Group 19,225.log,OC1=C(SC2=C(C(SC3=C(O)C(SC4=CC(C(C)(C)C)=CC(SC1=C5)=C4OCCSC)=CC(C(C)(C)C)=C3)=CC(C(C)(C)C)=C2)OCCSC)C=C5C(C)(C)C
outer_cv,train,1,4,4,,,229,Group 19/226.log,Group 19,Group 19,226.log,OC1=C(SC2=C(C(SC3=C(O)C(SC4=CC(C(C)(C)C)=CC(SC1=C5)=C4OCCSCC6=CC=CC=C6)=CC(C(C)(C)C)=C3)=CC(C(C)(C)C)=C2)OCCSCC7=CC=CC=C7)C=C5C(C)(C)C
outer_cv,train,1,4,4,,,230,Group 19/227.log,Group 19,Group 19,227.log,OC1=C(SC2=C(C(SC3=C(O)C(SC4=CC(C(C)(C)C)=CC(SC1=C5)=C4OCCCSCC)=CC(C(C)(C)C)=C3)=CC(C(C)(C)C)=C2)OCCCSCC)C=C5C(C)(C)C
outer_cv,train,1,4,4,,,231,Group 19/228.log,Group 19,Group 19,228.log,OC1=C(CC2=C(C(CC3=C(O)C(C4)=CC=C3)=CC=C2)OCCCS)C=CC=C1CC5=C(OCCCS)C4=CC=C5
outer_cv,train,1,4,4,,,232,Group 19/229.log,Group 19,Group 19,229.log,OC1=C(SC2=C(C(SC3=C(O)C(SC4=CC(C(C)(C)C)=CC(SC1=C5)=C4OCCCSCCSCCS)=CC(C(C)(C)C)=C3)=CC(C(C)(C)C)=C2)O)C=C5C(C)(C)C
outer_cv,train,1,4,4,,,233,Group 19/230.log,Group 19,Group 19,230.log,CC(C1=CC2=C(OCCCS)C(SC3=CC(C(C)(C)C)=CC(SC4=CC(C(C)(C)C)=CC(SC5=CC(C(C)(C)C)=CC(S2)=C5OCCCS)=C4OCCCS)=C3OCCCS)=C1)(C)C
outer_cv,train,1,4,4,,,234,Group 19/231.log,Group 19,Group 19,231.log,CC(C1=CC2=C(OCCCSCC(OC)=O)C(SC3=CC(C(C)(C)C)=CC(SC4=CC(C(C)(C)C)=CC(SC5=CC(C(C)(C)C)=CC(S2)=C5OCCCSCC(OC)=O)=C4OCCCSCC(OC)=O)=C3OCCCSCC(OC)=O)=C1)(C)C
outer_cv,train,1,4,4,,,235,Group 19/232.log,Group 19,Group 19,232.log,CC(C1=CC2=C(OCCCCSCC(OC)=O)C(SC3=CC(C(C)(C)C)=CC(SC4=CC(C(C)(C)C)=CC(SC5=CC(C(C)(C)C)=CC(S2)=C5OCCCCSCC(OC)=O)=C4OCCCCSCC(OC)=O)=C3OCCCCSCC(OC)=O)=C1)(C)C
outer_cv,train,1,4,4,,,236,Group 19/233.log,Group 19,Group 19,233.log,CC(C1=CC2=C(OCCCCCSCC(OC)=O)C(SC3=CC(C(C)(C)C)=CC(SC4=CC(C(C)(C)C)=CC(SC5=CC(C(C)(C)C)=CC(S2)=C5OCCCCCSCC(OC)=O)=C4OCCCCCSCC(OC)=O)=C3OCCCCCSCC(OC)=O)=C1)(C)C
outer_cv,train,1,4,4,,,237,Group 19/234.log,Group 19,Group 19,234.log,CC(C1=CC2=C(OCCOCCO)C(SC3=CC(C(C)(C)C)=CC(SC4=CC(C(C)(C)C)=CC(SC5=CC(C(C)(C)C)=CC(S2)=C5OCCSCC(OC)=O)=C4OCCOCCO)=C3OCCSCC(OC)=O)=C1)(C)C
outer_cv,train,1,4,4,,,238,Group 19/235.log,Group 19,Group 19,235.log,OC1=C(SC2=C(C(SC3=C(O)C(SC4=CC(C(C)(C)C)=CC(SC1=C5)=C4OCCSC(C)=O)=CC(C(C)(C)C)=C3)=CC(C(C)(C)C)=C2)OCCSC(C)=O)C=C5C(C)(C)C
outer_cv,train,1,4,4,,,239,Group 19/236.log,Group 19,Group 19,236.log,OC1=C(SC2=C(C(SC3=C(O)C(SC4=CC(C(C)(C)C)=CC(SC1=C5)=C4OCCCSC(C)=O)=CC(C(C)(C)C)=C3)=CC(C(C)(C)C)=C2)OCCCSC(C)=O)C=C5C(C)(C)C
outer_cv,train,1,4,4,,,240,Group 19/237.log,Group 19,Group 19,237.log,CC(C1=CC2=C(OCCSCCCCCCCC)C(SC3=CC(C(C)(C)C)=CC(SC4=CC(C(C)(C)C)=CC(SC5=CC(C(C)(C)C)=CC(S2)=C5OCCC#C)=C4OCCSCCCCCCCC)=C3OCCC#C)=C1)(C)C
outer_cv,train,1,4,4,,,241,Group 19/238.log,Group 19,Group 19,238.log,CC(C1=CC2=C(OCCSCCCCCCCC)C(SC3=CC(C(C)(C)C)=CC(SC4=CC(C(C)(C)C)=CC(SC5=CC(C(C)(C)C)=CC(S2)=C5OCCCC#C)=C4OCCSCCCCCCCC)=C3OCCCC#C)=C1)(C)C
outer_cv,train,1,4,4,,,242,Group 19/239.log,Group 19,Group 19,239.log,CC(C1=CC2=C(OCCSCCCCCCCC)C(SC3=CC(C(C)(C)C)=CC(SC4=CC(C(C)(C)C)=CC(SC5=CC(C(C)(C)C)=CC(S2)=C5OCCCCC#C)=C4OCCSCCCCCCCC)=C3OCCCCC#C)=C1)(C)C
outer_cv,train,1,4,4,,,243,Group 19/240.log,Group 19,Group 19,240.log,CC(C1=CC2=C(OCCSCCCCCCCC)C(SC3=CC(C(C)(C)C)=CC(SC4=CC(C(C)(C)C)=CC(SC5=CC(C(C)(C)C)=CC(S2)=C5OCCCBr)=C4OCCSCCCCCCCC)=C3OCCCBr)=C1)(C)C
outer_cv,train,1,4,4,,,244,Group 19/241.log,Group 19,Group 19,241.log,CC(C1=CC2=C(OCCSCCCCCCCC)C(SC3=CC(C(C)(C)C)=CC(SC4=CC(C(C)(C)C)=CC(SC5=CC(C(C)(C)C)=CC(S2)=C5OCCCN=[N+]=[N-])=C4OCCSCCCCCCCC)=C3OCCCN=[N+]=[N-])=C1)(C)C
outer_cv,train,1,4,4,,,245,Group 19/242.log,Group 19,Group 19,242.log,CC(C1=CC2=C(OCCSCCCCCCCC)C(SC3=CC(C(C)(C)C)=CC(SC4=CC(C(C)(C)C)=CC(SC5=CC(C(C)(C)C)=CC(S2)=C5OCCCN6C(C(OC)=O)=C(C(OC)=O)N=N6)=C4OCCSCCCCCCCC)=C3OCCCN7N=NC(C(OC)=O)=C7C(OC)=O)=C1)(C)C
outer_cv,train,1,4,4,,,246,Group 19/243.log,Group 19,Group 19,243.log,OC1=C(SC2=C(C(SC3=C(O)C(SC4=CC(C(C)(C)C)=CC(SC1=C5)=C4OCCCBr)=CC(C(C)(C)C)=C3)=CC(C(C)(C)C)=C2)OCCCSC(C)=O)C=C5C(C)(C)C
outer_cv,train,1,4,4,,,258,Group 22/255.log,Group 22,Group 22,255.log,CC(C1=CC2=C(OCCOCCOCCOC3=C(SC4=CC(C(C)(C)C)=CC(S2)=C4OCCSC(C)=O)C=C(C(C)(C)C)C=C3S5)C(SC6=CC(C(C)(C)C)=CC5=C6OCCSC(C)=O)=C1)(C)C
outer_cv,train,1,4,4,,,259,Group 22/256.log,Group 22,Group 22,256.log,CC(C1=CC2=C(OCCOCCOCCOC3=C(SC4=CC(C(C)(C)C)=CC(S2)=C4OCCCSC(C)=O)C=C(C(C)(C)C)C=C3S5)C(SC6=CC(C(C)(C)C)=CC5=C6OCCCSC(C)=O)=C1)(C)C
outer_cv,train,1,4,4,,,260,Group 22/257.log,Group 22,Group 22,257.log,CC(C1=CC2=C(OCCOCCOCCOC3=C(SC4=CC(C(C)(C)C)=CC(S2)=C4OCCSC)C=C(C(C)(C)C)C=C3S5)C(SC6=CC(C(C)(C)C)=CC5=C6OCCSC)=C1)(C)C
outer_cv,train,1,4,4,,,261,Group 22/258.log,Group 22,Group 22,258.log,CC(C1=CC2=C(OCCOCCOCCOC3=C(SC4=CC(C(C)(C)C)=CC(S2)=C4OCCSCC5=CC=CC=C5)C=C(C(C)(C)C)C=C3S6)C(SC7=CC(C(C)(C)C)=CC6=C7OCCSCC8=CC=CC=C8)=C1)(C)C
outer_cv,train,1,4,4,,,262,Group 22/259.log,Group 22,Group 22,259.log,CC(C1=CC2=C(OCCOCCOCCOC3=C(SC4=CC(C(C)(C)C)=CC(S2)=C4OCCCSCC)C=C(C(C)(C)C)C=C3S5)C(SC6=CC(C(C)(C)C)=CC5=C6OCCCSCC)=C1)(C)C
outer_cv,train,1,4,4,,,263,Group 22/260.log,Group 22,Group 22,260.log,CC(C1=CC2=C(OCCOCCOCCOCCOC3=C(SC4=CC(C(C)(C)C)=CC(S2)=C4OCCSCC5=CC=CC=C5)C=C(C(C)(C)C)C=C3S6)C(SC7=CC(C(C)(C)C)=CC6=C7OCCSCC8=CC=CC=C8)=C1)(C)C
outer_cv,train,1,4,4,,,264,Group 22/261.log,Group 22,Group 22,261.log,CC(C1=CC2=C(OCCOCCOCCOCCOC3=C(SC4=CC(C(C)(C)C)=CC(S2)=C4OCCCSCC)C=C(C(C)(C)C)C=C3S5)C(SC6=CC(C(C)(C)C)=CC5=C6OCCCSCC)=C1)(C)C
outer_cv,train,1,4,4,,,265,Group 22/262.log,Group 22,Group 22,262.log,CC(C1=CC2=C(OCCOCCOC3=C(SC4=CC(C(C)(C)C)=CC(S2)=C4OCCCSC(C)=O)C=C(C(C)(C)C)C=C3S5)C(SC6=CC(C(C)(C)C)=CC5=C6OCCCSC(C)=O)=C1)(C)C
outer_cv,valid,1,4,4,,,58,Group 5/55.log,Group 5,Group 5,55.log,CC(C1=CC2=C(OCCC#C)C(SC3=CC(C(C)(C)C)=CC(SC4=CC(C(C)(C)C)=CC5=C4OCCC#CC(C(C=C6S5)=CC(S2)=C6OCCCCCCCCCCCC)(C)C)=C3OCCCCCCCCCCCC)=C1)(C)C
outer_cv,valid,1,4,4,,,59,Group 5/56.log,Group 5,Group 5,56.log,CC(C1=CC2=C(OCCCC#C)C(SC3=CC(C(C)(C)C)=CC(SC4=CC(C(C)(C)C)=CC(SC5=CC(C(C)(C)C)=CC(S2)=C5OCCCCCCCCCCCC)=C4OCCCC#C)=C3OCCCCCCCCCCCC)=C1)(C)C
outer_cv,valid,1,4,4,,,60,Group 5/57.log,Group 5,Group 5,57.log,CC(C1=CC2=C(OCCCCC#C)C(SC3=CC(C(C)(C)C)=CC(SC4=CC(C(C)(C)C)=CC(SC5=CC(C(C)(C)C)=CC(S2)=C5OCCCCCCCCCCCC)=C4OCCCCC#C)=C3OCCCCCCCCCCCC)=C1)(C)C
outer_cv,valid,1,4,4,,,94,Group 9/91.log,Group 9,Group 9,91.log,CC(C)(C1=CC(CC2=C(C(CC(C=C(C=C3C4)C(C)(C)C)=C3OCC5=CC(C6=CC=CC=C6)=NN5)=CC(C(C)(C)C)=C2)OCC7=CC(C8=CC=CC=C8)=NN7)=C(OCC9=CC(C%10=CC=CC=C%10)=NN9)C(CC%11=CC(C(C)(C)C)=CC4=C%11OCC%12=CC(C%13=CC=CC=C%13)=NN%12)=C1)C
outer_cv,valid,1,4,4,,,95,Group 9/92.log,Group 9,Group 9,92.log,CC(C)(C1=CC(CC2=C(C(CC(C=C(C=C3C4)C(C)(C)C)=C3OCC5=CC(C6=CC=C(C)C=C6)=NN5)=CC(C(C)(C)C)=C2)OCC7=CC(C8=CC=C(C)C=C8)=NN7)=C(OCC9=CC(C%10=CC=C(C)C=C%10)=NN9)C(CC%11=CC(C(C)(C)C)=CC4=C%11OCC%12=CC(C%13=CC=C(C)C=C%13)=NN%12)=C1)C
outer_cv,valid,1,4,4,,,96,Group 9/93.log,Group 9,Group 9,93.log,CC(C)(C1=CC(CC2=C(C(CC(C=C(C=C3C4)C(C)(C)C)=C3OCC5=CC(C6=CC=C(Cl)C=C6)=NN5)=CC(C(C)(C)C)=C2)OCC7=CC(C8=CC=C(Cl)C=C8)=NN7)=C(OCC9=CC(C%10=CC=C(Cl)C=C%10)=NN9)C(CC%11=CC(C(C)(C)C)=CC4=C%11OCC%12=CC(C%13=CC=C(Cl)C=C%13)=NN%12)=C1)C
outer_cv,valid,1,4,4,,,97,Group 9/94.log,Group 9,Group 9,94.log,CC(C)(C1=CC(CC2=C(C(CC(C=C(C=C3C4)C(C)(C)C)=C3OCC5=CC(C6=CC=C(OC)C=C6)=NN5)=CC(C(C)(C)C)=C2)OCC7=CC(C8=CC=C(OC)C=C8)=NN7)=C(OCC9=CC(C%10=CC=C(OC)C=C%10)=NN9)C(CC%11=CC(C(C)(C)C)=CC4=C%11OCC%12=CC(C%13=CC=C(OC)C=C%13)=NN%12)=C1)C
outer_cv,valid,1,4,4,,,98,Group 9/95.log,Group 9,Group 9,95.log,CC(C)(C)C1=CC(CC2=C3)=C(OCC4=CC(C5=CC=C(C)C=C5)=NN4)C(CC6=CC(C(C)(C)C)=CC(CC7=CC(C(C)(C)C)=CC(CC(C=C3C(C)(C)C)=C2OCC8=CC(C9=CC=C(C)C=C9)=NN8)=C7OCC%10=CC(C%11=CC=C(C)C=C%11)=N[N]%10)=C6OCC%12=CC(C%13=CC=C(C)C=C%13)=NN%12)=C1
outer_cv,valid,1,4,4,,,99,Group 9/96.log,Group 9,Group 9,96.log,CC(C)(C)C1=CC(CC2=C3)=C(OCC4=CC(C5=CC=C(Cl)C=C5)=NN4)C(CC6=CC(C(C)(C)C)=CC(CC7=CC(C(C)(C)C)=CC(CC(C=C3C(C)(C)C)=C2OCC8=CC(C9=CC=C(Cl)C=C9)=NN8)=C7OCC%10=CC(C%11=CC=C(Cl)C=C%11)=N[N]%10)=C6OCC%12=CC(C%13=CC=C(Cl)C=C%13)=NN%12)=C1
outer_cv,valid,1,4,4,,,100,Group 9/97.log,Group 9,Group 9,97.log,CC(C)(C)C1=CC(CC2=C3)=C(OCC4=CC(C5=CC=C(OC)C=C5)=NN4)C(CC6=CC(C(C)(C)C)=CC(CC7=CC(C(C)(C)C)=CC(CC(C=C3C(C)(C)C)=C2OCC8=CC(C9=CC=C(OC)C=C9)=NN8)=C7OCC%10=CC(C%11=CC=C(OC)C=C%11)=NN%10)=C6OCC%12=CC(C%13=CC=C(OC)C=C%13)=NN%12)=C1
outer_cv,valid,1,4,4,,,101,Group 9/98.log,Group 9,Group 9,98.log,CC(C)(C)C1=CC(CC2=C3)=C(OCC4=CC(C5=CC=CC=C5)=NN4)C(CC6=CC(C(C)(C)C)=CC(CC7=CC(C(C)(C)C)=CC(CC(C=C3C(C)(C)C)=C2OCC8=CC(C9=CC=CC=C9)=NN8)=C7OCC%10=CC(C%11=CC=CC=C%11)=NN%10)=C6OCC%12=CC(C%13=CC=CC=C%13)=NN%12)=C1
outer_cv,valid,1,4,4,,,102,Group 9/99.log,Group 9,Group 9,99.log,CC(C1=CC2=C(OCC3=CC(C4=CC=CC=C4)=NN3)C(CC5=CC(C(C)(C)C)=CC(CC6=CC(C(C)(C)C)=CC(CC7=CC(C(C)(C)C)=CC(C2)=C7OCC8=CC(C9=CC=CC=C9)=NN8)=C6OCC%10=CC(C%11=CC=CC=C%11)=NN%10)=C5OCC%12=CC(C%13=CC=CC=C%13)=NN%12)=C1)(C)C
outer_cv,valid,1,4,4,,,103,Group 9/100.log,Group 9,Group 9,100.log,CC(C1=CC2=C(OCC3=CC(C4=CC=C(C)C=C4)=NN3)C(CC5=CC(C(C)(C)C)=CC(CC6=CC(C(C)(C)C)=CC(CC7=CC(C(C)(C)C)=CC(C2)=C7OCC8=CC(C9=CC=C(C)C=C9)=NN8)=C6OCC%10=CC(C%11=CC=C(C)C=C%11)=NN%10)=C5OCC%12=CC(C%13=CC=C(C)C=C%13)=NN%12)=C1)(C)C
outer_cv,valid,1,4,4,,,104,Group 9/101.log,Group 9,Group 9,101.log,CC(C1=CC2=C(OCC3=CC(C4=CC=C(Cl)C=C4)=NN3)C(CC5=CC(C(C)(C)C)=CC(CC6=CC(C(C)(C)C)=CC(CC7=CC(C(C)(C)C)=CC(C2)=C7OCC8=CC(C9=CC=C(Cl)C=C9)=NN8)=C6OCC%10=CC(C%11=CC=C(Cl)C=C%11)=NN%10)=C5OCC%12=CC(C%13=CC=C(Cl)C=C%13)=NN%12)=C1)(C)C
outer_cv,valid,1,4,4,,,105,Group 9/102.log,Group 9,Group 9,102.log,CC(C1=CC2=C(OCC3=CC(C4=CC=C(OC)C=C4)=NN3)C(CC5=CC(C(C)(C)C)=CC(CC6=CC(C(C)(C)C)=CC(CC7=CC(C(C)(C)C)=CC(C2)=C7OCC8=CC(C9=CC=C(OC)C=C9)=NN8)=C6OCC%10=CC(C%11=CC=C(OC)C=C%11)=NN%10)=C5OCC%12=CC(C%13=CC=C(OC)C=C%13)=NN%12)=C1)(C)C
outer_cv,valid,1,4,4,,,106,Group 9/103.log,Group 9,Group 9,103.log,C1(C2)=C(C(CC(C=CC=C3CC4=C(OCC5=CC(C6=CC=CC=C6)=NN5)C(CC7=CC=CC2=C7OCC8=CC(C9=CC=CC=C9)=NN8)=CC=C4)=C3OCC%10=CC(C%11=CC=CC=C%11)=NN%10)=CC=C1)OCC%12=CC(C%13=CC=CC=C%13)=NN%12
outer_cv,valid,1,4,4,,,107,Group 9/104.log,Group 9,Group 9,104.log,CC(C1=CC2=C(OCCCC3=CC(C4=CC=CC=C4)=NN3)C(CC5=CC(C(C)(C)C)=CC(CC6=CC(C(C)(C)C)=CC(CC7=CC(C(C)(C)C)=CC(C2)=C7OCCCC8=CC(C9=CC=CC=C9)=NN8)=C6OCCCC%10=CC(C%11=CC=CC=C%11)=NN%10)=C5OCCCC%12=CC(C%13=CC=CC=C%13)=NN%12)=C1)(C)C
outer_cv,valid,1,4,4,,,108,Group 9/105.log,Group 9,Group 9,105.log,CC(C1=CC2=C(OCC3=CC(C4=CC=CC=C4)=NN3)C(SC5=CC(C(C)(C)C)=CC(SC6=CC(C(C)(C)C)=CC(SC7=CC(C(C)(C)C)=CC(S2)=C7OCC8=CC(C9=CC=CC=C9)=NN8)=C6OCC%10=CC(C%11=CC=CC=C%11)=NN%10)=C5OCC%12=CC(C%13=CC=CC=C%13)=NN%12)=C1)(C)C
outer_cv,valid,1,4,4,,,109,Group 9/106.log,Group 9,Group 9,106.log,CC(C1=CC2=C(OCCCC3=CC(C4=CC=CC=C4)=NN3)C(SC5=CC(C(C)(C)C)=CC(SC6=CC(C(C)(C)C)=CC(SC7=CC(C(C)(C)C)=CC(S2)=C7OCCCC8=CC(C9=CC=CC=C9)=NN8)=C6OCCCC%10=CC(C%11=CC=CC=C%11)=NN%10)=C5OCCCC%12=CC(C%13=CC=CC=C%13)=NN%12)=C1)(C)C
outer_cv,valid,1,4,4,,,110,Group 9/107.log,Group 9,Group 9,107.log,CC(C1=CC2=C(OCCCCC3=CC(C4=CC=CC=C4)=NN3)C(SC5=CC(C(C)(C)C)=CC(SC6=CC(C(C)(C)C)=CC(SC7=CC(C(C)(C)C)=CC(S2)=C7OCCCCC8=CC(C9=CC=CC=C9)=NN8)=C6OCCCCC%10=CC(C%11=CC=CC=C%11)=NN%10)=C5OCCCCC%12=CC(C%13=CC=CC=C%13)=NN%12)=C1)(C)C
outer_cv,valid,1,4,4,,,111,Group 9/108.log,Group 9,Group 9,108.log,CC(C1=CC2=C(OCCCCCN3C=CC=N3)C(SC4=CC(C(C)(C)C)=CC(SC5=CC(C(C)(C)C)=CC(SC6=CC(C(C)(C)C)=CC(S2)=C6OCCCCCN7C=CC=N7)=C5OCCCCCN8N=CC=C8)=C4OCCCCCN9N=CC=C9)=C1)(C)C
outer_cv,valid,1,4,4,,,112,Group 9/109.log,Group 9,Group 9,109.log,CC(C)(C)C(C=C1)=CC=C1OCC2=N3N([H][N]4C(COC5=CC=C(C(C)(C)C)C=C5)=CC(C6=CC=CC=C6)=[N]4[H]N(N([H][N]7[N]([H]3)=C(C8=CC=CC=C8)C=C7COC9=CC=C(C(C)(C)C)C=C9)C(C%10=CC=CC=C%10)=C%11)=C%11COC%12=CC=C(C(C)(C)C)C=C%12)C(C%13=CC=CC=C%13)=C2
outer_cv,valid,1,4,4,,,113,Group 9/110.log,Group 9,Group 9,110.log,CC(C)(C)C(C=C1)=CC=C1OCC2=CC(C3=CC=CC=C3)=N([H]N([N]([H][N]4N5=C(C6=CC=CC=C6)C=C4COC7=CC=C(C(C)(C)C)C=C7)C(COC8=CC=C(C(C)(C)C)C=C8)=C9)=C9C%10=CC=CC=C%10)[N]2[H][N]%11N([H]5)=C(C%12=CC=CC=C%12)C=C%11COC%13=CC=C(C(C)(C)C)C=C%13
outer_cv,valid,1,4,4,,,184,Group 14/181.log,Group 14,Group 14,181.log,CC(C)(C1=CC(CC2=C(C(CC(C=C(C=C3C4)C(C)(C)C)=C3OCC#CC(C5=CC=CC=C5)=O)=CC(C(C)(C)C)=C2)OCC#CC(C6=CC=CC=C6)=O)=C(OCC#CC(C7=CC=CC=C7)=O)C(CC8=CC(C(C)(C)C)=CC4=C8OCC#CC(C9=CC=CC=C9)=O)=C1)C
outer_cv,valid,1,4,4,,,185,Group 14/182.log,Group 14,Group 14,182.log,CC(C)(C1=CC(CC2=C(C(CC(C=C(C=C3C4)C(C)(C)C)=C3OCC#CC(C5=CC=C(C)C=C5)=O)=CC(C(C)(C)C)=C2)OCC#CC(C6=CC=C(C)C=C6)=O)=C(OCC#CC(C7=CC=C(C)C=C7)=O)C(CC8=CC(C(C)(C)C)=CC4=C8OCC#CC(C9=CC=C(C)C=C9)=O)=C1)C
outer_cv,valid,1,4,4,,,186,Group 14/183.log,Group 14,Group 14,183.log,CC(C)(C1=CC(CC2=C(C(CC(C=C(C=C3C4)C(C)(C)C)=C3OCC#CC(C5=CC=C(Cl)C=C5)=O)=CC(C(C)(C)C)=C2)OCC#CC(C6=CC=C(Cl)C=C6)=O)=C(OCC#CC(C7=CC=C(Cl)C=C7)=O)C(CC8=CC(C(C)(C)C)=CC4=C8OCC#CC(C9=CC=C(Cl)C=C9)=O)=C1)C
outer_cv,valid,1,4,4,,,187,Group 14/184.log,Group 14,Group 14,184.log,CC(C)(C1=CC(CC2=C(C(CC(C=C(C=C3C4)C(C)(C)C)=C3OCC#CC(C5=CC=C(OC)C=C5)=O)=CC(C(C)(C)C)=C2)OCC#CC(C6=CC=C(OC)C=C6)=O)=C(OCC#CC(C7=CC=C(OC)C=C7)=O)C(CC8=CC(C(C)(C)C)=CC4=C8OCC#CC(C9=CC=C(OC)C=C9)=O)=C1)C
outer_cv,valid,1,4,4,,,188,Group 14/185.log,Group 14,Group 14,185.log,CC(C1=CC2=C(OCC#CC(C3=CC=CC=C3)=O)C(CC4=CC(C(C)(C)C)=CC(CC5=CC(C(C)(C)C)=CC(CC6=CC(C(C)(C)C)=CC(C2)=C6OCC#CC(C7=CC=CC=C7)=O)=C5OCC#CC(C8=CC=CC=C8)=O)=C4OCC#CC(C9=CC=CC=C9)=O)=C1)(C)C
outer_cv,valid,1,4,4,,,189,Group 14/186.log,Group 14,Group 14,186.log,CC(C1=CC2=C(OCC#CC(C3=CC=C(C)C=C3)=O)C(CC4=CC(C(C)(C)C)=CC(CC5=CC(C(C)(C)C)=CC(CC6=CC(C(C)(C)C)=CC(C2)=C6OCC#CC(C7=CC=C(C)C=C7)=O)=C5OCC#CC(C8=CC=C(C)C=C8)=O)=C4OCC#CC(C9=CC=C(C)C=C9)=O)=C1)(C)C
outer_cv,valid,1,4,4,,,190,Group 14/187.log,Group 14,Group 14,187.log,CC(C)(C)C1=CC(CC2=C3)=C(OCC#CC(C4=CC=CC=C4)=O)C(CC5=CC(C(C)(C)C)=CC(CC6=CC(C(C)(C)C)=CC(CC(C=C3C(C)(C)C)=C2OCC#CC(C7=CC=CC=C7)=O)=C6OCC#CC(C8=CC=CC=C8)=O)=C5OCC#CC(C9=CC=CC=C9)=O)=C1
outer_cv,valid,1,4,4,,,191,Group 14/188.log,Group 14,Group 14,188.log,CC(C)(C)C1=CC(CC2=C3)=C(OCC#CC(C4=CC=C(C)C=C4)=O)C(CC5=CC(C(C)(C)C)=CC(CC6=CC(C(C)(C)C)=CC(CC(C=C3C(C)(C)C)=C2OCC#CC(C7=CC=C(C)C=C7)=O)=C6OCC#CC(C8=CC=C(C)C=C8)=O)=C5OCC#CC(C9=CC=C(C)C=C9)=O)=C1
outer_cv,valid,1,4,4,,,192,Group 14/189.log,Group 14,Group 14,189.log,CC(C)(C)C1=CC(CC2=C3)=C(OCC#CC(C4=CC=C(Cl)C=C4)=O)C(CC5=CC(C(C)(C)C)=CC(CC6=CC(C(C)(C)C)=CC(CC(C=C3C(C)(C)C)=C2OCC#CC(C7=CC=C(Cl)C=C7)=O)=C6OCC#CC(C8=CC=C(Cl)C=C8)=O)=C5OCC#CC(C9=CC=C(Cl)C=C9)=O)=C1
outer_cv,valid,1,4,4,,,193,Group 14/190.log,Group 14,Group 14,190.log,CC(C)(C)C1=CC(CC2=C3)=C(OCC#CC(C4=CC=C(OC)C=C4)=O)C(CC5=CC(C(C)(C)C)=CC(CC6=CC(C(C)(C)C)=CC(CC(C=C3C(C)(C)C)=C2OCC#CC(C7=CC=C(OC)C=C7)=O)=C6OCC#CC(C8=CC=C(OC)C=C8)=O)=C5OCC#CC(C9=CC=C(OC)C=C9)=O)=C1
outer_cv,valid,1,4,4,,,194,Group 14/191.log,Group 14,Group 14,191.log,CC(C1=CC2=C(OCC#CC(C3=CC=C(Cl)C=C3)=O)C(CC4=CC(C(C)(C)C)=CC(CC5=CC(C(C)(C)C)=CC(CC6=CC(C(C)(C)C)=CC(C2)=C6OCC#CC(C7=CC=C(Cl)C=C7)=O)=C5OCC#CC(C8=CC=C(Cl)C=C8)=O)=C4OCC#CC(C9=CC=C(Cl)C=C9)=O)=C1)(C)C
outer_cv,valid,1,4,4,,,195,Group 14/192.log,Group 14,Group 14,192.log,CC(C1=CC2=C(OCC#CC(C3=CC=C(OC)C=C3)=O)C(CC4=CC(C(C)(C)C)=CC(CC5=CC(C(C)(C)C)=CC(CC6=CC(C(C)(C)C)=CC(C2)=C6OCC#CC(C7=CC=C(OC)C=C7)=O)=C5OCC#CC(C8=CC=C(OC)C=C8)=O)=C4OCC#CC(C9=CC=C(OC)C=C9)=O)=C1)(C)C
outer_cv,valid,1,4,4,,,196,Group 14/193.log,Group 14,Group 14,193.log,CC(C1=CC2=C(OCC#CC(C3=CC=CC=C3)=O)C(SC4=CC(C(C)(C)C)=CC(SC5=CC(C(C)(C)C)=CC(SC6=CC(C(C)(C)C)=CC(S2)=C6OCC#CC(C7=CC=CC=C7)=O)=C5OCC#CC(C8=CC=CC=C8)=O)=C4OCC#CC(C9=CC=CC=C9)=O)=C1)(C)C
outer_cv,valid,1,4,4,,,197,Group 14/194.log,Group 14,Group 14,194.log,CC(C1=CC2=C(OCCC#CC(C3=CC=CC=C3)=O)C(SC4=CC(C(C)(C)C)=CC(SC5=CC(C(C)(C)C)=CC6=C5OCCC#C(C(C7=CC=CC=C7)=O)C(C(C=C8S6)=CC(S2)=C8OCCC#CC(C9=CC=CC=C9)=O)(C)C)=C4OCCC#CC(C%10=CC=CC=C%10)=O)=C1)(C)C
outer_cv,valid,1,4,4,,,198,Group 14/195.log,Group 14,Group 14,195.log,CC(C1=CC2=C(OCCCC#CC(C3=CC=CC=C3)=O)C(CC4=CC(C(C)(C)C)=CC(CC5=CC(C(C)(C)C)=CC(CC6=CC(C(C)(C)C)=CC(C2)=C6OCCCC#CC(C7=CC=CC=C7)=O)=C5OCCCC#CC(C8=CC=CC=C8)=O)=C4OCCCC#CC(C9=CC=CC=C9)=O)=C1)(C)C
outer_cv,valid,1,4,4,,,199,Group 14/196.log,Group 14,Group 14,196.log,CC(C1=CC2=C(OCCCC#CC(C3=CC=CC=C3)=O)C(SC4=CC(C(C)(C)C)=CC(SC5=CC(C(C)(C)C)=CC(SC6=CC(C(C)(C)C)=CC(S2)=C6OCCCC#CC(C7=CC=CC=C7)=O)=C5OCCCC#CC(C8=CC=CC=C8)=O)=C4OCCCC#CC(C9=CC=CC=C9)=O)=C1)(C)C
outer_cv,valid,1,4,4,,,200,Group 14/197.log,Group 14,Group 14,197.log,CC(C1=CC2=C(OCCCCC#CC(C3=CC=CC=C3)=O)C(SC4=CC(C(C)(C)C)=CC(SC5=CC(C(C)(C)C)=CC(SC6=CC(C(C)(C)C)=CC(S2)=C6OCCCCC#CC(C7=CC=CC=C7)=O)=C5OCCCCC#CC(C8=CC=CC=C8)=O)=C4OCCCCC#CC(C9=CC=CC=C9)=O)=C1)(C)C
outer_cv,valid,1,4,4,,,247,Group 20/244.log,Group 20,Group 20,244.log,BrCCCOC1=C2C=CC=C1SC3=CC=CC4=C3OCCSCCSCCOC5=C(SC6=CC=CC(S4)=C6OCCCBr)C=CC=C5S2
outer_cv,valid,1,4,4,,,248,Group 20/245.log,Group 20,Group 20,245.log,CC(C1=CC2=C(OCCSCCSCCOC3=C(SC4=CC(C(C)(C)C)=CC(S2)=C4OCCCBr)C=C(C(C)(C)C)C=C3S5)C(SC6=CC(C(C)(C)C)=CC5=C6OCCCBr)=C1)(C)C
outer_cv,valid,1,4,4,,,249,Group 20/246.log,Group 20,Group 20,246.log,CC(C1=CC2=C(OCCSCCSCCOC3=C(SC4=CC(C(C)(C)C)=CC(S2)=C4OCCCCCCCCCCCC)C=C(C(C)(C)C)C=C3S5)C(SC6=CC(C(C)(C)C)=CC5=C6OCCCCCCCCCCCC)=C1)(C)C
outer_cv,valid,1,4,4,,,250,Group 20/247.log,Group 20,Group 20,247.log,CC(C1=CC2=C(OCCCSCCOCCSCCCOC3=C(SC4=CC(C(C)(C)C)=CC(S2)=C4OCCCCCCCCCCCC)C=C(C(C)(C)C)C=C3S5)C(SC6=CC(C(C)(C)C)=CC5=C6OCCCCCCCCCCCC)=C1)(C)C
outer_cv,valid,1,4,4,,,251,Group 20/248.log,Group 20,Group 20,248.log,CC(C1=CC2=C(OCCCSCCSCCSCCCOC3=C(SC4=CC(C(C)(C)C)=CC(S2)=C4OCCCCCCCCCCCC)C=C(C(C)(C)C)C=C3S5)C(SC6=CC(C(C)(C)C)=CC5=C6OCCCCCCCCCCCC)=C1)(C)C
outer_cv,train,1,5,5,,,11,Group 2/12.log,Group 2,Group 2,12.log,OC1=C(SC2=C(C(SC3=C(O)C(SC4=CC(C(C)(C)C)=CC(SC1=C5)=C4O[Si](C)(C(C)(C)C)C)=CC(C(C)(C)C)=C3)=CC(C(C)(C)C)=C2)O[Si](C)(C)C(C)(C)C)C=C5C(C)(C)C
outer_cv,train,1,5,5,,,12,Group 2/13.log,Group 2,Group 2,13.log,OC1=C(SC2=C(C(SC3=C(O)C(S4)=CC=C3)=CC=C2)O[Si](C)(C)C(C)(C)C)C=CC=C1SC5=C(O[Si](C)(C(C)(C)C)C)C4=CC=C5
outer_cv,train,1,5,5,,,13,Group 2/14.log,Group 2,Group 2,14.log,OC1=C(SC2=C(C(SC3=C(O)C(SC4=CC(Br)=CC(SC1=C5)=C4O[Si](C)(C(C)(C)C)C)=CC(Br)=C3)=CC(Br)=C2)O[Si](C)(C)C(C)(C)C)C=C5Br
outer_cv,train,1,5,5,,,14,Group 2/15.log,Group 2,Group 2,15.log,OC1=C(SC2=C(C(SC3=C(O)C(S4)=CC=C3)=CC=C2)OS(C(F)(F)F)(=O)=O)C=CC=C1SC5=C(OS(=O)(C(F)(F)F)=O)C4=CC=C5
outer_cv,train,1,5,5,,,26,Group 4/27.log,Group 4,Group 4,27.log,CC(C)(C)C1=CC(CC2=C3)=C(OCC#C)C(CC4=CC(C(C)(C)C)=CC(CC5=CC(C(C)(C)C)=CC(CC(C=C3C(C)(C)C)=C2OCC#C)=C5OCC#C)=C4OCC#C)=C1
outer_cv,train,1,5,5,,,27,Group 4/28.log,Group 4,Group 4,28.log,CC(C)(C1=CC(CC2=C(C(CC(C=C(C=C3C4)C(C)(C)C)=C3OCC#C)=CC(C(C)(C)C)=C2)OCC#C)=C(OCC#C)C(CC5=CC(C(C)(C)C)=CC4=C5OCC#C)=C1)C
outer_cv,train,1,5,5,,,28,Group 4/29.log,Group 4,Group 4,29.log,CC(C1=CC2=C(OCC#C)C(CC3=CC(C(C)(C)C)=CC(CC4=CC(C(C)(C)C)=CC(CC5=CC(C(C)(C)C)=CC(C2)=C5OCC#C)=C4OCC#C)=C3OCC#C)=C1)(C)C
outer_cv,train,1,5,5,,,29,Group 4/30.log,Group 4,Group 4,30.log,C#CCOC1=C2C=CC=C1CC3=CC=CC(CC4=CC=CC(CC(C=CC=C5C2)=C5OCC#C)=C4OCC#C)=C3OCC#C
outer_cv,train,1,5,5,,,30,Group 4/31.log,Group 4,Group 4,31.log,OC1=C(SC2=C(C(S3)=CC(C(C)(C)C)=C2)OCCC#CC#CCCOC4=C(SC1=C5)C=C(C(C)(C)C)C=C4SC6=CC(C(C)(C)C)=CC3=C6O)C=C5C(C)(C)C
outer_cv,train,1,5,5,,,31,Group 4/32.log,Group 4,Group 4,32.log,OC1=C(CC2=C(C(CC3=C(O)C(CC4=CC(C(C)(C)C)=CC(CC1=C5)=C4OCC=C)=CC(C(C)(C)C)=C3)=CC(C(C)(C)C)=C2)OCC=C)C=C5C(C)(C)C
outer_cv,train,1,5,5,,,32,Group 4/33.log,Group 4,Group 4,33.log,OC1=C(CC2=C(C(CC3=C(O)C(C4)=CC=C3)=CC=C2)OCC=C)C=CC=C1CC5=C(OCC=C)C4=CC=C5
outer_cv,train,1,5,5,,,33,Group 4/34.log,Group 4,Group 4,34.log,OC1=C(SC2=C(C(SC3=C(O)C(SC4=CC(C(C)(C)C)=CC(SC1=C5)=C4OCC=C)=CC(C(C)(C)C)=C3)=CC(C(C)(C)C)=C2)OCC=C)C=C5C(C)(C)C
outer_cv,train,1,5,5,,,34,Group 4/35.log,Group 4,Group 4,35.log,CC(C1=CC2=C(OCC=C)C(SC3=CC(C(C)(C)C)=CC(SC4=CC(C(C)(C)C)=CC(SC5=CC(C(C)(C)C)=CC(S2)=C5OCC=C)=C4OCC=C)=C3OCC=C)=C1)(C)C
outer_cv,train,1,5,5,,,35,Group 4/36.log,Group 4,Group 4,36.log,CC(C1=CC2=C(OCC#C)C(SC3=CC(C(C)(C)C)=CC(SC4=CC(C(C)(C)C)=CC(SC5=CC(C(C)(C)C)=CC(S2)=C5OCC#C)=C4OCC#C)=C3OCC#C)=C1)(C)C
outer_cv,train,1,5,5,,,36,Group 4/36_iso.log,Group 4,Group 4,36_iso.log,CC(C)(C1=CC(SC2=C(C(SC(C=C(C=C3S4)C(C)(C)C)=C3OCC#C)=CC(C(C)(C)C)=C2)OCC#C)=C(OCC#C)C(SC5=CC(C(C)(C)C)=CC4=C5OCC#C)=C1)C
outer_cv,train,1,5,5,,,37,Group 4/37_iso.log,Group 4,Group 4,37_iso.log,C#CCOC1=C(SC2=CC=CC(S3)=C2OCC#C)C=CC=C1SC4=C(OCC#C)C(SC5=CC=CC3=C5OCC#C)=CC=C4
outer_cv,train,1,5,5,,,38,Group 4/37.log,Group 4,Group 4,37.log,C#CCOC1=C(S2)C=CC=C1SC(C=CC=C3SC4=C(OCC#C)C(SC5=CC=CC2=C5OCC#C)=CC=C4)=C3OCC#C
outer_cv,train,1,5,5,,,39,Group 4/38.log,Group 4,Group 4,38.log,BrC1=CC(SC2=CC(Br)=CC(SC3=C(OCC#C)C(SC4=CC(Br)=CC(SC5=C1)=C4OCC#C)=CC(Br)=C3)=C2OCC#C)=C5OCC#C
outer_cv,train,1,5,5,,,40,Group 4/38_iso.log,Group 4,Group 4,38_iso.log,BrC(C=C1S2)=CC(SC3=CC(Br)=CC(SC4=C(OCC#C)C(SC5=CC(Br)=CC2=C5OCC#C)=CC(Br)=C4)=C3OCC#C)=C1OCC#C
outer_cv,train,1,5,5,,,41,Group 4/39.log,Group 4,Group 4,39.log,OC1=C(SC2=C(C(SC3=C(O)C(SC4=CC(C(C)(C)C)=CC(SC1=C5)=C4OCC#C)=CC(C(C)(C)C)=C3)=CC(C(C)(C)C)=C2)OCC#C)C=C5C(C)(C)C
outer_cv,train,1,5,5,,,42,Group 4/39_iso.log,Group 4,Group 4,39_iso.log,OC(C(SC1=CC(C(C)(C)C)=CC(SC2=CC(C(C)(C)C)=CC(S3)=C2O)=C1OCC#C)=CC(C(C)(C)C)=C4)=C4SC5=C(C3=CC(C(C)(C)C)=C5)OCC#C
outer_cv,train,1,5,5,,,43,Group 4/40.log,Group 4,Group 4,40.log,CC(C)(C)C1=CC(CC2=C3)=C(OCCC#C)C(CC4=CC(C(C)(C)C)=CC(CC5=CC(C(C)(C)C)=CC(CC(C=C3C(C)(C)C)=C2OCCC#C)=C5OCCC#C)=C4OCCC#C)=C1
outer_cv,train,1,5,5,,,44,Group 4/41.log,Group 4,Group 4,41.log,CC(C)(C1=CC(CC2=C(C(CC(C=C(C=C3C4)C(C)(C)C)=C3OCCCC#C)=CC(C(C)(C)C)=C2)OCCCC#C)=C(OCCCC#C)C(CC5=CC(C(C)(C)C)=CC4=C5OCCCC#C)=C1)C
outer_cv,train,1,5,5,,,45,Group 4/42.log,Group 4,Group 4,42.log,CC(C1=CC2=C(OCCCC#C)C(CC3=CC(C(C)(C)C)=CC(CC4=CC(C(C)(C)C)=CC(CC5=CC(C(C)(C)C)=CC(C2)=C5OCCCC#C)=C4OCCCC#C)=C3OCCCC#C)=C1)(C)C
outer_cv,train,1,5,5,,,46,Group 4/43.log,Group 4,Group 4,43.log,CC(C)(C)C1=CC(CC2=C3)=C(OCCCCC#C)C(CC4=CC(C(C)(C)C)=CC(CC5=CC(C(C)(C)C)=CC(CC(C=C3C(C)(C)C)=C2OCCCCC#C)=C5OCCCCC#C)=C4OCCCCC#C)=C1
outer_cv,train,1,5,5,,,47,Group 4/44.log,Group 4,Group 4,44.log,CC(C1=CC2=C(OCCC#C)C(SC3=CC(C(C)(C)C)=CC(SC4=CC(C(C)(C)C)=CC5=C4OCCC#CC(C(C=C6S5)=CC(S2)=C6OCCC#C)(C)C)=C3OCCC#C)=C1)(C)C
outer_cv,train,1,5,5,,,48,Group 4/45.log,Group 4,Group 4,45.log,CC(C1=CC2=C(OCCCC#C)C(SC3=CC(C(C)(C)C)=CC(SC4=CC(C(C)(C)C)=CC(SC5=CC(C(C)(C)C)=CC(S2)=C5OCCCC#C)=C4OCCCC#C)=C3OCCCC#C)=C1)(C)C
outer_cv,train,1,5,5,,,49,Group 4/46.log,Group 4,Group 4,46.log,CC(C1=CC2=C(OCCCCC#C)C(SC3=CC(C(C)(C)C)=CC(SC4=CC(C(C)(C)C)=CC(SC5=CC(C(C)(C)C)=CC(S2)=C5OCCCCC#C)=C4OCCCCC#C)=C3OCCCCC#C)=C1)(C)C
outer_cv,train,1,5,5,,,50,Group 4/47.log,Group 4,Group 4,47.log,OC1=C(SC2=C(C(SC3=C(O)C(SC4=CC(C(C)(C)C)=CC(SC1=C5)=C4OCCC#C)=CC(C(C)(C)C)=C3)=CC(C(C)(C)C)=C2)OCCC#C)C=C5C(C)(C)C
outer_cv,train,1,5,5,,,51,Group 4/48.log,Group 4,Group 4,48.log,OC1=C(SC2=C(C(SC3=C(O)C(SC4=CC(C(C)(C)C)=CC(SC1=C5)=C4OCCCC#C)=CC(C(C)(C)C)=C3)=CC(C(C)(C)C)=C2)OCCCC#C)C=C5C(C)(C)C
outer_cv,train,1,5,5,,,52,Group 4/49.log,Group 4,Group 4,49.log,OC1=C(SC2=C(C(SC3=C(O)C(SC4=CC(C(C)(C)C)=CC(SC1=C5)=C4OCCCCC#C)=CC(C(C)(C)C)=C3)=CC(C(C)(C)C)=C2)OCCCCC#C)C=C5C(C)(C)C
outer_cv,train,1,5,5,,,53,Group 4/50.log,Group 4,Group 4,50.log,OC1=C(SC2=C(C(SC3=C(O)C(SC4=CC(C(C)(C)C)=CC(SC1=C5)=C4OCC#C)=CC(C(C)(C)C)=C3)=CC(C(C)(C)C)=C2)O)C=C5C(C)(C)C
outer_cv,train,1,5,5,,,54,Group 4/51.log,Group 4,Group 4,51.log,OC1=C(SC2=C(C(SC3=C(O)C(SC4=CC(C(C)(C)C)=CC(SC1=C5)=C4OCCC#C)=CC(C(C)(C)C)=C3)=CC(C(C)(C)C)=C2)O)C=C5C(C)(C)C
outer_cv,train,1,5,5,,,55,Group 4/52.log,Group 4,Group 4,52.log,OC1=C(SC2=C(C(SC3=C(O)C(SC4=CC(C(C)(C)C)=CC(SC1=C5)=C4OCCCC#C)=CC(C(C)(C)C)=C3)=CC(C(C)(C)C)=C2)O)C=C5C(C)(C)C
outer_cv,train,1,5,5,,,56,Group 4/53.log,Group 4,Group 4,53.log,OC1=C(SC2=C(C(SC3=C(O)C(SC4=CC(C(C)(C)C)=CC(SC1=C5)=C4OCCCCC#C)=CC(C(C)(C)C)=C3)=CC(C(C)(C)C)=C2)O)C=C5C(C)(C)C
outer_cv,train,1,5,5,,,57,Group 4/54.log,Group 4,Group 4,54.log,OC1=C(CC2=C(C(CC3=C(OCC#C)C(CC4=CC(C(C)(C)C)=CC(CC1=C5)=C4OCC#C)=CC(C(C)(C)C)=C3)=CC(C(C)(C)C)=C2)O)C=C5C(C)(C)C
outer_cv,train,1,5,5,,,58,Group 5/55.log,Group 5,Group 5,55.log,CC(C1=CC2=C(OCCC#C)C(SC3=CC(C(C)(C)C)=CC(SC4=CC(C(C)(C)C)=CC5=C4OCCC#CC(C(C=C6S5)=CC(S2)=C6OCCCCCCCCCCCC)(C)C)=C3OCCCCCCCCCCCC)=C1)(C)C
outer_cv,train,1,5,5,,,59,Group 5/56.log,Group 5,Group 5,56.log,CC(C1=CC2=C(OCCCC#C)C(SC3=CC(C(C)(C)C)=CC(SC4=CC(C(C)(C)C)=CC(SC5=CC(C(C)(C)C)=CC(S2)=C5OCCCCCCCCCCCC)=C4OCCCC#C)=C3OCCCCCCCCCCCC)=C1)(C)C
outer_cv,train,1,5,5,,,60,Group 5/57.log,Group 5,Group 5,57.log,CC(C1=CC2=C(OCCCCC#C)C(SC3=CC(C(C)(C)C)=CC(SC4=CC(C(C)(C)C)=CC(SC5=CC(C(C)(C)C)=CC(S2)=C5OCCCCCCCCCCCC)=C4OCCCCC#C)=C3OCCCCCCCCCCCC)=C1)(C)C
outer_cv,train,1,5,5,,,61,Group 6/58.log,Group 6,Group 6,58.log,OC1=C(CC2=C(C(CC3=C(O)C(CC4=CC(C(C)(C)C)=CC(CC1=C5)=C4OCCBr)=CC(C(C)(C)C)=C3)=CC(C(C)(C)C)=C2)OCCBr)C=C5C(C)(C)C
outer_cv,train,1,5,5,,,62,Group 6/59.log,Group 6,Group 6,59.log,OC1=C(CC2=C(C(CC3=C(O)C(CC4=CC(C(C)(C)C)=CC(CC1=C5)=C4OCCCBr)=CC(C(C)(C)C)=C3)=CC(C(C)(C)C)=C2)OCCCBr)C=C5C(C)(C)C
outer_cv,train,1,5,5,,,63,Group 6/60.log,Group 6,Group 6,60.log,OC1=C(CC2=C(C(CC3=C(O)C(CC4=CC(C(C)(C)C)=CC(CC1=C5)=C4OCCCCBr)=CC(C(C)(C)C)=C3)=CC(C(C)(C)C)=C2)OCCCCBr)C=C5C(C)(C)C
outer_cv,train,1,5,5,,,64,Group 6/61.log,Group 6,Group 6,61.log,OC1=C(SC2=C(C(SC3=C(O)C(SC4=CC([N+]([O-])=O)=CC(SC1=C5)=C4OCCCBr)=CC([N+]([O-])=O)=C3)=CC([N+]([O-])=O)=C2)OCCCBr)C=C5[N+]([O-])=O
outer_cv,train,1,5,5,,,65,Group 6/62.log,Group 6,Group 6,62.log,CC(C1=CC2=C(OCCCBr)C(SC3=CC(C(C)(C)C)=CC(SC4=CC(C(C)(C)C)=CC(SC5=CC(C(C)(C)C)=CC(S2)=C5OCCCBr)=C4OCCCBr)=C3OCCCBr)=C1)(C)C
outer_cv,train,1,5,5,,,66,Group 6/63.log,Group 6,Group 6,63.log,CC(C1=CC2=C(OCCCCBr)C(SC3=CC(C(C)(C)C)=CC(SC4=CC(C(C)(C)C)=CC(SC5=CC(C(C)(C)C)=CC(S2)=C5OCCCCBr)=C4OCCCCBr)=C3OCCCCBr)=C1)(C)C
outer_cv,train,1,5,5,,,67,Group 6/64.log,Group 6,Group 6,64.log,CC(C1=CC2=C(OCCCCCBr)C(SC3=CC(C(C)(C)C)=CC(SC4=CC(C(C)(C)C)=CC(SC5=CC(C(C)(C)C)=CC(S2)=C5OCCCCCBr)=C4OCCCCCBr)=C3OCCCCCBr)=C1)(C)C
outer_cv,train,1,5,5,,,68,Group 6/65.log,Group 6,Group 6,65.log,CC(C1=CC2=C(OCCCCCCBr)C(SC3=CC(C(C)(C)C)=CC(SC4=CC(C(C)(C)C)=CC(SC5=CC(C(C)(C)C)=CC(S2)=C5OCCCCCCBr)=C4OCCCCCCBr)=C3OCCCCCCBr)=C1)(C)C
outer_cv,train,1,5,5,,,69,Group 6/66.log,Group 6,Group 6,66.log,CC(C1=CC2=C(OCCCCCCCCCCCC)C(SC3=CC(C(C)(C)C)=CC(SC4=CC(C(C)(C)C)=CC(SC5=CC(C(C)(C)C)=CC(S2)=C5OCCCBr)=C4OCCCCCCCCCCCC)=C3OCCCBr)=C1)(C)C
outer_cv,train,1,5,5,,,70,Group 6/67.log,Group 6,Group 6,67.log,CC(C1=CC2=C(OCCCCCCOC3=C(SC4=CC(C(C)(C)C)=CC(S2)=C4OCCCCCCBr)C=C(C(C)(C)C)C=C3S5)C(SC6=CC(C(C)(C)C)=CC5=C6OCCCCCCBr)=C1)(C)C
outer_cv,train,1,5,5,,,94,Group 9/91.log,Group 9,Group 9,91.log,CC(C)(C1=CC(CC2=C(C(CC(C=C(C=C3C4)C(C)(C)C)=C3OCC5=CC(C6=CC=CC=C6)=NN5)=CC(C(C)(C)C)=C2)OCC7=CC(C8=CC=CC=C8)=NN7)=C(OCC9=CC(C%10=CC=CC=C%10)=NN9)C(CC%11=CC(C(C)(C)C)=CC4=C%11OCC%12=CC(C%13=CC=CC=C%13)=NN%12)=C1)C
outer_cv,train,1,5,5,,,95,Group 9/92.log,Group 9,Group 9,92.log,CC(C)(C1=CC(CC2=C(C(CC(C=C(C=C3C4)C(C)(C)C)=C3OCC5=CC(C6=CC=C(C)C=C6)=NN5)=CC(C(C)(C)C)=C2)OCC7=CC(C8=CC=C(C)C=C8)=NN7)=C(OCC9=CC(C%10=CC=C(C)C=C%10)=NN9)C(CC%11=CC(C(C)(C)C)=CC4=C%11OCC%12=CC(C%13=CC=C(C)C=C%13)=NN%12)=C1)C
outer_cv,train,1,5,5,,,96,Group 9/93.log,Group 9,Group 9,93.log,CC(C)(C1=CC(CC2=C(C(CC(C=C(C=C3C4)C(C)(C)C)=C3OCC5=CC(C6=CC=C(Cl)C=C6)=NN5)=CC(C(C)(C)C)=C2)OCC7=CC(C8=CC=C(Cl)C=C8)=NN7)=C(OCC9=CC(C%10=CC=C(Cl)C=C%10)=NN9)C(CC%11=CC(C(C)(C)C)=CC4=C%11OCC%12=CC(C%13=CC=C(Cl)C=C%13)=NN%12)=C1)C
outer_cv,train,1,5,5,,,97,Group 9/94.log,Group 9,Group 9,94.log,CC(C)(C1=CC(CC2=C(C(CC(C=C(C=C3C4)C(C)(C)C)=C3OCC5=CC(C6=CC=C(OC)C=C6)=NN5)=CC(C(C)(C)C)=C2)OCC7=CC(C8=CC=C(OC)C=C8)=NN7)=C(OCC9=CC(C%10=CC=C(OC)C=C%10)=NN9)C(CC%11=CC(C(C)(C)C)=CC4=C%11OCC%12=CC(C%13=CC=C(OC)C=C%13)=NN%12)=C1)C
outer_cv,train,1,5,5,,,98,Group 9/95.log,Group 9,Group 9,95.log,CC(C)(C)C1=CC(CC2=C3)=C(OCC4=CC(C5=CC=C(C)C=C5)=NN4)C(CC6=CC(C(C)(C)C)=CC(CC7=CC(C(C)(C)C)=CC(CC(C=C3C(C)(C)C)=C2OCC8=CC(C9=CC=C(C)C=C9)=NN8)=C7OCC%10=CC(C%11=CC=C(C)C=C%11)=N[N]%10)=C6OCC%12=CC(C%13=CC=C(C)C=C%13)=NN%12)=C1
outer_cv,train,1,5,5,,,99,Group 9/96.log,Group 9,Group 9,96.log,CC(C)(C)C1=CC(CC2=C3)=C(OCC4=CC(C5=CC=C(Cl)C=C5)=NN4)C(CC6=CC(C(C)(C)C)=CC(CC7=CC(C(C)(C)C)=CC(CC(C=C3C(C)(C)C)=C2OCC8=CC(C9=CC=C(Cl)C=C9)=NN8)=C7OCC%10=CC(C%11=CC=C(Cl)C=C%11)=N[N]%10)=C6OCC%12=CC(C%13=CC=C(Cl)C=C%13)=NN%12)=C1
outer_cv,train,1,5,5,,,100,Group 9/97.log,Group 9,Group 9,97.log,CC(C)(C)C1=CC(CC2=C3)=C(OCC4=CC(C5=CC=C(OC)C=C5)=NN4)C(CC6=CC(C(C)(C)C)=CC(CC7=CC(C(C)(C)C)=CC(CC(C=C3C(C)(C)C)=C2OCC8=CC(C9=CC=C(OC)C=C9)=NN8)=C7OCC%10=CC(C%11=CC=C(OC)C=C%11)=NN%10)=C6OCC%12=CC(C%13=CC=C(OC)C=C%13)=NN%12)=C1
outer_cv,train,1,5,5,,,101,Group 9/98.log,Group 9,Group 9,98.log,CC(C)(C)C1=CC(CC2=C3)=C(OCC4=CC(C5=CC=CC=C5)=NN4)C(CC6=CC(C(C)(C)C)=CC(CC7=CC(C(C)(C)C)=CC(CC(C=C3C(C)(C)C)=C2OCC8=CC(C9=CC=CC=C9)=NN8)=C7OCC%10=CC(C%11=CC=CC=C%11)=NN%10)=C6OCC%12=CC(C%13=CC=CC=C%13)=NN%12)=C1
outer_cv,train,1,5,5,,,102,Group 9/99.log,Group 9,Group 9,99.log,CC(C1=CC2=C(OCC3=CC(C4=CC=CC=C4)=NN3)C(CC5=CC(C(C)(C)C)=CC(CC6=CC(C(C)(C)C)=CC(CC7=CC(C(C)(C)C)=CC(C2)=C7OCC8=CC(C9=CC=CC=C9)=NN8)=C6OCC%10=CC(C%11=CC=CC=C%11)=NN%10)=C5OCC%12=CC(C%13=CC=CC=C%13)=NN%12)=C1)(C)C
outer_cv,train,1,5,5,,,103,Group 9/100.log,Group 9,Group 9,100.log,CC(C1=CC2=C(OCC3=CC(C4=CC=C(C)C=C4)=NN3)C(CC5=CC(C(C)(C)C)=CC(CC6=CC(C(C)(C)C)=CC(CC7=CC(C(C)(C)C)=CC(C2)=C7OCC8=CC(C9=CC=C(C)C=C9)=NN8)=C6OCC%10=CC(C%11=CC=C(C)C=C%11)=NN%10)=C5OCC%12=CC(C%13=CC=C(C)C=C%13)=NN%12)=C1)(C)C
outer_cv,train,1,5,5,,,104,Group 9/101.log,Group 9,Group 9,101.log,CC(C1=CC2=C(OCC3=CC(C4=CC=C(Cl)C=C4)=NN3)C(CC5=CC(C(C)(C)C)=CC(CC6=CC(C(C)(C)C)=CC(CC7=CC(C(C)(C)C)=CC(C2)=C7OCC8=CC(C9=CC=C(Cl)C=C9)=NN8)=C6OCC%10=CC(C%11=CC=C(Cl)C=C%11)=NN%10)=C5OCC%12=CC(C%13=CC=C(Cl)C=C%13)=NN%12)=C1)(C)C
outer_cv,train,1,5,5,,,105,Group 9/102.log,Group 9,Group 9,102.log,CC(C1=CC2=C(OCC3=CC(C4=CC=C(OC)C=C4)=NN3)C(CC5=CC(C(C)(C)C)=CC(CC6=CC(C(C)(C)C)=CC(CC7=CC(C(C)(C)C)=CC(C2)=C7OCC8=CC(C9=CC=C(OC)C=C9)=NN8)=C6OCC%10=CC(C%11=CC=C(OC)C=C%11)=NN%10)=C5OCC%12=CC(C%13=CC=C(OC)C=C%13)=NN%12)=C1)(C)C
outer_cv,train,1,5,5,,,106,Group 9/103.log,Group 9,Group 9,103.log,C1(C2)=C(C(CC(C=CC=C3CC4=C(OCC5=CC(C6=CC=CC=C6)=NN5)C(CC7=CC=CC2=C7OCC8=CC(C9=CC=CC=C9)=NN8)=CC=C4)=C3OCC%10=CC(C%11=CC=CC=C%11)=NN%10)=CC=C1)OCC%12=CC(C%13=CC=CC=C%13)=NN%12
outer_cv,train,1,5,5,,,107,Group 9/104.log,Group 9,Group 9,104.log,CC(C1=CC2=C(OCCCC3=CC(C4=CC=CC=C4)=NN3)C(CC5=CC(C(C)(C)C)=CC(CC6=CC(C(C)(C)C)=CC(CC7=CC(C(C)(C)C)=CC(C2)=C7OCCCC8=CC(C9=CC=CC=C9)=NN8)=C6OCCCC%10=CC(C%11=CC=CC=C%11)=NN%10)=C5OCCCC%12=CC(C%13=CC=CC=C%13)=NN%12)=C1)(C)C
outer_cv,train,1,5,5,,,108,Group 9/105.log,Group 9,Group 9,105.log,CC(C1=CC2=C(OCC3=CC(C4=CC=CC=C4)=NN3)C(SC5=CC(C(C)(C)C)=CC(SC6=CC(C(C)(C)C)=CC(SC7=CC(C(C)(C)C)=CC(S2)=C7OCC8=CC(C9=CC=CC=C9)=NN8)=C6OCC%10=CC(C%11=CC=CC=C%11)=NN%10)=C5OCC%12=CC(C%13=CC=CC=C%13)=NN%12)=C1)(C)C
outer_cv,train,1,5,5,,,109,Group 9/106.log,Group 9,Group 9,106.log,CC(C1=CC2=C(OCCCC3=CC(C4=CC=CC=C4)=NN3)C(SC5=CC(C(C)(C)C)=CC(SC6=CC(C(C)(C)C)=CC(SC7=CC(C(C)(C)C)=CC(S2)=C7OCCCC8=CC(C9=CC=CC=C9)=NN8)=C6OCCCC%10=CC(C%11=CC=CC=C%11)=NN%10)=C5OCCCC%12=CC(C%13=CC=CC=C%13)=NN%12)=C1)(C)C
outer_cv,train,1,5,5,,,110,Group 9/107.log,Group 9,Group 9,107.log,CC(C1=CC2=C(OCCCCC3=CC(C4=CC=CC=C4)=NN3)C(SC5=CC(C(C)(C)C)=CC(SC6=CC(C(C)(C)C)=CC(SC7=CC(C(C)(C)C)=CC(S2)=C7OCCCCC8=CC(C9=CC=CC=C9)=NN8)=C6OCCCCC%10=CC(C%11=CC=CC=C%11)=NN%10)=C5OCCCCC%12=CC(C%13=CC=CC=C%13)=NN%12)=C1)(C)C
outer_cv,train,1,5,5,,,111,Group 9/108.log,Group 9,Group 9,108.log,CC(C1=CC2=C(OCCCCCN3C=CC=N3)C(SC4=CC(C(C)(C)C)=CC(SC5=CC(C(C)(C)C)=CC(SC6=CC(C(C)(C)C)=CC(S2)=C6OCCCCCN7C=CC=N7)=C5OCCCCCN8N=CC=C8)=C4OCCCCCN9N=CC=C9)=C1)(C)C
outer_cv,train,1,5,5,,,112,Group 9/109.log,Group 9,Group 9,109.log,CC(C)(C)C(C=C1)=CC=C1OCC2=N3N([H][N]4C(COC5=CC=C(C(C)(C)C)C=C5)=CC(C6=CC=CC=C6)=[N]4[H]N(N([H][N]7[N]([H]3)=C(C8=CC=CC=C8)C=C7COC9=CC=C(C(C)(C)C)C=C9)C(C%10=CC=CC=C%10)=C%11)=C%11COC%12=CC=C(C(C)(C)C)C=C%12)C(C%13=CC=CC=C%13)=C2
outer_cv,train,1,5,5,,,113,Group 9/110.log,Group 9,Group 9,110.log,CC(C)(C)C(C=C1)=CC=C1OCC2=CC(C3=CC=CC=C3)=N([H]N([N]([H][N]4N5=C(C6=CC=CC=C6)C=C4COC7=CC=C(C(C)(C)C)C=C7)C(COC8=CC=C(C(C)(C)C)C=C8)=C9)=C9C%10=CC=CC=C%10)[N]2[H][N]%11N([H]5)=C(C%12=CC=CC=C%12)C=C%11COC%13=CC=C(C(C)(C)C)C=C%13
outer_cv,train,1,5,5,,,127,Group 11/124.log,Group 11,Group 11,124.log,CC(C1=CC2=C(OCC3=CN(CCOC(C(SC(C=C4C(C)(C)C)=C5O)=C6)=C(C=C6C(C)(C)C)SC7=C(O)C(SC(C=C(C=C8SC5=C4)C(C)(C)C)=C8O)=CC(C(C)(C)C)=C7)N=N3)C(SC9=CC(C(C)(C)C)=CC(SC%10=CC(C(C)(C)C)=CC(SC%11=CC(C(C)(C)C)=CC(S2)=C%11OCC%12=CN(CCOC%13=C(SC%14=C%15)C=C(C(C)(C)C)C=C%13SC%16=CC(C(C)(C)C)=CC(SC%17=CC(C(C)(C)C)=CC(SC(C=C%15C(C)(C)C)=C%14O)=C%17O)=C%16O)N=N%12)=C%10OCC%18=CN(CCOC%19=C(C=C(C=C%19SC%20=C%21)C(C)(C)C)SC%22=CC(C(C)(C)C)=CC(SC%23=C(O)C(SC(C=C%21C(C)(C)C)=C%20O)=CC(C(C)(C)C)=C%23)=C%22O)N=N%18)=C9OCC%24=CN(CCOC%25=C(SC(C=C%26C(C)(C)C)=C%27O)C=C(C(C)(C)C)C=C%25SC%28=C(O)C(SC%29=CC(C(C)(C)C)=CC(SC%27=C%26)=C%29O)=CC(C(C)(C)C)=C%28)N=N%24)=C1)(C)C
outer_cv,train,1,5,5,,,128,Group 11/125.log,Group 11,Group 11,125.log,CC(C1=CC2=C(OCC3=CN(CCCOC(C(SC(C=C4C(C)(C)C)=C5O)=C6)=C(C=C6C(C)(C)C)SC7=C(O)C(SC(C=C(C=C8SC5=C4)C(C)(C)C)=C8O)=CC(C(C)(C)C)=C7)N=N3)C(SC9=CC(C(C)(C)C)=CC(SC%10=CC(C(C)(C)C)=CC(SC%11=CC(C(C)(C)C)=CC(S2)=C%11OCC%12=CN(CCCOC%13=C(SC%14=C%15)C=C(C(C)(C)C)C=C%13SC%16=CC(C(C)(C)C)=CC(SC%17=CC(C(C)(C)C)=CC(SC(C=C%15C(C)(C)C)=C%14O)=C%17O)=C%16O)N=N%12)=C%10OCC%18=CN(CCCOC%19=C(C=C(C=C%19SC%20=C%21)C(C)(C)C)SC%22=CC(C(C)(C)C)=CC(SC%23=C(O)C(SC(C=C%21C(C)(C)C)=C%20O)=CC(C(C)(C)C)=C%23)=C%22O)N=N%18)=C9OCC%24=CN(CCCOC%25=C(SC(C=C%26C(C)(C)C)=C%27O)C=C(C(C)(C)C)C=C%25SC%28=C(O)C(SC%29=CC(C(C)(C)C)=CC(SC%27=C%26)=C%29O)=CC(C(C)(C)C)=C%28)N=N%24)=C1)(C)C
outer_cv,train,1,5,5,,,129,Group 11/126.log,Group 11,Group 11,126.log,CC(C1=CC(SC2=C(O)C(SC(C=C(C=C3SC4=C5)C(C)(C)C)=C3O)=CC(C(C)(C)C)=C2)=C(OCCN6N=NC(CCOC(C(SC7=CC(C(C)(C)C)=CC(SC8=CC(C(C)(C)C)=CC(S9)=C8OCCC%10=CN(CCOC%11=C(C=C(C=C%11SC%12=C%13)C(C)(C)C)SC%14=CC(C(C)(C)C)=CC(SC%15=C(O)C(SC(C=C%13C(C)(C)C)=C%12O)=CC(C(C)(C)C)=C%15)=C%14O)N=N%10)=C7OCCC%16=CN(CCOC%17=C(SC(C=C%18C(C)(C)C)=C%19O)C=C(C(C)(C)C)C=C%17SC%20=C(O)C(SC%21=CC(C(C)(C)C)=CC(SC%19=C%18)=C%21O)=CC(C(C)(C)C)=C%20)N=N%16)=CC(C(C)(C)C)=C%22)=C%22SC%23=C(C9=CC(C(C)(C)C)=C%23)OCCC%24=CN(CCOC%25=C(SC%26=C%27)C=C(C(C)(C)C)C=C%25SC%28=CC(C(C)(C)C)=CC(SC%29=CC(C(C)(C)C)=CC(SC(C=C%27C(C)(C)C)=C%26O)=C%29O)=C%28O)N=N%24)=C6)C(SC(C=C5C(C)(C)C)=C4O)=C1)(C)C
outer_cv,train,1,5,5,,,130,Group 11/127.log,Group 11,Group 11,127.log,OC1=C(SC2=C3)C=C(C(C)(C)C)C=C1SC4=CC(C(C)(C)C)=CC(SC5=CC(C(C)(C)C)=CC(SC(C=C3C(C)(C)C)=C2O)=C5OCCCN(N=N6)C=C6CCOC7=C(SC8=CC(C(C)(C)C)=CC(SC9=CC(C(C)(C)C)=CC(S%10)=C9OCCC%11=CN(CCCOC%12=C(SC%13=C%14)C=C(C(C)(C)C)C=C%12SC%15=CC(C(C)(C)C)=CC(SC%16=CC(C(C)(C)C)=CC(SC(C=C%14C(C)(C)C)=C%13O)=C%16O)=C%15O)N=N%11)=C8OCCC%17=CN(CCCOC%18=C(C=C(C=C%18SC%19=C%20)C(C)(C)C)SC%21=CC(C(C)(C)C)=CC(SC%22=C(O)C(SC(C=C%20C(C)(C)C)=C%19O)=CC(C(C)(C)C)=C%22)=C%21O)N=N%17)C=C(C(C)(C)C)C=C7SC%23=CC(C(C)(C)C)=CC%10=C%23OCCC%24=CN(CCCOC%25=C(C=C%26C(C)(C)C)SC%27=C(O)C(SC%28=C(O)C(SC%29=CC(C(C)(C)C)=CC(SC%25=C%26)=C%29O)=CC(C(C)(C)C)=C%28)=CC(C(C)(C)C)=C%27)N=N%24)=C4O
outer_cv,train,1,5,5,,,131,Group 11/128.log,Group 11,Group 11,128.log,CC(C1=CC2=C(OCCCC3=CN(CCOC4=C(C=C5C(C)(C)C)SC6=C(O)C(SC7=C(O)C(SC8=CC(C(C)(C)C)=CC(SC4=C5)=C8O)=CC(C(C)(C)C)=C7)=CC(C(C)(C)C)=C6)N=N3)C(SC9=CC(C(C)(C)C)=CC(SC%10=CC(C(C)(C)C)=CC(SC%11=CC(C(C)(C)C)=CC(S2)=C%11OCCCC%12=CN(CCOC%13=C(SC%14=C%15)C=C(C(C)(C)C)C=C%13SC%16=CC(C(C)(C)C)=CC(SC%17=CC(C(C)(C)C)=CC(SC(C=C%15C(C)(C)C)=C%14O)=C%17O)=C%16O)N=N%12)=C%10OCCCC%18=CN(CCOC%19=C(C=C(C=C%19SC%20=C%21)C(C)(C)C)SC%22=CC(C(C)(C)C)=CC(SC%23=C(O)C(SC(C=C%21C(C)(C)C)=C%20O)=CC(C(C)(C)C)=C%23)=C%22O)N=N%18)=C9OCCCC%24=CN(CCOC%25=C(SC(C=C%26C(C)(C)C)=C%27O)C=C(C(C)(C)C)C=C%25SC%28=C(O)C(SC%29=CC(C(C)(C)C)=CC(SC%27=C%26)=C%29O)=CC(C(C)(C)C)=C%28)N=N%24)=C1)(C)C
outer_cv,train,1,5,5,,,132,Group 11/129.log,Group 11,Group 11,129.log,CC(C1=CC2=C(OCCCC3=CN(CCCOC4=C(C=C5C(C)(C)C)SC6=C(O)C(SC7=C(O)C(SC8=CC(C(C)(C)C)=CC(SC4=C5)=C8O)=CC(C(C)(C)C)=C7)=CC(C(C)(C)C)=C6)N=N3)C(SC9=CC(C(C)(C)C)=CC(SC%10=CC(C(C)(C)C)=CC(SC%11=CC(C(C)(C)C)=CC(S2)=C%11OCCCC%12=CN(CCCOC%13=C(SC%14=C%15)C=C(C(C)(C)C)C=C%13SC%16=CC(C(C)(C)C)=CC(SC%17=CC(C(C)(C)C)=CC(SC(C=C%15C(C)(C)C)=C%14O)=C%17O)=C%16O)N=N%12)=C%10OCCCC%18=CN(CCCOC%19=C(C=C(C=C%19SC%20=C%21)C(C)(C)C)SC%22=CC(C(C)(C)C)=CC(SC%23=C(O)C(SC(C=C%21C(C)(C)C)=C%20O)=CC(C(C)(C)C)=C%23)=C%22O)N=N%18)=C9OCCCC%24=CN(CCCOC%25=C(SC(C=C%26C(C)(C)C)=C%27O)C=C(C(C)(C)C)C=C%25SC%28=C(O)C(SC%29=CC(C(C)(C)C)=CC(SC%27=C%26)=C%29O)=CC(C(C)(C)C)=C%28)N=N%24)=C1)(C)C
outer_cv,train,1,5,5,,,133,Group 11/130.log,Group 11,Group 11,130.log,CC(C1=CC2=C(OCCCCC3=CN(CCOC(C(SC(C=C4C(C)(C)C)=C5O)=C6)=C(C=C6C(C)(C)C)SC7=C(O)C(SC(C=C(C=C8SC5=C4)C(C)(C)C)=C8O)=CC(C(C)(C)C)=C7)N=N3)C(SC9=CC(C(C)(C)C)=CC(SC%10=CC(C(C)(C)C)=CC(SC%11=CC(C(C)(C)C)=CC(S2)=C%11OCCCCC%12=CN(CCOC%13=C(SC%14=C%15)C=C(C(C)(C)C)C=C%13SC%16=CC(C(C)(C)C)=CC(SC%17=CC(C(C)(C)C)=CC(SC(C=C%15C(C)(C)C)=C%14O)=C%17O)=C%16O)N=N%12)=C%10OCCCCC%18=CN(CCOC%19=C(C=C(C=C%19SC%20=C%21)C(C)(C)C)SC%22=CC(C(C)(C)C)=CC(SC%23=C(O)C(SC(C=C%21C(C)(C)C)=C%20O)=CC(C(C)(C)C)=C%23)=C%22O)N=N%18)=C9OCCCCC%24=CN(CCOC%25=C(SC(C=C%26C(C)(C)C)=C%27O)C=C(C(C)(C)C)C=C%25SC%28=C(O)C(SC%29=CC(C(C)(C)C)=CC(SC%27=C%26)=C%29O)=CC(C(C)(C)C)=C%28)N=N%24)=C1)(C)C
outer_cv,train,1,5,5,,,134,Group 11/131.log,Group 11,Group 11,131.log,CC(C1=CC2=C(OCCCCC3=CN(CCCOC(C(SC(C=C4C(C)(C)C)=C5O)=C6)=C(C=C6C(C)(C)C)SC7=C(O)C(SC(C=C(C=C8SC5=C4)C(C)(C)C)=C8O)=CC(C(C)(C)C)=C7)N=N3)C(SC9=CC(C(C)(C)C)=CC(SC%10=CC(C(C)(C)C)=CC(SC%11=CC(C(C)(C)C)=CC(S2)=C%11OCCCCC%12=CN(CCCOC%13=C(SC%14=C%15)C=C(C(C)(C)C)C=C%13SC%16=CC(C(C)(C)C)=CC(SC%17=CC(C(C)(C)C)=CC(SC(C=C%15C(C)(C)C)=C%14O)=C%17O)=C%16O)N=N%12)=C%10OCCCCC%18=CN(CCCOC%19=C(C=C(C=C%19SC%20=C%21)C(C)(C)C)SC%22=CC(C(C)(C)C)=CC(SC%23=C(O)C(SC(C=C%21C(C)(C)C)=C%20O)=CC(C(C)(C)C)=C%23)=C%22O)N=N%18)=C9OCCCCC%24=CN(CCCOC%25=C(SC(C=C%26C(C)(C)C)=C%27O)C=C(C(C)(C)C)C=C%25SC%28=C(O)C(SC%29=CC(C(C)(C)C)=CC(SC%27=C%26)=C%29O)=CC(C(C)(C)C)=C%28)N=N%24)=C1)(C)C
outer_cv,train,1,5,5,,,135,Group 11/132.log,Group 11,Group 11,132.log,CC(C1=CC(SC2=C(O)C(SC(C=C(C=C3SC4=C5)C(C)(C)C)=C3O)=CC(C(C)(C)C)=C2)=C(OCC6=CN(N=N6)CCOC(C(SC7=CC(C(C)(C)C)=CC(SC8=CC(C(C)(C)C)=CC(S9)=C8OCCN%10C=C(COC%11=C(C=C(C=C%11SC%12=C%13)C(C)(C)C)SC%14=CC(C(C)(C)C)=CC(SC%15=C(O)C(SC(C=C%13C(C)(C)C)=C%12O)=CC(C(C)(C)C)=C%15)=C%14O)N=N%10)=C7OCCN%16C=C(COC%17=C(SC(C=C%18C(C)(C)C)=C%19O)C=C(C(C)(C)C)C=C%17SC%20=C(O)C(SC%21=CC(C(C)(C)C)=CC(SC%19=C%18)=C%21O)=CC(C(C)(C)C)=C%20)N=N%16)=CC(C(C)(C)C)=C%22)=C%22SC%23=C(C9=CC(C(C)(C)C)=C%23)OCCN%24N=NC(COC%25=C(SC%26=C%27)C=C(C(C)(C)C)C=C%25SC%28=CC(C(C)(C)C)=CC(SC%29=CC(C(C)(C)C)=CC(SC(C=C%27C(C)(C)C)=C%26O)=C%29O)=C%28O)=C%24)C(SC(C=C5C(C)(C)C)=C4O)=C1)(C)C
outer_cv,train,1,5,5,,,136,Group 11/133.log,Group 11,Group 11,133.log,CC(C1=CC(SC2=C(O)C(SC(C=C(C=C3SC4=C5)C(C)(C)C)=C3O)=CC(C(C)(C)C)=C2)=C(OCCC6=CN(N=N6)CCOC(C(SC7=CC(C(C)(C)C)=CC(SC8=CC(C(C)(C)C)=CC(S9)=C8OCCN%10C=C(CCOC%11=C(C=C(C=C%11SC%12=C%13)C(C)(C)C)SC%14=CC(C(C)(C)C)=CC(SC%15=C(O)C(SC(C=C%13C(C)(C)C)=C%12O)=CC(C(C)(C)C)=C%15)=C%14O)N=N%10)=C7OCCN%16C=C(CCOC%17=C(SC(C=C%18C(C)(C)C)=C%19O)C=C(C(C)(C)C)C=C%17SC%20=C(O)C(SC%21=CC(C(C)(C)C)=CC(SC%19=C%18)=C%21O)=CC(C(C)(C)C)=C%20)N=N%16)=CC(C(C)(C)C)=C%22)=C%22SC%23=C(C9=CC(C(C)(C)C)=C%23)OCCN%24N=NC(CCOC%25=C(SC%26=C%27)C=C(C(C)(C)C)C=C%25SC%28=CC(C(C)(C)C)=CC(SC%29=CC(C(C)(C)C)=CC(SC(C=C%27C(C)(C)C)=C%26O)=C%29O)=C%28O)=C%24)C(SC(C=C5C(C)(C)C)=C4O)=C1)(C)C
outer_cv,train,1,5,5,,,137,Group 11/134.log,Group 11,Group 11,134.log,OC1=C(SC2=C3)C=C(C(C)(C)C)C=C1SC4=CC(C(C)(C)C)=CC(SC5=CC(C(C)(C)C)=CC(SC(C=C3C(C)(C)C)=C2O)=C5OCCCC(N=N6)=CN6CCOC7=C(SC8=CC(C(C)(C)C)=CC(SC9=CC(C(C)(C)C)=CC(S%10)=C9OCCN%11N=NC(CCCOC%12=C(SC%13=C%14)C=C(C(C)(C)C)C=C%12SC%15=CC(C(C)(C)C)=CC(SC%16=CC(C(C)(C)C)=CC(SC(C=C%14C(C)(C)C)=C%13O)=C%16O)=C%15O)=C%11)=C8OCCN%17C=C(CCCOC%18=C(C=C(C=C%18SC%19=C%20)C(C)(C)C)SC%21=CC(C(C)(C)C)=CC(SC%22=C(O)C(SC(C=C%20C(C)(C)C)=C%19O)=CC(C(C)(C)C)=C%22)=C%21O)N=N%17)C=C(C(C)(C)C)C=C7SC%23=CC(C(C)(C)C)=CC%10=C%23OCCN%24N=NC(CCCOC%25=C(C=C%26C(C)(C)C)SC%27=C(O)C(SC%28=C(O)C(SC%29=CC(C(C)(C)C)=CC(SC%25=C%26)=C%29O)=CC(C(C)(C)C)=C%28)=CC(C(C)(C)C)=C%27)=C%24)=C4O
outer_cv,train,1,5,5,,,138,Group 11/135.log,Group 11,Group 11,135.log,OC1=C(SC2=C3)C=C(C(C)(C)C)C=C1SC4=CC(C(C)(C)C)=CC(SC5=CC(C(C)(C)C)=CC(SC(C=C3C(C)(C)C)=C2O)=C5OCCCCC(N=N6)=CN6CCOC7=C(SC8=CC(C(C)(C)C)=CC(SC9=CC(C(C)(C)C)=CC(S%10)=C9OCCN%11N=NC(CCCCOC%12=C(SC%13=C%14)C=C(C(C)(C)C)C=C%12SC%15=CC(C(C)(C)C)=CC(SC%16=CC(C(C)(C)C)=CC(SC(C=C%14C(C)(C)C)=C%13O)=C%16O)=C%15O)=C%11)=C8OCCN%17C=C(CCCCOC%18=C(C=C(C=C%18SC%19=C%20)C(C)(C)C)SC%21=CC(C(C)(C)C)=CC(SC%22=C(O)C(SC(C=C%20C(C)(C)C)=C%19O)=CC(C(C)(C)C)=C%22)=C%21O)N=N%17)C=C(C(C)(C)C)C=C7SC%23=CC(C(C)(C)C)=CC%10=C%23OCCN%24N=NC(CCCCOC%25=C(C=C%26C(C)(C)C)SC%27=C(O)C(SC%28=C(O)C(SC%29=CC(C(C)(C)C)=CC(SC%25=C%26)=C%29O)=CC(C(C)(C)C)=C%28)=CC(C(C)(C)C)=C%27)=C%24)=C4O
outer_cv,train,1,5,5,,,139,Group 11/136.log,Group 11,Group 11,136.log,CC(C1=CC2=C(OCCCN3C=C(COC4=C(C=C5C(C)(C)C)SC6=C(O)C(SC7=C(O)C(SC8=CC(C(C)(C)C)=CC(SC4=C5)=C8O)=CC(C(C)(C)C)=C7)=CC(C(C)(C)C)=C6)N=N3)C(SC9=CC(C(C)(C)C)=CC(SC%10=CC(C(C)(C)C)=CC(SC%11=CC(C(C)(C)C)=CC(S2)=C%11OCCCN%12C=C(COC%13=C(SC%14=C%15)C=C(C(C)(C)C)C=C%13SC%16=CC(C(C)(C)C)=CC(SC%17=CC(C(C)(C)C)=CC(SC(C=C%15C(C)(C)C)=C%14O)=C%17O)=C%16O)N=N%12)=C%10OCCCN%18N=NC(COC%19=C(C=C(C=C%19SC%20=C%21)C(C)(C)C)SC%22=CC(C(C)(C)C)=CC(SC%23=C(O)C(SC(C=C%21C(C)(C)C)=C%20O)=CC(C(C)(C)C)=C%23)=C%22O)=C%18)=C9OCCCN%24N=NC(COC%25=C(SC(C=C%26C(C)(C)C)=C%27O)C=C(C(C)(C)C)C=C%25SC%28=C(O)C(SC%29=CC(C(C)(C)C)=CC(SC%27=C%26)=C%29O)=CC(C(C)(C)C)=C%28)=C%24)=C1)(C)C
outer_cv,train,1,5,5,,,140,Group 11/137.log,Group 11,Group 11,137.log,CC(C1=CC2=C(OCCCN3C=C(CCOC4=C(C=C5C(C)(C)C)SC6=C(O)C(SC7=C(O)C(SC8=CC(C(C)(C)C)=CC(SC4=C5)=C8O)=CC(C(C)(C)C)=C7)=CC(C(C)(C)C)=C6)N=N3)C(SC9=CC(C(C)(C)C)=CC(SC%10=CC(C(C)(C)C)=CC(SC%11=CC(C(C)(C)C)=CC(S2)=C%11OCCCN%12C=C(CCOC%13=C(SC%14=C%15)C=C(C(C)(C)C)C=C%13SC%16=CC(C(C)(C)C)=CC(SC%17=CC(C(C)(C)C)=CC(SC(C=C%15C(C)(C)C)=C%14O)=C%17O)=C%16O)N=N%12)=C%10OCCCN%18N=NC(CCOC%19=C(C=C(C=C%19SC%20=C%21)C(C)(C)C)SC%22=CC(C(C)(C)C)=CC(SC%23=C(O)C(SC(C=C%21C(C)(C)C)=C%20O)=CC(C(C)(C)C)=C%23)=C%22O)=C%18)=C9OCCCN%24N=NC(CCOC%25=C(SC(C=C%26C(C)(C)C)=C%27O)C=C(C(C)(C)C)C=C%25SC%28=C(O)C(SC%29=CC(C(C)(C)C)=CC(SC%27=C%26)=C%29O)=CC(C(C)(C)C)=C%28)=C%24)=C1)(C)C
outer_cv,train,1,5,5,,,141,Group 11/138.log,Group 11,Group 11,138.log,CC(C1=CC2=C(OCCCN3C=C(CCCOC4=C(C=C5C(C)(C)C)SC6=C(O)C(SC7=C(O)C(SC8=CC(C(C)(C)C)=CC(SC4=C5)=C8O)=CC(C(C)(C)C)=C7)=CC(C(C)(C)C)=C6)N=N3)C(SC9=CC(C(C)(C)C)=CC(SC%10=CC(C(C)(C)C)=CC(SC%11=CC(C(C)(C)C)=CC(S2)=C%11OCCCN%12C=C(CCCOC%13=C(SC%14=C%15)C=C(C(C)(C)C)C=C%13SC%16=CC(C(C)(C)C)=CC(SC%17=CC(C(C)(C)C)=CC(SC(C=C%15C(C)(C)C)=C%14O)=C%17O)=C%16O)N=N%12)=C%10OCCCN%18N=NC(CCCOC%19=C(C=C(C=C%19SC%20=C%21)C(C)(C)C)SC%22=CC(C(C)(C)C)=CC(SC%23=C(O)C(SC(C=C%21C(C)(C)C)=C%20O)=CC(C(C)(C)C)=C%23)=C%22O)=C%18)=C9OCCCN%24N=NC(CCCOC%25=C(SC(C=C%26C(C)(C)C)=C%27O)C=C(C(C)(C)C)C=C%25SC%28=C(O)C(SC%29=CC(C(C)(C)C)=CC(SC%27=C%26)=C%29O)=CC(C(C)(C)C)=C%28)=C%24)=C1)(C)C
outer_cv,train,1,5,5,,,142,Group 11/139.log,Group 11,Group 11,139.log,CC(C1=CC2=C(OCCCN3C=C(CCCCOC4=C(C=C5C(C)(C)C)SC6=C(O)C(SC7=C(O)C(SC8=CC(C(C)(C)C)=CC(SC4=C5)=C8O)=CC(C(C)(C)C)=C7)=CC(C(C)(C)C)=C6)N=N3)C(SC9=CC(C(C)(C)C)=CC(SC%10=CC(C(C)(C)C)=CC(SC%11=CC(C(C)(C)C)=CC(S2)=C%11OCCCN%12C=C(CCCCOC%13=C(SC%14=C%15)C=C(C(C)(C)C)C=C%13SC%16=CC(C(C)(C)C)=CC(SC%17=CC(C(C)(C)C)=CC(SC(C=C%15C(C)(C)C)=C%14O)=C%17O)=C%16O)N=N%12)=C%10OCCCN%18N=NC(CCCCOC%19=C(C=C(C=C%19SC%20=C%21)C(C)(C)C)SC%22=CC(C(C)(C)C)=CC(SC%23=C(O)C(SC(C=C%21C(C)(C)C)=C%20O)=CC(C(C)(C)C)=C%23)=C%22O)=C%18)=C9OCCCN%24N=NC(CCCCOC%25=C(S)C=C(C(C)(C)C)C=C%25SC%26=C(O)C(SC%27=CC(C(C)(C)C)=CC(SC%28=CC(C(C)(C)C)=CC=C%28O)=C%27O)=CC(C(C)(C)C)=C%26)=C%24)=C1)(C)C
outer_cv,train,1,5,5,,,143,Group 11/140.log,Group 11,Group 11,140.log,CC(C1=CC2=C(OCCCCN3N=NC(COC(C(SC(C=C4C(C)(C)C)=C5O)=C6)=C(C=C6C(C)(C)C)SC7=C(O)C(SC(C=C(C=C8SC5=C4)C(C)(C)C)=C8O)=CC(C(C)(C)C)=C7)=C3)C(SC9=CC(C(C)(C)C)=CC(SC%10=CC(C(C)(C)C)=CC(SC%11=CC(C(C)(C)C)=CC(S2)=C%11OCCCCN%12N=NC(COC%13=C(SC%14=C%15)C=C(C(C)(C)C)C=C%13SC%16=CC(C(C)(C)C)=CC(SC%17=CC(C(C)(C)C)=CC(SC(C=C%15C(C)(C)C)=C%14O)=C%17O)=C%16O)=C%12)=C%10OCCCCN%18C=C(COC%19=C(C=C(C=C%19SC%20=C%21)C(C)(C)C)SC%22=CC(C(C)(C)C)=CC(SC%23=C(O)C(SC(C=C%21C(C)(C)C)=C%20O)=CC(C(C)(C)C)=C%23)=C%22O)N=N%18)=C9OCCCCN%24C=C(COC%25=C(SC(C=C%26C(C)(C)C)=C%27O)C=C(C(C)(C)C)C=C%25SC%28=C(O)C(SC%29=CC(C(C)(C)C)=CC(SC%27=C%26)=C%29O)=CC(C(C)(C)C)=C%28)N=N%24)=C1)(C)C
outer_cv,train,1,5,5,,,144,Group 11/141.log,Group 11,Group 11,141.log,CC(C1=CC2=C(OCCCCN3N=NC(CCOC(C(SC(C=C4C(C)(C)C)=C5O)=C6)=C(C=C6C(C)(C)C)SC7=C(O)C(SC(C=C(C=C8SC5=C4)C(C)(C)C)=C8O)=CC(C(C)(C)C)=C7)=C3)C(SC9=CC(C(C)(C)C)=CC(SC%10=CC(C(C)(C)C)=CC(SC%11=CC(C(C)(C)C)=CC(S2)=C%11OCCCCN%12N=NC(CCOC%13=C(SC%14=C%15)C=C(C(C)(C)C)C=C%13SC%16=CC(C(C)(C)C)=CC(SC%17=CC(C(C)(C)C)=CC(SC(C=C%15C(C)(C)C)=C%14O)=C%17O)=C%16O)=C%12)=C%10OCCCCN%18C=C(CCOC%19=C(C=C(C=C%19SC%20=C%21)C(C)(C)C)SC%22=CC(C(C)(C)C)=CC(SC%23=C(O)C(SC(C=C%21C(C)(C)C)=C%20O)=CC(C(C)(C)C)=C%23)=C%22O)N=N%18)=C9OCCCCN%24C=C(CCOC%25=C(SC(C=C%26C(C)(C)C)=C%27O)C=C(C(C)(C)C)C=C%25SC%28=C(O)C(SC%29=CC(C(C)(C)C)=CC(SC%27=C%26)=C%29O)=CC(C(C)(C)C)=C%28)N=N%24)=C1)(C)C
outer_cv,train,1,5,5,,,145,Group 11/142.log,Group 11,Group 11,142.log,CC(C1=CC2=C(OCCCCN3N=NC(CCCOC(C(SC(C=C4C(C)(C)C)=C5O)=C6)=C(C=C6C(C)(C)C)SC7=C(O)C(SC(C=C(C=C8SC5=C4)C(C)(C)C)=C8O)=CC(C(C)(C)C)=C7)=C3)C(SC9=CC(C(C)(C)C)=CC(SC%10=CC(C(C)(C)C)=CC(SC%11=CC(C(C)(C)C)=CC(S2)=C%11OCCCCN%12N=NC(CCCOC%13=C(SC%14=C%15)C=C(C(C)(C)C)C=C%13SC%16=CC(C(C)(C)C)=CC(SC%17=CC(C(C)(C)C)=CC(SC(C=C%15C(C)(C)C)=C%14O)=C%17O)=C%16O)=C%12)=C%10OCCCCN%18C=C(CCCOC%19=C(C=C(C=C%19SC%20=C%21)C(C)(C)C)SC%22=CC(C(C)(C)C)=CC(SC%23=C(O)C(SC(C=C%21C(C)(C)C)=C%20O)=CC(C(C)(C)C)=C%23)=C%22O)N=N%18)=C9OCCCCN%24C=C(CCCOC%25=C(SC(C=C%26C(C)(C)C)=C%27O)C=C(C(C)(C)C)C=C%25SC%28=C(O)C(SC%29=CC(C(C)(C)C)=CC(SC%27=C%26)=C%29O)=CC(C(C)(C)C)=C%28)N=N%24)=C1)(C)C
outer_cv,train,1,5,5,,,146,Group 11/143.log,Group 11,Group 11,143.log,CC(C1=CC2=C(OCCCCN3N=NC(CCCCOC(C(SC(C=C4C(C)(C)C)=C5O)=C6)=C(C=C6C(C)(C)C)SC7=C(O)C(SC(C=C(C=C8SC5=C4)C(C)(C)C)=C8O)=CC(C(C)(C)C)=C7)=C3)C(SC9=CC(C(C)(C)C)=CC(SC%10=CC(C(C)(C)C)=CC(SC%11=CC(C(C)(C)C)=CC(S2)=C%11OCCCCN%12N=NC(CCCCOC%13=C(SC%14=C%15)C=C(C(C)(C)C)C=C%13SC%16=CC(C(C)(C)C)=CC(SC%17=CC(C(C)(C)C)=CC(SC(C=C%15C(C)(C)C)=C%14O)=C%17O)=C%16O)=C%12)=C%10OCCCCN%18C=C(CCCCOC%19=C(C=C(C=C%19SC%20=C%21)C(C)(C)C)SC%22=CC(C(C)(C)C)=CC(SC%23=C(O)C(SC(C=C%21C(C)(C)C)=C%20O)=CC(C(C)(C)C)=C%23)=C%22O)N=N%18)=C9OCCCCN%24C=C(CCCCOC%25=C(SC(C=C%26C(C)(C)C)=C%27O)C=C(C(C)(C)C)C=C%25SC%28=C(O)C(SC%29=CC(C(C)(C)C)=CC(SC%27=C%26)=C%29O)=CC(C(C)(C)C)=C%28)N=N%24)=C1)(C)C
outer_cv,train,1,5,5,,,147,Group 11/144.log,Group 11,Group 11,144.log,CC(C1=CC2=C(OCCCCCN3N=NC(COC(C(SC(C=C4C(C)(C)C)=C5O)=C6)=C(C=C6C(C)(C)C)SC7=C(O)C(SC(C=C(C=C8SC5=C4)C(C)(C)C)=C8O)=CC(C(C)(C)C)=C7)=C3)C(SC9=CC(C(C)(C)C)=CC(SC%10=CC(C(C)(C)C)=CC(SC%11=CC(C(C)(C)C)=CC(S2)=C%11OCCCCCN%12N=NC(COC%13=C(SC%14=C%15)C=C(C(C)(C)C)C=C%13SC%16=CC(C(C)(C)C)=CC(SC%17=CC(C(C)(C)C)=CC(SC(C=C%15C(C)(C)C)=C%14O)=C%17O)=C%16O)=C%12)=C%10OCCCCCN%18C=C(COC%19=C(C=C(C=C%19SC%20=C%21)C(C)(C)C)SC%22=CC(C(C)(C)C)=CC(SC%23=C(O)C(SC(C=C%21C(C)(C)C)=C%20O)=CC(C(C)(C)C)=C%23)=C%22O)N=N%18)=C9OCCCCCN%24C=C(COC%25=C(SC(C=C%26C(C)(C)C)=C%27O)C=C(C(C)(C)C)C=C%25SC%28=C(O)C(SC%29=CC(C(C)(C)C)=CC(SC%27=C%26)=C%29O)=CC(C(C)(C)C)=C%28)N=N%24)=C1)(C)C
outer_cv,train,1,5,5,,,148,Group 11/145.log,Group 11,Group 11,145.log,CC(C1=CC2=C(OCCCCCN3N=NC(CCOC4=C(C=C5C(C)(C)C)SC6=C(O)C(SC7=C(O)C(SC8=CC(C(C)(C)C)=CC(SC4=C5)=C8O)=CC(C(C)(C)C)=C7)=CC(C(C)(C)C)=C6)=C3)C(SC9=CC(C(C)(C)C)=CC(SC%10=CC(C(C)(C)C)=CC(SC%11=CC(C(C)(C)C)=CC(S2)=C%11OCCCCCN%12N=NC(CCOC%13=C(SC%14=C%15)C=C(C(C)(C)C)C=C%13SC%16=CC(C(C)(C)C)=CC(SC%17=CC(C(C)(C)C)=CC(SC(C=C%15C(C)(C)C)=C%14O)=C%17O)=C%16O)=C%12)=C%10OCCCCCN%18C=C(CCOC%19=C(C=C(C=C%19SC%20=C%21)C(C)(C)C)SC%22=CC(C(C)(C)C)=CC(SC%23=C(O)C(SC(C=C%21C(C)(C)C)=C%20O)=CC(C(C)(C)C)=C%23)=C%22O)N=N%18)=C9OCCCCCN%24C=C(CCOC%25=C(SC(C=C%26C(C)(C)C)=C%27O)C=C(C(C)(C)C)C=C%25SC%28=C(O)C(SC%29=CC(C(C)(C)C)=CC(SC%27=C%26)=C%29O)=CC(C(C)(C)C)=C%28)N=N%24)=C1)(C)C
outer_cv,train,1,5,5,,,149,Group 11/146.log,Group 11,Group 11,146.log,CC(C1=CC2=C(OCCCCCN3N=NC(CCCOC4=C(C=C5C(C)(C)C)SC6=C(O)C(SC7=C(O)C(SC8=CC(C(C)(C)C)=CC(SC4=C5)=C8O)=CC(C(C)(C)C)=C7)=CC(C(C)(C)C)=C6)=C3)C(SC9=CC(C(C)(C)C)=CC(SC%10=CC(C(C)(C)C)=CC(SC%11=CC(C(C)(C)C)=CC(S2)=C%11OCCCCCN%12N=NC(CCCOC%13=C(SC%14=C%15)C=C(C(C)(C)C)C=C%13SC%16=CC(C(C)(C)C)=CC(SC%17=CC(C(C)(C)C)=CC(SC(C=C%15C(C)(C)C)=C%14O)=C%17O)=C%16O)=C%12)=C%10OCCCCCN%18C=C(CCCOC%19=C(C=C(C=C%19SC%20=C%21)C(C)(C)C)SC%22=CC(C(C)(C)C)=CC(SC%23=C(O)C(SC(C=C%21C(C)(C)C)=C%20O)=CC(C(C)(C)C)=C%23)=C%22O)N=N%18)=C9OCCCCCN%24C=C(CCCOC%25=C(SC(C=C%26C(C)(C)C)=C%27O)C=C(C(C)(C)C)C=C%25SC%28=C(O)C(SC%29=CC(C(C)(C)C)=CC(SC%27=C%26)=C%29O)=CC(C(C)(C)C)=C%28)N=N%24)=C1)(C)C
outer_cv,train,1,5,5,,,150,Group 11/147.log,Group 11,Group 11,147.log,OC1=C(SC2=C3)C=C(C(C)(C)C)C=C1SC4=CC(C(C)(C)C)=CC(SC5=CC(C(C)(C)C)=CC(SC(C=C3C(C)(C)C)=C2O)=C5OCCCCC(N=N6)=CN6CCCCCOC7=C(SC8=CC(C(C)(C)C)=CC(SC9=CC(C(C)(C)C)=CC(S%10)=C9OCCCCCN%11N=NC(CCCCOC%12=C(SC%13=C%14)C=C(C(C)(C)C)C=C%12SC%15=CC(C(C)(C)C)=CC(SC%16=CC(C(C)(C)C)=CC(SC(C=C%14C(C)(C)C)=C%13O)=C%16O)=C%15O)=C%11)=C8OCCCCCN%17C=C(CCCCOC%18=C(C=C(C=C%18SC%19=C%20)C(C)(C)C)SC%21=CC(C(C)(C)C)=CC(SC%22=C(O)C(SC(C=C%20C(C)(C)C)=C%19O)=CC(C(C)(C)C)=C%22)=C%21O)N=N%17)C=C(C(C)(C)C)C=C7SC%23=CC(C(C)(C)C)=CC%10=C%23OCCCCCN%24N=NC(CCCCOC%25=C(C=C%26C(C)(C)C)SC%27=C(O)C(SC%28=C(O)C(SC%29=CC(C(C)(C)C)=CC(SC%25=C%26)=C%29O)=CC(C(C)(C)C)=C%28)=CC(C(C)(C)C)=C%27)=C%24)=C4O
outer_cv,train,1,5,5,,,151,Group 12/148.log,Group 12,Group 12,148.log,OCC(N=N1)=CN1C2=CC(C3=NC=CC=C3)=NC(C4=CC=CC=N4)=C2
outer_cv,train,1,5,5,,,152,Group 12/149.log,Group 12,Group 12,149.log,CCCCCCC(N=N1)=CN1C2=CC(C3=NC=CC=C3)=NC(C4=CC=CC=N4)=C2
outer_cv,train,1,5,5,,,153,Group 12/150.log,Group 12,Group 12,150.log,OC1=C(SC2=C(C(SC3=C(O)C(SC4=CC(C(C)(C)C)=CC(SC1=C5)=C4OCCC6=CN(C7=CC(C8=NC=CC=C8)=NC(C9=CC=CC=N9)=C7)N=N6)=CC(C(C)(C)C)=C3)=CC(C(C)(C)C)=C2)OCCC%10=CN(C%11=CC(C%12=NC=CC=C%12)=NC(C%13=CC=CC=N%13)=C%11)N=N%10)C=C5C(C)(C)C
outer_cv,train,1,5,5,,,154,Group 12/151.log,Group 12,Group 12,151.log,OC1=C(SC2=C(C(SC3=C(O)C(SC4=CC(C(C)(C)C)=CC(SC1=C5)=C4OCCCC6=CN(C7=CC(C8=NC=CC=C8)=NC(C9=CC=CC=N9)=C7)N=N6)=CC(C(C)(C)C)=C3)=CC(C(C)(C)C)=C2)OCCCC%10=CN(C%11=CC(C%12=NC=CC=C%12)=NC(C%13=CC=CC=N%13)=C%11)N=N%10)C=C5C(C)(C)C
outer_cv,train,1,5,5,,,155,Group 12/152.log,Group 12,Group 12,152.log,OC1=C(SC2=C(C(SC3=C(O)C(SC4=CC(C(C)(C)C)=CC(SC1=C5)=C4OCCCCC6=CN(C7=CC(C8=NC=CC=C8)=NC(C9=CC=CC=N9)=C7)N=N6)=CC(C(C)(C)C)=C3)=CC(C(C)(C)C)=C2)OCCCCC%10=CN(C%11=CC(C%12=NC=CC=C%12)=NC(C%13=CC=CC=N%13)=C%11)N=N%10)C=C5C(C)(C)C
outer_cv,train,1,5,5,,,156,Group 12/153.log,Group 12,Group 12,153.log,CC(C1=CC2=C(OCCC3=CN(C4=CC(C5=NC=CC=C5)=NC(C6=CC=CC=N6)=C4)N=N3)C(SC7=CC(C(C)(C)C)=CC(SC8=CC(C(C)(C)C)=CC(SC9=CC(C(C)(C)C)=CC(S2)=C9OCCC%10=CN(C%11=CC(C%12=NC=CC=C%12)=NC(C%13=CC=CC=N%13)=C%11)N=N%10)=C8OCCC%14=CN(C%15=CC(C%16=NC=CC=C%16)=NC(C%17=CC=CC=N%17)=C%15)N=N%14)=C7OCCC%18=CN(C%19=CC(C%20=NC=CC=C%20)=NC(C%21=CC=CC=N%21)=C%19)N=N%18)=C1)(C)C
outer_cv,train,1,5,5,,,157,Group 12/154.log,Group 12,Group 12,154.log,CC(C1=CC2=C(OCCCCCCCCCCCC)C(SC3=CC(C(C)(C)C)=CC(SC4=CC(C(C)(C)C)=CC(SC5=CC(C(C)(C)C)=CC(S2)=C5OCCC6=CN(C7=CC(C8=NC=CC=C8)=NC(C9=CC=CC=N9)=C7)N=N6)=C4OCCCCCCCCCCCC)=C3OCCC%10=CN(C%11=CC(C%12=NC=CC=C%12)=NC(C%13=CC=CC=N%13)=C%11)N=N%10)=C1)(C)C
outer_cv,train,1,5,5,,,158,Group 12/155.log,Group 12,Group 12,155.log,CC(C1=CC2=C(OCCCCCCCCCCCC)C(SC3=CC(C(C)(C)C)=CC(SC4=CC(C(C)(C)C)=CC(SC5=CC(C(C)(C)C)=CC(S2)=C5OCCCC6=CN(C7=CC(C8=NC=CC=C8)=NC(C9=CC=CC=N9)=C7)N=N6)=C4OCCCCCCCCCCCC)=C3OCCCC%10=CN(C%11=CC(C%12=NC=CC=C%12)=NC(C%13=CC=CC=N%13)=C%11)N=N%10)=C1)(C)C
outer_cv,train,1,5,5,,,159,Group 12/156.log,Group 12,Group 12,156.log,CC(C1=CC2=C(OCCCCCCCCCCCC)C(SC3=CC(C(C)(C)C)=CC(SC4=CC(C(C)(C)C)=CC(SC5=CC(C(C)(C)C)=CC(S2)=C5OCCCCC6=CN(C7=CC(C8=NC=CC=C8)=NC(C9=CC=CC=N9)=C7)N=N6)=C4OCCCCCCCCCCCC)=C3OCCCCC%10=CN(C%11=CC(C%12=NC=CC=C%12)=NC(C%13=CC=CC=N%13)=C%11)N=N%10)=C1)(C)C
outer_cv,train,1,5,5,,,160,Group 12/157.log,Group 12,Group 12,157.log,CC(C1=CC2=C(OCCCCC3=CN(C4=CC(C5=NC=CC=C5)=NC(C6=CC=CC=N6)=C4)N=N3)C(SC7=CC(C(C)(C)C)=CC(SC8=CC(C(C)(C)C)=CC(SC9=CC(C(C)(C)C)=CC(S2)=C9OCCCCC%10=CN(C%11=CC(C%12=NC=CC=C%12)=NC(C%13=CC=CC=N%13)=C%11)N=N%10)=C8OCCCCC%14=CN(C%15=CC(C%16=NC=CC=C%16)=NC(C%17=CC=CC=N%17)=C%15)N=N%14)=C7OCCCCC%18=CN(C%19=CC(C%20=NC=CC=C%20)=NC(C%21=CC=CC=N%21)=C%19)N=N%18)=C1)(C)C
outer_cv,train,1,5,5,,,161,Group 13/158.log,Group 13,Group 13,158.log,CC(C1=CC2=C(OCCOCCO)C(SC3=CC(C(C)(C)C)=CC(SC4=CC(C(C)(C)C)=CC(SC5=CC(C(C)(C)C)=CC(S2)=C5OCCOCCO)=C4OCCOCCO)=C3OCCOCCO)=C1)(C)C
outer_cv,train,1,5,5,,,162,Group 13/159.log,Group 13,Group 13,159.log,CC(C1=CC2=C(OCCOCCO)C(SC3=CC(C(C)(C)C)=CC(SC4=CC(C(C)(C)C)=CC(SC5=CC(C(C)(C)C)=CC(S2)=C5OCCBr)=C4OCCOCCO)=C3OCCBr)=C1)(C)C
outer_cv,train,1,5,5,,,163,Group 13/160.log,Group 13,Group 13,160.log,OC1=C2C=C(C(C)(C)C)C=C1SC3=C(OCCOCCOC4=C(S2)C=C5C(C)(C)C)C(SC6=CC(C(C)(C)C)=CC(SC4=C5)=C6O)=CC(C(C)(C)C)=C3
outer_cv,train,1,5,5,,,164,Group 13/161.log,Group 13,Group 13,161.log,OC1=C2C=C(C(C)(C)C)C=C1SC3=C(OCCOCCOCCOC4=C(S2)C=C5C(C)(C)C)C(SC6=CC(C(C)(C)C)=CC(SC4=C5)=C6O)=CC(C(C)(C)C)=C3
outer_cv,train,1,5,5,,,165,Group 13/162.log,Group 13,Group 13,162.log,OC1=C2C=C(C(C)(C)C)C=C1SC3=C(OCCOCCOCCOCCOC4=C(S2)C=C5C(C)(C)C)C(SC6=CC(C(C)(C)C)=CC(SC4=C5)=C6O)=CC(C(C)(C)C)=C3.C
outer_cv,train,1,5,5,,,166,Group 13/163.log,Group 13,Group 13,163.log,OC1=C2C=C(C(C)(C)C)C=C1SC3=C(OCCOCCOCCOCCOCCOC4=C(S2)C=C5C(C)(C)C)C(SC6=CC(C(C)(C)C)=CC(SC4=C5)=C6O)=CC(C(C)(C)C)=C3.C
outer_cv,train,1,5,5,,,167,Group 13/164.log,Group 13,Group 13,164.log,O=[N+](C1=CC(S2)=C3OCCOCCOCCOCCOC4=C5SC6=C(C2=CC([N+]([O-])=O)=C6)OCCOCCOCCOCCOC7=C(SC3=C1)C=C([N+]([O-])=O)C=C7SC4=CC([N+]([O-])=O)=C5)[O-]
outer_cv,train,1,5,5,,,168,Group 13/165.log,Group 13,Group 13,165.log,CC(C1=CC2=C(OCCOCCOC3=C(SC4=CC(C(C)(C)C)=CC(S2)=C4OCCBr)C=C(C(C)(C)C)C=C3S5)C(SC6=CC(C(C)(C)C)=CC5=C6OCCBr)=C1)(C)C
outer_cv,train,1,5,5,,,169,Group 13/166.log,Group 13,Group 13,166.log,CC(C1=CC2=C(OCCOCCOC3=C(SC4=CC(C(C)(C)C)=CC(S2)=C4OCCCBr)C=C(C(C)(C)C)C=C3S5)C(SC6=CC(C(C)(C)C)=CC5=C6OCCCBr)=C1)(C)C
outer_cv,train,1,5,5,,,170,Group 13/167.log,Group 13,Group 13,167.log,CC(C1=CC2=C(OCCOCCOCCOC3=C(SC4=CC(C(C)(C)C)=CC(S2)=C4OCCBr)C=C(C(C)(C)C)C=C3S5)C(SC6=CC(C(C)(C)C)=CC5=C6OCCBr)=C1)(C)C
outer_cv,train,1,5,5,,,171,Group 13/168.log,Group 13,Group 13,168.log,CC(C1=CC2=C(OCCOCCOCCOC3=C(SC4=CC(C(C)(C)C)=CC(S2)=C4OCCCBr)C=C(C(C)(C)C)C=C3S5)C(SC6=CC(C(C)(C)C)=CC5=C6OCCCBr)=C1)(C)C
outer_cv,train,1,5,5,,,172,Group 13/169.log,Group 13,Group 13,169.log,CC(C1=CC2=C(OCCOCCOCCOCCOC3=C(SC4=CC(C(C)(C)C)=CC(S2)=C4OCCCBr)C=C(C(C)(C)C)C=C3S5)C(SC6=CC(C(C)(C)C)=CC5=C6OCCCBr)=C1)(C)C
outer_cv,train,1,5,5,,,173,Group 13/170.log,Group 13,Group 13,170.log,CC(C1=CC2=C(OCCOCCOCCOCCOCCOC3=C(SC4=CC(C(C)(C)C)=CC(S2)=C4OCCBr)C=C(C(C)(C)C)C=C3S5)C(SC6=CC(C(C)(C)C)=CC5=C6OCCBr)=C1)(C)C
outer_cv,train,1,5,5,,,174,Group 13/171.log,Group 13,Group 13,171.log,CC(C1=CC2=C(OCCOCCOCCOCCOCCOC3=C(SC4=CC(C(C)(C)C)=CC(S2)=C4OCCCBr)C=C(C(C)(C)C)C=C3S5)C(SC6=CC(C(C)(C)C)=CC5=C6OCCCBr)=C1)(C)C
outer_cv,train,1,5,5,,,175,Group 13/172.log,Group 13,Group 13,172.log,CC(C1=CC2=C(OCCOCCOCCOCCOCCOCCOC3=C(SC4=CC(C(C)(C)C)=CC(S2)=C4OCCBr)C=C(C(C)(C)C)C=C3S5)C(SC6=CC(C(C)(C)C)=CC5=C6OCCBr)=C1)(C)C
outer_cv,train,1,5,5,,,176,Group 13/173.log,Group 13,Group 13,173.log,CC(C1=CC2=C(OCCOCCOCCOCCOCCOCCOC3=C(SC4=CC(C(C)(C)C)=CC(S2)=C4OCCCBr)C=C(C(C)(C)C)C=C3S5)C(SC6=CC(C(C)(C)C)=CC5=C6OCCCBr)=C1)(C)C
outer_cv,train,1,5,5,,,177,Group 13/174.log,Group 13,Group 13,174.log,CC(C)(C)C1=CC(SC(C=C2C(C)(C)C)=C3OCCOCCOCCOCCOCCOC(C(S4)=CC(C(C)(C)C)=C5)=C5SC6=C(C7=CC(C(C)(C)C)=C6)OCCCBr)=C(OCCCBr)C(SC8=C(OCCOCCOCCOCCOCCOC9=C(S7)C=C(C(C)(C)C)C=C9SC%10=C(OCCCBr)C4=CC(C(C)(C)C)=C%10)C(SC(C=C(C=C%11SC3=C2)C(C)(C)C)=C%11OCCCBr)=CC(C(C)(C)C)=C8)=C1
outer_cv,train,1,5,5,,,178,Group 13/175.log,Group 13,Group 13,175.log,CC(C1=CC2=C(OCCOCCOCCOC3=C(SC4=CC(C(C)(C)C)=CC(S2)=C4OCCCCCCCCCCCC)C=C(C(C)(C)C)C=C3S5)C(SC6=CC(C(C)(C)C)=CC5=C6OCCCCCCCCCCCC)=C1)(C)C
outer_cv,train,1,5,5,,,179,Group 13/176.log,Group 13,Group 13,176.log,CC(C1=CC2=C(OCCOCCOCCOCCOC3=C(SC4=CC(C(C)(C)C)=CC(S2)=C4OCCCCCCCCCCCC)C=C(C(C)(C)C)C=C3S5)C(SC6=CC(C(C)(C)C)=CC5=C6OCCCCCCCCCCCC)=C1)(C)C
outer_cv,train,1,5,5,,,180,Group 13/177.log,Group 13,Group 13,177.log,CC(C1=CC2=C(OCCOCCOCCOCCOCCOC3=C(SC4=CC(C(C)(C)C)=CC(S2)=C4OCCCCCCCCCCCC)C=C(C(C)(C)C)C=C3S5)C(SC6=CC(C(C)(C)C)=CC5=C6OCCCCCCCCCCCC)=C1)(C)C
outer_cv,train,1,5,5,,,181,Group 13/178.log,Group 13,Group 13,178.log,CC(C1=CC2=C(OCCOCCOCCOC3=C(SC4=CC(C(C)(C)C)=CC(S2)=C4OC)C=C(C(C)(C)C)C=C3S5)C(SC6=CC(C(C)(C)C)=CC5=C6OC)=C1)(C)C
outer_cv,train,1,5,5,,,182,Group 13/179.log,Group 13,Group 13,179.log,CC(C1=CC2=C(OCCOCCOCCOCCOC3=C(SC4=CC(C(C)(C)C)=CC(S2)=C4OC)C=C(C(C)(C)C)C=C3S5)C(SC6=CC(C(C)(C)C)=CC5=C6OC)=C1)(C)C
outer_cv,train,1,5,5,,,183,Group 13/180.log,Group 13,Group 13,180.log,CC(C1=CC2=C(OCCOCCOCCOCCOCCOC3=C(SC4=CC(C(C)(C)C)=CC(S2)=C4OC)C=C(C(C)(C)C)C=C3S5)C(SC6=CC(C(C)(C)C)=CC5=C6OC)=C1)(C)C
outer_cv,train,1,5,5,,,184,Group 14/181.log,Group 14,Group 14,181.log,CC(C)(C1=CC(CC2=C(C(CC(C=C(C=C3C4)C(C)(C)C)=C3OCC#CC(C5=CC=CC=C5)=O)=CC(C(C)(C)C)=C2)OCC#CC(C6=CC=CC=C6)=O)=C(OCC#CC(C7=CC=CC=C7)=O)C(CC8=CC(C(C)(C)C)=CC4=C8OCC#CC(C9=CC=CC=C9)=O)=C1)C
outer_cv,train,1,5,5,,,185,Group 14/182.log,Group 14,Group 14,182.log,CC(C)(C1=CC(CC2=C(C(CC(C=C(C=C3C4)C(C)(C)C)=C3OCC#CC(C5=CC=C(C)C=C5)=O)=CC(C(C)(C)C)=C2)OCC#CC(C6=CC=C(C)C=C6)=O)=C(OCC#CC(C7=CC=C(C)C=C7)=O)C(CC8=CC(C(C)(C)C)=CC4=C8OCC#CC(C9=CC=C(C)C=C9)=O)=C1)C
outer_cv,train,1,5,5,,,186,Group 14/183.log,Group 14,Group 14,183.log,CC(C)(C1=CC(CC2=C(C(CC(C=C(C=C3C4)C(C)(C)C)=C3OCC#CC(C5=CC=C(Cl)C=C5)=O)=CC(C(C)(C)C)=C2)OCC#CC(C6=CC=C(Cl)C=C6)=O)=C(OCC#CC(C7=CC=C(Cl)C=C7)=O)C(CC8=CC(C(C)(C)C)=CC4=C8OCC#CC(C9=CC=C(Cl)C=C9)=O)=C1)C
outer_cv,train,1,5,5,,,187,Group 14/184.log,Group 14,Group 14,184.log,CC(C)(C1=CC(CC2=C(C(CC(C=C(C=C3C4)C(C)(C)C)=C3OCC#CC(C5=CC=C(OC)C=C5)=O)=CC(C(C)(C)C)=C2)OCC#CC(C6=CC=C(OC)C=C6)=O)=C(OCC#CC(C7=CC=C(OC)C=C7)=O)C(CC8=CC(C(C)(C)C)=CC4=C8OCC#CC(C9=CC=C(OC)C=C9)=O)=C1)C
outer_cv,train,1,5,5,,,188,Group 14/185.log,Group 14,Group 14,185.log,CC(C1=CC2=C(OCC#CC(C3=CC=CC=C3)=O)C(CC4=CC(C(C)(C)C)=CC(CC5=CC(C(C)(C)C)=CC(CC6=CC(C(C)(C)C)=CC(C2)=C6OCC#CC(C7=CC=CC=C7)=O)=C5OCC#CC(C8=CC=CC=C8)=O)=C4OCC#CC(C9=CC=CC=C9)=O)=C1)(C)C
outer_cv,train,1,5,5,,,189,Group 14/186.log,Group 14,Group 14,186.log,CC(C1=CC2=C(OCC#CC(C3=CC=C(C)C=C3)=O)C(CC4=CC(C(C)(C)C)=CC(CC5=CC(C(C)(C)C)=CC(CC6=CC(C(C)(C)C)=CC(C2)=C6OCC#CC(C7=CC=C(C)C=C7)=O)=C5OCC#CC(C8=CC=C(C)C=C8)=O)=C4OCC#CC(C9=CC=C(C)C=C9)=O)=C1)(C)C
outer_cv,train,1,5,5,,,190,Group 14/187.log,Group 14,Group 14,187.log,CC(C)(C)C1=CC(CC2=C3)=C(OCC#CC(C4=CC=CC=C4)=O)C(CC5=CC(C(C)(C)C)=CC(CC6=CC(C(C)(C)C)=CC(CC(C=C3C(C)(C)C)=C2OCC#CC(C7=CC=CC=C7)=O)=C6OCC#CC(C8=CC=CC=C8)=O)=C5OCC#CC(C9=CC=CC=C9)=O)=C1
outer_cv,train,1,5,5,,,191,Group 14/188.log,Group 14,Group 14,188.log,CC(C)(C)C1=CC(CC2=C3)=C(OCC#CC(C4=CC=C(C)C=C4)=O)C(CC5=CC(C(C)(C)C)=CC(CC6=CC(C(C)(C)C)=CC(CC(C=C3C(C)(C)C)=C2OCC#CC(C7=CC=C(C)C=C7)=O)=C6OCC#CC(C8=CC=C(C)C=C8)=O)=C5OCC#CC(C9=CC=C(C)C=C9)=O)=C1
outer_cv,train,1,5,5,,,192,Group 14/189.log,Group 14,Group 14,189.log,CC(C)(C)C1=CC(CC2=C3)=C(OCC#CC(C4=CC=C(Cl)C=C4)=O)C(CC5=CC(C(C)(C)C)=CC(CC6=CC(C(C)(C)C)=CC(CC(C=C3C(C)(C)C)=C2OCC#CC(C7=CC=C(Cl)C=C7)=O)=C6OCC#CC(C8=CC=C(Cl)C=C8)=O)=C5OCC#CC(C9=CC=C(Cl)C=C9)=O)=C1
outer_cv,train,1,5,5,,,193,Group 14/190.log,Group 14,Group 14,190.log,CC(C)(C)C1=CC(CC2=C3)=C(OCC#CC(C4=CC=C(OC)C=C4)=O)C(CC5=CC(C(C)(C)C)=CC(CC6=CC(C(C)(C)C)=CC(CC(C=C3C(C)(C)C)=C2OCC#CC(C7=CC=C(OC)C=C7)=O)=C6OCC#CC(C8=CC=C(OC)C=C8)=O)=C5OCC#CC(C9=CC=C(OC)C=C9)=O)=C1
outer_cv,train,1,5,5,,,194,Group 14/191.log,Group 14,Group 14,191.log,CC(C1=CC2=C(OCC#CC(C3=CC=C(Cl)C=C3)=O)C(CC4=CC(C(C)(C)C)=CC(CC5=CC(C(C)(C)C)=CC(CC6=CC(C(C)(C)C)=CC(C2)=C6OCC#CC(C7=CC=C(Cl)C=C7)=O)=C5OCC#CC(C8=CC=C(Cl)C=C8)=O)=C4OCC#CC(C9=CC=C(Cl)C=C9)=O)=C1)(C)C
outer_cv,train,1,5,5,,,195,Group 14/192.log,Group 14,Group 14,192.log,CC(C1=CC2=C(OCC#CC(C3=CC=C(OC)C=C3)=O)C(CC4=CC(C(C)(C)C)=CC(CC5=CC(C(C)(C)C)=CC(CC6=CC(C(C)(C)C)=CC(C2)=C6OCC#CC(C7=CC=C(OC)C=C7)=O)=C5OCC#CC(C8=CC=C(OC)C=C8)=O)=C4OCC#CC(C9=CC=C(OC)C=C9)=O)=C1)(C)C
outer_cv,train,1,5,5,,,196,Group 14/193.log,Group 14,Group 14,193.log,CC(C1=CC2=C(OCC#CC(C3=CC=CC=C3)=O)C(SC4=CC(C(C)(C)C)=CC(SC5=CC(C(C)(C)C)=CC(SC6=CC(C(C)(C)C)=CC(S2)=C6OCC#CC(C7=CC=CC=C7)=O)=C5OCC#CC(C8=CC=CC=C8)=O)=C4OCC#CC(C9=CC=CC=C9)=O)=C1)(C)C
outer_cv,train,1,5,5,,,197,Group 14/194.log,Group 14,Group 14,194.log,CC(C1=CC2=C(OCCC#CC(C3=CC=CC=C3)=O)C(SC4=CC(C(C)(C)C)=CC(SC5=CC(C(C)(C)C)=CC6=C5OCCC#C(C(C7=CC=CC=C7)=O)C(C(C=C8S6)=CC(S2)=C8OCCC#CC(C9=CC=CC=C9)=O)(C)C)=C4OCCC#CC(C%10=CC=CC=C%10)=O)=C1)(C)C
outer_cv,train,1,5,5,,,198,Group 14/195.log,Group 14,Group 14,195.log,CC(C1=CC2=C(OCCCC#CC(C3=CC=CC=C3)=O)C(CC4=CC(C(C)(C)C)=CC(CC5=CC(C(C)(C)C)=CC(CC6=CC(C(C)(C)C)=CC(C2)=C6OCCCC#CC(C7=CC=CC=C7)=O)=C5OCCCC#CC(C8=CC=CC=C8)=O)=C4OCCCC#CC(C9=CC=CC=C9)=O)=C1)(C)C
outer_cv,train,1,5,5,,,199,Group 14/196.log,Group 14,Group 14,196.log,CC(C1=CC2=C(OCCCC#CC(C3=CC=CC=C3)=O)C(SC4=CC(C(C)(C)C)=CC(SC5=CC(C(C)(C)C)=CC(SC6=CC(C(C)(C)C)=CC(S2)=C6OCCCC#CC(C7=CC=CC=C7)=O)=C5OCCCC#CC(C8=CC=CC=C8)=O)=C4OCCCC#CC(C9=CC=CC=C9)=O)=C1)(C)C
outer_cv,train,1,5,5,,,200,Group 14/197.log,Group 14,Group 14,197.log,CC(C1=CC2=C(OCCCCC#CC(C3=CC=CC=C3)=O)C(SC4=CC(C(C)(C)C)=CC(SC5=CC(C(C)(C)C)=CC(SC6=CC(C(C)(C)C)=CC(S2)=C6OCCCCC#CC(C7=CC=CC=C7)=O)=C5OCCCCC#CC(C8=CC=CC=C8)=O)=C4OCCCCC#CC(C9=CC=CC=C9)=O)=C1)(C)C
outer_cv,train,1,5,5,,,201,Group 15/198.log,Group 15,Group 15,198.log,CC(C)(C)C1=CC(SC2=C3)=C(OCO)C(SC4=CC(C(C)(C)C)=CC(SC5=CC(C(C)(C)C)=CC(SC(C=C3C(C)(C)C)=C2OCC(O)=O)=C5OCC(O)=O)=C4OCC(O)=O)=C1.O=[C]
outer_cv,train,1,5,5,,,202,Group 15/199.log,Group 15,Group 15,199.log,CC(C)(C)C1=CC(CC2=C3)=C(OCO)C(CC4=CC(C(C)(C)C)=CC(CC5=CC(C(C)(C)C)=CC(CC(C=C3C(C)(C)C)=C2OCC(O)=O)=C5OCC(O)=O)=C4OCC(O)=O)=C1.O=[C]
outer_cv,train,1,5,5,,,203,Group 15/200.log,Group 15,Group 15,200.log,CC(C)(C1=CC(CC2=C(C(CC(C=C(C=C3C4)C(C)(C)C)=C3OCC(O)=O)=CC(C(C)(C)C)=C2)OCC(O)=O)=C(OCC(O)=O)C(CC5=CC(C(C)(C)C)=CC4=C5OCC(O)=O)=C1)C
outer_cv,train,1,5,5,,,204,Group 15/201.log,Group 15,Group 15,201.log,CC(C)(C)C1=CC(CC2=C3)=C(OCC(OCC)=O)C(CC4=CC(C(C)(C)C)=CC(CC5=CC(C(C)(C)C)=CC(CC(C=C3C(C)(C)C)=C2OCC(OCC)=O)=C5OCC(OCC)=O)=C4OCC(OCC)=O)=C1
outer_cv,train,1,5,5,,,205,Group 15/202.log,Group 15,Group 15,202.log,OC1=C(SC2=C(C(SC3=C(O)C(SC4=CC(C(C)(C)C)=CC(SC1=C5)=C4OCCN6C(C(OC)=O)=C(C(OC)=O)N=N6)=CC(C(C)(C)C)=C3)=CC(C(C)(C)C)=C2)OCCN7N=NC(C(OC)=O)=C7C(OC)=O)C=C5C(C)(C)C
outer_cv,train,1,5,5,,,206,Group 15/203.log,Group 15,Group 15,203.log,CC(C1=CC2=C(OCCCCCCCCCCCC)C(SC3=CC(C(C)(C)C)=CC(SC4=CC(C(C)(C)C)=CC(SC5=CC(C(C)(C)C)=CC(S2)=C5OCCCN6C(C(OC)=O)=C(C(OC)=O)N=N6)=C4OCCCCCCCCCCCC)=C3OCCCN7N=NC(C(OC)=O)=C7C(OC)=O)=C1)(C)C
outer_cv,train,1,5,5,,,207,Group 15/204.log,Group 15,Group 15,204.log,CC(C1=CC2=C(OCC(OCC)=O)C(CC3=CC(C(C)(C)C)=CC(CC4=CC(C(C)(C)C)=CC(CC5=CC(C(C)(C)C)=CC(C2)=C5OCC(OCC)=O)=C4OCC(OCC)=O)=C3OCC(OCC)=O)=C1)(C)C
outer_cv,train,1,5,5,,,208,Group 15/205.log,Group 15,Group 15,205.log,CC(C)(C1=CC(CC2=C(C(CC(C=C(C=C3C4)C(C)(C)C)=C3OCC(OCC)=O)=CC(C(C)(C)C)=C2)OCC(OCC)=O)=C(OCC(OCC)=O)C(CC5=CC(C(C)(C)C)=CC4=C5OCC(OCC)=O)=C1)C
outer_cv,train,1,5,5,,,209,Group 15/206.log,Group 15,Group 15,206.log,CC(C1=CC2=C(OCC(OCC)=O)C(SC3=CC(C(C)(C)C)=CC(SC4=CC(C(C)(C)C)=CC(SC5=CC(C(C)(C)C)=CC(S2)=C5OCC(OCC)=O)=C4OCC(OCC)=O)=C3OCC(OCC)=O)=C1)(C)C
outer_cv,train,1,5,5,,,210,Group 15/207.log,Group 15,Group 15,207.log,CC(C1=CC2=C(OCC(OC(C)(C)C)=O)C(SC3=CC(C(C)(C)C)=CC(SC4=CC(C(C)(C)C)=CC(SC5=CC(C(C)(C)C)=CC(S2)=C5OCC(OC(C)(C)C)=O)=C4OCC(OC(C)(C)C)=O)=C3OCC(OC(C)(C)C)=O)=C1)(C)C
outer_cv,train,1,5,5,,,211,Group 16/208.log,Group 16,Group 16,208.log,OC1=C(SC2=C(C(SC3=C(O)C(SC4=CC(C(C)(C)C)=CC(SC1=C5)=C4OCCN6C(C(C=CC=C7)=C7C6=O)=O)=CC(C(C)(C)C)=C3)=CC(C(C)(C)C)=C2)OCCN8C(C(C=CC=C9)=C9C8=O)=O)C=C5C(C)(C)C
outer_cv,train,1,5,5,,,212,Group 16/209.log,Group 16,Group 16,209.log,OC1=C(SC2=C(C(SC3=C(O)C(SC4=CC(C(C)(C)C)=CC(SC1=C5)=C4OCCCN6C(C(C=CC=C7)=C7C6=O)=O)=CC(C(C)(C)C)=C3)=CC(C(C)(C)C)=C2)OCCCN8C(C(C=CC=C9)=C9C8=O)=O)C=C5C(C)(C)C
outer_cv,train,1,5,5,,,213,Group 16/210.log,Group 16,Group 16,210.log,OC1=C(CC2=C(C(CC3=C(O)C(CC4=CC(C(C)(C)C)=CC(CC1=C5)=C4OCC(N6CCOCC6)=O)=CC(C(C)(C)C)=C3)=CC(C(C)(C)C)=C2)OCC(N7CCOCC7)=O)C=C5C(C)(C)C
outer_cv,train,1,5,5,,,214,Group 16/211.log,Group 16,Group 16,211.log,CC(C1=CC2=C(OCCOCCOCCOCCOCCOC3=C(SC4=CC(C(C)(C)C)=CC(S2)=C4OCCN5C(C(C=CC=C6)C6C5=O)=O)C=C(C(C)(C)C)C=C3S7)C(SC8=CC(C(C)(C)C)=CC7=C8OCCN9C(C(C=CC=C%10)C%10C9=O)=O)=C1)(C)C
outer_cv,train,1,5,5,,,215,Group 16/212.log,Group 16,Group 16,212.log,CC(C1=CC2=C(OCCOCCOCCOCCOCCOC3=C(SC4=CC(C(C)(C)C)=CC(S2)=C4OCCCN5C(C(C=CC=C6)=C6C5=O)=O)C=C(C(C)(C)C)C=C3S7)C(SC8=CC(C(C)(C)C)=CC7=C8OCCCN9C(C(C=CC=C%10)=C%10C9=O)=O)=C1)(C)C
outer_cv,train,1,5,5,,,216,Group 16/213.log,Group 16,Group 16,213.log,OC1=C(CC2=C(C(CC3=C(O)C(CC4=CC(C(C)(C)C)=CC(CC1=C5)=C4OCC(N6CCOCCOCCOCC6)=O)=CC(C(C)(C)C)=C3)=CC(C(C)(C)C)=C2)OCC(N7CCOCCOCCOCC7)=O)C=C5C(C)(C)C
outer_cv,train,1,5,5,,,217,Group 16/214.log,Group 16,Group 16,214.log,OC1=C(CC2=C(C(CC3=C(O)C(CC4=CC(C(C)(C)C)=CC(CC1=C5)=C4OCC(N6CCOCCOCCOCCOCC6)=O)=CC(C(C)(C)C)=C3)=CC(C(C)(C)C)=C2)OCC(N7CCOCCOCCOCCOCC7)=O)C=C5C(C)(C)C
outer_cv,train,1,5,5,,,218,Group 16/215.log,Group 16,Group 16,215.log,OC1=C(CC2=C(C(CC3=C(O)C(CC4=CC(C(C)(C)C)=CC(CC1=C5)=C4OCC(N6CCOCCOCCOCCOCCOCC6)=O)=CC(C(C)(C)C)=C3)=CC(C(C)(C)C)=C2)OCC(N7CCOCCOCCOCCOCCOCC7)=O)C=C5C(C)(C)C
outer_cv,train,1,5,5,,,219,Group 16/216.log,Group 16,Group 16,216.log,OC1=C(CC2=CC(C(C)(C)C)=CC(CC(C=C3C(C)(C)C)=C4OCC(N5CCOCCOCCOCC5)=O)=C2OCC(N6CCOCCOCCOCC6)=O)C=C(C(C)(C)C)C=C1CC7=CC(C(C)(C)C)=CC(CC4=C3)=C7OCC(N8CCOCCOCCOCC8)=O
outer_cv,train,1,5,5,,,220,Group 16/217.log,Group 16,Group 16,217.log,CC(C)(C)C1=CC(CC2=C3)=C(OCC(N4CCOCCOCCOCC4)=O)C(CC5=CC(C(C)(C)C)=CC(CC6=CC(C(C)(C)C)=CC(CC(C=C3C(C)(C)C)=C2OCC(N7CCOCCOCCOCC7)=O)=C6OCC(N8CCOCCOCCOCC8)=O)=C5OCC(N9CCOCCOCCOCC9)=O)=C1
outer_cv,train,1,5,5,,,223,Group 18/220.log,Group 18,Group 18,220.log,C12=C(C(SC(C=CC=C3S4)=C3OCCOCCOCCOC(C(SC5=CC=CC4=C5OCCCOC6=CC(C7=NC=CC=C7)=NC(C8=CC=CC=N8)=C6)=CC=C9)=C9S2)=CC=C1)OCCCOC%10=CC(C%11=NC=CC=C%11)=NC(C%12=CC=CC=N%12)=C%10
outer_cv,train,1,5,5,,,224,Group 18/221.log,Group 18,Group 18,221.log,CC(C1=CC2=C(OCCOCCOCCOC3=C(SC4=CC(C(C)(C)C)=CC(S2)=C4OCCCOC5=CC(C6=NC=CC=C6)=NC(C7=CC=CC=N7)=C5)C=C(C(C)(C)C)C=C3S8)C(SC9=CC(C(C)(C)C)=CC8=C9OCCCOC%10=CC(C%11=NC=CC=C%11)=NC(C%12=CC=CC=N%12)=C%10)=C1)(C)C
outer_cv,train,1,5,5,,,225,Group 18/222.log,Group 18,Group 18,222.log,CC(C1=CC2=C(OCCOCCOCCOCCOC3=C(SC4=CC(C(C)(C)C)=CC(S2)=C4OCCCOC5=CC(C6=NC=CC=C6)=NC(C7=CC=CC=N7)=C5)C=C(C(C)(C)C)C=C3S8)C(SC9=CC(C(C)(C)C)=CC8=C9OCCCOC%10=CC(C%11=NC=CC=C%11)=NC(C%12=CC=CC=N%12)=C%10)=C1)(C)C
outer_cv,train,1,5,5,,,226,Group 18/223.log,Group 18,Group 18,223.log,CC(C1=CC2=C(OCCOCCOCCOCCOCCOC3=C(SC4=CC(C(C)(C)C)=CC(S2)=C4OCCCOC5=CC(C6=NC=CC=C6)=NC(C7=CC=CC=N7)=C5)C=C(C(C)(C)C)C=C3S8)C(SC9=CC(C(C)(C)C)=CC8=C9OCCCOC%10=CC(C%11=NC=CC=C%11)=NC(C%12=CC=CC=N%12)=C%10)=C1)(C)C
outer_cv,train,1,5,5,,,247,Group 20/244.log,Group 20,Group 20,244.log,BrCCCOC1=C2C=CC=C1SC3=CC=CC4=C3OCCSCCSCCOC5=C(SC6=CC=CC(S4)=C6OCCCBr)C=CC=C5S2
outer_cv,train,1,5,5,,,248,Group 20/245.log,Group 20,Group 20,245.log,CC(C1=CC2=C(OCCSCCSCCOC3=C(SC4=CC(C(C)(C)C)=CC(S2)=C4OCCCBr)C=C(C(C)(C)C)C=C3S5)C(SC6=CC(C(C)(C)C)=CC5=C6OCCCBr)=C1)(C)C
outer_cv,train,1,5,5,,,249,Group 20/246.log,Group 20,Group 20,246.log,CC(C1=CC2=C(OCCSCCSCCOC3=C(SC4=CC(C(C)(C)C)=CC(S2)=C4OCCCCCCCCCCCC)C=C(C(C)(C)C)C=C3S5)C(SC6=CC(C(C)(C)C)=CC5=C6OCCCCCCCCCCCC)=C1)(C)C
outer_cv,train,1,5,5,,,250,Group 20/247.log,Group 20,Group 20,247.log,CC(C1=CC2=C(OCCCSCCOCCSCCCOC3=C(SC4=CC(C(C)(C)C)=CC(S2)=C4OCCCCCCCCCCCC)C=C(C(C)(C)C)C=C3S5)C(SC6=CC(C(C)(C)C)=CC5=C6OCCCCCCCCCCCC)=C1)(C)C
outer_cv,train,1,5,5,,,251,Group 20/248.log,Group 20,Group 20,248.log,CC(C1=CC2=C(OCCCSCCSCCSCCCOC3=C(SC4=CC(C(C)(C)C)=CC(S2)=C4OCCCCCCCCCCCC)C=C(C(C)(C)C)C=C3S5)C(SC6=CC(C(C)(C)C)=CC5=C6OCCCCCCCCCCCC)=C1)(C)C
outer_cv,train,1,5,5,,,258,Group 22/255.log,Group 22,Group 22,255.log,CC(C1=CC2=C(OCCOCCOCCOC3=C(SC4=CC(C(C)(C)C)=CC(S2)=C4OCCSC(C)=O)C=C(C(C)(C)C)C=C3S5)C(SC6=CC(C(C)(C)C)=CC5=C6OCCSC(C)=O)=C1)(C)C
outer_cv,train,1,5,5,,,259,Group 22/256.log,Group 22,Group 22,256.log,CC(C1=CC2=C(OCCOCCOCCOC3=C(SC4=CC(C(C)(C)C)=CC(S2)=C4OCCCSC(C)=O)C=C(C(C)(C)C)C=C3S5)C(SC6=CC(C(C)(C)C)=CC5=C6OCCCSC(C)=O)=C1)(C)C
outer_cv,train,1,5,5,,,260,Group 22/257.log,Group 22,Group 22,257.log,CC(C1=CC2=C(OCCOCCOCCOC3=C(SC4=CC(C(C)(C)C)=CC(S2)=C4OCCSC)C=C(C(C)(C)C)C=C3S5)C(SC6=CC(C(C)(C)C)=CC5=C6OCCSC)=C1)(C)C
outer_cv,train,1,5,5,,,261,Group 22/258.log,Group 22,Group 22,258.log,CC(C1=CC2=C(OCCOCCOCCOC3=C(SC4=CC(C(C)(C)C)=CC(S2)=C4OCCSCC5=CC=CC=C5)C=C(C(C)(C)C)C=C3S6)C(SC7=CC(C(C)(C)C)=CC6=C7OCCSCC8=CC=CC=C8)=C1)(C)C
outer_cv,train,1,5,5,,,262,Group 22/259.log,Group 22,Group 22,259.log,CC(C1=CC2=C(OCCOCCOCCOC3=C(SC4=CC(C(C)(C)C)=CC(S2)=C4OCCCSCC)C=C(C(C)(C)C)C=C3S5)C(SC6=CC(C(C)(C)C)=CC5=C6OCCCSCC)=C1)(C)C
outer_cv,train,1,5,5,,,263,Group 22/260.log,Group 22,Group 22,260.log,CC(C1=CC2=C(OCCOCCOCCOCCOC3=C(SC4=CC(C(C)(C)C)=CC(S2)=C4OCCSCC5=CC=CC=C5)C=C(C(C)(C)C)C=C3S6)C(SC7=CC(C(C)(C)C)=CC6=C7OCCSCC8=CC=CC=C8)=C1)(C)C
outer_cv,train,1,5,5,,,264,Group 22/261.log,Group 22,Group 22,261.log,CC(C1=CC2=C(OCCOCCOCCOCCOC3=C(SC4=CC(C(C)(C)C)=CC(S2)=C4OCCCSCC)C=C(C(C)(C)C)C=C3S5)C(SC6=CC(C(C)(C)C)=CC5=C6OCCCSCC)=C1)(C)C
outer_cv,train,1,5,5,,,265,Group 22/262.log,Group 22,Group 22,262.log,CC(C1=CC2=C(OCCOCCOC3=C(SC4=CC(C(C)(C)C)=CC(S2)=C4OCCCSC(C)=O)C=C(C(C)(C)C)C=C3S5)C(SC6=CC(C(C)(C)C)=CC5=C6OCCCSC(C)=O)=C1)(C)C
outer_cv,valid,1,5,5,,,71,Group 7/68.log,Group 7,Group 7,68.log,OC1=C(CC2=C(C(CC3=C(O)C(CC4=CC(/N=N/C5=CC=C([N+]([O-])=O)C=C5)=CC(CC1=C6)=C4O)=CC(/N=N/C7=CC=C([N+]([O-])=O)C=C7)=C3)=CC(/N=N/C8=CC=C([N+]([O-])=O)C=C8)=C2)O)C=C6/N=N/C9=CC=C([N+]([O-])=O)C=C9
outer_cv,valid,1,5,5,,,72,Group 7/69.log,Group 7,Group 7,69.log,OC1=C(SC2=C(C(SC3=C(O)C(SC4=CC(/N=N/C5=CC=C([N+]([O-])=O)C=C5)=CC(SC1=C6)=C4O)=CC(/N=N/C7=CC=C([N+]([O-])=O)C=C7)=C3)=CC(/N=N/C8=CC=C([N+]([O-])=O)C=C8)=C2)O)C=C6/N=N/C9=CC=C([N+]([O-])=O)C=C9
outer_cv,valid,1,5,5,,,73,Group 7/70.log,Group 7,Group 7,70.log,OC1=C(SC2=C(C(SC3=C(O)C(SC4=CC(/N=N/C5=CC=C([N+]([O-])=O)C=C5)=CC(SC1=C6)=C4OCCCBr)=CC(/N=N/C7=CC=C([N+]([O-])=O)C=C7)=C3)=CC(/N=N/C8=CC=C([N+]([O-])=O)C=C8)=C2)OCCCBr)C=C6/N=N/C9=CC=C([N+]([O-])=O)C=C9
outer_cv,valid,1,5,5,,,74,Group 7/71.log,Group 7,Group 7,71.log,OC1=C(SC2=C(C(SC3=C(O)C(SC4=CC(C(C)(C)C)=CC(SC1=C5)=C4OCCCOC6=CC=C(/N=N/C7=CC=C([N+]([O-])=O)C=C7)C=C6)=CC(C(C)(C)C)=C3)=CC(C(C)(C)C)=C2)OCCCOC8=CC=C(/N=N/C9=CC=C([N+]([O-])=O)C=C9)C=C8)C=C5C(C)(C)C
outer_cv,valid,1,5,5,,,75,Group 7/72.log,Group 7,Group 7,72.log,OC(C=C1)=CC=C1/N=N/C2=CC=C([N+]([O-])=O)C=C2
outer_cv,valid,1,5,5,,,76,Group 7/73.log,Group 7,Group 7,73.log,OCCCOC(C=C1)=CC=C1/N=N/C2=CC=C([N+]([O-])=O)C=C2
outer_cv,valid,1,5,5,,,77,Group 7/74.log,Group 7,Group 7,74.log,CCCCCCCCOC(C=C1)=CC=C1/N=N/C2=CC=C([N+]([O-])=O)C=C2
outer_cv,valid,1,5,5,,,78,Group 7/75.log,Group 7,Group 7,75.log,OCCN(CC)C(C=C1)=CC=C1/N=N/C2=CC=C([N+]([O-])=O)C=C2
outer_cv,valid,1,5,5,,,79,Group 8/76.log,Group 8,Group 8,76.log,OC1=C(SC2=C(C(SC3=C(O)C(SC4=CC(C(C)(C)C)=CC(SC1=C5)=C4OCCN)=CC(C(C)(C)C)=C3)=CC(C(C)(C)C)=C2)OCCN)C=C5C(C)(C)C
outer_cv,valid,1,5,5,,,80,Group 8/77.log,Group 8,Group 8,77.log,OC1=C(SC2=C(C(SC3=C(O)C(SC4=CC(C(C)(C)C)=CC(SC1=C5)=C4OCCCN)=CC(C(C)(C)C)=C3)=CC(C(C)(C)C)=C2)OCCCN)C=C5C(C)(C)C
outer_cv,valid,1,5,5,,,81,Group 8/78.log,Group 8,Group 8,78.log,OC1=C(SC2=C(C(SC3=C(O)C(SC4=CC(C(C)(C)C)=CC(SC1=C5)=C4OCCN)=CC(C(C)(C)C)=C3)=CC(C(C)(C)C)=C2)O)C=C5C(C)(C)C
outer_cv,valid,1,5,5,,,82,Group 8/79.log,Group 8,Group 8,79.log,OC1=C(SC2=C(C(SC3=C(O)C(SC4=CC(C(C)(C)C)=CC(SC1=C5)=C4OCCCN)=CC(C(C)(C)C)=C3)=CC(C(C)(C)C)=C2)O)C=C5C(C)(C)C
outer_cv,valid,1,5,5,,,83,Group 8/80.log,Group 8,Group 8,80.log,OC1=C(SC2=C(C(SC3=C(O)C(SC4=CC(C(C)(C)C)=CC(SC1=C5)=C4OCCN(CC)CC6=CC=CC=C6)=CC(C(C)(C)C)=C3)=CC(C(C)(C)C)=C2)OCCN(CC)CC7=CC=CC=C7)C=C5C(C)(C)C
outer_cv,valid,1,5,5,,,84,Group 8/81.log,Group 8,Group 8,81.log,CC(C1=CC2=C(OCCCCCCCCCCCC)C(SC3=CC(C(C)(C)C)=CC(SC4=CC(C(C)(C)C)=CC(SC5=CC(C(C)(C)C)=CC(S2)=C5OCCN)=C4OCCCCCCCCCCCC)=C3OCCN)=C1)(C)C
outer_cv,valid,1,5,5,,,85,Group 8/82.log,Group 8,Group 8,82.log,CC(C1=CC2=C(OCCCCCCCCCCCC)C(SC3=CC(C(C)(C)C)=CC(SC4=CC(C(C)(C)C)=CC(SC5=CC(C(C)(C)C)=CC(S2)=C5OCCCN)=C4OCCCCCCCCCCCC)=C3OCCCN)=C1)(C)C
outer_cv,valid,1,5,5,,,86,Group 8/83.log,Group 8,Group 8,83.log,CC(C1=CC2=C(OCCCCCCCCCCCC)C(SC3=CC(C(C)(C)C)=CC(SC4=CC(C(C)(C)C)=CC(SC5=CC(C(C)(C)C)=CC(S2)=C5OCCCN=[N+]=[N-])=C4OCCCCCCCCCCCC)=C3OCCCN=[N+]=[N-])=C1)(C)C
outer_cv,valid,1,5,5,,,87,Group 8/84.log,Group 8,Group 8,84.log,CC(C1=CC2=C(OCCN=[N+]=[N-])C(SC3=CC(C(C)(C)C)=CC(SC4=CC(C(C)(C)C)=CC(SC5=CC(C(C)(C)C)=CC(S2)=C5OCCN=[N+]=[N-])=C4OCCN=[N+]=[N-])=C3OCCN=[N+]=[N-])=C1)(C)C
outer_cv,valid,1,5,5,,,88,Group 8/85.log,Group 8,Group 8,85.log,CC(C1=CC2=C(OCCCN=[N+]=[N-])C(SC3=CC(C(C)(C)C)=CC(SC4=CC(C(C)(C)C)=CC(SC5=CC(C(C)(C)C)=CC(S2)=C5OCCCN=[N+]=[N-])=C4OCCCN=[N+]=[N-])=C3OCCCN=[N+]=[N-])=C1)(C)C
outer_cv,valid,1,5,5,,,89,Group 8/86.log,Group 8,Group 8,86.log,CC(C1=CC2=C(OCCCCN=[N+]=[N-])C(SC3=CC(C(C)(C)C)=CC(SC4=CC(C(C)(C)C)=CC(SC5=CC(C(C)(C)C)=CC(S2)=C5OCCCCN=[N+]=[N-])=C4OCCCCN=[N+]=[N-])=C3OCCCCN=[N+]=[N-])=C1)(C)C
outer_cv,valid,1,5,5,,,90,Group 8/87.log,Group 8,Group 8,87.log,CC(C1=CC2=C(OCCCCCN=[N+]=[N-])C(SC3=CC(C(C)(C)C)=CC(SC4=CC(C(C)(C)C)=CC(SC5=CC(C(C)(C)C)=CC(S2)=C5OCCCCCN=[N+]=[N-])=C4OCCCCCN=[N+]=[N-])=C3OCCCCCN=[N+]=[N-])=C1)(C)C
outer_cv,valid,1,5,5,,,91,Group 8/88.log,Group 8,Group 8,88.log,OC1=C(SC2=C(C(SC3=C(O)C(SC4=CC(C(C)(C)C)=CC(SC1=C5)=C4OCCN=[N+]=[N-])=CC(C(C)(C)C)=C3)=CC(C(C)(C)C)=C2)OCCN=[N+]=[N-])C=C5C(C)(C)C
outer_cv,valid,1,5,5,,,92,Group 8/89.log,Group 8,Group 8,89.log,OC1=C(SC2=C(C(SC3=C(O)C(SC4=CC(C(C)(C)C)=CC(SC1=C5)=C4OCCN=[N+]=[N-])=CC(C(C)(C)C)=C3)=CC(C(C)(C)C)=C2)O)C=C5C(C)(C)C
outer_cv,valid,1,5,5,,,93,Group 8/90.log,Group 8,Group 8,90.log,OC1=C(SC2=C(C(SC3=C(O)C(SC4=CC(C(C)(C)C)=CC(SC1=C5)=C4OCCCN=[N+]=[N-])=CC(C(C)(C)C)=C3)=CC(C(C)(C)C)=C2)O)C=C5C(C)(C)C
outer_cv,valid,1,5,5,,,227,Group 19/224.log,Group 19,Group 19,224.log,OC1=C(SC2=C(C(SC3=C(O)C(SC4=CC(C(C)(C)C)=CC(SC1=C5)=C4OCCSCCCCCCCC)=CC(C(C)(C)C)=C3)=CC(C(C)(C)C)=C2)OCCSCCCCCCCC)C=C5C(C)(C)C
outer_cv,valid,1,5,5,,,228,Group 19/225.log,Group 19,Group 19,225.log,OC1=C(SC2=C(C(SC3=C(O)C(SC4=CC(C(C)(C)C)=CC(SC1=C5)=C4OCCSC)=CC(C(C)(C)C)=C3)=CC(C(C)(C)C)=C2)OCCSC)C=C5C(C)(C)C
outer_cv,valid,1,5,5,,,229,Group 19/226.log,Group 19,Group 19,226.log,OC1=C(SC2=C(C(SC3=C(O)C(SC4=CC(C(C)(C)C)=CC(SC1=C5)=C4OCCSCC6=CC=CC=C6)=CC(C(C)(C)C)=C3)=CC(C(C)(C)C)=C2)OCCSCC7=CC=CC=C7)C=C5C(C)(C)C
outer_cv,valid,1,5,5,,,230,Group 19/227.log,Group 19,Group 19,227.log,OC1=C(SC2=C(C(SC3=C(O)C(SC4=CC(C(C)(C)C)=CC(SC1=C5)=C4OCCCSCC)=CC(C(C)(C)C)=C3)=CC(C(C)(C)C)=C2)OCCCSCC)C=C5C(C)(C)C
outer_cv,valid,1,5,5,,,231,Group 19/228.log,Group 19,Group 19,228.log,OC1=C(CC2=C(C(CC3=C(O)C(C4)=CC=C3)=CC=C2)OCCCS)C=CC=C1CC5=C(OCCCS)C4=CC=C5
outer_cv,valid,1,5,5,,,232,Group 19/229.log,Group 19,Group 19,229.log,OC1=C(SC2=C(C(SC3=C(O)C(SC4=CC(C(C)(C)C)=CC(SC1=C5)=C4OCCCSCCSCCS)=CC(C(C)(C)C)=C3)=CC(C(C)(C)C)=C2)O)C=C5C(C)(C)C
outer_cv,valid,1,5,5,,,233,Group 19/230.log,Group 19,Group 19,230.log,CC(C1=CC2=C(OCCCS)C(SC3=CC(C(C)(C)C)=CC(SC4=CC(C(C)(C)C)=CC(SC5=CC(C(C)(C)C)=CC(S2)=C5OCCCS)=C4OCCCS)=C3OCCCS)=C1)(C)C
outer_cv,valid,1,5,5,,,234,Group 19/231.log,Group 19,Group 19,231.log,CC(C1=CC2=C(OCCCSCC(OC)=O)C(SC3=CC(C(C)(C)C)=CC(SC4=CC(C(C)(C)C)=CC(SC5=CC(C(C)(C)C)=CC(S2)=C5OCCCSCC(OC)=O)=C4OCCCSCC(OC)=O)=C3OCCCSCC(OC)=O)=C1)(C)C
outer_cv,valid,1,5,5,,,235,Group 19/232.log,Group 19,Group 19,232.log,CC(C1=CC2=C(OCCCCSCC(OC)=O)C(SC3=CC(C(C)(C)C)=CC(SC4=CC(C(C)(C)C)=CC(SC5=CC(C(C)(C)C)=CC(S2)=C5OCCCCSCC(OC)=O)=C4OCCCCSCC(OC)=O)=C3OCCCCSCC(OC)=O)=C1)(C)C
outer_cv,valid,1,5,5,,,236,Group 19/233.log,Group 19,Group 19,233.log,CC(C1=CC2=C(OCCCCCSCC(OC)=O)C(SC3=CC(C(C)(C)C)=CC(SC4=CC(C(C)(C)C)=CC(SC5=CC(C(C)(C)C)=CC(S2)=C5OCCCCCSCC(OC)=O)=C4OCCCCCSCC(OC)=O)=C3OCCCCCSCC(OC)=O)=C1)(C)C
outer_cv,valid,1,5,5,,,237,Group 19/234.log,Group 19,Group 19,234.log,CC(C1=CC2=C(OCCOCCO)C(SC3=CC(C(C)(C)C)=CC(SC4=CC(C(C)(C)C)=CC(SC5=CC(C(C)(C)C)=CC(S2)=C5OCCSCC(OC)=O)=C4OCCOCCO)=C3OCCSCC(OC)=O)=C1)(C)C
outer_cv,valid,1,5,5,,,238,Group 19/235.log,Group 19,Group 19,235.log,OC1=C(SC2=C(C(SC3=C(O)C(SC4=CC(C(C)(C)C)=CC(SC1=C5)=C4OCCSC(C)=O)=CC(C(C)(C)C)=C3)=CC(C(C)(C)C)=C2)OCCSC(C)=O)C=C5C(C)(C)C
outer_cv,valid,1,5,5,,,239,Group 19/236.log,Group 19,Group 19,236.log,OC1=C(SC2=C(C(SC3=C(O)C(SC4=CC(C(C)(C)C)=CC(SC1=C5)=C4OCCCSC(C)=O)=CC(C(C)(C)C)=C3)=CC(C(C)(C)C)=C2)OCCCSC(C)=O)C=C5C(C)(C)C
outer_cv,valid,1,5,5,,,240,Group 19/237.log,Group 19,Group 19,237.log,CC(C1=CC2=C(OCCSCCCCCCCC)C(SC3=CC(C(C)(C)C)=CC(SC4=CC(C(C)(C)C)=CC(SC5=CC(C(C)(C)C)=CC(S2)=C5OCCC#C)=C4OCCSCCCCCCCC)=C3OCCC#C)=C1)(C)C
outer_cv,valid,1,5,5,,,241,Group 19/238.log,Group 19,Group 19,238.log,CC(C1=CC2=C(OCCSCCCCCCCC)C(SC3=CC(C(C)(C)C)=CC(SC4=CC(C(C)(C)C)=CC(SC5=CC(C(C)(C)C)=CC(S2)=C5OCCCC#C)=C4OCCSCCCCCCCC)=C3OCCCC#C)=C1)(C)C
outer_cv,valid,1,5,5,,,242,Group 19/239.log,Group 19,Group 19,239.log,CC(C1=CC2=C(OCCSCCCCCCCC)C(SC3=CC(C(C)(C)C)=CC(SC4=CC(C(C)(C)C)=CC(SC5=CC(C(C)(C)C)=CC(S2)=C5OCCCCC#C)=C4OCCSCCCCCCCC)=C3OCCCCC#C)=C1)(C)C
outer_cv,valid,1,5,5,,,243,Group 19/240.log,Group 19,Group 19,240.log,CC(C1=CC2=C(OCCSCCCCCCCC)C(SC3=CC(C(C)(C)C)=CC(SC4=CC(C(C)(C)C)=CC(SC5=CC(C(C)(C)C)=CC(S2)=C5OCCCBr)=C4OCCSCCCCCCCC)=C3OCCCBr)=C1)(C)C
outer_cv,valid,1,5,5,,,244,Group 19/241.log,Group 19,Group 19,241.log,CC(C1=CC2=C(OCCSCCCCCCCC)C(SC3=CC(C(C)(C)C)=CC(SC4=CC(C(C)(C)C)=CC(SC5=CC(C(C)(C)C)=CC(S2)=C5OCCCN=[N+]=[N-])=C4OCCSCCCCCCCC)=C3OCCCN=[N+]=[N-])=C1)(C)C
outer_cv,valid,1,5,5,,,245,Group 19/242.log,Group 19,Group 19,242.log,CC(C1=CC2=C(OCCSCCCCCCCC)C(SC3=CC(C(C)(C)C)=CC(SC4=CC(C(C)(C)C)=CC(SC5=CC(C(C)(C)C)=CC(S2)=C5OCCCN6C(C(OC)=O)=C(C(OC)=O)N=N6)=C4OCCSCCCCCCCC)=C3OCCCN7N=NC(C(OC)=O)=C7C(OC)=O)=C1)(C)C
outer_cv,valid,1,5,5,,,246,Group 19/243.log,Group 19,Group 19,243.log,OC1=C(SC2=C(C(SC3=C(O)C(SC4=CC(C(C)(C)C)=CC(SC1=C5)=C4OCCCBr)=CC(C(C)(C)C)=C3)=CC(C(C)(C)C)=C2)OCCCSC(C)=O)C=C5C(C)(C)C
outer_cv,train,2,1,6,,,11,Group 2/12.log,Group 2,Group 2,12.log,OC1=C(SC2=C(C(SC3=C(O)C(SC4=CC(C(C)(C)C)=CC(SC1=C5)=C4O[Si](C)(C(C)(C)C)C)=CC(C(C)(C)C)=C3)=CC(C(C)(C)C)=C2)O[Si](C)(C)C(C)(C)C)C=C5C(C)(C)C
outer_cv,train,2,1,6,,,12,Group 2/13.log,Group 2,Group 2,13.log,OC1=C(SC2=C(C(SC3=C(O)C(S4)=CC=C3)=CC=C2)O[Si](C)(C)C(C)(C)C)C=CC=C1SC5=C(O[Si](C)(C(C)(C)C)C)C4=CC=C5
outer_cv,train,2,1,6,,,13,Group 2/14.log,Group 2,Group 2,14.log,OC1=C(SC2=C(C(SC3=C(O)C(SC4=CC(Br)=CC(SC1=C5)=C4O[Si](C)(C(C)(C)C)C)=CC(Br)=C3)=CC(Br)=C2)O[Si](C)(C)C(C)(C)C)C=C5Br
outer_cv,train,2,1,6,,,14,Group 2/15.log,Group 2,Group 2,15.log,OC1=C(SC2=C(C(SC3=C(O)C(S4)=CC=C3)=CC=C2)OS(C(F)(F)F)(=O)=O)C=CC=C1SC5=C(OS(=O)(C(F)(F)F)=O)C4=CC=C5
outer_cv,train,2,1,6,,,58,Group 5/55.log,Group 5,Group 5,55.log,CC(C1=CC2=C(OCCC#C)C(SC3=CC(C(C)(C)C)=CC(SC4=CC(C(C)(C)C)=CC5=C4OCCC#CC(C(C=C6S5)=CC(S2)=C6OCCCCCCCCCCCC)(C)C)=C3OCCCCCCCCCCCC)=C1)(C)C
outer_cv,train,2,1,6,,,59,Group 5/56.log,Group 5,Group 5,56.log,CC(C1=CC2=C(OCCCC#C)C(SC3=CC(C(C)(C)C)=CC(SC4=CC(C(C)(C)C)=CC(SC5=CC(C(C)(C)C)=CC(S2)=C5OCCCCCCCCCCCC)=C4OCCCC#C)=C3OCCCCCCCCCCCC)=C1)(C)C
outer_cv,train,2,1,6,,,60,Group 5/57.log,Group 5,Group 5,57.log,CC(C1=CC2=C(OCCCCC#C)C(SC3=CC(C(C)(C)C)=CC(SC4=CC(C(C)(C)C)=CC(SC5=CC(C(C)(C)C)=CC(S2)=C5OCCCCCCCCCCCC)=C4OCCCCC#C)=C3OCCCCCCCCCCCC)=C1)(C)C
outer_cv,train,2,1,6,,,61,Group 6/58.log,Group 6,Group 6,58.log,OC1=C(CC2=C(C(CC3=C(O)C(CC4=CC(C(C)(C)C)=CC(CC1=C5)=C4OCCBr)=CC(C(C)(C)C)=C3)=CC(C(C)(C)C)=C2)OCCBr)C=C5C(C)(C)C
outer_cv,train,2,1,6,,,62,Group 6/59.log,Group 6,Group 6,59.log,OC1=C(CC2=C(C(CC3=C(O)C(CC4=CC(C(C)(C)C)=CC(CC1=C5)=C4OCCCBr)=CC(C(C)(C)C)=C3)=CC(C(C)(C)C)=C2)OCCCBr)C=C5C(C)(C)C
outer_cv,train,2,1,6,,,63,Group 6/60.log,Group 6,Group 6,60.log,OC1=C(CC2=C(C(CC3=C(O)C(CC4=CC(C(C)(C)C)=CC(CC1=C5)=C4OCCCCBr)=CC(C(C)(C)C)=C3)=CC(C(C)(C)C)=C2)OCCCCBr)C=C5C(C)(C)C
outer_cv,train,2,1,6,,,64,Group 6/61.log,Group 6,Group 6,61.log,OC1=C(SC2=C(C(SC3=C(O)C(SC4=CC([N+]([O-])=O)=CC(SC1=C5)=C4OCCCBr)=CC([N+]([O-])=O)=C3)=CC([N+]([O-])=O)=C2)OCCCBr)C=C5[N+]([O-])=O
outer_cv,train,2,1,6,,,65,Group 6/62.log,Group 6,Group 6,62.log,CC(C1=CC2=C(OCCCBr)C(SC3=CC(C(C)(C)C)=CC(SC4=CC(C(C)(C)C)=CC(SC5=CC(C(C)(C)C)=CC(S2)=C5OCCCBr)=C4OCCCBr)=C3OCCCBr)=C1)(C)C
outer_cv,train,2,1,6,,,66,Group 6/63.log,Group 6,Group 6,63.log,CC(C1=CC2=C(OCCCCBr)C(SC3=CC(C(C)(C)C)=CC(SC4=CC(C(C)(C)C)=CC(SC5=CC(C(C)(C)C)=CC(S2)=C5OCCCCBr)=C4OCCCCBr)=C3OCCCCBr)=C1)(C)C
outer_cv,train,2,1,6,,,67,Group 6/64.log,Group 6,Group 6,64.log,CC(C1=CC2=C(OCCCCCBr)C(SC3=CC(C(C)(C)C)=CC(SC4=CC(C(C)(C)C)=CC(SC5=CC(C(C)(C)C)=CC(S2)=C5OCCCCCBr)=C4OCCCCCBr)=C3OCCCCCBr)=C1)(C)C
outer_cv,train,2,1,6,,,68,Group 6/65.log,Group 6,Group 6,65.log,CC(C1=CC2=C(OCCCCCCBr)C(SC3=CC(C(C)(C)C)=CC(SC4=CC(C(C)(C)C)=CC(SC5=CC(C(C)(C)C)=CC(S2)=C5OCCCCCCBr)=C4OCCCCCCBr)=C3OCCCCCCBr)=C1)(C)C
outer_cv,train,2,1,6,,,69,Group 6/66.log,Group 6,Group 6,66.log,CC(C1=CC2=C(OCCCCCCCCCCCC)C(SC3=CC(C(C)(C)C)=CC(SC4=CC(C(C)(C)C)=CC(SC5=CC(C(C)(C)C)=CC(S2)=C5OCCCBr)=C4OCCCCCCCCCCCC)=C3OCCCBr)=C1)(C)C
outer_cv,train,2,1,6,,,70,Group 6/67.log,Group 6,Group 6,67.log,CC(C1=CC2=C(OCCCCCCOC3=C(SC4=CC(C(C)(C)C)=CC(S2)=C4OCCCCCCBr)C=C(C(C)(C)C)C=C3S5)C(SC6=CC(C(C)(C)C)=CC5=C6OCCCCCCBr)=C1)(C)C
outer_cv,train,2,1,6,,,71,Group 7/68.log,Group 7,Group 7,68.log,OC1=C(CC2=C(C(CC3=C(O)C(CC4=CC(/N=N/C5=CC=C([N+]([O-])=O)C=C5)=CC(CC1=C6)=C4O)=CC(/N=N/C7=CC=C([N+]([O-])=O)C=C7)=C3)=CC(/N=N/C8=CC=C([N+]([O-])=O)C=C8)=C2)O)C=C6/N=N/C9=CC=C([N+]([O-])=O)C=C9
outer_cv,train,2,1,6,,,72,Group 7/69.log,Group 7,Group 7,69.log,OC1=C(SC2=C(C(SC3=C(O)C(SC4=CC(/N=N/C5=CC=C([N+]([O-])=O)C=C5)=CC(SC1=C6)=C4O)=CC(/N=N/C7=CC=C([N+]([O-])=O)C=C7)=C3)=CC(/N=N/C8=CC=C([N+]([O-])=O)C=C8)=C2)O)C=C6/N=N/C9=CC=C([N+]([O-])=O)C=C9
outer_cv,train,2,1,6,,,73,Group 7/70.log,Group 7,Group 7,70.log,OC1=C(SC2=C(C(SC3=C(O)C(SC4=CC(/N=N/C5=CC=C([N+]([O-])=O)C=C5)=CC(SC1=C6)=C4OCCCBr)=CC(/N=N/C7=CC=C([N+]([O-])=O)C=C7)=C3)=CC(/N=N/C8=CC=C([N+]([O-])=O)C=C8)=C2)OCCCBr)C=C6/N=N/C9=CC=C([N+]([O-])=O)C=C9
outer_cv,train,2,1,6,,,74,Group 7/71.log,Group 7,Group 7,71.log,OC1=C(SC2=C(C(SC3=C(O)C(SC4=CC(C(C)(C)C)=CC(SC1=C5)=C4OCCCOC6=CC=C(/N=N/C7=CC=C([N+]([O-])=O)C=C7)C=C6)=CC(C(C)(C)C)=C3)=CC(C(C)(C)C)=C2)OCCCOC8=CC=C(/N=N/C9=CC=C([N+]([O-])=O)C=C9)C=C8)C=C5C(C)(C)C
outer_cv,train,2,1,6,,,75,Group 7/72.log,Group 7,Group 7,72.log,OC(C=C1)=CC=C1/N=N/C2=CC=C([N+]([O-])=O)C=C2
outer_cv,train,2,1,6,,,76,Group 7/73.log,Group 7,Group 7,73.log,OCCCOC(C=C1)=CC=C1/N=N/C2=CC=C([N+]([O-])=O)C=C2
outer_cv,train,2,1,6,,,77,Group 7/74.log,Group 7,Group 7,74.log,CCCCCCCCOC(C=C1)=CC=C1/N=N/C2=CC=C([N+]([O-])=O)C=C2
outer_cv,train,2,1,6,,,78,Group 7/75.log,Group 7,Group 7,75.log,OCCN(CC)C(C=C1)=CC=C1/N=N/C2=CC=C([N+]([O-])=O)C=C2
outer_cv,train,2,1,6,,,79,Group 8/76.log,Group 8,Group 8,76.log,OC1=C(SC2=C(C(SC3=C(O)C(SC4=CC(C(C)(C)C)=CC(SC1=C5)=C4OCCN)=CC(C(C)(C)C)=C3)=CC(C(C)(C)C)=C2)OCCN)C=C5C(C)(C)C
outer_cv,train,2,1,6,,,80,Group 8/77.log,Group 8,Group 8,77.log,OC1=C(SC2=C(C(SC3=C(O)C(SC4=CC(C(C)(C)C)=CC(SC1=C5)=C4OCCCN)=CC(C(C)(C)C)=C3)=CC(C(C)(C)C)=C2)OCCCN)C=C5C(C)(C)C
outer_cv,train,2,1,6,,,81,Group 8/78.log,Group 8,Group 8,78.log,OC1=C(SC2=C(C(SC3=C(O)C(SC4=CC(C(C)(C)C)=CC(SC1=C5)=C4OCCN)=CC(C(C)(C)C)=C3)=CC(C(C)(C)C)=C2)O)C=C5C(C)(C)C
outer_cv,train,2,1,6,,,82,Group 8/79.log,Group 8,Group 8,79.log,OC1=C(SC2=C(C(SC3=C(O)C(SC4=CC(C(C)(C)C)=CC(SC1=C5)=C4OCCCN)=CC(C(C)(C)C)=C3)=CC(C(C)(C)C)=C2)O)C=C5C(C)(C)C
outer_cv,train,2,1,6,,,83,Group 8/80.log,Group 8,Group 8,80.log,OC1=C(SC2=C(C(SC3=C(O)C(SC4=CC(C(C)(C)C)=CC(SC1=C5)=C4OCCN(CC)CC6=CC=CC=C6)=CC(C(C)(C)C)=C3)=CC(C(C)(C)C)=C2)OCCN(CC)CC7=CC=CC=C7)C=C5C(C)(C)C
outer_cv,train,2,1,6,,,84,Group 8/81.log,Group 8,Group 8,81.log,CC(C1=CC2=C(OCCCCCCCCCCCC)C(SC3=CC(C(C)(C)C)=CC(SC4=CC(C(C)(C)C)=CC(SC5=CC(C(C)(C)C)=CC(S2)=C5OCCN)=C4OCCCCCCCCCCCC)=C3OCCN)=C1)(C)C
outer_cv,train,2,1,6,,,85,Group 8/82.log,Group 8,Group 8,82.log,CC(C1=CC2=C(OCCCCCCCCCCCC)C(SC3=CC(C(C)(C)C)=CC(SC4=CC(C(C)(C)C)=CC(SC5=CC(C(C)(C)C)=CC(S2)=C5OCCCN)=C4OCCCCCCCCCCCC)=C3OCCCN)=C1)(C)C
outer_cv,train,2,1,6,,,86,Group 8/83.log,Group 8,Group 8,83.log,CC(C1=CC2=C(OCCCCCCCCCCCC)C(SC3=CC(C(C)(C)C)=CC(SC4=CC(C(C)(C)C)=CC(SC5=CC(C(C)(C)C)=CC(S2)=C5OCCCN=[N+]=[N-])=C4OCCCCCCCCCCCC)=C3OCCCN=[N+]=[N-])=C1)(C)C
outer_cv,train,2,1,6,,,87,Group 8/84.log,Group 8,Group 8,84.log,CC(C1=CC2=C(OCCN=[N+]=[N-])C(SC3=CC(C(C)(C)C)=CC(SC4=CC(C(C)(C)C)=CC(SC5=CC(C(C)(C)C)=CC(S2)=C5OCCN=[N+]=[N-])=C4OCCN=[N+]=[N-])=C3OCCN=[N+]=[N-])=C1)(C)C
outer_cv,train,2,1,6,,,88,Group 8/85.log,Group 8,Group 8,85.log,CC(C1=CC2=C(OCCCN=[N+]=[N-])C(SC3=CC(C(C)(C)C)=CC(SC4=CC(C(C)(C)C)=CC(SC5=CC(C(C)(C)C)=CC(S2)=C5OCCCN=[N+]=[N-])=C4OCCCN=[N+]=[N-])=C3OCCCN=[N+]=[N-])=C1)(C)C
outer_cv,train,2,1,6,,,89,Group 8/86.log,Group 8,Group 8,86.log,CC(C1=CC2=C(OCCCCN=[N+]=[N-])C(SC3=CC(C(C)(C)C)=CC(SC4=CC(C(C)(C)C)=CC(SC5=CC(C(C)(C)C)=CC(S2)=C5OCCCCN=[N+]=[N-])=C4OCCCCN=[N+]=[N-])=C3OCCCCN=[N+]=[N-])=C1)(C)C
outer_cv,train,2,1,6,,,90,Group 8/87.log,Group 8,Group 8,87.log,CC(C1=CC2=C(OCCCCCN=[N+]=[N-])C(SC3=CC(C(C)(C)C)=CC(SC4=CC(C(C)(C)C)=CC(SC5=CC(C(C)(C)C)=CC(S2)=C5OCCCCCN=[N+]=[N-])=C4OCCCCCN=[N+]=[N-])=C3OCCCCCN=[N+]=[N-])=C1)(C)C
outer_cv,train,2,1,6,,,91,Group 8/88.log,Group 8,Group 8,88.log,OC1=C(SC2=C(C(SC3=C(O)C(SC4=CC(C(C)(C)C)=CC(SC1=C5)=C4OCCN=[N+]=[N-])=CC(C(C)(C)C)=C3)=CC(C(C)(C)C)=C2)OCCN=[N+]=[N-])C=C5C(C)(C)C
outer_cv,train,2,1,6,,,92,Group 8/89.log,Group 8,Group 8,89.log,OC1=C(SC2=C(C(SC3=C(O)C(SC4=CC(C(C)(C)C)=CC(SC1=C5)=C4OCCN=[N+]=[N-])=CC(C(C)(C)C)=C3)=CC(C(C)(C)C)=C2)O)C=C5C(C)(C)C
outer_cv,train,2,1,6,,,93,Group 8/90.log,Group 8,Group 8,90.log,OC1=C(SC2=C(C(SC3=C(O)C(SC4=CC(C(C)(C)C)=CC(SC1=C5)=C4OCCCN=[N+]=[N-])=CC(C(C)(C)C)=C3)=CC(C(C)(C)C)=C2)O)C=C5C(C)(C)C
outer_cv,train,2,1,6,,,94,Group 9/91.log,Group 9,Group 9,91.log,CC(C)(C1=CC(CC2=C(C(CC(C=C(C=C3C4)C(C)(C)C)=C3OCC5=CC(C6=CC=CC=C6)=NN5)=CC(C(C)(C)C)=C2)OCC7=CC(C8=CC=CC=C8)=NN7)=C(OCC9=CC(C%10=CC=CC=C%10)=NN9)C(CC%11=CC(C(C)(C)C)=CC4=C%11OCC%12=CC(C%13=CC=CC=C%13)=NN%12)=C1)C
outer_cv,train,2,1,6,,,95,Group 9/92.log,Group 9,Group 9,92.log,CC(C)(C1=CC(CC2=C(C(CC(C=C(C=C3C4)C(C)(C)C)=C3OCC5=CC(C6=CC=C(C)C=C6)=NN5)=CC(C(C)(C)C)=C2)OCC7=CC(C8=CC=C(C)C=C8)=NN7)=C(OCC9=CC(C%10=CC=C(C)C=C%10)=NN9)C(CC%11=CC(C(C)(C)C)=CC4=C%11OCC%12=CC(C%13=CC=C(C)C=C%13)=NN%12)=C1)C
outer_cv,train,2,1,6,,,96,Group 9/93.log,Group 9,Group 9,93.log,CC(C)(C1=CC(CC2=C(C(CC(C=C(C=C3C4)C(C)(C)C)=C3OCC5=CC(C6=CC=C(Cl)C=C6)=NN5)=CC(C(C)(C)C)=C2)OCC7=CC(C8=CC=C(Cl)C=C8)=NN7)=C(OCC9=CC(C%10=CC=C(Cl)C=C%10)=NN9)C(CC%11=CC(C(C)(C)C)=CC4=C%11OCC%12=CC(C%13=CC=C(Cl)C=C%13)=NN%12)=C1)C
outer_cv,train,2,1,6,,,97,Group 9/94.log,Group 9,Group 9,94.log,CC(C)(C1=CC(CC2=C(C(CC(C=C(C=C3C4)C(C)(C)C)=C3OCC5=CC(C6=CC=C(OC)C=C6)=NN5)=CC(C(C)(C)C)=C2)OCC7=CC(C8=CC=C(OC)C=C8)=NN7)=C(OCC9=CC(C%10=CC=C(OC)C=C%10)=NN9)C(CC%11=CC(C(C)(C)C)=CC4=C%11OCC%12=CC(C%13=CC=C(OC)C=C%13)=NN%12)=C1)C
outer_cv,train,2,1,6,,,98,Group 9/95.log,Group 9,Group 9,95.log,CC(C)(C)C1=CC(CC2=C3)=C(OCC4=CC(C5=CC=C(C)C=C5)=NN4)C(CC6=CC(C(C)(C)C)=CC(CC7=CC(C(C)(C)C)=CC(CC(C=C3C(C)(C)C)=C2OCC8=CC(C9=CC=C(C)C=C9)=NN8)=C7OCC%10=CC(C%11=CC=C(C)C=C%11)=N[N]%10)=C6OCC%12=CC(C%13=CC=C(C)C=C%13)=NN%12)=C1
outer_cv,train,2,1,6,,,99,Group 9/96.log,Group 9,Group 9,96.log,CC(C)(C)C1=CC(CC2=C3)=C(OCC4=CC(C5=CC=C(Cl)C=C5)=NN4)C(CC6=CC(C(C)(C)C)=CC(CC7=CC(C(C)(C)C)=CC(CC(C=C3C(C)(C)C)=C2OCC8=CC(C9=CC=C(Cl)C=C9)=NN8)=C7OCC%10=CC(C%11=CC=C(Cl)C=C%11)=N[N]%10)=C6OCC%12=CC(C%13=CC=C(Cl)C=C%13)=NN%12)=C1
outer_cv,train,2,1,6,,,100,Group 9/97.log,Group 9,Group 9,97.log,CC(C)(C)C1=CC(CC2=C3)=C(OCC4=CC(C5=CC=C(OC)C=C5)=NN4)C(CC6=CC(C(C)(C)C)=CC(CC7=CC(C(C)(C)C)=CC(CC(C=C3C(C)(C)C)=C2OCC8=CC(C9=CC=C(OC)C=C9)=NN8)=C7OCC%10=CC(C%11=CC=C(OC)C=C%11)=NN%10)=C6OCC%12=CC(C%13=CC=C(OC)C=C%13)=NN%12)=C1
outer_cv,train,2,1,6,,,101,Group 9/98.log,Group 9,Group 9,98.log,CC(C)(C)C1=CC(CC2=C3)=C(OCC4=CC(C5=CC=CC=C5)=NN4)C(CC6=CC(C(C)(C)C)=CC(CC7=CC(C(C)(C)C)=CC(CC(C=C3C(C)(C)C)=C2OCC8=CC(C9=CC=CC=C9)=NN8)=C7OCC%10=CC(C%11=CC=CC=C%11)=NN%10)=C6OCC%12=CC(C%13=CC=CC=C%13)=NN%12)=C1
outer_cv,train,2,1,6,,,102,Group 9/99.log,Group 9,Group 9,99.log,CC(C1=CC2=C(OCC3=CC(C4=CC=CC=C4)=NN3)C(CC5=CC(C(C)(C)C)=CC(CC6=CC(C(C)(C)C)=CC(CC7=CC(C(C)(C)C)=CC(C2)=C7OCC8=CC(C9=CC=CC=C9)=NN8)=C6OCC%10=CC(C%11=CC=CC=C%11)=NN%10)=C5OCC%12=CC(C%13=CC=CC=C%13)=NN%12)=C1)(C)C
outer_cv,train,2,1,6,,,103,Group 9/100.log,Group 9,Group 9,100.log,CC(C1=CC2=C(OCC3=CC(C4=CC=C(C)C=C4)=NN3)C(CC5=CC(C(C)(C)C)=CC(CC6=CC(C(C)(C)C)=CC(CC7=CC(C(C)(C)C)=CC(C2)=C7OCC8=CC(C9=CC=C(C)C=C9)=NN8)=C6OCC%10=CC(C%11=CC=C(C)C=C%11)=NN%10)=C5OCC%12=CC(C%13=CC=C(C)C=C%13)=NN%12)=C1)(C)C
outer_cv,train,2,1,6,,,104,Group 9/101.log,Group 9,Group 9,101.log,CC(C1=CC2=C(OCC3=CC(C4=CC=C(Cl)C=C4)=NN3)C(CC5=CC(C(C)(C)C)=CC(CC6=CC(C(C)(C)C)=CC(CC7=CC(C(C)(C)C)=CC(C2)=C7OCC8=CC(C9=CC=C(Cl)C=C9)=NN8)=C6OCC%10=CC(C%11=CC=C(Cl)C=C%11)=NN%10)=C5OCC%12=CC(C%13=CC=C(Cl)C=C%13)=NN%12)=C1)(C)C
outer_cv,train,2,1,6,,,105,Group 9/102.log,Group 9,Group 9,102.log,CC(C1=CC2=C(OCC3=CC(C4=CC=C(OC)C=C4)=NN3)C(CC5=CC(C(C)(C)C)=CC(CC6=CC(C(C)(C)C)=CC(CC7=CC(C(C)(C)C)=CC(C2)=C7OCC8=CC(C9=CC=C(OC)C=C9)=NN8)=C6OCC%10=CC(C%11=CC=C(OC)C=C%11)=NN%10)=C5OCC%12=CC(C%13=CC=C(OC)C=C%13)=NN%12)=C1)(C)C
outer_cv,train,2,1,6,,,106,Group 9/103.log,Group 9,Group 9,103.log,C1(C2)=C(C(CC(C=CC=C3CC4=C(OCC5=CC(C6=CC=CC=C6)=NN5)C(CC7=CC=CC2=C7OCC8=CC(C9=CC=CC=C9)=NN8)=CC=C4)=C3OCC%10=CC(C%11=CC=CC=C%11)=NN%10)=CC=C1)OCC%12=CC(C%13=CC=CC=C%13)=NN%12
outer_cv,train,2,1,6,,,107,Group 9/104.log,Group 9,Group 9,104.log,CC(C1=CC2=C(OCCCC3=CC(C4=CC=CC=C4)=NN3)C(CC5=CC(C(C)(C)C)=CC(CC6=CC(C(C)(C)C)=CC(CC7=CC(C(C)(C)C)=CC(C2)=C7OCCCC8=CC(C9=CC=CC=C9)=NN8)=C6OCCCC%10=CC(C%11=CC=CC=C%11)=NN%10)=C5OCCCC%12=CC(C%13=CC=CC=C%13)=NN%12)=C1)(C)C
outer_cv,train,2,1,6,,,108,Group 9/105.log,Group 9,Group 9,105.log,CC(C1=CC2=C(OCC3=CC(C4=CC=CC=C4)=NN3)C(SC5=CC(C(C)(C)C)=CC(SC6=CC(C(C)(C)C)=CC(SC7=CC(C(C)(C)C)=CC(S2)=C7OCC8=CC(C9=CC=CC=C9)=NN8)=C6OCC%10=CC(C%11=CC=CC=C%11)=NN%10)=C5OCC%12=CC(C%13=CC=CC=C%13)=NN%12)=C1)(C)C
outer_cv,train,2,1,6,,,109,Group 9/106.log,Group 9,Group 9,106.log,CC(C1=CC2=C(OCCCC3=CC(C4=CC=CC=C4)=NN3)C(SC5=CC(C(C)(C)C)=CC(SC6=CC(C(C)(C)C)=CC(SC7=CC(C(C)(C)C)=CC(S2)=C7OCCCC8=CC(C9=CC=CC=C9)=NN8)=C6OCCCC%10=CC(C%11=CC=CC=C%11)=NN%10)=C5OCCCC%12=CC(C%13=CC=CC=C%13)=NN%12)=C1)(C)C
outer_cv,train,2,1,6,,,110,Group 9/107.log,Group 9,Group 9,107.log,CC(C1=CC2=C(OCCCCC3=CC(C4=CC=CC=C4)=NN3)C(SC5=CC(C(C)(C)C)=CC(SC6=CC(C(C)(C)C)=CC(SC7=CC(C(C)(C)C)=CC(S2)=C7OCCCCC8=CC(C9=CC=CC=C9)=NN8)=C6OCCCCC%10=CC(C%11=CC=CC=C%11)=NN%10)=C5OCCCCC%12=CC(C%13=CC=CC=C%13)=NN%12)=C1)(C)C
outer_cv,train,2,1,6,,,111,Group 9/108.log,Group 9,Group 9,108.log,CC(C1=CC2=C(OCCCCCN3C=CC=N3)C(SC4=CC(C(C)(C)C)=CC(SC5=CC(C(C)(C)C)=CC(SC6=CC(C(C)(C)C)=CC(S2)=C6OCCCCCN7C=CC=N7)=C5OCCCCCN8N=CC=C8)=C4OCCCCCN9N=CC=C9)=C1)(C)C
outer_cv,train,2,1,6,,,112,Group 9/109.log,Group 9,Group 9,109.log,CC(C)(C)C(C=C1)=CC=C1OCC2=N3N([H][N]4C(COC5=CC=C(C(C)(C)C)C=C5)=CC(C6=CC=CC=C6)=[N]4[H]N(N([H][N]7[N]([H]3)=C(C8=CC=CC=C8)C=C7COC9=CC=C(C(C)(C)C)C=C9)C(C%10=CC=CC=C%10)=C%11)=C%11COC%12=CC=C(C(C)(C)C)C=C%12)C(C%13=CC=CC=C%13)=C2
outer_cv,train,2,1,6,,,113,Group 9/110.log,Group 9,Group 9,110.log,CC(C)(C)C(C=C1)=CC=C1OCC2=CC(C3=CC=CC=C3)=N([H]N([N]([H][N]4N5=C(C6=CC=CC=C6)C=C4COC7=CC=C(C(C)(C)C)C=C7)C(COC8=CC=C(C(C)(C)C)C=C8)=C9)=C9C%10=CC=CC=C%10)[N]2[H][N]%11N([H]5)=C(C%12=CC=CC=C%12)C=C%11COC%13=CC=C(C(C)(C)C)C=C%13
outer_cv,train,2,1,6,,,127,Group 11/124.log,Group 11,Group 11,124.log,CC(C1=CC2=C(OCC3=CN(CCOC(C(SC(C=C4C(C)(C)C)=C5O)=C6)=C(C=C6C(C)(C)C)SC7=C(O)C(SC(C=C(C=C8SC5=C4)C(C)(C)C)=C8O)=CC(C(C)(C)C)=C7)N=N3)C(SC9=CC(C(C)(C)C)=CC(SC%10=CC(C(C)(C)C)=CC(SC%11=CC(C(C)(C)C)=CC(S2)=C%11OCC%12=CN(CCOC%13=C(SC%14=C%15)C=C(C(C)(C)C)C=C%13SC%16=CC(C(C)(C)C)=CC(SC%17=CC(C(C)(C)C)=CC(SC(C=C%15C(C)(C)C)=C%14O)=C%17O)=C%16O)N=N%12)=C%10OCC%18=CN(CCOC%19=C(C=C(C=C%19SC%20=C%21)C(C)(C)C)SC%22=CC(C(C)(C)C)=CC(SC%23=C(O)C(SC(C=C%21C(C)(C)C)=C%20O)=CC(C(C)(C)C)=C%23)=C%22O)N=N%18)=C9OCC%24=CN(CCOC%25=C(SC(C=C%26C(C)(C)C)=C%27O)C=C(C(C)(C)C)C=C%25SC%28=C(O)C(SC%29=CC(C(C)(C)C)=CC(SC%27=C%26)=C%29O)=CC(C(C)(C)C)=C%28)N=N%24)=C1)(C)C
outer_cv,train,2,1,6,,,128,Group 11/125.log,Group 11,Group 11,125.log,CC(C1=CC2=C(OCC3=CN(CCCOC(C(SC(C=C4C(C)(C)C)=C5O)=C6)=C(C=C6C(C)(C)C)SC7=C(O)C(SC(C=C(C=C8SC5=C4)C(C)(C)C)=C8O)=CC(C(C)(C)C)=C7)N=N3)C(SC9=CC(C(C)(C)C)=CC(SC%10=CC(C(C)(C)C)=CC(SC%11=CC(C(C)(C)C)=CC(S2)=C%11OCC%12=CN(CCCOC%13=C(SC%14=C%15)C=C(C(C)(C)C)C=C%13SC%16=CC(C(C)(C)C)=CC(SC%17=CC(C(C)(C)C)=CC(SC(C=C%15C(C)(C)C)=C%14O)=C%17O)=C%16O)N=N%12)=C%10OCC%18=CN(CCCOC%19=C(C=C(C=C%19SC%20=C%21)C(C)(C)C)SC%22=CC(C(C)(C)C)=CC(SC%23=C(O)C(SC(C=C%21C(C)(C)C)=C%20O)=CC(C(C)(C)C)=C%23)=C%22O)N=N%18)=C9OCC%24=CN(CCCOC%25=C(SC(C=C%26C(C)(C)C)=C%27O)C=C(C(C)(C)C)C=C%25SC%28=C(O)C(SC%29=CC(C(C)(C)C)=CC(SC%27=C%26)=C%29O)=CC(C(C)(C)C)=C%28)N=N%24)=C1)(C)C
outer_cv,train,2,1,6,,,129,Group 11/126.log,Group 11,Group 11,126.log,CC(C1=CC(SC2=C(O)C(SC(C=C(C=C3SC4=C5)C(C)(C)C)=C3O)=CC(C(C)(C)C)=C2)=C(OCCN6N=NC(CCOC(C(SC7=CC(C(C)(C)C)=CC(SC8=CC(C(C)(C)C)=CC(S9)=C8OCCC%10=CN(CCOC%11=C(C=C(C=C%11SC%12=C%13)C(C)(C)C)SC%14=CC(C(C)(C)C)=CC(SC%15=C(O)C(SC(C=C%13C(C)(C)C)=C%12O)=CC(C(C)(C)C)=C%15)=C%14O)N=N%10)=C7OCCC%16=CN(CCOC%17=C(SC(C=C%18C(C)(C)C)=C%19O)C=C(C(C)(C)C)C=C%17SC%20=C(O)C(SC%21=CC(C(C)(C)C)=CC(SC%19=C%18)=C%21O)=CC(C(C)(C)C)=C%20)N=N%16)=CC(C(C)(C)C)=C%22)=C%22SC%23=C(C9=CC(C(C)(C)C)=C%23)OCCC%24=CN(CCOC%25=C(SC%26=C%27)C=C(C(C)(C)C)C=C%25SC%28=CC(C(C)(C)C)=CC(SC%29=CC(C(C)(C)C)=CC(SC(C=C%27C(C)(C)C)=C%26O)=C%29O)=C%28O)N=N%24)=C6)C(SC(C=C5C(C)(C)C)=C4O)=C1)(C)C
outer_cv,train,2,1,6,,,130,Group 11/127.log,Group 11,Group 11,127.log,OC1=C(SC2=C3)C=C(C(C)(C)C)C=C1SC4=CC(C(C)(C)C)=CC(SC5=CC(C(C)(C)C)=CC(SC(C=C3C(C)(C)C)=C2O)=C5OCCCN(N=N6)C=C6CCOC7=C(SC8=CC(C(C)(C)C)=CC(SC9=CC(C(C)(C)C)=CC(S%10)=C9OCCC%11=CN(CCCOC%12=C(SC%13=C%14)C=C(C(C)(C)C)C=C%12SC%15=CC(C(C)(C)C)=CC(SC%16=CC(C(C)(C)C)=CC(SC(C=C%14C(C)(C)C)=C%13O)=C%16O)=C%15O)N=N%11)=C8OCCC%17=CN(CCCOC%18=C(C=C(C=C%18SC%19=C%20)C(C)(C)C)SC%21=CC(C(C)(C)C)=CC(SC%22=C(O)C(SC(C=C%20C(C)(C)C)=C%19O)=CC(C(C)(C)C)=C%22)=C%21O)N=N%17)C=C(C(C)(C)C)C=C7SC%23=CC(C(C)(C)C)=CC%10=C%23OCCC%24=CN(CCCOC%25=C(C=C%26C(C)(C)C)SC%27=C(O)C(SC%28=C(O)C(SC%29=CC(C(C)(C)C)=CC(SC%25=C%26)=C%29O)=CC(C(C)(C)C)=C%28)=CC(C(C)(C)C)=C%27)N=N%24)=C4O
outer_cv,train,2,1,6,,,131,Group 11/128.log,Group 11,Group 11,128.log,CC(C1=CC2=C(OCCCC3=CN(CCOC4=C(C=C5C(C)(C)C)SC6=C(O)C(SC7=C(O)C(SC8=CC(C(C)(C)C)=CC(SC4=C5)=C8O)=CC(C(C)(C)C)=C7)=CC(C(C)(C)C)=C6)N=N3)C(SC9=CC(C(C)(C)C)=CC(SC%10=CC(C(C)(C)C)=CC(SC%11=CC(C(C)(C)C)=CC(S2)=C%11OCCCC%12=CN(CCOC%13=C(SC%14=C%15)C=C(C(C)(C)C)C=C%13SC%16=CC(C(C)(C)C)=CC(SC%17=CC(C(C)(C)C)=CC(SC(C=C%15C(C)(C)C)=C%14O)=C%17O)=C%16O)N=N%12)=C%10OCCCC%18=CN(CCOC%19=C(C=C(C=C%19SC%20=C%21)C(C)(C)C)SC%22=CC(C(C)(C)C)=CC(SC%23=C(O)C(SC(C=C%21C(C)(C)C)=C%20O)=CC(C(C)(C)C)=C%23)=C%22O)N=N%18)=C9OCCCC%24=CN(CCOC%25=C(SC(C=C%26C(C)(C)C)=C%27O)C=C(C(C)(C)C)C=C%25SC%28=C(O)C(SC%29=CC(C(C)(C)C)=CC(SC%27=C%26)=C%29O)=CC(C(C)(C)C)=C%28)N=N%24)=C1)(C)C
outer_cv,train,2,1,6,,,132,Group 11/129.log,Group 11,Group 11,129.log,CC(C1=CC2=C(OCCCC3=CN(CCCOC4=C(C=C5C(C)(C)C)SC6=C(O)C(SC7=C(O)C(SC8=CC(C(C)(C)C)=CC(SC4=C5)=C8O)=CC(C(C)(C)C)=C7)=CC(C(C)(C)C)=C6)N=N3)C(SC9=CC(C(C)(C)C)=CC(SC%10=CC(C(C)(C)C)=CC(SC%11=CC(C(C)(C)C)=CC(S2)=C%11OCCCC%12=CN(CCCOC%13=C(SC%14=C%15)C=C(C(C)(C)C)C=C%13SC%16=CC(C(C)(C)C)=CC(SC%17=CC(C(C)(C)C)=CC(SC(C=C%15C(C)(C)C)=C%14O)=C%17O)=C%16O)N=N%12)=C%10OCCCC%18=CN(CCCOC%19=C(C=C(C=C%19SC%20=C%21)C(C)(C)C)SC%22=CC(C(C)(C)C)=CC(SC%23=C(O)C(SC(C=C%21C(C)(C)C)=C%20O)=CC(C(C)(C)C)=C%23)=C%22O)N=N%18)=C9OCCCC%24=CN(CCCOC%25=C(SC(C=C%26C(C)(C)C)=C%27O)C=C(C(C)(C)C)C=C%25SC%28=C(O)C(SC%29=CC(C(C)(C)C)=CC(SC%27=C%26)=C%29O)=CC(C(C)(C)C)=C%28)N=N%24)=C1)(C)C
outer_cv,train,2,1,6,,,133,Group 11/130.log,Group 11,Group 11,130.log,CC(C1=CC2=C(OCCCCC3=CN(CCOC(C(SC(C=C4C(C)(C)C)=C5O)=C6)=C(C=C6C(C)(C)C)SC7=C(O)C(SC(C=C(C=C8SC5=C4)C(C)(C)C)=C8O)=CC(C(C)(C)C)=C7)N=N3)C(SC9=CC(C(C)(C)C)=CC(SC%10=CC(C(C)(C)C)=CC(SC%11=CC(C(C)(C)C)=CC(S2)=C%11OCCCCC%12=CN(CCOC%13=C(SC%14=C%15)C=C(C(C)(C)C)C=C%13SC%16=CC(C(C)(C)C)=CC(SC%17=CC(C(C)(C)C)=CC(SC(C=C%15C(C)(C)C)=C%14O)=C%17O)=C%16O)N=N%12)=C%10OCCCCC%18=CN(CCOC%19=C(C=C(C=C%19SC%20=C%21)C(C)(C)C)SC%22=CC(C(C)(C)C)=CC(SC%23=C(O)C(SC(C=C%21C(C)(C)C)=C%20O)=CC(C(C)(C)C)=C%23)=C%22O)N=N%18)=C9OCCCCC%24=CN(CCOC%25=C(SC(C=C%26C(C)(C)C)=C%27O)C=C(C(C)(C)C)C=C%25SC%28=C(O)C(SC%29=CC(C(C)(C)C)=CC(SC%27=C%26)=C%29O)=CC(C(C)(C)C)=C%28)N=N%24)=C1)(C)C
outer_cv,train,2,1,6,,,134,Group 11/131.log,Group 11,Group 11,131.log,CC(C1=CC2=C(OCCCCC3=CN(CCCOC(C(SC(C=C4C(C)(C)C)=C5O)=C6)=C(C=C6C(C)(C)C)SC7=C(O)C(SC(C=C(C=C8SC5=C4)C(C)(C)C)=C8O)=CC(C(C)(C)C)=C7)N=N3)C(SC9=CC(C(C)(C)C)=CC(SC%10=CC(C(C)(C)C)=CC(SC%11=CC(C(C)(C)C)=CC(S2)=C%11OCCCCC%12=CN(CCCOC%13=C(SC%14=C%15)C=C(C(C)(C)C)C=C%13SC%16=CC(C(C)(C)C)=CC(SC%17=CC(C(C)(C)C)=CC(SC(C=C%15C(C)(C)C)=C%14O)=C%17O)=C%16O)N=N%12)=C%10OCCCCC%18=CN(CCCOC%19=C(C=C(C=C%19SC%20=C%21)C(C)(C)C)SC%22=CC(C(C)(C)C)=CC(SC%23=C(O)C(SC(C=C%21C(C)(C)C)=C%20O)=CC(C(C)(C)C)=C%23)=C%22O)N=N%18)=C9OCCCCC%24=CN(CCCOC%25=C(SC(C=C%26C(C)(C)C)=C%27O)C=C(C(C)(C)C)C=C%25SC%28=C(O)C(SC%29=CC(C(C)(C)C)=CC(SC%27=C%26)=C%29O)=CC(C(C)(C)C)=C%28)N=N%24)=C1)(C)C
outer_cv,train,2,1,6,,,135,Group 11/132.log,Group 11,Group 11,132.log,CC(C1=CC(SC2=C(O)C(SC(C=C(C=C3SC4=C5)C(C)(C)C)=C3O)=CC(C(C)(C)C)=C2)=C(OCC6=CN(N=N6)CCOC(C(SC7=CC(C(C)(C)C)=CC(SC8=CC(C(C)(C)C)=CC(S9)=C8OCCN%10C=C(COC%11=C(C=C(C=C%11SC%12=C%13)C(C)(C)C)SC%14=CC(C(C)(C)C)=CC(SC%15=C(O)C(SC(C=C%13C(C)(C)C)=C%12O)=CC(C(C)(C)C)=C%15)=C%14O)N=N%10)=C7OCCN%16C=C(COC%17=C(SC(C=C%18C(C)(C)C)=C%19O)C=C(C(C)(C)C)C=C%17SC%20=C(O)C(SC%21=CC(C(C)(C)C)=CC(SC%19=C%18)=C%21O)=CC(C(C)(C)C)=C%20)N=N%16)=CC(C(C)(C)C)=C%22)=C%22SC%23=C(C9=CC(C(C)(C)C)=C%23)OCCN%24N=NC(COC%25=C(SC%26=C%27)C=C(C(C)(C)C)C=C%25SC%28=CC(C(C)(C)C)=CC(SC%29=CC(C(C)(C)C)=CC(SC(C=C%27C(C)(C)C)=C%26O)=C%29O)=C%28O)=C%24)C(SC(C=C5C(C)(C)C)=C4O)=C1)(C)C
outer_cv,train,2,1,6,,,136,Group 11/133.log,Group 11,Group 11,133.log,CC(C1=CC(SC2=C(O)C(SC(C=C(C=C3SC4=C5)C(C)(C)C)=C3O)=CC(C(C)(C)C)=C2)=C(OCCC6=CN(N=N6)CCOC(C(SC7=CC(C(C)(C)C)=CC(SC8=CC(C(C)(C)C)=CC(S9)=C8OCCN%10C=C(CCOC%11=C(C=C(C=C%11SC%12=C%13)C(C)(C)C)SC%14=CC(C(C)(C)C)=CC(SC%15=C(O)C(SC(C=C%13C(C)(C)C)=C%12O)=CC(C(C)(C)C)=C%15)=C%14O)N=N%10)=C7OCCN%16C=C(CCOC%17=C(SC(C=C%18C(C)(C)C)=C%19O)C=C(C(C)(C)C)C=C%17SC%20=C(O)C(SC%21=CC(C(C)(C)C)=CC(SC%19=C%18)=C%21O)=CC(C(C)(C)C)=C%20)N=N%16)=CC(C(C)(C)C)=C%22)=C%22SC%23=C(C9=CC(C(C)(C)C)=C%23)OCCN%24N=NC(CCOC%25=C(SC%26=C%27)C=C(C(C)(C)C)C=C%25SC%28=CC(C(C)(C)C)=CC(SC%29=CC(C(C)(C)C)=CC(SC(C=C%27C(C)(C)C)=C%26O)=C%29O)=C%28O)=C%24)C(SC(C=C5C(C)(C)C)=C4O)=C1)(C)C
outer_cv,train,2,1,6,,,137,Group 11/134.log,Group 11,Group 11,134.log,OC1=C(SC2=C3)C=C(C(C)(C)C)C=C1SC4=CC(C(C)(C)C)=CC(SC5=CC(C(C)(C)C)=CC(SC(C=C3C(C)(C)C)=C2O)=C5OCCCC(N=N6)=CN6CCOC7=C(SC8=CC(C(C)(C)C)=CC(SC9=CC(C(C)(C)C)=CC(S%10)=C9OCCN%11N=NC(CCCOC%12=C(SC%13=C%14)C=C(C(C)(C)C)C=C%12SC%15=CC(C(C)(C)C)=CC(SC%16=CC(C(C)(C)C)=CC(SC(C=C%14C(C)(C)C)=C%13O)=C%16O)=C%15O)=C%11)=C8OCCN%17C=C(CCCOC%18=C(C=C(C=C%18SC%19=C%20)C(C)(C)C)SC%21=CC(C(C)(C)C)=CC(SC%22=C(O)C(SC(C=C%20C(C)(C)C)=C%19O)=CC(C(C)(C)C)=C%22)=C%21O)N=N%17)C=C(C(C)(C)C)C=C7SC%23=CC(C(C)(C)C)=CC%10=C%23OCCN%24N=NC(CCCOC%25=C(C=C%26C(C)(C)C)SC%27=C(O)C(SC%28=C(O)C(SC%29=CC(C(C)(C)C)=CC(SC%25=C%26)=C%29O)=CC(C(C)(C)C)=C%28)=CC(C(C)(C)C)=C%27)=C%24)=C4O
outer_cv,train,2,1,6,,,138,Group 11/135.log,Group 11,Group 11,135.log,OC1=C(SC2=C3)C=C(C(C)(C)C)C=C1SC4=CC(C(C)(C)C)=CC(SC5=CC(C(C)(C)C)=CC(SC(C=C3C(C)(C)C)=C2O)=C5OCCCCC(N=N6)=CN6CCOC7=C(SC8=CC(C(C)(C)C)=CC(SC9=CC(C(C)(C)C)=CC(S%10)=C9OCCN%11N=NC(CCCCOC%12=C(SC%13=C%14)C=C(C(C)(C)C)C=C%12SC%15=CC(C(C)(C)C)=CC(SC%16=CC(C(C)(C)C)=CC(SC(C=C%14C(C)(C)C)=C%13O)=C%16O)=C%15O)=C%11)=C8OCCN%17C=C(CCCCOC%18=C(C=C(C=C%18SC%19=C%20)C(C)(C)C)SC%21=CC(C(C)(C)C)=CC(SC%22=C(O)C(SC(C=C%20C(C)(C)C)=C%19O)=CC(C(C)(C)C)=C%22)=C%21O)N=N%17)C=C(C(C)(C)C)C=C7SC%23=CC(C(C)(C)C)=CC%10=C%23OCCN%24N=NC(CCCCOC%25=C(C=C%26C(C)(C)C)SC%27=C(O)C(SC%28=C(O)C(SC%29=CC(C(C)(C)C)=CC(SC%25=C%26)=C%29O)=CC(C(C)(C)C)=C%28)=CC(C(C)(C)C)=C%27)=C%24)=C4O
outer_cv,train,2,1,6,,,139,Group 11/136.log,Group 11,Group 11,136.log,CC(C1=CC2=C(OCCCN3C=C(COC4=C(C=C5C(C)(C)C)SC6=C(O)C(SC7=C(O)C(SC8=CC(C(C)(C)C)=CC(SC4=C5)=C8O)=CC(C(C)(C)C)=C7)=CC(C(C)(C)C)=C6)N=N3)C(SC9=CC(C(C)(C)C)=CC(SC%10=CC(C(C)(C)C)=CC(SC%11=CC(C(C)(C)C)=CC(S2)=C%11OCCCN%12C=C(COC%13=C(SC%14=C%15)C=C(C(C)(C)C)C=C%13SC%16=CC(C(C)(C)C)=CC(SC%17=CC(C(C)(C)C)=CC(SC(C=C%15C(C)(C)C)=C%14O)=C%17O)=C%16O)N=N%12)=C%10OCCCN%18N=NC(COC%19=C(C=C(C=C%19SC%20=C%21)C(C)(C)C)SC%22=CC(C(C)(C)C)=CC(SC%23=C(O)C(SC(C=C%21C(C)(C)C)=C%20O)=CC(C(C)(C)C)=C%23)=C%22O)=C%18)=C9OCCCN%24N=NC(COC%25=C(SC(C=C%26C(C)(C)C)=C%27O)C=C(C(C)(C)C)C=C%25SC%28=C(O)C(SC%29=CC(C(C)(C)C)=CC(SC%27=C%26)=C%29O)=CC(C(C)(C)C)=C%28)=C%24)=C1)(C)C
outer_cv,train,2,1,6,,,140,Group 11/137.log,Group 11,Group 11,137.log,CC(C1=CC2=C(OCCCN3C=C(CCOC4=C(C=C5C(C)(C)C)SC6=C(O)C(SC7=C(O)C(SC8=CC(C(C)(C)C)=CC(SC4=C5)=C8O)=CC(C(C)(C)C)=C7)=CC(C(C)(C)C)=C6)N=N3)C(SC9=CC(C(C)(C)C)=CC(SC%10=CC(C(C)(C)C)=CC(SC%11=CC(C(C)(C)C)=CC(S2)=C%11OCCCN%12C=C(CCOC%13=C(SC%14=C%15)C=C(C(C)(C)C)C=C%13SC%16=CC(C(C)(C)C)=CC(SC%17=CC(C(C)(C)C)=CC(SC(C=C%15C(C)(C)C)=C%14O)=C%17O)=C%16O)N=N%12)=C%10OCCCN%18N=NC(CCOC%19=C(C=C(C=C%19SC%20=C%21)C(C)(C)C)SC%22=CC(C(C)(C)C)=CC(SC%23=C(O)C(SC(C=C%21C(C)(C)C)=C%20O)=CC(C(C)(C)C)=C%23)=C%22O)=C%18)=C9OCCCN%24N=NC(CCOC%25=C(SC(C=C%26C(C)(C)C)=C%27O)C=C(C(C)(C)C)C=C%25SC%28=C(O)C(SC%29=CC(C(C)(C)C)=CC(SC%27=C%26)=C%29O)=CC(C(C)(C)C)=C%28)=C%24)=C1)(C)C
outer_cv,train,2,1,6,,,141,Group 11/138.log,Group 11,Group 11,138.log,CC(C1=CC2=C(OCCCN3C=C(CCCOC4=C(C=C5C(C)(C)C)SC6=C(O)C(SC7=C(O)C(SC8=CC(C(C)(C)C)=CC(SC4=C5)=C8O)=CC(C(C)(C)C)=C7)=CC(C(C)(C)C)=C6)N=N3)C(SC9=CC(C(C)(C)C)=CC(SC%10=CC(C(C)(C)C)=CC(SC%11=CC(C(C)(C)C)=CC(S2)=C%11OCCCN%12C=C(CCCOC%13=C(SC%14=C%15)C=C(C(C)(C)C)C=C%13SC%16=CC(C(C)(C)C)=CC(SC%17=CC(C(C)(C)C)=CC(SC(C=C%15C(C)(C)C)=C%14O)=C%17O)=C%16O)N=N%12)=C%10OCCCN%18N=NC(CCCOC%19=C(C=C(C=C%19SC%20=C%21)C(C)(C)C)SC%22=CC(C(C)(C)C)=CC(SC%23=C(O)C(SC(C=C%21C(C)(C)C)=C%20O)=CC(C(C)(C)C)=C%23)=C%22O)=C%18)=C9OCCCN%24N=NC(CCCOC%25=C(SC(C=C%26C(C)(C)C)=C%27O)C=C(C(C)(C)C)C=C%25SC%28=C(O)C(SC%29=CC(C(C)(C)C)=CC(SC%27=C%26)=C%29O)=CC(C(C)(C)C)=C%28)=C%24)=C1)(C)C
outer_cv,train,2,1,6,,,142,Group 11/139.log,Group 11,Group 11,139.log,CC(C1=CC2=C(OCCCN3C=C(CCCCOC4=C(C=C5C(C)(C)C)SC6=C(O)C(SC7=C(O)C(SC8=CC(C(C)(C)C)=CC(SC4=C5)=C8O)=CC(C(C)(C)C)=C7)=CC(C(C)(C)C)=C6)N=N3)C(SC9=CC(C(C)(C)C)=CC(SC%10=CC(C(C)(C)C)=CC(SC%11=CC(C(C)(C)C)=CC(S2)=C%11OCCCN%12C=C(CCCCOC%13=C(SC%14=C%15)C=C(C(C)(C)C)C=C%13SC%16=CC(C(C)(C)C)=CC(SC%17=CC(C(C)(C)C)=CC(SC(C=C%15C(C)(C)C)=C%14O)=C%17O)=C%16O)N=N%12)=C%10OCCCN%18N=NC(CCCCOC%19=C(C=C(C=C%19SC%20=C%21)C(C)(C)C)SC%22=CC(C(C)(C)C)=CC(SC%23=C(O)C(SC(C=C%21C(C)(C)C)=C%20O)=CC(C(C)(C)C)=C%23)=C%22O)=C%18)=C9OCCCN%24N=NC(CCCCOC%25=C(S)C=C(C(C)(C)C)C=C%25SC%26=C(O)C(SC%27=CC(C(C)(C)C)=CC(SC%28=CC(C(C)(C)C)=CC=C%28O)=C%27O)=CC(C(C)(C)C)=C%26)=C%24)=C1)(C)C
outer_cv,train,2,1,6,,,143,Group 11/140.log,Group 11,Group 11,140.log,CC(C1=CC2=C(OCCCCN3N=NC(COC(C(SC(C=C4C(C)(C)C)=C5O)=C6)=C(C=C6C(C)(C)C)SC7=C(O)C(SC(C=C(C=C8SC5=C4)C(C)(C)C)=C8O)=CC(C(C)(C)C)=C7)=C3)C(SC9=CC(C(C)(C)C)=CC(SC%10=CC(C(C)(C)C)=CC(SC%11=CC(C(C)(C)C)=CC(S2)=C%11OCCCCN%12N=NC(COC%13=C(SC%14=C%15)C=C(C(C)(C)C)C=C%13SC%16=CC(C(C)(C)C)=CC(SC%17=CC(C(C)(C)C)=CC(SC(C=C%15C(C)(C)C)=C%14O)=C%17O)=C%16O)=C%12)=C%10OCCCCN%18C=C(COC%19=C(C=C(C=C%19SC%20=C%21)C(C)(C)C)SC%22=CC(C(C)(C)C)=CC(SC%23=C(O)C(SC(C=C%21C(C)(C)C)=C%20O)=CC(C(C)(C)C)=C%23)=C%22O)N=N%18)=C9OCCCCN%24C=C(COC%25=C(SC(C=C%26C(C)(C)C)=C%27O)C=C(C(C)(C)C)C=C%25SC%28=C(O)C(SC%29=CC(C(C)(C)C)=CC(SC%27=C%26)=C%29O)=CC(C(C)(C)C)=C%28)N=N%24)=C1)(C)C
outer_cv,train,2,1,6,,,144,Group 11/141.log,Group 11,Group 11,141.log,CC(C1=CC2=C(OCCCCN3N=NC(CCOC(C(SC(C=C4C(C)(C)C)=C5O)=C6)=C(C=C6C(C)(C)C)SC7=C(O)C(SC(C=C(C=C8SC5=C4)C(C)(C)C)=C8O)=CC(C(C)(C)C)=C7)=C3)C(SC9=CC(C(C)(C)C)=CC(SC%10=CC(C(C)(C)C)=CC(SC%11=CC(C(C)(C)C)=CC(S2)=C%11OCCCCN%12N=NC(CCOC%13=C(SC%14=C%15)C=C(C(C)(C)C)C=C%13SC%16=CC(C(C)(C)C)=CC(SC%17=CC(C(C)(C)C)=CC(SC(C=C%15C(C)(C)C)=C%14O)=C%17O)=C%16O)=C%12)=C%10OCCCCN%18C=C(CCOC%19=C(C=C(C=C%19SC%20=C%21)C(C)(C)C)SC%22=CC(C(C)(C)C)=CC(SC%23=C(O)C(SC(C=C%21C(C)(C)C)=C%20O)=CC(C(C)(C)C)=C%23)=C%22O)N=N%18)=C9OCCCCN%24C=C(CCOC%25=C(SC(C=C%26C(C)(C)C)=C%27O)C=C(C(C)(C)C)C=C%25SC%28=C(O)C(SC%29=CC(C(C)(C)C)=CC(SC%27=C%26)=C%29O)=CC(C(C)(C)C)=C%28)N=N%24)=C1)(C)C
outer_cv,train,2,1,6,,,145,Group 11/142.log,Group 11,Group 11,142.log,CC(C1=CC2=C(OCCCCN3N=NC(CCCOC(C(SC(C=C4C(C)(C)C)=C5O)=C6)=C(C=C6C(C)(C)C)SC7=C(O)C(SC(C=C(C=C8SC5=C4)C(C)(C)C)=C8O)=CC(C(C)(C)C)=C7)=C3)C(SC9=CC(C(C)(C)C)=CC(SC%10=CC(C(C)(C)C)=CC(SC%11=CC(C(C)(C)C)=CC(S2)=C%11OCCCCN%12N=NC(CCCOC%13=C(SC%14=C%15)C=C(C(C)(C)C)C=C%13SC%16=CC(C(C)(C)C)=CC(SC%17=CC(C(C)(C)C)=CC(SC(C=C%15C(C)(C)C)=C%14O)=C%17O)=C%16O)=C%12)=C%10OCCCCN%18C=C(CCCOC%19=C(C=C(C=C%19SC%20=C%21)C(C)(C)C)SC%22=CC(C(C)(C)C)=CC(SC%23=C(O)C(SC(C=C%21C(C)(C)C)=C%20O)=CC(C(C)(C)C)=C%23)=C%22O)N=N%18)=C9OCCCCN%24C=C(CCCOC%25=C(SC(C=C%26C(C)(C)C)=C%27O)C=C(C(C)(C)C)C=C%25SC%28=C(O)C(SC%29=CC(C(C)(C)C)=CC(SC%27=C%26)=C%29O)=CC(C(C)(C)C)=C%28)N=N%24)=C1)(C)C
outer_cv,train,2,1,6,,,146,Group 11/143.log,Group 11,Group 11,143.log,CC(C1=CC2=C(OCCCCN3N=NC(CCCCOC(C(SC(C=C4C(C)(C)C)=C5O)=C6)=C(C=C6C(C)(C)C)SC7=C(O)C(SC(C=C(C=C8SC5=C4)C(C)(C)C)=C8O)=CC(C(C)(C)C)=C7)=C3)C(SC9=CC(C(C)(C)C)=CC(SC%10=CC(C(C)(C)C)=CC(SC%11=CC(C(C)(C)C)=CC(S2)=C%11OCCCCN%12N=NC(CCCCOC%13=C(SC%14=C%15)C=C(C(C)(C)C)C=C%13SC%16=CC(C(C)(C)C)=CC(SC%17=CC(C(C)(C)C)=CC(SC(C=C%15C(C)(C)C)=C%14O)=C%17O)=C%16O)=C%12)=C%10OCCCCN%18C=C(CCCCOC%19=C(C=C(C=C%19SC%20=C%21)C(C)(C)C)SC%22=CC(C(C)(C)C)=CC(SC%23=C(O)C(SC(C=C%21C(C)(C)C)=C%20O)=CC(C(C)(C)C)=C%23)=C%22O)N=N%18)=C9OCCCCN%24C=C(CCCCOC%25=C(SC(C=C%26C(C)(C)C)=C%27O)C=C(C(C)(C)C)C=C%25SC%28=C(O)C(SC%29=CC(C(C)(C)C)=CC(SC%27=C%26)=C%29O)=CC(C(C)(C)C)=C%28)N=N%24)=C1)(C)C
outer_cv,train,2,1,6,,,147,Group 11/144.log,Group 11,Group 11,144.log,CC(C1=CC2=C(OCCCCCN3N=NC(COC(C(SC(C=C4C(C)(C)C)=C5O)=C6)=C(C=C6C(C)(C)C)SC7=C(O)C(SC(C=C(C=C8SC5=C4)C(C)(C)C)=C8O)=CC(C(C)(C)C)=C7)=C3)C(SC9=CC(C(C)(C)C)=CC(SC%10=CC(C(C)(C)C)=CC(SC%11=CC(C(C)(C)C)=CC(S2)=C%11OCCCCCN%12N=NC(COC%13=C(SC%14=C%15)C=C(C(C)(C)C)C=C%13SC%16=CC(C(C)(C)C)=CC(SC%17=CC(C(C)(C)C)=CC(SC(C=C%15C(C)(C)C)=C%14O)=C%17O)=C%16O)=C%12)=C%10OCCCCCN%18C=C(COC%19=C(C=C(C=C%19SC%20=C%21)C(C)(C)C)SC%22=CC(C(C)(C)C)=CC(SC%23=C(O)C(SC(C=C%21C(C)(C)C)=C%20O)=CC(C(C)(C)C)=C%23)=C%22O)N=N%18)=C9OCCCCCN%24C=C(COC%25=C(SC(C=C%26C(C)(C)C)=C%27O)C=C(C(C)(C)C)C=C%25SC%28=C(O)C(SC%29=CC(C(C)(C)C)=CC(SC%27=C%26)=C%29O)=CC(C(C)(C)C)=C%28)N=N%24)=C1)(C)C
outer_cv,train,2,1,6,,,148,Group 11/145.log,Group 11,Group 11,145.log,CC(C1=CC2=C(OCCCCCN3N=NC(CCOC4=C(C=C5C(C)(C)C)SC6=C(O)C(SC7=C(O)C(SC8=CC(C(C)(C)C)=CC(SC4=C5)=C8O)=CC(C(C)(C)C)=C7)=CC(C(C)(C)C)=C6)=C3)C(SC9=CC(C(C)(C)C)=CC(SC%10=CC(C(C)(C)C)=CC(SC%11=CC(C(C)(C)C)=CC(S2)=C%11OCCCCCN%12N=NC(CCOC%13=C(SC%14=C%15)C=C(C(C)(C)C)C=C%13SC%16=CC(C(C)(C)C)=CC(SC%17=CC(C(C)(C)C)=CC(SC(C=C%15C(C)(C)C)=C%14O)=C%17O)=C%16O)=C%12)=C%10OCCCCCN%18C=C(CCOC%19=C(C=C(C=C%19SC%20=C%21)C(C)(C)C)SC%22=CC(C(C)(C)C)=CC(SC%23=C(O)C(SC(C=C%21C(C)(C)C)=C%20O)=CC(C(C)(C)C)=C%23)=C%22O)N=N%18)=C9OCCCCCN%24C=C(CCOC%25=C(SC(C=C%26C(C)(C)C)=C%27O)C=C(C(C)(C)C)C=C%25SC%28=C(O)C(SC%29=CC(C(C)(C)C)=CC(SC%27=C%26)=C%29O)=CC(C(C)(C)C)=C%28)N=N%24)=C1)(C)C
outer_cv,train,2,1,6,,,149,Group 11/146.log,Group 11,Group 11,146.log,CC(C1=CC2=C(OCCCCCN3N=NC(CCCOC4=C(C=C5C(C)(C)C)SC6=C(O)C(SC7=C(O)C(SC8=CC(C(C)(C)C)=CC(SC4=C5)=C8O)=CC(C(C)(C)C)=C7)=CC(C(C)(C)C)=C6)=C3)C(SC9=CC(C(C)(C)C)=CC(SC%10=CC(C(C)(C)C)=CC(SC%11=CC(C(C)(C)C)=CC(S2)=C%11OCCCCCN%12N=NC(CCCOC%13=C(SC%14=C%15)C=C(C(C)(C)C)C=C%13SC%16=CC(C(C)(C)C)=CC(SC%17=CC(C(C)(C)C)=CC(SC(C=C%15C(C)(C)C)=C%14O)=C%17O)=C%16O)=C%12)=C%10OCCCCCN%18C=C(CCCOC%19=C(C=C(C=C%19SC%20=C%21)C(C)(C)C)SC%22=CC(C(C)(C)C)=CC(SC%23=C(O)C(SC(C=C%21C(C)(C)C)=C%20O)=CC(C(C)(C)C)=C%23)=C%22O)N=N%18)=C9OCCCCCN%24C=C(CCCOC%25=C(SC(C=C%26C(C)(C)C)=C%27O)C=C(C(C)(C)C)C=C%25SC%28=C(O)C(SC%29=CC(C(C)(C)C)=CC(SC%27=C%26)=C%29O)=CC(C(C)(C)C)=C%28)N=N%24)=C1)(C)C
outer_cv,train,2,1,6,,,150,Group 11/147.log,Group 11,Group 11,147.log,OC1=C(SC2=C3)C=C(C(C)(C)C)C=C1SC4=CC(C(C)(C)C)=CC(SC5=CC(C(C)(C)C)=CC(SC(C=C3C(C)(C)C)=C2O)=C5OCCCCC(N=N6)=CN6CCCCCOC7=C(SC8=CC(C(C)(C)C)=CC(SC9=CC(C(C)(C)C)=CC(S%10)=C9OCCCCCN%11N=NC(CCCCOC%12=C(SC%13=C%14)C=C(C(C)(C)C)C=C%12SC%15=CC(C(C)(C)C)=CC(SC%16=CC(C(C)(C)C)=CC(SC(C=C%14C(C)(C)C)=C%13O)=C%16O)=C%15O)=C%11)=C8OCCCCCN%17C=C(CCCCOC%18=C(C=C(C=C%18SC%19=C%20)C(C)(C)C)SC%21=CC(C(C)(C)C)=CC(SC%22=C(O)C(SC(C=C%20C(C)(C)C)=C%19O)=CC(C(C)(C)C)=C%22)=C%21O)N=N%17)C=C(C(C)(C)C)C=C7SC%23=CC(C(C)(C)C)=CC%10=C%23OCCCCCN%24N=NC(CCCCOC%25=C(C=C%26C(C)(C)C)SC%27=C(O)C(SC%28=C(O)C(SC%29=CC(C(C)(C)C)=CC(SC%25=C%26)=C%29O)=CC(C(C)(C)C)=C%28)=CC(C(C)(C)C)=C%27)=C%24)=C4O
outer_cv,train,2,1,6,,,151,Group 12/148.log,Group 12,Group 12,148.log,OCC(N=N1)=CN1C2=CC(C3=NC=CC=C3)=NC(C4=CC=CC=N4)=C2
outer_cv,train,2,1,6,,,152,Group 12/149.log,Group 12,Group 12,149.log,CCCCCCC(N=N1)=CN1C2=CC(C3=NC=CC=C3)=NC(C4=CC=CC=N4)=C2
outer_cv,train,2,1,6,,,153,Group 12/150.log,Group 12,Group 12,150.log,OC1=C(SC2=C(C(SC3=C(O)C(SC4=CC(C(C)(C)C)=CC(SC1=C5)=C4OCCC6=CN(C7=CC(C8=NC=CC=C8)=NC(C9=CC=CC=N9)=C7)N=N6)=CC(C(C)(C)C)=C3)=CC(C(C)(C)C)=C2)OCCC%10=CN(C%11=CC(C%12=NC=CC=C%12)=NC(C%13=CC=CC=N%13)=C%11)N=N%10)C=C5C(C)(C)C
outer_cv,train,2,1,6,,,154,Group 12/151.log,Group 12,Group 12,151.log,OC1=C(SC2=C(C(SC3=C(O)C(SC4=CC(C(C)(C)C)=CC(SC1=C5)=C4OCCCC6=CN(C7=CC(C8=NC=CC=C8)=NC(C9=CC=CC=N9)=C7)N=N6)=CC(C(C)(C)C)=C3)=CC(C(C)(C)C)=C2)OCCCC%10=CN(C%11=CC(C%12=NC=CC=C%12)=NC(C%13=CC=CC=N%13)=C%11)N=N%10)C=C5C(C)(C)C
outer_cv,train,2,1,6,,,155,Group 12/152.log,Group 12,Group 12,152.log,OC1=C(SC2=C(C(SC3=C(O)C(SC4=CC(C(C)(C)C)=CC(SC1=C5)=C4OCCCCC6=CN(C7=CC(C8=NC=CC=C8)=NC(C9=CC=CC=N9)=C7)N=N6)=CC(C(C)(C)C)=C3)=CC(C(C)(C)C)=C2)OCCCCC%10=CN(C%11=CC(C%12=NC=CC=C%12)=NC(C%13=CC=CC=N%13)=C%11)N=N%10)C=C5C(C)(C)C
outer_cv,train,2,1,6,,,156,Group 12/153.log,Group 12,Group 12,153.log,CC(C1=CC2=C(OCCC3=CN(C4=CC(C5=NC=CC=C5)=NC(C6=CC=CC=N6)=C4)N=N3)C(SC7=CC(C(C)(C)C)=CC(SC8=CC(C(C)(C)C)=CC(SC9=CC(C(C)(C)C)=CC(S2)=C9OCCC%10=CN(C%11=CC(C%12=NC=CC=C%12)=NC(C%13=CC=CC=N%13)=C%11)N=N%10)=C8OCCC%14=CN(C%15=CC(C%16=NC=CC=C%16)=NC(C%17=CC=CC=N%17)=C%15)N=N%14)=C7OCCC%18=CN(C%19=CC(C%20=NC=CC=C%20)=NC(C%21=CC=CC=N%21)=C%19)N=N%18)=C1)(C)C
outer_cv,train,2,1,6,,,157,Group 12/154.log,Group 12,Group 12,154.log,CC(C1=CC2=C(OCCCCCCCCCCCC)C(SC3=CC(C(C)(C)C)=CC(SC4=CC(C(C)(C)C)=CC(SC5=CC(C(C)(C)C)=CC(S2)=C5OCCC6=CN(C7=CC(C8=NC=CC=C8)=NC(C9=CC=CC=N9)=C7)N=N6)=C4OCCCCCCCCCCCC)=C3OCCC%10=CN(C%11=CC(C%12=NC=CC=C%12)=NC(C%13=CC=CC=N%13)=C%11)N=N%10)=C1)(C)C
outer_cv,train,2,1,6,,,158,Group 12/155.log,Group 12,Group 12,155.log,CC(C1=CC2=C(OCCCCCCCCCCCC)C(SC3=CC(C(C)(C)C)=CC(SC4=CC(C(C)(C)C)=CC(SC5=CC(C(C)(C)C)=CC(S2)=C5OCCCC6=CN(C7=CC(C8=NC=CC=C8)=NC(C9=CC=CC=N9)=C7)N=N6)=C4OCCCCCCCCCCCC)=C3OCCCC%10=CN(C%11=CC(C%12=NC=CC=C%12)=NC(C%13=CC=CC=N%13)=C%11)N=N%10)=C1)(C)C
outer_cv,train,2,1,6,,,159,Group 12/156.log,Group 12,Group 12,156.log,CC(C1=CC2=C(OCCCCCCCCCCCC)C(SC3=CC(C(C)(C)C)=CC(SC4=CC(C(C)(C)C)=CC(SC5=CC(C(C)(C)C)=CC(S2)=C5OCCCCC6=CN(C7=CC(C8=NC=CC=C8)=NC(C9=CC=CC=N9)=C7)N=N6)=C4OCCCCCCCCCCCC)=C3OCCCCC%10=CN(C%11=CC(C%12=NC=CC=C%12)=NC(C%13=CC=CC=N%13)=C%11)N=N%10)=C1)(C)C
outer_cv,train,2,1,6,,,160,Group 12/157.log,Group 12,Group 12,157.log,CC(C1=CC2=C(OCCCCC3=CN(C4=CC(C5=NC=CC=C5)=NC(C6=CC=CC=N6)=C4)N=N3)C(SC7=CC(C(C)(C)C)=CC(SC8=CC(C(C)(C)C)=CC(SC9=CC(C(C)(C)C)=CC(S2)=C9OCCCCC%10=CN(C%11=CC(C%12=NC=CC=C%12)=NC(C%13=CC=CC=N%13)=C%11)N=N%10)=C8OCCCCC%14=CN(C%15=CC(C%16=NC=CC=C%16)=NC(C%17=CC=CC=N%17)=C%15)N=N%14)=C7OCCCCC%18=CN(C%19=CC(C%20=NC=CC=C%20)=NC(C%21=CC=CC=N%21)=C%19)N=N%18)=C1)(C)C
outer_cv,train,2,1,6,,,161,Group 13/158.log,Group 13,Group 13,158.log,CC(C1=CC2=C(OCCOCCO)C(SC3=CC(C(C)(C)C)=CC(SC4=CC(C(C)(C)C)=CC(SC5=CC(C(C)(C)C)=CC(S2)=C5OCCOCCO)=C4OCCOCCO)=C3OCCOCCO)=C1)(C)C
outer_cv,train,2,1,6,,,162,Group 13/159.log,Group 13,Group 13,159.log,CC(C1=CC2=C(OCCOCCO)C(SC3=CC(C(C)(C)C)=CC(SC4=CC(C(C)(C)C)=CC(SC5=CC(C(C)(C)C)=CC(S2)=C5OCCBr)=C4OCCOCCO)=C3OCCBr)=C1)(C)C
outer_cv,train,2,1,6,,,163,Group 13/160.log,Group 13,Group 13,160.log,OC1=C2C=C(C(C)(C)C)C=C1SC3=C(OCCOCCOC4=C(S2)C=C5C(C)(C)C)C(SC6=CC(C(C)(C)C)=CC(SC4=C5)=C6O)=CC(C(C)(C)C)=C3
outer_cv,train,2,1,6,,,164,Group 13/161.log,Group 13,Group 13,161.log,OC1=C2C=C(C(C)(C)C)C=C1SC3=C(OCCOCCOCCOC4=C(S2)C=C5C(C)(C)C)C(SC6=CC(C(C)(C)C)=CC(SC4=C5)=C6O)=CC(C(C)(C)C)=C3
outer_cv,train,2,1,6,,,165,Group 13/162.log,Group 13,Group 13,162.log,OC1=C2C=C(C(C)(C)C)C=C1SC3=C(OCCOCCOCCOCCOC4=C(S2)C=C5C(C)(C)C)C(SC6=CC(C(C)(C)C)=CC(SC4=C5)=C6O)=CC(C(C)(C)C)=C3.C
outer_cv,train,2,1,6,,,166,Group 13/163.log,Group 13,Group 13,163.log,OC1=C2C=C(C(C)(C)C)C=C1SC3=C(OCCOCCOCCOCCOCCOC4=C(S2)C=C5C(C)(C)C)C(SC6=CC(C(C)(C)C)=CC(SC4=C5)=C6O)=CC(C(C)(C)C)=C3.C
outer_cv,train,2,1,6,,,167,Group 13/164.log,Group 13,Group 13,164.log,O=[N+](C1=CC(S2)=C3OCCOCCOCCOCCOC4=C5SC6=C(C2=CC([N+]([O-])=O)=C6)OCCOCCOCCOCCOC7=C(SC3=C1)C=C([N+]([O-])=O)C=C7SC4=CC([N+]([O-])=O)=C5)[O-]
outer_cv,train,2,1,6,,,168,Group 13/165.log,Group 13,Group 13,165.log,CC(C1=CC2=C(OCCOCCOC3=C(SC4=CC(C(C)(C)C)=CC(S2)=C4OCCBr)C=C(C(C)(C)C)C=C3S5)C(SC6=CC(C(C)(C)C)=CC5=C6OCCBr)=C1)(C)C
outer_cv,train,2,1,6,,,169,Group 13/166.log,Group 13,Group 13,166.log,CC(C1=CC2=C(OCCOCCOC3=C(SC4=CC(C(C)(C)C)=CC(S2)=C4OCCCBr)C=C(C(C)(C)C)C=C3S5)C(SC6=CC(C(C)(C)C)=CC5=C6OCCCBr)=C1)(C)C
outer_cv,train,2,1,6,,,170,Group 13/167.log,Group 13,Group 13,167.log,CC(C1=CC2=C(OCCOCCOCCOC3=C(SC4=CC(C(C)(C)C)=CC(S2)=C4OCCBr)C=C(C(C)(C)C)C=C3S5)C(SC6=CC(C(C)(C)C)=CC5=C6OCCBr)=C1)(C)C
outer_cv,train,2,1,6,,,171,Group 13/168.log,Group 13,Group 13,168.log,CC(C1=CC2=C(OCCOCCOCCOC3=C(SC4=CC(C(C)(C)C)=CC(S2)=C4OCCCBr)C=C(C(C)(C)C)C=C3S5)C(SC6=CC(C(C)(C)C)=CC5=C6OCCCBr)=C1)(C)C
outer_cv,train,2,1,6,,,172,Group 13/169.log,Group 13,Group 13,169.log,CC(C1=CC2=C(OCCOCCOCCOCCOC3=C(SC4=CC(C(C)(C)C)=CC(S2)=C4OCCCBr)C=C(C(C)(C)C)C=C3S5)C(SC6=CC(C(C)(C)C)=CC5=C6OCCCBr)=C1)(C)C
outer_cv,train,2,1,6,,,173,Group 13/170.log,Group 13,Group 13,170.log,CC(C1=CC2=C(OCCOCCOCCOCCOCCOC3=C(SC4=CC(C(C)(C)C)=CC(S2)=C4OCCBr)C=C(C(C)(C)C)C=C3S5)C(SC6=CC(C(C)(C)C)=CC5=C6OCCBr)=C1)(C)C
outer_cv,train,2,1,6,,,174,Group 13/171.log,Group 13,Group 13,171.log,CC(C1=CC2=C(OCCOCCOCCOCCOCCOC3=C(SC4=CC(C(C)(C)C)=CC(S2)=C4OCCCBr)C=C(C(C)(C)C)C=C3S5)C(SC6=CC(C(C)(C)C)=CC5=C6OCCCBr)=C1)(C)C
outer_cv,train,2,1,6,,,175,Group 13/172.log,Group 13,Group 13,172.log,CC(C1=CC2=C(OCCOCCOCCOCCOCCOCCOC3=C(SC4=CC(C(C)(C)C)=CC(S2)=C4OCCBr)C=C(C(C)(C)C)C=C3S5)C(SC6=CC(C(C)(C)C)=CC5=C6OCCBr)=C1)(C)C
outer_cv,train,2,1,6,,,176,Group 13/173.log,Group 13,Group 13,173.log,CC(C1=CC2=C(OCCOCCOCCOCCOCCOCCOC3=C(SC4=CC(C(C)(C)C)=CC(S2)=C4OCCCBr)C=C(C(C)(C)C)C=C3S5)C(SC6=CC(C(C)(C)C)=CC5=C6OCCCBr)=C1)(C)C
outer_cv,train,2,1,6,,,177,Group 13/174.log,Group 13,Group 13,174.log,CC(C)(C)C1=CC(SC(C=C2C(C)(C)C)=C3OCCOCCOCCOCCOCCOC(C(S4)=CC(C(C)(C)C)=C5)=C5SC6=C(C7=CC(C(C)(C)C)=C6)OCCCBr)=C(OCCCBr)C(SC8=C(OCCOCCOCCOCCOCCOC9=C(S7)C=C(C(C)(C)C)C=C9SC%10=C(OCCCBr)C4=CC(C(C)(C)C)=C%10)C(SC(C=C(C=C%11SC3=C2)C(C)(C)C)=C%11OCCCBr)=CC(C(C)(C)C)=C8)=C1
outer_cv,train,2,1,6,,,178,Group 13/175.log,Group 13,Group 13,175.log,CC(C1=CC2=C(OCCOCCOCCOC3=C(SC4=CC(C(C)(C)C)=CC(S2)=C4OCCCCCCCCCCCC)C=C(C(C)(C)C)C=C3S5)C(SC6=CC(C(C)(C)C)=CC5=C6OCCCCCCCCCCCC)=C1)(C)C
outer_cv,train,2,1,6,,,179,Group 13/176.log,Group 13,Group 13,176.log,CC(C1=CC2=C(OCCOCCOCCOCCOC3=C(SC4=CC(C(C)(C)C)=CC(S2)=C4OCCCCCCCCCCCC)C=C(C(C)(C)C)C=C3S5)C(SC6=CC(C(C)(C)C)=CC5=C6OCCCCCCCCCCCC)=C1)(C)C
outer_cv,train,2,1,6,,,180,Group 13/177.log,Group 13,Group 13,177.log,CC(C1=CC2=C(OCCOCCOCCOCCOCCOC3=C(SC4=CC(C(C)(C)C)=CC(S2)=C4OCCCCCCCCCCCC)C=C(C(C)(C)C)C=C3S5)C(SC6=CC(C(C)(C)C)=CC5=C6OCCCCCCCCCCCC)=C1)(C)C
outer_cv,train,2,1,6,,,181,Group 13/178.log,Group 13,Group 13,178.log,CC(C1=CC2=C(OCCOCCOCCOC3=C(SC4=CC(C(C)(C)C)=CC(S2)=C4OC)C=C(C(C)(C)C)C=C3S5)C(SC6=CC(C(C)(C)C)=CC5=C6OC)=C1)(C)C
outer_cv,train,2,1,6,,,182,Group 13/179.log,Group 13,Group 13,179.log,CC(C1=CC2=C(OCCOCCOCCOCCOC3=C(SC4=CC(C(C)(C)C)=CC(S2)=C4OC)C=C(C(C)(C)C)C=C3S5)C(SC6=CC(C(C)(C)C)=CC5=C6OC)=C1)(C)C
outer_cv,train,2,1,6,,,183,Group 13/180.log,Group 13,Group 13,180.log,CC(C1=CC2=C(OCCOCCOCCOCCOCCOC3=C(SC4=CC(C(C)(C)C)=CC(S2)=C4OC)C=C(C(C)(C)C)C=C3S5)C(SC6=CC(C(C)(C)C)=CC5=C6OC)=C1)(C)C
outer_cv,train,2,1,6,,,184,Group 14/181.log,Group 14,Group 14,181.log,CC(C)(C1=CC(CC2=C(C(CC(C=C(C=C3C4)C(C)(C)C)=C3OCC#CC(C5=CC=CC=C5)=O)=CC(C(C)(C)C)=C2)OCC#CC(C6=CC=CC=C6)=O)=C(OCC#CC(C7=CC=CC=C7)=O)C(CC8=CC(C(C)(C)C)=CC4=C8OCC#CC(C9=CC=CC=C9)=O)=C1)C
outer_cv,train,2,1,6,,,185,Group 14/182.log,Group 14,Group 14,182.log,CC(C)(C1=CC(CC2=C(C(CC(C=C(C=C3C4)C(C)(C)C)=C3OCC#CC(C5=CC=C(C)C=C5)=O)=CC(C(C)(C)C)=C2)OCC#CC(C6=CC=C(C)C=C6)=O)=C(OCC#CC(C7=CC=C(C)C=C7)=O)C(CC8=CC(C(C)(C)C)=CC4=C8OCC#CC(C9=CC=C(C)C=C9)=O)=C1)C
outer_cv,train,2,1,6,,,186,Group 14/183.log,Group 14,Group 14,183.log,CC(C)(C1=CC(CC2=C(C(CC(C=C(C=C3C4)C(C)(C)C)=C3OCC#CC(C5=CC=C(Cl)C=C5)=O)=CC(C(C)(C)C)=C2)OCC#CC(C6=CC=C(Cl)C=C6)=O)=C(OCC#CC(C7=CC=C(Cl)C=C7)=O)C(CC8=CC(C(C)(C)C)=CC4=C8OCC#CC(C9=CC=C(Cl)C=C9)=O)=C1)C
outer_cv,train,2,1,6,,,187,Group 14/184.log,Group 14,Group 14,184.log,CC(C)(C1=CC(CC2=C(C(CC(C=C(C=C3C4)C(C)(C)C)=C3OCC#CC(C5=CC=C(OC)C=C5)=O)=CC(C(C)(C)C)=C2)OCC#CC(C6=CC=C(OC)C=C6)=O)=C(OCC#CC(C7=CC=C(OC)C=C7)=O)C(CC8=CC(C(C)(C)C)=CC4=C8OCC#CC(C9=CC=C(OC)C=C9)=O)=C1)C
outer_cv,train,2,1,6,,,188,Group 14/185.log,Group 14,Group 14,185.log,CC(C1=CC2=C(OCC#CC(C3=CC=CC=C3)=O)C(CC4=CC(C(C)(C)C)=CC(CC5=CC(C(C)(C)C)=CC(CC6=CC(C(C)(C)C)=CC(C2)=C6OCC#CC(C7=CC=CC=C7)=O)=C5OCC#CC(C8=CC=CC=C8)=O)=C4OCC#CC(C9=CC=CC=C9)=O)=C1)(C)C
outer_cv,train,2,1,6,,,189,Group 14/186.log,Group 14,Group 14,186.log,CC(C1=CC2=C(OCC#CC(C3=CC=C(C)C=C3)=O)C(CC4=CC(C(C)(C)C)=CC(CC5=CC(C(C)(C)C)=CC(CC6=CC(C(C)(C)C)=CC(C2)=C6OCC#CC(C7=CC=C(C)C=C7)=O)=C5OCC#CC(C8=CC=C(C)C=C8)=O)=C4OCC#CC(C9=CC=C(C)C=C9)=O)=C1)(C)C
outer_cv,train,2,1,6,,,190,Group 14/187.log,Group 14,Group 14,187.log,CC(C)(C)C1=CC(CC2=C3)=C(OCC#CC(C4=CC=CC=C4)=O)C(CC5=CC(C(C)(C)C)=CC(CC6=CC(C(C)(C)C)=CC(CC(C=C3C(C)(C)C)=C2OCC#CC(C7=CC=CC=C7)=O)=C6OCC#CC(C8=CC=CC=C8)=O)=C5OCC#CC(C9=CC=CC=C9)=O)=C1
outer_cv,train,2,1,6,,,191,Group 14/188.log,Group 14,Group 14,188.log,CC(C)(C)C1=CC(CC2=C3)=C(OCC#CC(C4=CC=C(C)C=C4)=O)C(CC5=CC(C(C)(C)C)=CC(CC6=CC(C(C)(C)C)=CC(CC(C=C3C(C)(C)C)=C2OCC#CC(C7=CC=C(C)C=C7)=O)=C6OCC#CC(C8=CC=C(C)C=C8)=O)=C5OCC#CC(C9=CC=C(C)C=C9)=O)=C1
outer_cv,train,2,1,6,,,192,Group 14/189.log,Group 14,Group 14,189.log,CC(C)(C)C1=CC(CC2=C3)=C(OCC#CC(C4=CC=C(Cl)C=C4)=O)C(CC5=CC(C(C)(C)C)=CC(CC6=CC(C(C)(C)C)=CC(CC(C=C3C(C)(C)C)=C2OCC#CC(C7=CC=C(Cl)C=C7)=O)=C6OCC#CC(C8=CC=C(Cl)C=C8)=O)=C5OCC#CC(C9=CC=C(Cl)C=C9)=O)=C1
outer_cv,train,2,1,6,,,193,Group 14/190.log,Group 14,Group 14,190.log,CC(C)(C)C1=CC(CC2=C3)=C(OCC#CC(C4=CC=C(OC)C=C4)=O)C(CC5=CC(C(C)(C)C)=CC(CC6=CC(C(C)(C)C)=CC(CC(C=C3C(C)(C)C)=C2OCC#CC(C7=CC=C(OC)C=C7)=O)=C6OCC#CC(C8=CC=C(OC)C=C8)=O)=C5OCC#CC(C9=CC=C(OC)C=C9)=O)=C1
outer_cv,train,2,1,6,,,194,Group 14/191.log,Group 14,Group 14,191.log,CC(C1=CC2=C(OCC#CC(C3=CC=C(Cl)C=C3)=O)C(CC4=CC(C(C)(C)C)=CC(CC5=CC(C(C)(C)C)=CC(CC6=CC(C(C)(C)C)=CC(C2)=C6OCC#CC(C7=CC=C(Cl)C=C7)=O)=C5OCC#CC(C8=CC=C(Cl)C=C8)=O)=C4OCC#CC(C9=CC=C(Cl)C=C9)=O)=C1)(C)C
outer_cv,train,2,1,6,,,195,Group 14/192.log,Group 14,Group 14,192.log,CC(C1=CC2=C(OCC#CC(C3=CC=C(OC)C=C3)=O)C(CC4=CC(C(C)(C)C)=CC(CC5=CC(C(C)(C)C)=CC(CC6=CC(C(C)(C)C)=CC(C2)=C6OCC#CC(C7=CC=C(OC)C=C7)=O)=C5OCC#CC(C8=CC=C(OC)C=C8)=O)=C4OCC#CC(C9=CC=C(OC)C=C9)=O)=C1)(C)C
outer_cv,train,2,1,6,,,196,Group 14/193.log,Group 14,Group 14,193.log,CC(C1=CC2=C(OCC#CC(C3=CC=CC=C3)=O)C(SC4=CC(C(C)(C)C)=CC(SC5=CC(C(C)(C)C)=CC(SC6=CC(C(C)(C)C)=CC(S2)=C6OCC#CC(C7=CC=CC=C7)=O)=C5OCC#CC(C8=CC=CC=C8)=O)=C4OCC#CC(C9=CC=CC=C9)=O)=C1)(C)C
outer_cv,train,2,1,6,,,197,Group 14/194.log,Group 14,Group 14,194.log,CC(C1=CC2=C(OCCC#CC(C3=CC=CC=C3)=O)C(SC4=CC(C(C)(C)C)=CC(SC5=CC(C(C)(C)C)=CC6=C5OCCC#C(C(C7=CC=CC=C7)=O)C(C(C=C8S6)=CC(S2)=C8OCCC#CC(C9=CC=CC=C9)=O)(C)C)=C4OCCC#CC(C%10=CC=CC=C%10)=O)=C1)(C)C
outer_cv,train,2,1,6,,,198,Group 14/195.log,Group 14,Group 14,195.log,CC(C1=CC2=C(OCCCC#CC(C3=CC=CC=C3)=O)C(CC4=CC(C(C)(C)C)=CC(CC5=CC(C(C)(C)C)=CC(CC6=CC(C(C)(C)C)=CC(C2)=C6OCCCC#CC(C7=CC=CC=C7)=O)=C5OCCCC#CC(C8=CC=CC=C8)=O)=C4OCCCC#CC(C9=CC=CC=C9)=O)=C1)(C)C
outer_cv,train,2,1,6,,,199,Group 14/196.log,Group 14,Group 14,196.log,CC(C1=CC2=C(OCCCC#CC(C3=CC=CC=C3)=O)C(SC4=CC(C(C)(C)C)=CC(SC5=CC(C(C)(C)C)=CC(SC6=CC(C(C)(C)C)=CC(S2)=C6OCCCC#CC(C7=CC=CC=C7)=O)=C5OCCCC#CC(C8=CC=CC=C8)=O)=C4OCCCC#CC(C9=CC=CC=C9)=O)=C1)(C)C
outer_cv,train,2,1,6,,,200,Group 14/197.log,Group 14,Group 14,197.log,CC(C1=CC2=C(OCCCCC#CC(C3=CC=CC=C3)=O)C(SC4=CC(C(C)(C)C)=CC(SC5=CC(C(C)(C)C)=CC(SC6=CC(C(C)(C)C)=CC(S2)=C6OCCCCC#CC(C7=CC=CC=C7)=O)=C5OCCCCC#CC(C8=CC=CC=C8)=O)=C4OCCCCC#CC(C9=CC=CC=C9)=O)=C1)(C)C
outer_cv,train,2,1,6,,,211,Group 16/208.log,Group 16,Group 16,208.log,OC1=C(SC2=C(C(SC3=C(O)C(SC4=CC(C(C)(C)C)=CC(SC1=C5)=C4OCCN6C(C(C=CC=C7)=C7C6=O)=O)=CC(C(C)(C)C)=C3)=CC(C(C)(C)C)=C2)OCCN8C(C(C=CC=C9)=C9C8=O)=O)C=C5C(C)(C)C
outer_cv,train,2,1,6,,,212,Group 16/209.log,Group 16,Group 16,209.log,OC1=C(SC2=C(C(SC3=C(O)C(SC4=CC(C(C)(C)C)=CC(SC1=C5)=C4OCCCN6C(C(C=CC=C7)=C7C6=O)=O)=CC(C(C)(C)C)=C3)=CC(C(C)(C)C)=C2)OCCCN8C(C(C=CC=C9)=C9C8=O)=O)C=C5C(C)(C)C
outer_cv,train,2,1,6,,,213,Group 16/210.log,Group 16,Group 16,210.log,OC1=C(CC2=C(C(CC3=C(O)C(CC4=CC(C(C)(C)C)=CC(CC1=C5)=C4OCC(N6CCOCC6)=O)=CC(C(C)(C)C)=C3)=CC(C(C)(C)C)=C2)OCC(N7CCOCC7)=O)C=C5C(C)(C)C
outer_cv,train,2,1,6,,,214,Group 16/211.log,Group 16,Group 16,211.log,CC(C1=CC2=C(OCCOCCOCCOCCOCCOC3=C(SC4=CC(C(C)(C)C)=CC(S2)=C4OCCN5C(C(C=CC=C6)C6C5=O)=O)C=C(C(C)(C)C)C=C3S7)C(SC8=CC(C(C)(C)C)=CC7=C8OCCN9C(C(C=CC=C%10)C%10C9=O)=O)=C1)(C)C
outer_cv,train,2,1,6,,,215,Group 16/212.log,Group 16,Group 16,212.log,CC(C1=CC2=C(OCCOCCOCCOCCOCCOC3=C(SC4=CC(C(C)(C)C)=CC(S2)=C4OCCCN5C(C(C=CC=C6)=C6C5=O)=O)C=C(C(C)(C)C)C=C3S7)C(SC8=CC(C(C)(C)C)=CC7=C8OCCCN9C(C(C=CC=C%10)=C%10C9=O)=O)=C1)(C)C
outer_cv,train,2,1,6,,,216,Group 16/213.log,Group 16,Group 16,213.log,OC1=C(CC2=C(C(CC3=C(O)C(CC4=CC(C(C)(C)C)=CC(CC1=C5)=C4OCC(N6CCOCCOCCOCC6)=O)=CC(C(C)(C)C)=C3)=CC(C(C)(C)C)=C2)OCC(N7CCOCCOCCOCC7)=O)C=C5C(C)(C)C
outer_cv,train,2,1,6,,,217,Group 16/214.log,Group 16,Group 16,214.log,OC1=C(CC2=C(C(CC3=C(O)C(CC4=CC(C(C)(C)C)=CC(CC1=C5)=C4OCC(N6CCOCCOCCOCCOCC6)=O)=CC(C(C)(C)C)=C3)=CC(C(C)(C)C)=C2)OCC(N7CCOCCOCCOCCOCC7)=O)C=C5C(C)(C)C
outer_cv,train,2,1,6,,,218,Group 16/215.log,Group 16,Group 16,215.log,OC1=C(CC2=C(C(CC3=C(O)C(CC4=CC(C(C)(C)C)=CC(CC1=C5)=C4OCC(N6CCOCCOCCOCCOCCOCC6)=O)=CC(C(C)(C)C)=C3)=CC(C(C)(C)C)=C2)OCC(N7CCOCCOCCOCCOCCOCC7)=O)C=C5C(C)(C)C
outer_cv,train,2,1,6,,,219,Group 16/216.log,Group 16,Group 16,216.log,OC1=C(CC2=CC(C(C)(C)C)=CC(CC(C=C3C(C)(C)C)=C4OCC(N5CCOCCOCCOCC5)=O)=C2OCC(N6CCOCCOCCOCC6)=O)C=C(C(C)(C)C)C=C1CC7=CC(C(C)(C)C)=CC(CC4=C3)=C7OCC(N8CCOCCOCCOCC8)=O
outer_cv,train,2,1,6,,,220,Group 16/217.log,Group 16,Group 16,217.log,CC(C)(C)C1=CC(CC2=C3)=C(OCC(N4CCOCCOCCOCC4)=O)C(CC5=CC(C(C)(C)C)=CC(CC6=CC(C(C)(C)C)=CC(CC(C=C3C(C)(C)C)=C2OCC(N7CCOCCOCCOCC7)=O)=C6OCC(N8CCOCCOCCOCC8)=O)=C5OCC(N9CCOCCOCCOCC9)=O)=C1
outer_cv,train,2,1,6,,,227,Group 19/224.log,Group 19,Group 19,224.log,OC1=C(SC2=C(C(SC3=C(O)C(SC4=CC(C(C)(C)C)=CC(SC1=C5)=C4OCCSCCCCCCCC)=CC(C(C)(C)C)=C3)=CC(C(C)(C)C)=C2)OCCSCCCCCCCC)C=C5C(C)(C)C
outer_cv,train,2,1,6,,,228,Group 19/225.log,Group 19,Group 19,225.log,OC1=C(SC2=C(C(SC3=C(O)C(SC4=CC(C(C)(C)C)=CC(SC1=C5)=C4OCCSC)=CC(C(C)(C)C)=C3)=CC(C(C)(C)C)=C2)OCCSC)C=C5C(C)(C)C
outer_cv,train,2,1,6,,,229,Group 19/226.log,Group 19,Group 19,226.log,OC1=C(SC2=C(C(SC3=C(O)C(SC4=CC(C(C)(C)C)=CC(SC1=C5)=C4OCCSCC6=CC=CC=C6)=CC(C(C)(C)C)=C3)=CC(C(C)(C)C)=C2)OCCSCC7=CC=CC=C7)C=C5C(C)(C)C
outer_cv,train,2,1,6,,,230,Group 19/227.log,Group 19,Group 19,227.log,OC1=C(SC2=C(C(SC3=C(O)C(SC4=CC(C(C)(C)C)=CC(SC1=C5)=C4OCCCSCC)=CC(C(C)(C)C)=C3)=CC(C(C)(C)C)=C2)OCCCSCC)C=C5C(C)(C)C
outer_cv,train,2,1,6,,,231,Group 19/228.log,Group 19,Group 19,228.log,OC1=C(CC2=C(C(CC3=C(O)C(C4)=CC=C3)=CC=C2)OCCCS)C=CC=C1CC5=C(OCCCS)C4=CC=C5
outer_cv,train,2,1,6,,,232,Group 19/229.log,Group 19,Group 19,229.log,OC1=C(SC2=C(C(SC3=C(O)C(SC4=CC(C(C)(C)C)=CC(SC1=C5)=C4OCCCSCCSCCS)=CC(C(C)(C)C)=C3)=CC(C(C)(C)C)=C2)O)C=C5C(C)(C)C
outer_cv,train,2,1,6,,,233,Group 19/230.log,Group 19,Group 19,230.log,CC(C1=CC2=C(OCCCS)C(SC3=CC(C(C)(C)C)=CC(SC4=CC(C(C)(C)C)=CC(SC5=CC(C(C)(C)C)=CC(S2)=C5OCCCS)=C4OCCCS)=C3OCCCS)=C1)(C)C
outer_cv,train,2,1,6,,,234,Group 19/231.log,Group 19,Group 19,231.log,CC(C1=CC2=C(OCCCSCC(OC)=O)C(SC3=CC(C(C)(C)C)=CC(SC4=CC(C(C)(C)C)=CC(SC5=CC(C(C)(C)C)=CC(S2)=C5OCCCSCC(OC)=O)=C4OCCCSCC(OC)=O)=C3OCCCSCC(OC)=O)=C1)(C)C
outer_cv,train,2,1,6,,,235,Group 19/232.log,Group 19,Group 19,232.log,CC(C1=CC2=C(OCCCCSCC(OC)=O)C(SC3=CC(C(C)(C)C)=CC(SC4=CC(C(C)(C)C)=CC(SC5=CC(C(C)(C)C)=CC(S2)=C5OCCCCSCC(OC)=O)=C4OCCCCSCC(OC)=O)=C3OCCCCSCC(OC)=O)=C1)(C)C
outer_cv,train,2,1,6,,,236,Group 19/233.log,Group 19,Group 19,233.log,CC(C1=CC2=C(OCCCCCSCC(OC)=O)C(SC3=CC(C(C)(C)C)=CC(SC4=CC(C(C)(C)C)=CC(SC5=CC(C(C)(C)C)=CC(S2)=C5OCCCCCSCC(OC)=O)=C4OCCCCCSCC(OC)=O)=C3OCCCCCSCC(OC)=O)=C1)(C)C
outer_cv,train,2,1,6,,,237,Group 19/234.log,Group 19,Group 19,234.log,CC(C1=CC2=C(OCCOCCO)C(SC3=CC(C(C)(C)C)=CC(SC4=CC(C(C)(C)C)=CC(SC5=CC(C(C)(C)C)=CC(S2)=C5OCCSCC(OC)=O)=C4OCCOCCO)=C3OCCSCC(OC)=O)=C1)(C)C
outer_cv,train,2,1,6,,,238,Group 19/235.log,Group 19,Group 19,235.log,OC1=C(SC2=C(C(SC3=C(O)C(SC4=CC(C(C)(C)C)=CC(SC1=C5)=C4OCCSC(C)=O)=CC(C(C)(C)C)=C3)=CC(C(C)(C)C)=C2)OCCSC(C)=O)C=C5C(C)(C)C
outer_cv,train,2,1,6,,,239,Group 19/236.log,Group 19,Group 19,236.log,OC1=C(SC2=C(C(SC3=C(O)C(SC4=CC(C(C)(C)C)=CC(SC1=C5)=C4OCCCSC(C)=O)=CC(C(C)(C)C)=C3)=CC(C(C)(C)C)=C2)OCCCSC(C)=O)C=C5C(C)(C)C
outer_cv,train,2,1,6,,,240,Group 19/237.log,Group 19,Group 19,237.log,CC(C1=CC2=C(OCCSCCCCCCCC)C(SC3=CC(C(C)(C)C)=CC(SC4=CC(C(C)(C)C)=CC(SC5=CC(C(C)(C)C)=CC(S2)=C5OCCC#C)=C4OCCSCCCCCCCC)=C3OCCC#C)=C1)(C)C
outer_cv,train,2,1,6,,,241,Group 19/238.log,Group 19,Group 19,238.log,CC(C1=CC2=C(OCCSCCCCCCCC)C(SC3=CC(C(C)(C)C)=CC(SC4=CC(C(C)(C)C)=CC(SC5=CC(C(C)(C)C)=CC(S2)=C5OCCCC#C)=C4OCCSCCCCCCCC)=C3OCCCC#C)=C1)(C)C
outer_cv,train,2,1,6,,,242,Group 19/239.log,Group 19,Group 19,239.log,CC(C1=CC2=C(OCCSCCCCCCCC)C(SC3=CC(C(C)(C)C)=CC(SC4=CC(C(C)(C)C)=CC(SC5=CC(C(C)(C)C)=CC(S2)=C5OCCCCC#C)=C4OCCSCCCCCCCC)=C3OCCCCC#C)=C1)(C)C
outer_cv,train,2,1,6,,,243,Group 19/240.log,Group 19,Group 19,240.log,CC(C1=CC2=C(OCCSCCCCCCCC)C(SC3=CC(C(C)(C)C)=CC(SC4=CC(C(C)(C)C)=CC(SC5=CC(C(C)(C)C)=CC(S2)=C5OCCCBr)=C4OCCSCCCCCCCC)=C3OCCCBr)=C1)(C)C
outer_cv,train,2,1,6,,,244,Group 19/241.log,Group 19,Group 19,241.log,CC(C1=CC2=C(OCCSCCCCCCCC)C(SC3=CC(C(C)(C)C)=CC(SC4=CC(C(C)(C)C)=CC(SC5=CC(C(C)(C)C)=CC(S2)=C5OCCCN=[N+]=[N-])=C4OCCSCCCCCCCC)=C3OCCCN=[N+]=[N-])=C1)(C)C
outer_cv,train,2,1,6,,,245,Group 19/242.log,Group 19,Group 19,242.log,CC(C1=CC2=C(OCCSCCCCCCCC)C(SC3=CC(C(C)(C)C)=CC(SC4=CC(C(C)(C)C)=CC(SC5=CC(C(C)(C)C)=CC(S2)=C5OCCCN6C(C(OC)=O)=C(C(OC)=O)N=N6)=C4OCCSCCCCCCCC)=C3OCCCN7N=NC(C(OC)=O)=C7C(OC)=O)=C1)(C)C
outer_cv,train,2,1,6,,,246,Group 19/243.log,Group 19,Group 19,243.log,OC1=C(SC2=C(C(SC3=C(O)C(SC4=CC(C(C)(C)C)=CC(SC1=C5)=C4OCCCBr)=CC(C(C)(C)C)=C3)=CC(C(C)(C)C)=C2)OCCCSC(C)=O)C=C5C(C)(C)C
outer_cv,train,2,1,6,,,247,Group 20/244.log,Group 20,Group 20,244.log,BrCCCOC1=C2C=CC=C1SC3=CC=CC4=C3OCCSCCSCCOC5=C(SC6=CC=CC(S4)=C6OCCCBr)C=CC=C5S2
outer_cv,train,2,1,6,,,248,Group 20/245.log,Group 20,Group 20,245.log,CC(C1=CC2=C(OCCSCCSCCOC3=C(SC4=CC(C(C)(C)C)=CC(S2)=C4OCCCBr)C=C(C(C)(C)C)C=C3S5)C(SC6=CC(C(C)(C)C)=CC5=C6OCCCBr)=C1)(C)C
outer_cv,train,2,1,6,,,249,Group 20/246.log,Group 20,Group 20,246.log,CC(C1=CC2=C(OCCSCCSCCOC3=C(SC4=CC(C(C)(C)C)=CC(S2)=C4OCCCCCCCCCCCC)C=C(C(C)(C)C)C=C3S5)C(SC6=CC(C(C)(C)C)=CC5=C6OCCCCCCCCCCCC)=C1)(C)C
outer_cv,train,2,1,6,,,250,Group 20/247.log,Group 20,Group 20,247.log,CC(C1=CC2=C(OCCCSCCOCCSCCCOC3=C(SC4=CC(C(C)(C)C)=CC(S2)=C4OCCCCCCCCCCCC)C=C(C(C)(C)C)C=C3S5)C(SC6=CC(C(C)(C)C)=CC5=C6OCCCCCCCCCCCC)=C1)(C)C
outer_cv,train,2,1,6,,,251,Group 20/248.log,Group 20,Group 20,248.log,CC(C1=CC2=C(OCCCSCCSCCSCCCOC3=C(SC4=CC(C(C)(C)C)=CC(S2)=C4OCCCCCCCCCCCC)C=C(C(C)(C)C)C=C3S5)C(SC6=CC(C(C)(C)C)=CC5=C6OCCCCCCCCCCCC)=C1)(C)C
outer_cv,train,2,1,6,,,258,Group 22/255.log,Group 22,Group 22,255.log,CC(C1=CC2=C(OCCOCCOCCOC3=C(SC4=CC(C(C)(C)C)=CC(S2)=C4OCCSC(C)=O)C=C(C(C)(C)C)C=C3S5)C(SC6=CC(C(C)(C)C)=CC5=C6OCCSC(C)=O)=C1)(C)C
outer_cv,train,2,1,6,,,259,Group 22/256.log,Group 22,Group 22,256.log,CC(C1=CC2=C(OCCOCCOCCOC3=C(SC4=CC(C(C)(C)C)=CC(S2)=C4OCCCSC(C)=O)C=C(C(C)(C)C)C=C3S5)C(SC6=CC(C(C)(C)C)=CC5=C6OCCCSC(C)=O)=C1)(C)C
outer_cv,train,2,1,6,,,260,Group 22/257.log,Group 22,Group 22,257.log,CC(C1=CC2=C(OCCOCCOCCOC3=C(SC4=CC(C(C)(C)C)=CC(S2)=C4OCCSC)C=C(C(C)(C)C)C=C3S5)C(SC6=CC(C(C)(C)C)=CC5=C6OCCSC)=C1)(C)C
outer_cv,train,2,1,6,,,261,Group 22/258.log,Group 22,Group 22,258.log,CC(C1=CC2=C(OCCOCCOCCOC3=C(SC4=CC(C(C)(C)C)=CC(S2)=C4OCCSCC5=CC=CC=C5)C=C(C(C)(C)C)C=C3S6)C(SC7=CC(C(C)(C)C)=CC6=C7OCCSCC8=CC=CC=C8)=C1)(C)C
outer_cv,train,2,1,6,,,262,Group 22/259.log,Group 22,Group 22,259.log,CC(C1=CC2=C(OCCOCCOCCOC3=C(SC4=CC(C(C)(C)C)=CC(S2)=C4OCCCSCC)C=C(C(C)(C)C)C=C3S5)C(SC6=CC(C(C)(C)C)=CC5=C6OCCCSCC)=C1)(C)C
outer_cv,train,2,1,6,,,263,Group 22/260.log,Group 22,Group 22,260.log,CC(C1=CC2=C(OCCOCCOCCOCCOC3=C(SC4=CC(C(C)(C)C)=CC(S2)=C4OCCSCC5=CC=CC=C5)C=C(C(C)(C)C)C=C3S6)C(SC7=CC(C(C)(C)C)=CC6=C7OCCSCC8=CC=CC=C8)=C1)(C)C
outer_cv,train,2,1,6,,,264,Group 22/261.log,Group 22,Group 22,261.log,CC(C1=CC2=C(OCCOCCOCCOCCOC3=C(SC4=CC(C(C)(C)C)=CC(S2)=C4OCCCSCC)C=C(C(C)(C)C)C=C3S5)C(SC6=CC(C(C)(C)C)=CC5=C6OCCCSCC)=C1)(C)C
outer_cv,train,2,1,6,,,265,Group 22/262.log,Group 22,Group 22,262.log,CC(C1=CC2=C(OCCOCCOC3=C(SC4=CC(C(C)(C)C)=CC(S2)=C4OCCCSC(C)=O)C=C(C(C)(C)C)C=C3S5)C(SC6=CC(C(C)(C)C)=CC5=C6OCCCSC(C)=O)=C1)(C)C
outer_cv,valid,2,1,6,,,26,Group 4/27.log,Group 4,Group 4,27.log,CC(C)(C)C1=CC(CC2=C3)=C(OCC#C)C(CC4=CC(C(C)(C)C)=CC(CC5=CC(C(C)(C)C)=CC(CC(C=C3C(C)(C)C)=C2OCC#C)=C5OCC#C)=C4OCC#C)=C1
outer_cv,valid,2,1,6,,,27,Group 4/28.log,Group 4,Group 4,28.log,CC(C)(C1=CC(CC2=C(C(CC(C=C(C=C3C4)C(C)(C)C)=C3OCC#C)=CC(C(C)(C)C)=C2)OCC#C)=C(OCC#C)C(CC5=CC(C(C)(C)C)=CC4=C5OCC#C)=C1)C
outer_cv,valid,2,1,6,,,28,Group 4/29.log,Group 4,Group 4,29.log,CC(C1=CC2=C(OCC#C)C(CC3=CC(C(C)(C)C)=CC(CC4=CC(C(C)(C)C)=CC(CC5=CC(C(C)(C)C)=CC(C2)=C5OCC#C)=C4OCC#C)=C3OCC#C)=C1)(C)C
outer_cv,valid,2,1,6,,,29,Group 4/30.log,Group 4,Group 4,30.log,C#CCOC1=C2C=CC=C1CC3=CC=CC(CC4=CC=CC(CC(C=CC=C5C2)=C5OCC#C)=C4OCC#C)=C3OCC#C
outer_cv,valid,2,1,6,,,30,Group 4/31.log,Group 4,Group 4,31.log,OC1=C(SC2=C(C(S3)=CC(C(C)(C)C)=C2)OCCC#CC#CCCOC4=C(SC1=C5)C=C(C(C)(C)C)C=C4SC6=CC(C(C)(C)C)=CC3=C6O)C=C5C(C)(C)C
outer_cv,valid,2,1,6,,,31,Group 4/32.log,Group 4,Group 4,32.log,OC1=C(CC2=C(C(CC3=C(O)C(CC4=CC(C(C)(C)C)=CC(CC1=C5)=C4OCC=C)=CC(C(C)(C)C)=C3)=CC(C(C)(C)C)=C2)OCC=C)C=C5C(C)(C)C
outer_cv,valid,2,1,6,,,32,Group 4/33.log,Group 4,Group 4,33.log,OC1=C(CC2=C(C(CC3=C(O)C(C4)=CC=C3)=CC=C2)OCC=C)C=CC=C1CC5=C(OCC=C)C4=CC=C5
outer_cv,valid,2,1,6,,,33,Group 4/34.log,Group 4,Group 4,34.log,OC1=C(SC2=C(C(SC3=C(O)C(SC4=CC(C(C)(C)C)=CC(SC1=C5)=C4OCC=C)=CC(C(C)(C)C)=C3)=CC(C(C)(C)C)=C2)OCC=C)C=C5C(C)(C)C
outer_cv,valid,2,1,6,,,34,Group 4/35.log,Group 4,Group 4,35.log,CC(C1=CC2=C(OCC=C)C(SC3=CC(C(C)(C)C)=CC(SC4=CC(C(C)(C)C)=CC(SC5=CC(C(C)(C)C)=CC(S2)=C5OCC=C)=C4OCC=C)=C3OCC=C)=C1)(C)C
outer_cv,valid,2,1,6,,,35,Group 4/36.log,Group 4,Group 4,36.log,CC(C1=CC2=C(OCC#C)C(SC3=CC(C(C)(C)C)=CC(SC4=CC(C(C)(C)C)=CC(SC5=CC(C(C)(C)C)=CC(S2)=C5OCC#C)=C4OCC#C)=C3OCC#C)=C1)(C)C
outer_cv,valid,2,1,6,,,36,Group 4/36_iso.log,Group 4,Group 4,36_iso.log,CC(C)(C1=CC(SC2=C(C(SC(C=C(C=C3S4)C(C)(C)C)=C3OCC#C)=CC(C(C)(C)C)=C2)OCC#C)=C(OCC#C)C(SC5=CC(C(C)(C)C)=CC4=C5OCC#C)=C1)C
outer_cv,valid,2,1,6,,,37,Group 4/37_iso.log,Group 4,Group 4,37_iso.log,C#CCOC1=C(SC2=CC=CC(S3)=C2OCC#C)C=CC=C1SC4=C(OCC#C)C(SC5=CC=CC3=C5OCC#C)=CC=C4
outer_cv,valid,2,1,6,,,38,Group 4/37.log,Group 4,Group 4,37.log,C#CCOC1=C(S2)C=CC=C1SC(C=CC=C3SC4=C(OCC#C)C(SC5=CC=CC2=C5OCC#C)=CC=C4)=C3OCC#C
outer_cv,valid,2,1,6,,,39,Group 4/38.log,Group 4,Group 4,38.log,BrC1=CC(SC2=CC(Br)=CC(SC3=C(OCC#C)C(SC4=CC(Br)=CC(SC5=C1)=C4OCC#C)=CC(Br)=C3)=C2OCC#C)=C5OCC#C
outer_cv,valid,2,1,6,,,40,Group 4/38_iso.log,Group 4,Group 4,38_iso.log,BrC(C=C1S2)=CC(SC3=CC(Br)=CC(SC4=C(OCC#C)C(SC5=CC(Br)=CC2=C5OCC#C)=CC(Br)=C4)=C3OCC#C)=C1OCC#C
outer_cv,valid,2,1,6,,,41,Group 4/39.log,Group 4,Group 4,39.log,OC1=C(SC2=C(C(SC3=C(O)C(SC4=CC(C(C)(C)C)=CC(SC1=C5)=C4OCC#C)=CC(C(C)(C)C)=C3)=CC(C(C)(C)C)=C2)OCC#C)C=C5C(C)(C)C
outer_cv,valid,2,1,6,,,42,Group 4/39_iso.log,Group 4,Group 4,39_iso.log,OC(C(SC1=CC(C(C)(C)C)=CC(SC2=CC(C(C)(C)C)=CC(S3)=C2O)=C1OCC#C)=CC(C(C)(C)C)=C4)=C4SC5=C(C3=CC(C(C)(C)C)=C5)OCC#C
outer_cv,valid,2,1,6,,,43,Group 4/40.log,Group 4,Group 4,40.log,CC(C)(C)C1=CC(CC2=C3)=C(OCCC#C)C(CC4=CC(C(C)(C)C)=CC(CC5=CC(C(C)(C)C)=CC(CC(C=C3C(C)(C)C)=C2OCCC#C)=C5OCCC#C)=C4OCCC#C)=C1
outer_cv,valid,2,1,6,,,44,Group 4/41.log,Group 4,Group 4,41.log,CC(C)(C1=CC(CC2=C(C(CC(C=C(C=C3C4)C(C)(C)C)=C3OCCCC#C)=CC(C(C)(C)C)=C2)OCCCC#C)=C(OCCCC#C)C(CC5=CC(C(C)(C)C)=CC4=C5OCCCC#C)=C1)C
outer_cv,valid,2,1,6,,,45,Group 4/42.log,Group 4,Group 4,42.log,CC(C1=CC2=C(OCCCC#C)C(CC3=CC(C(C)(C)C)=CC(CC4=CC(C(C)(C)C)=CC(CC5=CC(C(C)(C)C)=CC(C2)=C5OCCCC#C)=C4OCCCC#C)=C3OCCCC#C)=C1)(C)C
outer_cv,valid,2,1,6,,,46,Group 4/43.log,Group 4,Group 4,43.log,CC(C)(C)C1=CC(CC2=C3)=C(OCCCCC#C)C(CC4=CC(C(C)(C)C)=CC(CC5=CC(C(C)(C)C)=CC(CC(C=C3C(C)(C)C)=C2OCCCCC#C)=C5OCCCCC#C)=C4OCCCCC#C)=C1
outer_cv,valid,2,1,6,,,47,Group 4/44.log,Group 4,Group 4,44.log,CC(C1=CC2=C(OCCC#C)C(SC3=CC(C(C)(C)C)=CC(SC4=CC(C(C)(C)C)=CC5=C4OCCC#CC(C(C=C6S5)=CC(S2)=C6OCCC#C)(C)C)=C3OCCC#C)=C1)(C)C
outer_cv,valid,2,1,6,,,48,Group 4/45.log,Group 4,Group 4,45.log,CC(C1=CC2=C(OCCCC#C)C(SC3=CC(C(C)(C)C)=CC(SC4=CC(C(C)(C)C)=CC(SC5=CC(C(C)(C)C)=CC(S2)=C5OCCCC#C)=C4OCCCC#C)=C3OCCCC#C)=C1)(C)C
outer_cv,valid,2,1,6,,,49,Group 4/46.log,Group 4,Group 4,46.log,CC(C1=CC2=C(OCCCCC#C)C(SC3=CC(C(C)(C)C)=CC(SC4=CC(C(C)(C)C)=CC(SC5=CC(C(C)(C)C)=CC(S2)=C5OCCCCC#C)=C4OCCCCC#C)=C3OCCCCC#C)=C1)(C)C
outer_cv,valid,2,1,6,,,50,Group 4/47.log,Group 4,Group 4,47.log,OC1=C(SC2=C(C(SC3=C(O)C(SC4=CC(C(C)(C)C)=CC(SC1=C5)=C4OCCC#C)=CC(C(C)(C)C)=C3)=CC(C(C)(C)C)=C2)OCCC#C)C=C5C(C)(C)C
outer_cv,valid,2,1,6,,,51,Group 4/48.log,Group 4,Group 4,48.log,OC1=C(SC2=C(C(SC3=C(O)C(SC4=CC(C(C)(C)C)=CC(SC1=C5)=C4OCCCC#C)=CC(C(C)(C)C)=C3)=CC(C(C)(C)C)=C2)OCCCC#C)C=C5C(C)(C)C
outer_cv,valid,2,1,6,,,52,Group 4/49.log,Group 4,Group 4,49.log,OC1=C(SC2=C(C(SC3=C(O)C(SC4=CC(C(C)(C)C)=CC(SC1=C5)=C4OCCCCC#C)=CC(C(C)(C)C)=C3)=CC(C(C)(C)C)=C2)OCCCCC#C)C=C5C(C)(C)C
outer_cv,valid,2,1,6,,,53,Group 4/50.log,Group 4,Group 4,50.log,OC1=C(SC2=C(C(SC3=C(O)C(SC4=CC(C(C)(C)C)=CC(SC1=C5)=C4OCC#C)=CC(C(C)(C)C)=C3)=CC(C(C)(C)C)=C2)O)C=C5C(C)(C)C
outer_cv,valid,2,1,6,,,54,Group 4/51.log,Group 4,Group 4,51.log,OC1=C(SC2=C(C(SC3=C(O)C(SC4=CC(C(C)(C)C)=CC(SC1=C5)=C4OCCC#C)=CC(C(C)(C)C)=C3)=CC(C(C)(C)C)=C2)O)C=C5C(C)(C)C
outer_cv,valid,2,1,6,,,55,Group 4/52.log,Group 4,Group 4,52.log,OC1=C(SC2=C(C(SC3=C(O)C(SC4=CC(C(C)(C)C)=CC(SC1=C5)=C4OCCCC#C)=CC(C(C)(C)C)=C3)=CC(C(C)(C)C)=C2)O)C=C5C(C)(C)C
outer_cv,valid,2,1,6,,,56,Group 4/53.log,Group 4,Group 4,53.log,OC1=C(SC2=C(C(SC3=C(O)C(SC4=CC(C(C)(C)C)=CC(SC1=C5)=C4OCCCCC#C)=CC(C(C)(C)C)=C3)=CC(C(C)(C)C)=C2)O)C=C5C(C)(C)C
outer_cv,valid,2,1,6,,,57,Group 4/54.log,Group 4,Group 4,54.log,OC1=C(CC2=C(C(CC3=C(OCC#C)C(CC4=CC(C(C)(C)C)=CC(CC1=C5)=C4OCC#C)=CC(C(C)(C)C)=C3)=CC(C(C)(C)C)=C2)O)C=C5C(C)(C)C
outer_cv,valid,2,1,6,,,201,Group 15/198.log,Group 15,Group 15,198.log,CC(C)(C)C1=CC(SC2=C3)=C(OCO)C(SC4=CC(C(C)(C)C)=CC(SC5=CC(C(C)(C)C)=CC(SC(C=C3C(C)(C)C)=C2OCC(O)=O)=C5OCC(O)=O)=C4OCC(O)=O)=C1.O=[C]
outer_cv,valid,2,1,6,,,202,Group 15/199.log,Group 15,Group 15,199.log,CC(C)(C)C1=CC(CC2=C3)=C(OCO)C(CC4=CC(C(C)(C)C)=CC(CC5=CC(C(C)(C)C)=CC(CC(C=C3C(C)(C)C)=C2OCC(O)=O)=C5OCC(O)=O)=C4OCC(O)=O)=C1.O=[C]
outer_cv,valid,2,1,6,,,203,Group 15/200.log,Group 15,Group 15,200.log,CC(C)(C1=CC(CC2=C(C(CC(C=C(C=C3C4)C(C)(C)C)=C3OCC(O)=O)=CC(C(C)(C)C)=C2)OCC(O)=O)=C(OCC(O)=O)C(CC5=CC(C(C)(C)C)=CC4=C5OCC(O)=O)=C1)C
outer_cv,valid,2,1,6,,,204,Group 15/201.log,Group 15,Group 15,201.log,CC(C)(C)C1=CC(CC2=C3)=C(OCC(OCC)=O)C(CC4=CC(C(C)(C)C)=CC(CC5=CC(C(C)(C)C)=CC(CC(C=C3C(C)(C)C)=C2OCC(OCC)=O)=C5OCC(OCC)=O)=C4OCC(OCC)=O)=C1
outer_cv,valid,2,1,6,,,205,Group 15/202.log,Group 15,Group 15,202.log,OC1=C(SC2=C(C(SC3=C(O)C(SC4=CC(C(C)(C)C)=CC(SC1=C5)=C4OCCN6C(C(OC)=O)=C(C(OC)=O)N=N6)=CC(C(C)(C)C)=C3)=CC(C(C)(C)C)=C2)OCCN7N=NC(C(OC)=O)=C7C(OC)=O)C=C5C(C)(C)C
outer_cv,valid,2,1,6,,,206,Group 15/203.log,Group 15,Group 15,203.log,CC(C1=CC2=C(OCCCCCCCCCCCC)C(SC3=CC(C(C)(C)C)=CC(SC4=CC(C(C)(C)C)=CC(SC5=CC(C(C)(C)C)=CC(S2)=C5OCCCN6C(C(OC)=O)=C(C(OC)=O)N=N6)=C4OCCCCCCCCCCCC)=C3OCCCN7N=NC(C(OC)=O)=C7C(OC)=O)=C1)(C)C
outer_cv,valid,2,1,6,,,207,Group 15/204.log,Group 15,Group 15,204.log,CC(C1=CC2=C(OCC(OCC)=O)C(CC3=CC(C(C)(C)C)=CC(CC4=CC(C(C)(C)C)=CC(CC5=CC(C(C)(C)C)=CC(C2)=C5OCC(OCC)=O)=C4OCC(OCC)=O)=C3OCC(OCC)=O)=C1)(C)C
outer_cv,valid,2,1,6,,,208,Group 15/205.log,Group 15,Group 15,205.log,CC(C)(C1=CC(CC2=C(C(CC(C=C(C=C3C4)C(C)(C)C)=C3OCC(OCC)=O)=CC(C(C)(C)C)=C2)OCC(OCC)=O)=C(OCC(OCC)=O)C(CC5=CC(C(C)(C)C)=CC4=C5OCC(OCC)=O)=C1)C
outer_cv,valid,2,1,6,,,209,Group 15/206.log,Group 15,Group 15,206.log,CC(C1=CC2=C(OCC(OCC)=O)C(SC3=CC(C(C)(C)C)=CC(SC4=CC(C(C)(C)C)=CC(SC5=CC(C(C)(C)C)=CC(S2)=C5OCC(OCC)=O)=C4OCC(OCC)=O)=C3OCC(OCC)=O)=C1)(C)C
outer_cv,valid,2,1,6,,,210,Group 15/207.log,Group 15,Group 15,207.log,CC(C1=CC2=C(OCC(OC(C)(C)C)=O)C(SC3=CC(C(C)(C)C)=CC(SC4=CC(C(C)(C)C)=CC(SC5=CC(C(C)(C)C)=CC(S2)=C5OCC(OC(C)(C)C)=O)=C4OCC(OC(C)(C)C)=O)=C3OCC(OC(C)(C)C)=O)=C1)(C)C
outer_cv,valid,2,1,6,,,223,Group 18/220.log,Group 18,Group 18,220.log,C12=C(C(SC(C=CC=C3S4)=C3OCCOCCOCCOC(C(SC5=CC=CC4=C5OCCCOC6=CC(C7=NC=CC=C7)=NC(C8=CC=CC=N8)=C6)=CC=C9)=C9S2)=CC=C1)OCCCOC%10=CC(C%11=NC=CC=C%11)=NC(C%12=CC=CC=N%12)=C%10
outer_cv,valid,2,1,6,,,224,Group 18/221.log,Group 18,Group 18,221.log,CC(C1=CC2=C(OCCOCCOCCOC3=C(SC4=CC(C(C)(C)C)=CC(S2)=C4OCCCOC5=CC(C6=NC=CC=C6)=NC(C7=CC=CC=N7)=C5)C=C(C(C)(C)C)C=C3S8)C(SC9=CC(C(C)(C)C)=CC8=C9OCCCOC%10=CC(C%11=NC=CC=C%11)=NC(C%12=CC=CC=N%12)=C%10)=C1)(C)C
outer_cv,valid,2,1,6,,,225,Group 18/222.log,Group 18,Group 18,222.log,CC(C1=CC2=C(OCCOCCOCCOCCOC3=C(SC4=CC(C(C)(C)C)=CC(S2)=C4OCCCOC5=CC(C6=NC=CC=C6)=NC(C7=CC=CC=N7)=C5)C=C(C(C)(C)C)C=C3S8)C(SC9=CC(C(C)(C)C)=CC8=C9OCCCOC%10=CC(C%11=NC=CC=C%11)=NC(C%12=CC=CC=N%12)=C%10)=C1)(C)C
outer_cv,valid,2,1,6,,,226,Group 18/223.log,Group 18,Group 18,223.log,CC(C1=CC2=C(OCCOCCOCCOCCOCCOC3=C(SC4=CC(C(C)(C)C)=CC(S2)=C4OCCCOC5=CC(C6=NC=CC=C6)=NC(C7=CC=CC=N7)=C5)C=C(C(C)(C)C)C=C3S8)C(SC9=CC(C(C)(C)C)=CC8=C9OCCCOC%10=CC(C%11=NC=CC=C%11)=NC(C%12=CC=CC=N%12)=C%10)=C1)(C)C
outer_cv,train,2,2,7,,,26,Group 4/27.log,Group 4,Group 4,27.log,CC(C)(C)C1=CC(CC2=C3)=C(OCC#C)C(CC4=CC(C(C)(C)C)=CC(CC5=CC(C(C)(C)C)=CC(CC(C=C3C(C)(C)C)=C2OCC#C)=C5OCC#C)=C4OCC#C)=C1
outer_cv,train,2,2,7,,,27,Group 4/28.log,Group 4,Group 4,28.log,CC(C)(C1=CC(CC2=C(C(CC(C=C(C=C3C4)C(C)(C)C)=C3OCC#C)=CC(C(C)(C)C)=C2)OCC#C)=C(OCC#C)C(CC5=CC(C(C)(C)C)=CC4=C5OCC#C)=C1)C
outer_cv,train,2,2,7,,,28,Group 4/29.log,Group 4,Group 4,29.log,CC(C1=CC2=C(OCC#C)C(CC3=CC(C(C)(C)C)=CC(CC4=CC(C(C)(C)C)=CC(CC5=CC(C(C)(C)C)=CC(C2)=C5OCC#C)=C4OCC#C)=C3OCC#C)=C1)(C)C
outer_cv,train,2,2,7,,,29,Group 4/30.log,Group 4,Group 4,30.log,C#CCOC1=C2C=CC=C1CC3=CC=CC(CC4=CC=CC(CC(C=CC=C5C2)=C5OCC#C)=C4OCC#C)=C3OCC#C
outer_cv,train,2,2,7,,,30,Group 4/31.log,Group 4,Group 4,31.log,OC1=C(SC2=C(C(S3)=CC(C(C)(C)C)=C2)OCCC#CC#CCCOC4=C(SC1=C5)C=C(C(C)(C)C)C=C4SC6=CC(C(C)(C)C)=CC3=C6O)C=C5C(C)(C)C
outer_cv,train,2,2,7,,,31,Group 4/32.log,Group 4,Group 4,32.log,OC1=C(CC2=C(C(CC3=C(O)C(CC4=CC(C(C)(C)C)=CC(CC1=C5)=C4OCC=C)=CC(C(C)(C)C)=C3)=CC(C(C)(C)C)=C2)OCC=C)C=C5C(C)(C)C
outer_cv,train,2,2,7,,,32,Group 4/33.log,Group 4,Group 4,33.log,OC1=C(CC2=C(C(CC3=C(O)C(C4)=CC=C3)=CC=C2)OCC=C)C=CC=C1CC5=C(OCC=C)C4=CC=C5
outer_cv,train,2,2,7,,,33,Group 4/34.log,Group 4,Group 4,34.log,OC1=C(SC2=C(C(SC3=C(O)C(SC4=CC(C(C)(C)C)=CC(SC1=C5)=C4OCC=C)=CC(C(C)(C)C)=C3)=CC(C(C)(C)C)=C2)OCC=C)C=C5C(C)(C)C
outer_cv,train,2,2,7,,,34,Group 4/35.log,Group 4,Group 4,35.log,CC(C1=CC2=C(OCC=C)C(SC3=CC(C(C)(C)C)=CC(SC4=CC(C(C)(C)C)=CC(SC5=CC(C(C)(C)C)=CC(S2)=C5OCC=C)=C4OCC=C)=C3OCC=C)=C1)(C)C
outer_cv,train,2,2,7,,,35,Group 4/36.log,Group 4,Group 4,36.log,CC(C1=CC2=C(OCC#C)C(SC3=CC(C(C)(C)C)=CC(SC4=CC(C(C)(C)C)=CC(SC5=CC(C(C)(C)C)=CC(S2)=C5OCC#C)=C4OCC#C)=C3OCC#C)=C1)(C)C
outer_cv,train,2,2,7,,,36,Group 4/36_iso.log,Group 4,Group 4,36_iso.log,CC(C)(C1=CC(SC2=C(C(SC(C=C(C=C3S4)C(C)(C)C)=C3OCC#C)=CC(C(C)(C)C)=C2)OCC#C)=C(OCC#C)C(SC5=CC(C(C)(C)C)=CC4=C5OCC#C)=C1)C
outer_cv,train,2,2,7,,,37,Group 4/37_iso.log,Group 4,Group 4,37_iso.log,C#CCOC1=C(SC2=CC=CC(S3)=C2OCC#C)C=CC=C1SC4=C(OCC#C)C(SC5=CC=CC3=C5OCC#C)=CC=C4
outer_cv,train,2,2,7,,,38,Group 4/37.log,Group 4,Group 4,37.log,C#CCOC1=C(S2)C=CC=C1SC(C=CC=C3SC4=C(OCC#C)C(SC5=CC=CC2=C5OCC#C)=CC=C4)=C3OCC#C
outer_cv,train,2,2,7,,,39,Group 4/38.log,Group 4,Group 4,38.log,BrC1=CC(SC2=CC(Br)=CC(SC3=C(OCC#C)C(SC4=CC(Br)=CC(SC5=C1)=C4OCC#C)=CC(Br)=C3)=C2OCC#C)=C5OCC#C
outer_cv,train,2,2,7,,,40,Group 4/38_iso.log,Group 4,Group 4,38_iso.log,BrC(C=C1S2)=CC(SC3=CC(Br)=CC(SC4=C(OCC#C)C(SC5=CC(Br)=CC2=C5OCC#C)=CC(Br)=C4)=C3OCC#C)=C1OCC#C
outer_cv,train,2,2,7,,,41,Group 4/39.log,Group 4,Group 4,39.log,OC1=C(SC2=C(C(SC3=C(O)C(SC4=CC(C(C)(C)C)=CC(SC1=C5)=C4OCC#C)=CC(C(C)(C)C)=C3)=CC(C(C)(C)C)=C2)OCC#C)C=C5C(C)(C)C
outer_cv,train,2,2,7,,,42,Group 4/39_iso.log,Group 4,Group 4,39_iso.log,OC(C(SC1=CC(C(C)(C)C)=CC(SC2=CC(C(C)(C)C)=CC(S3)=C2O)=C1OCC#C)=CC(C(C)(C)C)=C4)=C4SC5=C(C3=CC(C(C)(C)C)=C5)OCC#C
outer_cv,train,2,2,7,,,43,Group 4/40.log,Group 4,Group 4,40.log,CC(C)(C)C1=CC(CC2=C3)=C(OCCC#C)C(CC4=CC(C(C)(C)C)=CC(CC5=CC(C(C)(C)C)=CC(CC(C=C3C(C)(C)C)=C2OCCC#C)=C5OCCC#C)=C4OCCC#C)=C1
outer_cv,train,2,2,7,,,44,Group 4/41.log,Group 4,Group 4,41.log,CC(C)(C1=CC(CC2=C(C(CC(C=C(C=C3C4)C(C)(C)C)=C3OCCCC#C)=CC(C(C)(C)C)=C2)OCCCC#C)=C(OCCCC#C)C(CC5=CC(C(C)(C)C)=CC4=C5OCCCC#C)=C1)C
outer_cv,train,2,2,7,,,45,Group 4/42.log,Group 4,Group 4,42.log,CC(C1=CC2=C(OCCCC#C)C(CC3=CC(C(C)(C)C)=CC(CC4=CC(C(C)(C)C)=CC(CC5=CC(C(C)(C)C)=CC(C2)=C5OCCCC#C)=C4OCCCC#C)=C3OCCCC#C)=C1)(C)C
outer_cv,train,2,2,7,,,46,Group 4/43.log,Group 4,Group 4,43.log,CC(C)(C)C1=CC(CC2=C3)=C(OCCCCC#C)C(CC4=CC(C(C)(C)C)=CC(CC5=CC(C(C)(C)C)=CC(CC(C=C3C(C)(C)C)=C2OCCCCC#C)=C5OCCCCC#C)=C4OCCCCC#C)=C1
outer_cv,train,2,2,7,,,47,Group 4/44.log,Group 4,Group 4,44.log,CC(C1=CC2=C(OCCC#C)C(SC3=CC(C(C)(C)C)=CC(SC4=CC(C(C)(C)C)=CC5=C4OCCC#CC(C(C=C6S5)=CC(S2)=C6OCCC#C)(C)C)=C3OCCC#C)=C1)(C)C
outer_cv,train,2,2,7,,,48,Group 4/45.log,Group 4,Group 4,45.log,CC(C1=CC2=C(OCCCC#C)C(SC3=CC(C(C)(C)C)=CC(SC4=CC(C(C)(C)C)=CC(SC5=CC(C(C)(C)C)=CC(S2)=C5OCCCC#C)=C4OCCCC#C)=C3OCCCC#C)=C1)(C)C
outer_cv,train,2,2,7,,,49,Group 4/46.log,Group 4,Group 4,46.log,CC(C1=CC2=C(OCCCCC#C)C(SC3=CC(C(C)(C)C)=CC(SC4=CC(C(C)(C)C)=CC(SC5=CC(C(C)(C)C)=CC(S2)=C5OCCCCC#C)=C4OCCCCC#C)=C3OCCCCC#C)=C1)(C)C
outer_cv,train,2,2,7,,,50,Group 4/47.log,Group 4,Group 4,47.log,OC1=C(SC2=C(C(SC3=C(O)C(SC4=CC(C(C)(C)C)=CC(SC1=C5)=C4OCCC#C)=CC(C(C)(C)C)=C3)=CC(C(C)(C)C)=C2)OCCC#C)C=C5C(C)(C)C
outer_cv,train,2,2,7,,,51,Group 4/48.log,Group 4,Group 4,48.log,OC1=C(SC2=C(C(SC3=C(O)C(SC4=CC(C(C)(C)C)=CC(SC1=C5)=C4OCCCC#C)=CC(C(C)(C)C)=C3)=CC(C(C)(C)C)=C2)OCCCC#C)C=C5C(C)(C)C
outer_cv,train,2,2,7,,,52,Group 4/49.log,Group 4,Group 4,49.log,OC1=C(SC2=C(C(SC3=C(O)C(SC4=CC(C(C)(C)C)=CC(SC1=C5)=C4OCCCCC#C)=CC(C(C)(C)C)=C3)=CC(C(C)(C)C)=C2)OCCCCC#C)C=C5C(C)(C)C
outer_cv,train,2,2,7,,,53,Group 4/50.log,Group 4,Group 4,50.log,OC1=C(SC2=C(C(SC3=C(O)C(SC4=CC(C(C)(C)C)=CC(SC1=C5)=C4OCC#C)=CC(C(C)(C)C)=C3)=CC(C(C)(C)C)=C2)O)C=C5C(C)(C)C
outer_cv,train,2,2,7,,,54,Group 4/51.log,Group 4,Group 4,51.log,OC1=C(SC2=C(C(SC3=C(O)C(SC4=CC(C(C)(C)C)=CC(SC1=C5)=C4OCCC#C)=CC(C(C)(C)C)=C3)=CC(C(C)(C)C)=C2)O)C=C5C(C)(C)C
outer_cv,train,2,2,7,,,55,Group 4/52.log,Group 4,Group 4,52.log,OC1=C(SC2=C(C(SC3=C(O)C(SC4=CC(C(C)(C)C)=CC(SC1=C5)=C4OCCCC#C)=CC(C(C)(C)C)=C3)=CC(C(C)(C)C)=C2)O)C=C5C(C)(C)C
outer_cv,train,2,2,7,,,56,Group 4/53.log,Group 4,Group 4,53.log,OC1=C(SC2=C(C(SC3=C(O)C(SC4=CC(C(C)(C)C)=CC(SC1=C5)=C4OCCCCC#C)=CC(C(C)(C)C)=C3)=CC(C(C)(C)C)=C2)O)C=C5C(C)(C)C
outer_cv,train,2,2,7,,,57,Group 4/54.log,Group 4,Group 4,54.log,OC1=C(CC2=C(C(CC3=C(OCC#C)C(CC4=CC(C(C)(C)C)=CC(CC1=C5)=C4OCC#C)=CC(C(C)(C)C)=C3)=CC(C(C)(C)C)=C2)O)C=C5C(C)(C)C
outer_cv,train,2,2,7,,,58,Group 5/55.log,Group 5,Group 5,55.log,CC(C1=CC2=C(OCCC#C)C(SC3=CC(C(C)(C)C)=CC(SC4=CC(C(C)(C)C)=CC5=C4OCCC#CC(C(C=C6S5)=CC(S2)=C6OCCCCCCCCCCCC)(C)C)=C3OCCCCCCCCCCCC)=C1)(C)C
outer_cv,train,2,2,7,,,59,Group 5/56.log,Group 5,Group 5,56.log,CC(C1=CC2=C(OCCCC#C)C(SC3=CC(C(C)(C)C)=CC(SC4=CC(C(C)(C)C)=CC(SC5=CC(C(C)(C)C)=CC(S2)=C5OCCCCCCCCCCCC)=C4OCCCC#C)=C3OCCCCCCCCCCCC)=C1)(C)C
outer_cv,train,2,2,7,,,60,Group 5/57.log,Group 5,Group 5,57.log,CC(C1=CC2=C(OCCCCC#C)C(SC3=CC(C(C)(C)C)=CC(SC4=CC(C(C)(C)C)=CC(SC5=CC(C(C)(C)C)=CC(S2)=C5OCCCCCCCCCCCC)=C4OCCCCC#C)=C3OCCCCCCCCCCCC)=C1)(C)C
outer_cv,train,2,2,7,,,61,Group 6/58.log,Group 6,Group 6,58.log,OC1=C(CC2=C(C(CC3=C(O)C(CC4=CC(C(C)(C)C)=CC(CC1=C5)=C4OCCBr)=CC(C(C)(C)C)=C3)=CC(C(C)(C)C)=C2)OCCBr)C=C5C(C)(C)C
outer_cv,train,2,2,7,,,62,Group 6/59.log,Group 6,Group 6,59.log,OC1=C(CC2=C(C(CC3=C(O)C(CC4=CC(C(C)(C)C)=CC(CC1=C5)=C4OCCCBr)=CC(C(C)(C)C)=C3)=CC(C(C)(C)C)=C2)OCCCBr)C=C5C(C)(C)C
outer_cv,train,2,2,7,,,63,Group 6/60.log,Group 6,Group 6,60.log,OC1=C(CC2=C(C(CC3=C(O)C(CC4=CC(C(C)(C)C)=CC(CC1=C5)=C4OCCCCBr)=CC(C(C)(C)C)=C3)=CC(C(C)(C)C)=C2)OCCCCBr)C=C5C(C)(C)C
outer_cv,train,2,2,7,,,64,Group 6/61.log,Group 6,Group 6,61.log,OC1=C(SC2=C(C(SC3=C(O)C(SC4=CC([N+]([O-])=O)=CC(SC1=C5)=C4OCCCBr)=CC([N+]([O-])=O)=C3)=CC([N+]([O-])=O)=C2)OCCCBr)C=C5[N+]([O-])=O
outer_cv,train,2,2,7,,,65,Group 6/62.log,Group 6,Group 6,62.log,CC(C1=CC2=C(OCCCBr)C(SC3=CC(C(C)(C)C)=CC(SC4=CC(C(C)(C)C)=CC(SC5=CC(C(C)(C)C)=CC(S2)=C5OCCCBr)=C4OCCCBr)=C3OCCCBr)=C1)(C)C
outer_cv,train,2,2,7,,,66,Group 6/63.log,Group 6,Group 6,63.log,CC(C1=CC2=C(OCCCCBr)C(SC3=CC(C(C)(C)C)=CC(SC4=CC(C(C)(C)C)=CC(SC5=CC(C(C)(C)C)=CC(S2)=C5OCCCCBr)=C4OCCCCBr)=C3OCCCCBr)=C1)(C)C
outer_cv,train,2,2,7,,,67,Group 6/64.log,Group 6,Group 6,64.log,CC(C1=CC2=C(OCCCCCBr)C(SC3=CC(C(C)(C)C)=CC(SC4=CC(C(C)(C)C)=CC(SC5=CC(C(C)(C)C)=CC(S2)=C5OCCCCCBr)=C4OCCCCCBr)=C3OCCCCCBr)=C1)(C)C
outer_cv,train,2,2,7,,,68,Group 6/65.log,Group 6,Group 6,65.log,CC(C1=CC2=C(OCCCCCCBr)C(SC3=CC(C(C)(C)C)=CC(SC4=CC(C(C)(C)C)=CC(SC5=CC(C(C)(C)C)=CC(S2)=C5OCCCCCCBr)=C4OCCCCCCBr)=C3OCCCCCCBr)=C1)(C)C
outer_cv,train,2,2,7,,,69,Group 6/66.log,Group 6,Group 6,66.log,CC(C1=CC2=C(OCCCCCCCCCCCC)C(SC3=CC(C(C)(C)C)=CC(SC4=CC(C(C)(C)C)=CC(SC5=CC(C(C)(C)C)=CC(S2)=C5OCCCBr)=C4OCCCCCCCCCCCC)=C3OCCCBr)=C1)(C)C
outer_cv,train,2,2,7,,,70,Group 6/67.log,Group 6,Group 6,67.log,CC(C1=CC2=C(OCCCCCCOC3=C(SC4=CC(C(C)(C)C)=CC(S2)=C4OCCCCCCBr)C=C(C(C)(C)C)C=C3S5)C(SC6=CC(C(C)(C)C)=CC5=C6OCCCCCCBr)=C1)(C)C
outer_cv,train,2,2,7,,,79,Group 8/76.log,Group 8,Group 8,76.log,OC1=C(SC2=C(C(SC3=C(O)C(SC4=CC(C(C)(C)C)=CC(SC1=C5)=C4OCCN)=CC(C(C)(C)C)=C3)=CC(C(C)(C)C)=C2)OCCN)C=C5C(C)(C)C
outer_cv,train,2,2,7,,,80,Group 8/77.log,Group 8,Group 8,77.log,OC1=C(SC2=C(C(SC3=C(O)C(SC4=CC(C(C)(C)C)=CC(SC1=C5)=C4OCCCN)=CC(C(C)(C)C)=C3)=CC(C(C)(C)C)=C2)OCCCN)C=C5C(C)(C)C
outer_cv,train,2,2,7,,,81,Group 8/78.log,Group 8,Group 8,78.log,OC1=C(SC2=C(C(SC3=C(O)C(SC4=CC(C(C)(C)C)=CC(SC1=C5)=C4OCCN)=CC(C(C)(C)C)=C3)=CC(C(C)(C)C)=C2)O)C=C5C(C)(C)C
outer_cv,train,2,2,7,,,82,Group 8/79.log,Group 8,Group 8,79.log,OC1=C(SC2=C(C(SC3=C(O)C(SC4=CC(C(C)(C)C)=CC(SC1=C5)=C4OCCCN)=CC(C(C)(C)C)=C3)=CC(C(C)(C)C)=C2)O)C=C5C(C)(C)C
outer_cv,train,2,2,7,,,83,Group 8/80.log,Group 8,Group 8,80.log,OC1=C(SC2=C(C(SC3=C(O)C(SC4=CC(C(C)(C)C)=CC(SC1=C5)=C4OCCN(CC)CC6=CC=CC=C6)=CC(C(C)(C)C)=C3)=CC(C(C)(C)C)=C2)OCCN(CC)CC7=CC=CC=C7)C=C5C(C)(C)C
outer_cv,train,2,2,7,,,84,Group 8/81.log,Group 8,Group 8,81.log,CC(C1=CC2=C(OCCCCCCCCCCCC)C(SC3=CC(C(C)(C)C)=CC(SC4=CC(C(C)(C)C)=CC(SC5=CC(C(C)(C)C)=CC(S2)=C5OCCN)=C4OCCCCCCCCCCCC)=C3OCCN)=C1)(C)C
outer_cv,train,2,2,7,,,85,Group 8/82.log,Group 8,Group 8,82.log,CC(C1=CC2=C(OCCCCCCCCCCCC)C(SC3=CC(C(C)(C)C)=CC(SC4=CC(C(C)(C)C)=CC(SC5=CC(C(C)(C)C)=CC(S2)=C5OCCCN)=C4OCCCCCCCCCCCC)=C3OCCCN)=C1)(C)C
outer_cv,train,2,2,7,,,86,Group 8/83.log,Group 8,Group 8,83.log,CC(C1=CC2=C(OCCCCCCCCCCCC)C(SC3=CC(C(C)(C)C)=CC(SC4=CC(C(C)(C)C)=CC(SC5=CC(C(C)(C)C)=CC(S2)=C5OCCCN=[N+]=[N-])=C4OCCCCCCCCCCCC)=C3OCCCN=[N+]=[N-])=C1)(C)C
outer_cv,train,2,2,7,,,87,Group 8/84.log,Group 8,Group 8,84.log,CC(C1=CC2=C(OCCN=[N+]=[N-])C(SC3=CC(C(C)(C)C)=CC(SC4=CC(C(C)(C)C)=CC(SC5=CC(C(C)(C)C)=CC(S2)=C5OCCN=[N+]=[N-])=C4OCCN=[N+]=[N-])=C3OCCN=[N+]=[N-])=C1)(C)C
outer_cv,train,2,2,7,,,88,Group 8/85.log,Group 8,Group 8,85.log,CC(C1=CC2=C(OCCCN=[N+]=[N-])C(SC3=CC(C(C)(C)C)=CC(SC4=CC(C(C)(C)C)=CC(SC5=CC(C(C)(C)C)=CC(S2)=C5OCCCN=[N+]=[N-])=C4OCCCN=[N+]=[N-])=C3OCCCN=[N+]=[N-])=C1)(C)C
outer_cv,train,2,2,7,,,89,Group 8/86.log,Group 8,Group 8,86.log,CC(C1=CC2=C(OCCCCN=[N+]=[N-])C(SC3=CC(C(C)(C)C)=CC(SC4=CC(C(C)(C)C)=CC(SC5=CC(C(C)(C)C)=CC(S2)=C5OCCCCN=[N+]=[N-])=C4OCCCCN=[N+]=[N-])=C3OCCCCN=[N+]=[N-])=C1)(C)C
outer_cv,train,2,2,7,,,90,Group 8/87.log,Group 8,Group 8,87.log,CC(C1=CC2=C(OCCCCCN=[N+]=[N-])C(SC3=CC(C(C)(C)C)=CC(SC4=CC(C(C)(C)C)=CC(SC5=CC(C(C)(C)C)=CC(S2)=C5OCCCCCN=[N+]=[N-])=C4OCCCCCN=[N+]=[N-])=C3OCCCCCN=[N+]=[N-])=C1)(C)C
outer_cv,train,2,2,7,,,91,Group 8/88.log,Group 8,Group 8,88.log,OC1=C(SC2=C(C(SC3=C(O)C(SC4=CC(C(C)(C)C)=CC(SC1=C5)=C4OCCN=[N+]=[N-])=CC(C(C)(C)C)=C3)=CC(C(C)(C)C)=C2)OCCN=[N+]=[N-])C=C5C(C)(C)C
outer_cv,train,2,2,7,,,92,Group 8/89.log,Group 8,Group 8,89.log,OC1=C(SC2=C(C(SC3=C(O)C(SC4=CC(C(C)(C)C)=CC(SC1=C5)=C4OCCN=[N+]=[N-])=CC(C(C)(C)C)=C3)=CC(C(C)(C)C)=C2)O)C=C5C(C)(C)C
outer_cv,train,2,2,7,,,93,Group 8/90.log,Group 8,Group 8,90.log,OC1=C(SC2=C(C(SC3=C(O)C(SC4=CC(C(C)(C)C)=CC(SC1=C5)=C4OCCCN=[N+]=[N-])=CC(C(C)(C)C)=C3)=CC(C(C)(C)C)=C2)O)C=C5C(C)(C)C
outer_cv,train,2,2,7,,,94,Group 9/91.log,Group 9,Group 9,91.log,CC(C)(C1=CC(CC2=C(C(CC(C=C(C=C3C4)C(C)(C)C)=C3OCC5=CC(C6=CC=CC=C6)=NN5)=CC(C(C)(C)C)=C2)OCC7=CC(C8=CC=CC=C8)=NN7)=C(OCC9=CC(C%10=CC=CC=C%10)=NN9)C(CC%11=CC(C(C)(C)C)=CC4=C%11OCC%12=CC(C%13=CC=CC=C%13)=NN%12)=C1)C
outer_cv,train,2,2,7,,,95,Group 9/92.log,Group 9,Group 9,92.log,CC(C)(C1=CC(CC2=C(C(CC(C=C(C=C3C4)C(C)(C)C)=C3OCC5=CC(C6=CC=C(C)C=C6)=NN5)=CC(C(C)(C)C)=C2)OCC7=CC(C8=CC=C(C)C=C8)=NN7)=C(OCC9=CC(C%10=CC=C(C)C=C%10)=NN9)C(CC%11=CC(C(C)(C)C)=CC4=C%11OCC%12=CC(C%13=CC=C(C)C=C%13)=NN%12)=C1)C
outer_cv,train,2,2,7,,,96,Group 9/93.log,Group 9,Group 9,93.log,CC(C)(C1=CC(CC2=C(C(CC(C=C(C=C3C4)C(C)(C)C)=C3OCC5=CC(C6=CC=C(Cl)C=C6)=NN5)=CC(C(C)(C)C)=C2)OCC7=CC(C8=CC=C(Cl)C=C8)=NN7)=C(OCC9=CC(C%10=CC=C(Cl)C=C%10)=NN9)C(CC%11=CC(C(C)(C)C)=CC4=C%11OCC%12=CC(C%13=CC=C(Cl)C=C%13)=NN%12)=C1)C
outer_cv,train,2,2,7,,,97,Group 9/94.log,Group 9,Group 9,94.log,CC(C)(C1=CC(CC2=C(C(CC(C=C(C=C3C4)C(C)(C)C)=C3OCC5=CC(C6=CC=C(OC)C=C6)=NN5)=CC(C(C)(C)C)=C2)OCC7=CC(C8=CC=C(OC)C=C8)=NN7)=C(OCC9=CC(C%10=CC=C(OC)C=C%10)=NN9)C(CC%11=CC(C(C)(C)C)=CC4=C%11OCC%12=CC(C%13=CC=C(OC)C=C%13)=NN%12)=C1)C
outer_cv,train,2,2,7,,,98,Group 9/95.log,Group 9,Group 9,95.log,CC(C)(C)C1=CC(CC2=C3)=C(OCC4=CC(C5=CC=C(C)C=C5)=NN4)C(CC6=CC(C(C)(C)C)=CC(CC7=CC(C(C)(C)C)=CC(CC(C=C3C(C)(C)C)=C2OCC8=CC(C9=CC=C(C)C=C9)=NN8)=C7OCC%10=CC(C%11=CC=C(C)C=C%11)=N[N]%10)=C6OCC%12=CC(C%13=CC=C(C)C=C%13)=NN%12)=C1
outer_cv,train,2,2,7,,,99,Group 9/96.log,Group 9,Group 9,96.log,CC(C)(C)C1=CC(CC2=C3)=C(OCC4=CC(C5=CC=C(Cl)C=C5)=NN4)C(CC6=CC(C(C)(C)C)=CC(CC7=CC(C(C)(C)C)=CC(CC(C=C3C(C)(C)C)=C2OCC8=CC(C9=CC=C(Cl)C=C9)=NN8)=C7OCC%10=CC(C%11=CC=C(Cl)C=C%11)=N[N]%10)=C6OCC%12=CC(C%13=CC=C(Cl)C=C%13)=NN%12)=C1
outer_cv,train,2,2,7,,,100,Group 9/97.log,Group 9,Group 9,97.log,CC(C)(C)C1=CC(CC2=C3)=C(OCC4=CC(C5=CC=C(OC)C=C5)=NN4)C(CC6=CC(C(C)(C)C)=CC(CC7=CC(C(C)(C)C)=CC(CC(C=C3C(C)(C)C)=C2OCC8=CC(C9=CC=C(OC)C=C9)=NN8)=C7OCC%10=CC(C%11=CC=C(OC)C=C%11)=NN%10)=C6OCC%12=CC(C%13=CC=C(OC)C=C%13)=NN%12)=C1
outer_cv,train,2,2,7,,,101,Group 9/98.log,Group 9,Group 9,98.log,CC(C)(C)C1=CC(CC2=C3)=C(OCC4=CC(C5=CC=CC=C5)=NN4)C(CC6=CC(C(C)(C)C)=CC(CC7=CC(C(C)(C)C)=CC(CC(C=C3C(C)(C)C)=C2OCC8=CC(C9=CC=CC=C9)=NN8)=C7OCC%10=CC(C%11=CC=CC=C%11)=NN%10)=C6OCC%12=CC(C%13=CC=CC=C%13)=NN%12)=C1
outer_cv,train,2,2,7,,,102,Group 9/99.log,Group 9,Group 9,99.log,CC(C1=CC2=C(OCC3=CC(C4=CC=CC=C4)=NN3)C(CC5=CC(C(C)(C)C)=CC(CC6=CC(C(C)(C)C)=CC(CC7=CC(C(C)(C)C)=CC(C2)=C7OCC8=CC(C9=CC=CC=C9)=NN8)=C6OCC%10=CC(C%11=CC=CC=C%11)=NN%10)=C5OCC%12=CC(C%13=CC=CC=C%13)=NN%12)=C1)(C)C
outer_cv,train,2,2,7,,,103,Group 9/100.log,Group 9,Group 9,100.log,CC(C1=CC2=C(OCC3=CC(C4=CC=C(C)C=C4)=NN3)C(CC5=CC(C(C)(C)C)=CC(CC6=CC(C(C)(C)C)=CC(CC7=CC(C(C)(C)C)=CC(C2)=C7OCC8=CC(C9=CC=C(C)C=C9)=NN8)=C6OCC%10=CC(C%11=CC=C(C)C=C%11)=NN%10)=C5OCC%12=CC(C%13=CC=C(C)C=C%13)=NN%12)=C1)(C)C
outer_cv,train,2,2,7,,,104,Group 9/101.log,Group 9,Group 9,101.log,CC(C1=CC2=C(OCC3=CC(C4=CC=C(Cl)C=C4)=NN3)C(CC5=CC(C(C)(C)C)=CC(CC6=CC(C(C)(C)C)=CC(CC7=CC(C(C)(C)C)=CC(C2)=C7OCC8=CC(C9=CC=C(Cl)C=C9)=NN8)=C6OCC%10=CC(C%11=CC=C(Cl)C=C%11)=NN%10)=C5OCC%12=CC(C%13=CC=C(Cl)C=C%13)=NN%12)=C1)(C)C
outer_cv,train,2,2,7,,,105,Group 9/102.log,Group 9,Group 9,102.log,CC(C1=CC2=C(OCC3=CC(C4=CC=C(OC)C=C4)=NN3)C(CC5=CC(C(C)(C)C)=CC(CC6=CC(C(C)(C)C)=CC(CC7=CC(C(C)(C)C)=CC(C2)=C7OCC8=CC(C9=CC=C(OC)C=C9)=NN8)=C6OCC%10=CC(C%11=CC=C(OC)C=C%11)=NN%10)=C5OCC%12=CC(C%13=CC=C(OC)C=C%13)=NN%12)=C1)(C)C
outer_cv,train,2,2,7,,,106,Group 9/103.log,Group 9,Group 9,103.log,C1(C2)=C(C(CC(C=CC=C3CC4=C(OCC5=CC(C6=CC=CC=C6)=NN5)C(CC7=CC=CC2=C7OCC8=CC(C9=CC=CC=C9)=NN8)=CC=C4)=C3OCC%10=CC(C%11=CC=CC=C%11)=NN%10)=CC=C1)OCC%12=CC(C%13=CC=CC=C%13)=NN%12
outer_cv,train,2,2,7,,,107,Group 9/104.log,Group 9,Group 9,104.log,CC(C1=CC2=C(OCCCC3=CC(C4=CC=CC=C4)=NN3)C(CC5=CC(C(C)(C)C)=CC(CC6=CC(C(C)(C)C)=CC(CC7=CC(C(C)(C)C)=CC(C2)=C7OCCCC8=CC(C9=CC=CC=C9)=NN8)=C6OCCCC%10=CC(C%11=CC=CC=C%11)=NN%10)=C5OCCCC%12=CC(C%13=CC=CC=C%13)=NN%12)=C1)(C)C
outer_cv,train,2,2,7,,,108,Group 9/105.log,Group 9,Group 9,105.log,CC(C1=CC2=C(OCC3=CC(C4=CC=CC=C4)=NN3)C(SC5=CC(C(C)(C)C)=CC(SC6=CC(C(C)(C)C)=CC(SC7=CC(C(C)(C)C)=CC(S2)=C7OCC8=CC(C9=CC=CC=C9)=NN8)=C6OCC%10=CC(C%11=CC=CC=C%11)=NN%10)=C5OCC%12=CC(C%13=CC=CC=C%13)=NN%12)=C1)(C)C
outer_cv,train,2,2,7,,,109,Group 9/106.log,Group 9,Group 9,106.log,CC(C1=CC2=C(OCCCC3=CC(C4=CC=CC=C4)=NN3)C(SC5=CC(C(C)(C)C)=CC(SC6=CC(C(C)(C)C)=CC(SC7=CC(C(C)(C)C)=CC(S2)=C7OCCCC8=CC(C9=CC=CC=C9)=NN8)=C6OCCCC%10=CC(C%11=CC=CC=C%11)=NN%10)=C5OCCCC%12=CC(C%13=CC=CC=C%13)=NN%12)=C1)(C)C
outer_cv,train,2,2,7,,,110,Group 9/107.log,Group 9,Group 9,107.log,CC(C1=CC2=C(OCCCCC3=CC(C4=CC=CC=C4)=NN3)C(SC5=CC(C(C)(C)C)=CC(SC6=CC(C(C)(C)C)=CC(SC7=CC(C(C)(C)C)=CC(S2)=C7OCCCCC8=CC(C9=CC=CC=C9)=NN8)=C6OCCCCC%10=CC(C%11=CC=CC=C%11)=NN%10)=C5OCCCCC%12=CC(C%13=CC=CC=C%13)=NN%12)=C1)(C)C
outer_cv,train,2,2,7,,,111,Group 9/108.log,Group 9,Group 9,108.log,CC(C1=CC2=C(OCCCCCN3C=CC=N3)C(SC4=CC(C(C)(C)C)=CC(SC5=CC(C(C)(C)C)=CC(SC6=CC(C(C)(C)C)=CC(S2)=C6OCCCCCN7C=CC=N7)=C5OCCCCCN8N=CC=C8)=C4OCCCCCN9N=CC=C9)=C1)(C)C
outer_cv,train,2,2,7,,,112,Group 9/109.log,Group 9,Group 9,109.log,CC(C)(C)C(C=C1)=CC=C1OCC2=N3N([H][N]4C(COC5=CC=C(C(C)(C)C)C=C5)=CC(C6=CC=CC=C6)=[N]4[H]N(N([H][N]7[N]([H]3)=C(C8=CC=CC=C8)C=C7COC9=CC=C(C(C)(C)C)C=C9)C(C%10=CC=CC=C%10)=C%11)=C%11COC%12=CC=C(C(C)(C)C)C=C%12)C(C%13=CC=CC=C%13)=C2
outer_cv,train,2,2,7,,,113,Group 9/110.log,Group 9,Group 9,110.log,CC(C)(C)C(C=C1)=CC=C1OCC2=CC(C3=CC=CC=C3)=N([H]N([N]([H][N]4N5=C(C6=CC=CC=C6)C=C4COC7=CC=C(C(C)(C)C)C=C7)C(COC8=CC=C(C(C)(C)C)C=C8)=C9)=C9C%10=CC=CC=C%10)[N]2[H][N]%11N([H]5)=C(C%12=CC=CC=C%12)C=C%11COC%13=CC=C(C(C)(C)C)C=C%13
outer_cv,train,2,2,7,,,151,Group 12/148.log,Group 12,Group 12,148.log,OCC(N=N1)=CN1C2=CC(C3=NC=CC=C3)=NC(C4=CC=CC=N4)=C2
outer_cv,train,2,2,7,,,152,Group 12/149.log,Group 12,Group 12,149.log,CCCCCCC(N=N1)=CN1C2=CC(C3=NC=CC=C3)=NC(C4=CC=CC=N4)=C2
outer_cv,train,2,2,7,,,153,Group 12/150.log,Group 12,Group 12,150.log,OC1=C(SC2=C(C(SC3=C(O)C(SC4=CC(C(C)(C)C)=CC(SC1=C5)=C4OCCC6=CN(C7=CC(C8=NC=CC=C8)=NC(C9=CC=CC=N9)=C7)N=N6)=CC(C(C)(C)C)=C3)=CC(C(C)(C)C)=C2)OCCC%10=CN(C%11=CC(C%12=NC=CC=C%12)=NC(C%13=CC=CC=N%13)=C%11)N=N%10)C=C5C(C)(C)C
outer_cv,train,2,2,7,,,154,Group 12/151.log,Group 12,Group 12,151.log,OC1=C(SC2=C(C(SC3=C(O)C(SC4=CC(C(C)(C)C)=CC(SC1=C5)=C4OCCCC6=CN(C7=CC(C8=NC=CC=C8)=NC(C9=CC=CC=N9)=C7)N=N6)=CC(C(C)(C)C)=C3)=CC(C(C)(C)C)=C2)OCCCC%10=CN(C%11=CC(C%12=NC=CC=C%12)=NC(C%13=CC=CC=N%13)=C%11)N=N%10)C=C5C(C)(C)C
outer_cv,train,2,2,7,,,155,Group 12/152.log,Group 12,Group 12,152.log,OC1=C(SC2=C(C(SC3=C(O)C(SC4=CC(C(C)(C)C)=CC(SC1=C5)=C4OCCCCC6=CN(C7=CC(C8=NC=CC=C8)=NC(C9=CC=CC=N9)=C7)N=N6)=CC(C(C)(C)C)=C3)=CC(C(C)(C)C)=C2)OCCCCC%10=CN(C%11=CC(C%12=NC=CC=C%12)=NC(C%13=CC=CC=N%13)=C%11)N=N%10)C=C5C(C)(C)C
outer_cv,train,2,2,7,,,156,Group 12/153.log,Group 12,Group 12,153.log,CC(C1=CC2=C(OCCC3=CN(C4=CC(C5=NC=CC=C5)=NC(C6=CC=CC=N6)=C4)N=N3)C(SC7=CC(C(C)(C)C)=CC(SC8=CC(C(C)(C)C)=CC(SC9=CC(C(C)(C)C)=CC(S2)=C9OCCC%10=CN(C%11=CC(C%12=NC=CC=C%12)=NC(C%13=CC=CC=N%13)=C%11)N=N%10)=C8OCCC%14=CN(C%15=CC(C%16=NC=CC=C%16)=NC(C%17=CC=CC=N%17)=C%15)N=N%14)=C7OCCC%18=CN(C%19=CC(C%20=NC=CC=C%20)=NC(C%21=CC=CC=N%21)=C%19)N=N%18)=C1)(C)C
outer_cv,train,2,2,7,,,157,Group 12/154.log,Group 12,Group 12,154.log,CC(C1=CC2=C(OCCCCCCCCCCCC)C(SC3=CC(C(C)(C)C)=CC(SC4=CC(C(C)(C)C)=CC(SC5=CC(C(C)(C)C)=CC(S2)=C5OCCC6=CN(C7=CC(C8=NC=CC=C8)=NC(C9=CC=CC=N9)=C7)N=N6)=C4OCCCCCCCCCCCC)=C3OCCC%10=CN(C%11=CC(C%12=NC=CC=C%12)=NC(C%13=CC=CC=N%13)=C%11)N=N%10)=C1)(C)C
outer_cv,train,2,2,7,,,158,Group 12/155.log,Group 12,Group 12,155.log,CC(C1=CC2=C(OCCCCCCCCCCCC)C(SC3=CC(C(C)(C)C)=CC(SC4=CC(C(C)(C)C)=CC(SC5=CC(C(C)(C)C)=CC(S2)=C5OCCCC6=CN(C7=CC(C8=NC=CC=C8)=NC(C9=CC=CC=N9)=C7)N=N6)=C4OCCCCCCCCCCCC)=C3OCCCC%10=CN(C%11=CC(C%12=NC=CC=C%12)=NC(C%13=CC=CC=N%13)=C%11)N=N%10)=C1)(C)C
outer_cv,train,2,2,7,,,159,Group 12/156.log,Group 12,Group 12,156.log,CC(C1=CC2=C(OCCCCCCCCCCCC)C(SC3=CC(C(C)(C)C)=CC(SC4=CC(C(C)(C)C)=CC(SC5=CC(C(C)(C)C)=CC(S2)=C5OCCCCC6=CN(C7=CC(C8=NC=CC=C8)=NC(C9=CC=CC=N9)=C7)N=N6)=C4OCCCCCCCCCCCC)=C3OCCCCC%10=CN(C%11=CC(C%12=NC=CC=C%12)=NC(C%13=CC=CC=N%13)=C%11)N=N%10)=C1)(C)C
outer_cv,train,2,2,7,,,160,Group 12/157.log,Group 12,Group 12,157.log,CC(C1=CC2=C(OCCCCC3=CN(C4=CC(C5=NC=CC=C5)=NC(C6=CC=CC=N6)=C4)N=N3)C(SC7=CC(C(C)(C)C)=CC(SC8=CC(C(C)(C)C)=CC(SC9=CC(C(C)(C)C)=CC(S2)=C9OCCCCC%10=CN(C%11=CC(C%12=NC=CC=C%12)=NC(C%13=CC=CC=N%13)=C%11)N=N%10)=C8OCCCCC%14=CN(C%15=CC(C%16=NC=CC=C%16)=NC(C%17=CC=CC=N%17)=C%15)N=N%14)=C7OCCCCC%18=CN(C%19=CC(C%20=NC=CC=C%20)=NC(C%21=CC=CC=N%21)=C%19)N=N%18)=C1)(C)C
outer_cv,train,2,2,7,,,161,Group 13/158.log,Group 13,Group 13,158.log,CC(C1=CC2=C(OCCOCCO)C(SC3=CC(C(C)(C)C)=CC(SC4=CC(C(C)(C)C)=CC(SC5=CC(C(C)(C)C)=CC(S2)=C5OCCOCCO)=C4OCCOCCO)=C3OCCOCCO)=C1)(C)C
outer_cv,train,2,2,7,,,162,Group 13/159.log,Group 13,Group 13,159.log,CC(C1=CC2=C(OCCOCCO)C(SC3=CC(C(C)(C)C)=CC(SC4=CC(C(C)(C)C)=CC(SC5=CC(C(C)(C)C)=CC(S2)=C5OCCBr)=C4OCCOCCO)=C3OCCBr)=C1)(C)C
outer_cv,train,2,2,7,,,163,Group 13/160.log,Group 13,Group 13,160.log,OC1=C2C=C(C(C)(C)C)C=C1SC3=C(OCCOCCOC4=C(S2)C=C5C(C)(C)C)C(SC6=CC(C(C)(C)C)=CC(SC4=C5)=C6O)=CC(C(C)(C)C)=C3
outer_cv,train,2,2,7,,,164,Group 13/161.log,Group 13,Group 13,161.log,OC1=C2C=C(C(C)(C)C)C=C1SC3=C(OCCOCCOCCOC4=C(S2)C=C5C(C)(C)C)C(SC6=CC(C(C)(C)C)=CC(SC4=C5)=C6O)=CC(C(C)(C)C)=C3
outer_cv,train,2,2,7,,,165,Group 13/162.log,Group 13,Group 13,162.log,OC1=C2C=C(C(C)(C)C)C=C1SC3=C(OCCOCCOCCOCCOC4=C(S2)C=C5C(C)(C)C)C(SC6=CC(C(C)(C)C)=CC(SC4=C5)=C6O)=CC(C(C)(C)C)=C3.C
outer_cv,train,2,2,7,,,166,Group 13/163.log,Group 13,Group 13,163.log,OC1=C2C=C(C(C)(C)C)C=C1SC3=C(OCCOCCOCCOCCOCCOC4=C(S2)C=C5C(C)(C)C)C(SC6=CC(C(C)(C)C)=CC(SC4=C5)=C6O)=CC(C(C)(C)C)=C3.C
outer_cv,train,2,2,7,,,167,Group 13/164.log,Group 13,Group 13,164.log,O=[N+](C1=CC(S2)=C3OCCOCCOCCOCCOC4=C5SC6=C(C2=CC([N+]([O-])=O)=C6)OCCOCCOCCOCCOC7=C(SC3=C1)C=C([N+]([O-])=O)C=C7SC4=CC([N+]([O-])=O)=C5)[O-]
outer_cv,train,2,2,7,,,168,Group 13/165.log,Group 13,Group 13,165.log,CC(C1=CC2=C(OCCOCCOC3=C(SC4=CC(C(C)(C)C)=CC(S2)=C4OCCBr)C=C(C(C)(C)C)C=C3S5)C(SC6=CC(C(C)(C)C)=CC5=C6OCCBr)=C1)(C)C
outer_cv,train,2,2,7,,,169,Group 13/166.log,Group 13,Group 13,166.log,CC(C1=CC2=C(OCCOCCOC3=C(SC4=CC(C(C)(C)C)=CC(S2)=C4OCCCBr)C=C(C(C)(C)C)C=C3S5)C(SC6=CC(C(C)(C)C)=CC5=C6OCCCBr)=C1)(C)C
outer_cv,train,2,2,7,,,170,Group 13/167.log,Group 13,Group 13,167.log,CC(C1=CC2=C(OCCOCCOCCOC3=C(SC4=CC(C(C)(C)C)=CC(S2)=C4OCCBr)C=C(C(C)(C)C)C=C3S5)C(SC6=CC(C(C)(C)C)=CC5=C6OCCBr)=C1)(C)C
outer_cv,train,2,2,7,,,171,Group 13/168.log,Group 13,Group 13,168.log,CC(C1=CC2=C(OCCOCCOCCOC3=C(SC4=CC(C(C)(C)C)=CC(S2)=C4OCCCBr)C=C(C(C)(C)C)C=C3S5)C(SC6=CC(C(C)(C)C)=CC5=C6OCCCBr)=C1)(C)C
outer_cv,train,2,2,7,,,172,Group 13/169.log,Group 13,Group 13,169.log,CC(C1=CC2=C(OCCOCCOCCOCCOC3=C(SC4=CC(C(C)(C)C)=CC(S2)=C4OCCCBr)C=C(C(C)(C)C)C=C3S5)C(SC6=CC(C(C)(C)C)=CC5=C6OCCCBr)=C1)(C)C
outer_cv,train,2,2,7,,,173,Group 13/170.log,Group 13,Group 13,170.log,CC(C1=CC2=C(OCCOCCOCCOCCOCCOC3=C(SC4=CC(C(C)(C)C)=CC(S2)=C4OCCBr)C=C(C(C)(C)C)C=C3S5)C(SC6=CC(C(C)(C)C)=CC5=C6OCCBr)=C1)(C)C
outer_cv,train,2,2,7,,,174,Group 13/171.log,Group 13,Group 13,171.log,CC(C1=CC2=C(OCCOCCOCCOCCOCCOC3=C(SC4=CC(C(C)(C)C)=CC(S2)=C4OCCCBr)C=C(C(C)(C)C)C=C3S5)C(SC6=CC(C(C)(C)C)=CC5=C6OCCCBr)=C1)(C)C
outer_cv,train,2,2,7,,,175,Group 13/172.log,Group 13,Group 13,172.log,CC(C1=CC2=C(OCCOCCOCCOCCOCCOCCOC3=C(SC4=CC(C(C)(C)C)=CC(S2)=C4OCCBr)C=C(C(C)(C)C)C=C3S5)C(SC6=CC(C(C)(C)C)=CC5=C6OCCBr)=C1)(C)C
outer_cv,train,2,2,7,,,176,Group 13/173.log,Group 13,Group 13,173.log,CC(C1=CC2=C(OCCOCCOCCOCCOCCOCCOC3=C(SC4=CC(C(C)(C)C)=CC(S2)=C4OCCCBr)C=C(C(C)(C)C)C=C3S5)C(SC6=CC(C(C)(C)C)=CC5=C6OCCCBr)=C1)(C)C
outer_cv,train,2,2,7,,,177,Group 13/174.log,Group 13,Group 13,174.log,CC(C)(C)C1=CC(SC(C=C2C(C)(C)C)=C3OCCOCCOCCOCCOCCOC(C(S4)=CC(C(C)(C)C)=C5)=C5SC6=C(C7=CC(C(C)(C)C)=C6)OCCCBr)=C(OCCCBr)C(SC8=C(OCCOCCOCCOCCOCCOC9=C(S7)C=C(C(C)(C)C)C=C9SC%10=C(OCCCBr)C4=CC(C(C)(C)C)=C%10)C(SC(C=C(C=C%11SC3=C2)C(C)(C)C)=C%11OCCCBr)=CC(C(C)(C)C)=C8)=C1
outer_cv,train,2,2,7,,,178,Group 13/175.log,Group 13,Group 13,175.log,CC(C1=CC2=C(OCCOCCOCCOC3=C(SC4=CC(C(C)(C)C)=CC(S2)=C4OCCCCCCCCCCCC)C=C(C(C)(C)C)C=C3S5)C(SC6=CC(C(C)(C)C)=CC5=C6OCCCCCCCCCCCC)=C1)(C)C
outer_cv,train,2,2,7,,,179,Group 13/176.log,Group 13,Group 13,176.log,CC(C1=CC2=C(OCCOCCOCCOCCOC3=C(SC4=CC(C(C)(C)C)=CC(S2)=C4OCCCCCCCCCCCC)C=C(C(C)(C)C)C=C3S5)C(SC6=CC(C(C)(C)C)=CC5=C6OCCCCCCCCCCCC)=C1)(C)C
outer_cv,train,2,2,7,,,180,Group 13/177.log,Group 13,Group 13,177.log,CC(C1=CC2=C(OCCOCCOCCOCCOCCOC3=C(SC4=CC(C(C)(C)C)=CC(S2)=C4OCCCCCCCCCCCC)C=C(C(C)(C)C)C=C3S5)C(SC6=CC(C(C)(C)C)=CC5=C6OCCCCCCCCCCCC)=C1)(C)C
outer_cv,train,2,2,7,,,181,Group 13/178.log,Group 13,Group 13,178.log,CC(C1=CC2=C(OCCOCCOCCOC3=C(SC4=CC(C(C)(C)C)=CC(S2)=C4OC)C=C(C(C)(C)C)C=C3S5)C(SC6=CC(C(C)(C)C)=CC5=C6OC)=C1)(C)C
outer_cv,train,2,2,7,,,182,Group 13/179.log,Group 13,Group 13,179.log,CC(C1=CC2=C(OCCOCCOCCOCCOC3=C(SC4=CC(C(C)(C)C)=CC(S2)=C4OC)C=C(C(C)(C)C)C=C3S5)C(SC6=CC(C(C)(C)C)=CC5=C6OC)=C1)(C)C
outer_cv,train,2,2,7,,,183,Group 13/180.log,Group 13,Group 13,180.log,CC(C1=CC2=C(OCCOCCOCCOCCOCCOC3=C(SC4=CC(C(C)(C)C)=CC(S2)=C4OC)C=C(C(C)(C)C)C=C3S5)C(SC6=CC(C(C)(C)C)=CC5=C6OC)=C1)(C)C
outer_cv,train,2,2,7,,,184,Group 14/181.log,Group 14,Group 14,181.log,CC(C)(C1=CC(CC2=C(C(CC(C=C(C=C3C4)C(C)(C)C)=C3OCC#CC(C5=CC=CC=C5)=O)=CC(C(C)(C)C)=C2)OCC#CC(C6=CC=CC=C6)=O)=C(OCC#CC(C7=CC=CC=C7)=O)C(CC8=CC(C(C)(C)C)=CC4=C8OCC#CC(C9=CC=CC=C9)=O)=C1)C
outer_cv,train,2,2,7,,,185,Group 14/182.log,Group 14,Group 14,182.log,CC(C)(C1=CC(CC2=C(C(CC(C=C(C=C3C4)C(C)(C)C)=C3OCC#CC(C5=CC=C(C)C=C5)=O)=CC(C(C)(C)C)=C2)OCC#CC(C6=CC=C(C)C=C6)=O)=C(OCC#CC(C7=CC=C(C)C=C7)=O)C(CC8=CC(C(C)(C)C)=CC4=C8OCC#CC(C9=CC=C(C)C=C9)=O)=C1)C
outer_cv,train,2,2,7,,,186,Group 14/183.log,Group 14,Group 14,183.log,CC(C)(C1=CC(CC2=C(C(CC(C=C(C=C3C4)C(C)(C)C)=C3OCC#CC(C5=CC=C(Cl)C=C5)=O)=CC(C(C)(C)C)=C2)OCC#CC(C6=CC=C(Cl)C=C6)=O)=C(OCC#CC(C7=CC=C(Cl)C=C7)=O)C(CC8=CC(C(C)(C)C)=CC4=C8OCC#CC(C9=CC=C(Cl)C=C9)=O)=C1)C
outer_cv,train,2,2,7,,,187,Group 14/184.log,Group 14,Group 14,184.log,CC(C)(C1=CC(CC2=C(C(CC(C=C(C=C3C4)C(C)(C)C)=C3OCC#CC(C5=CC=C(OC)C=C5)=O)=CC(C(C)(C)C)=C2)OCC#CC(C6=CC=C(OC)C=C6)=O)=C(OCC#CC(C7=CC=C(OC)C=C7)=O)C(CC8=CC(C(C)(C)C)=CC4=C8OCC#CC(C9=CC=C(OC)C=C9)=O)=C1)C
outer_cv,train,2,2,7,,,188,Group 14/185.log,Group 14,Group 14,185.log,CC(C1=CC2=C(OCC#CC(C3=CC=CC=C3)=O)C(CC4=CC(C(C)(C)C)=CC(CC5=CC(C(C)(C)C)=CC(CC6=CC(C(C)(C)C)=CC(C2)=C6OCC#CC(C7=CC=CC=C7)=O)=C5OCC#CC(C8=CC=CC=C8)=O)=C4OCC#CC(C9=CC=CC=C9)=O)=C1)(C)C
outer_cv,train,2,2,7,,,189,Group 14/186.log,Group 14,Group 14,186.log,CC(C1=CC2=C(OCC#CC(C3=CC=C(C)C=C3)=O)C(CC4=CC(C(C)(C)C)=CC(CC5=CC(C(C)(C)C)=CC(CC6=CC(C(C)(C)C)=CC(C2)=C6OCC#CC(C7=CC=C(C)C=C7)=O)=C5OCC#CC(C8=CC=C(C)C=C8)=O)=C4OCC#CC(C9=CC=C(C)C=C9)=O)=C1)(C)C
outer_cv,train,2,2,7,,,190,Group 14/187.log,Group 14,Group 14,187.log,CC(C)(C)C1=CC(CC2=C3)=C(OCC#CC(C4=CC=CC=C4)=O)C(CC5=CC(C(C)(C)C)=CC(CC6=CC(C(C)(C)C)=CC(CC(C=C3C(C)(C)C)=C2OCC#CC(C7=CC=CC=C7)=O)=C6OCC#CC(C8=CC=CC=C8)=O)=C5OCC#CC(C9=CC=CC=C9)=O)=C1
outer_cv,train,2,2,7,,,191,Group 14/188.log,Group 14,Group 14,188.log,CC(C)(C)C1=CC(CC2=C3)=C(OCC#CC(C4=CC=C(C)C=C4)=O)C(CC5=CC(C(C)(C)C)=CC(CC6=CC(C(C)(C)C)=CC(CC(C=C3C(C)(C)C)=C2OCC#CC(C7=CC=C(C)C=C7)=O)=C6OCC#CC(C8=CC=C(C)C=C8)=O)=C5OCC#CC(C9=CC=C(C)C=C9)=O)=C1
outer_cv,train,2,2,7,,,192,Group 14/189.log,Group 14,Group 14,189.log,CC(C)(C)C1=CC(CC2=C3)=C(OCC#CC(C4=CC=C(Cl)C=C4)=O)C(CC5=CC(C(C)(C)C)=CC(CC6=CC(C(C)(C)C)=CC(CC(C=C3C(C)(C)C)=C2OCC#CC(C7=CC=C(Cl)C=C7)=O)=C6OCC#CC(C8=CC=C(Cl)C=C8)=O)=C5OCC#CC(C9=CC=C(Cl)C=C9)=O)=C1
outer_cv,train,2,2,7,,,193,Group 14/190.log,Group 14,Group 14,190.log,CC(C)(C)C1=CC(CC2=C3)=C(OCC#CC(C4=CC=C(OC)C=C4)=O)C(CC5=CC(C(C)(C)C)=CC(CC6=CC(C(C)(C)C)=CC(CC(C=C3C(C)(C)C)=C2OCC#CC(C7=CC=C(OC)C=C7)=O)=C6OCC#CC(C8=CC=C(OC)C=C8)=O)=C5OCC#CC(C9=CC=C(OC)C=C9)=O)=C1
outer_cv,train,2,2,7,,,194,Group 14/191.log,Group 14,Group 14,191.log,CC(C1=CC2=C(OCC#CC(C3=CC=C(Cl)C=C3)=O)C(CC4=CC(C(C)(C)C)=CC(CC5=CC(C(C)(C)C)=CC(CC6=CC(C(C)(C)C)=CC(C2)=C6OCC#CC(C7=CC=C(Cl)C=C7)=O)=C5OCC#CC(C8=CC=C(Cl)C=C8)=O)=C4OCC#CC(C9=CC=C(Cl)C=C9)=O)=C1)(C)C
outer_cv,train,2,2,7,,,195,Group 14/192.log,Group 14,Group 14,192.log,CC(C1=CC2=C(OCC#CC(C3=CC=C(OC)C=C3)=O)C(CC4=CC(C(C)(C)C)=CC(CC5=CC(C(C)(C)C)=CC(CC6=CC(C(C)(C)C)=CC(C2)=C6OCC#CC(C7=CC=C(OC)C=C7)=O)=C5OCC#CC(C8=CC=C(OC)C=C8)=O)=C4OCC#CC(C9=CC=C(OC)C=C9)=O)=C1)(C)C
outer_cv,train,2,2,7,,,196,Group 14/193.log,Group 14,Group 14,193.log,CC(C1=CC2=C(OCC#CC(C3=CC=CC=C3)=O)C(SC4=CC(C(C)(C)C)=CC(SC5=CC(C(C)(C)C)=CC(SC6=CC(C(C)(C)C)=CC(S2)=C6OCC#CC(C7=CC=CC=C7)=O)=C5OCC#CC(C8=CC=CC=C8)=O)=C4OCC#CC(C9=CC=CC=C9)=O)=C1)(C)C
outer_cv,train,2,2,7,,,197,Group 14/194.log,Group 14,Group 14,194.log,CC(C1=CC2=C(OCCC#CC(C3=CC=CC=C3)=O)C(SC4=CC(C(C)(C)C)=CC(SC5=CC(C(C)(C)C)=CC6=C5OCCC#C(C(C7=CC=CC=C7)=O)C(C(C=C8S6)=CC(S2)=C8OCCC#CC(C9=CC=CC=C9)=O)(C)C)=C4OCCC#CC(C%10=CC=CC=C%10)=O)=C1)(C)C
outer_cv,train,2,2,7,,,198,Group 14/195.log,Group 14,Group 14,195.log,CC(C1=CC2=C(OCCCC#CC(C3=CC=CC=C3)=O)C(CC4=CC(C(C)(C)C)=CC(CC5=CC(C(C)(C)C)=CC(CC6=CC(C(C)(C)C)=CC(C2)=C6OCCCC#CC(C7=CC=CC=C7)=O)=C5OCCCC#CC(C8=CC=CC=C8)=O)=C4OCCCC#CC(C9=CC=CC=C9)=O)=C1)(C)C
outer_cv,train,2,2,7,,,199,Group 14/196.log,Group 14,Group 14,196.log,CC(C1=CC2=C(OCCCC#CC(C3=CC=CC=C3)=O)C(SC4=CC(C(C)(C)C)=CC(SC5=CC(C(C)(C)C)=CC(SC6=CC(C(C)(C)C)=CC(S2)=C6OCCCC#CC(C7=CC=CC=C7)=O)=C5OCCCC#CC(C8=CC=CC=C8)=O)=C4OCCCC#CC(C9=CC=CC=C9)=O)=C1)(C)C
outer_cv,train,2,2,7,,,200,Group 14/197.log,Group 14,Group 14,197.log,CC(C1=CC2=C(OCCCCC#CC(C3=CC=CC=C3)=O)C(SC4=CC(C(C)(C)C)=CC(SC5=CC(C(C)(C)C)=CC(SC6=CC(C(C)(C)C)=CC(S2)=C6OCCCCC#CC(C7=CC=CC=C7)=O)=C5OCCCCC#CC(C8=CC=CC=C8)=O)=C4OCCCCC#CC(C9=CC=CC=C9)=O)=C1)(C)C
outer_cv,train,2,2,7,,,201,Group 15/198.log,Group 15,Group 15,198.log,CC(C)(C)C1=CC(SC2=C3)=C(OCO)C(SC4=CC(C(C)(C)C)=CC(SC5=CC(C(C)(C)C)=CC(SC(C=C3C(C)(C)C)=C2OCC(O)=O)=C5OCC(O)=O)=C4OCC(O)=O)=C1.O=[C]
outer_cv,train,2,2,7,,,202,Group 15/199.log,Group 15,Group 15,199.log,CC(C)(C)C1=CC(CC2=C3)=C(OCO)C(CC4=CC(C(C)(C)C)=CC(CC5=CC(C(C)(C)C)=CC(CC(C=C3C(C)(C)C)=C2OCC(O)=O)=C5OCC(O)=O)=C4OCC(O)=O)=C1.O=[C]
outer_cv,train,2,2,7,,,203,Group 15/200.log,Group 15,Group 15,200.log,CC(C)(C1=CC(CC2=C(C(CC(C=C(C=C3C4)C(C)(C)C)=C3OCC(O)=O)=CC(C(C)(C)C)=C2)OCC(O)=O)=C(OCC(O)=O)C(CC5=CC(C(C)(C)C)=CC4=C5OCC(O)=O)=C1)C
outer_cv,train,2,2,7,,,204,Group 15/201.log,Group 15,Group 15,201.log,CC(C)(C)C1=CC(CC2=C3)=C(OCC(OCC)=O)C(CC4=CC(C(C)(C)C)=CC(CC5=CC(C(C)(C)C)=CC(CC(C=C3C(C)(C)C)=C2OCC(OCC)=O)=C5OCC(OCC)=O)=C4OCC(OCC)=O)=C1
outer_cv,train,2,2,7,,,205,Group 15/202.log,Group 15,Group 15,202.log,OC1=C(SC2=C(C(SC3=C(O)C(SC4=CC(C(C)(C)C)=CC(SC1=C5)=C4OCCN6C(C(OC)=O)=C(C(OC)=O)N=N6)=CC(C(C)(C)C)=C3)=CC(C(C)(C)C)=C2)OCCN7N=NC(C(OC)=O)=C7C(OC)=O)C=C5C(C)(C)C
outer_cv,train,2,2,7,,,206,Group 15/203.log,Group 15,Group 15,203.log,CC(C1=CC2=C(OCCCCCCCCCCCC)C(SC3=CC(C(C)(C)C)=CC(SC4=CC(C(C)(C)C)=CC(SC5=CC(C(C)(C)C)=CC(S2)=C5OCCCN6C(C(OC)=O)=C(C(OC)=O)N=N6)=C4OCCCCCCCCCCCC)=C3OCCCN7N=NC(C(OC)=O)=C7C(OC)=O)=C1)(C)C
outer_cv,train,2,2,7,,,207,Group 15/204.log,Group 15,Group 15,204.log,CC(C1=CC2=C(OCC(OCC)=O)C(CC3=CC(C(C)(C)C)=CC(CC4=CC(C(C)(C)C)=CC(CC5=CC(C(C)(C)C)=CC(C2)=C5OCC(OCC)=O)=C4OCC(OCC)=O)=C3OCC(OCC)=O)=C1)(C)C
outer_cv,train,2,2,7,,,208,Group 15/205.log,Group 15,Group 15,205.log,CC(C)(C1=CC(CC2=C(C(CC(C=C(C=C3C4)C(C)(C)C)=C3OCC(OCC)=O)=CC(C(C)(C)C)=C2)OCC(OCC)=O)=C(OCC(OCC)=O)C(CC5=CC(C(C)(C)C)=CC4=C5OCC(OCC)=O)=C1)C
outer_cv,train,2,2,7,,,209,Group 15/206.log,Group 15,Group 15,206.log,CC(C1=CC2=C(OCC(OCC)=O)C(SC3=CC(C(C)(C)C)=CC(SC4=CC(C(C)(C)C)=CC(SC5=CC(C(C)(C)C)=CC(S2)=C5OCC(OCC)=O)=C4OCC(OCC)=O)=C3OCC(OCC)=O)=C1)(C)C
outer_cv,train,2,2,7,,,210,Group 15/207.log,Group 15,Group 15,207.log,CC(C1=CC2=C(OCC(OC(C)(C)C)=O)C(SC3=CC(C(C)(C)C)=CC(SC4=CC(C(C)(C)C)=CC(SC5=CC(C(C)(C)C)=CC(S2)=C5OCC(OC(C)(C)C)=O)=C4OCC(OC(C)(C)C)=O)=C3OCC(OC(C)(C)C)=O)=C1)(C)C
outer_cv,train,2,2,7,,,223,Group 18/220.log,Group 18,Group 18,220.log,C12=C(C(SC(C=CC=C3S4)=C3OCCOCCOCCOC(C(SC5=CC=CC4=C5OCCCOC6=CC(C7=NC=CC=C7)=NC(C8=CC=CC=N8)=C6)=CC=C9)=C9S2)=CC=C1)OCCCOC%10=CC(C%11=NC=CC=C%11)=NC(C%12=CC=CC=N%12)=C%10
outer_cv,train,2,2,7,,,224,Group 18/221.log,Group 18,Group 18,221.log,CC(C1=CC2=C(OCCOCCOCCOC3=C(SC4=CC(C(C)(C)C)=CC(S2)=C4OCCCOC5=CC(C6=NC=CC=C6)=NC(C7=CC=CC=N7)=C5)C=C(C(C)(C)C)C=C3S8)C(SC9=CC(C(C)(C)C)=CC8=C9OCCCOC%10=CC(C%11=NC=CC=C%11)=NC(C%12=CC=CC=N%12)=C%10)=C1)(C)C
outer_cv,train,2,2,7,,,225,Group 18/222.log,Group 18,Group 18,222.log,CC(C1=CC2=C(OCCOCCOCCOCCOC3=C(SC4=CC(C(C)(C)C)=CC(S2)=C4OCCCOC5=CC(C6=NC=CC=C6)=NC(C7=CC=CC=N7)=C5)C=C(C(C)(C)C)C=C3S8)C(SC9=CC(C(C)(C)C)=CC8=C9OCCCOC%10=CC(C%11=NC=CC=C%11)=NC(C%12=CC=CC=N%12)=C%10)=C1)(C)C
outer_cv,train,2,2,7,,,226,Group 18/223.log,Group 18,Group 18,223.log,CC(C1=CC2=C(OCCOCCOCCOCCOCCOC3=C(SC4=CC(C(C)(C)C)=CC(S2)=C4OCCCOC5=CC(C6=NC=CC=C6)=NC(C7=CC=CC=N7)=C5)C=C(C(C)(C)C)C=C3S8)C(SC9=CC(C(C)(C)C)=CC8=C9OCCCOC%10=CC(C%11=NC=CC=C%11)=NC(C%12=CC=CC=N%12)=C%10)=C1)(C)C
outer_cv,train,2,2,7,,,227,Group 19/224.log,Group 19,Group 19,224.log,OC1=C(SC2=C(C(SC3=C(O)C(SC4=CC(C(C)(C)C)=CC(SC1=C5)=C4OCCSCCCCCCCC)=CC(C(C)(C)C)=C3)=CC(C(C)(C)C)=C2)OCCSCCCCCCCC)C=C5C(C)(C)C
outer_cv,train,2,2,7,,,228,Group 19/225.log,Group 19,Group 19,225.log,OC1=C(SC2=C(C(SC3=C(O)C(SC4=CC(C(C)(C)C)=CC(SC1=C5)=C4OCCSC)=CC(C(C)(C)C)=C3)=CC(C(C)(C)C)=C2)OCCSC)C=C5C(C)(C)C
outer_cv,train,2,2,7,,,229,Group 19/226.log,Group 19,Group 19,226.log,OC1=C(SC2=C(C(SC3=C(O)C(SC4=CC(C(C)(C)C)=CC(SC1=C5)=C4OCCSCC6=CC=CC=C6)=CC(C(C)(C)C)=C3)=CC(C(C)(C)C)=C2)OCCSCC7=CC=CC=C7)C=C5C(C)(C)C
outer_cv,train,2,2,7,,,230,Group 19/227.log,Group 19,Group 19,227.log,OC1=C(SC2=C(C(SC3=C(O)C(SC4=CC(C(C)(C)C)=CC(SC1=C5)=C4OCCCSCC)=CC(C(C)(C)C)=C3)=CC(C(C)(C)C)=C2)OCCCSCC)C=C5C(C)(C)C
outer_cv,train,2,2,7,,,231,Group 19/228.log,Group 19,Group 19,228.log,OC1=C(CC2=C(C(CC3=C(O)C(C4)=CC=C3)=CC=C2)OCCCS)C=CC=C1CC5=C(OCCCS)C4=CC=C5
outer_cv,train,2,2,7,,,232,Group 19/229.log,Group 19,Group 19,229.log,OC1=C(SC2=C(C(SC3=C(O)C(SC4=CC(C(C)(C)C)=CC(SC1=C5)=C4OCCCSCCSCCS)=CC(C(C)(C)C)=C3)=CC(C(C)(C)C)=C2)O)C=C5C(C)(C)C
outer_cv,train,2,2,7,,,233,Group 19/230.log,Group 19,Group 19,230.log,CC(C1=CC2=C(OCCCS)C(SC3=CC(C(C)(C)C)=CC(SC4=CC(C(C)(C)C)=CC(SC5=CC(C(C)(C)C)=CC(S2)=C5OCCCS)=C4OCCCS)=C3OCCCS)=C1)(C)C
outer_cv,train,2,2,7,,,234,Group 19/231.log,Group 19,Group 19,231.log,CC(C1=CC2=C(OCCCSCC(OC)=O)C(SC3=CC(C(C)(C)C)=CC(SC4=CC(C(C)(C)C)=CC(SC5=CC(C(C)(C)C)=CC(S2)=C5OCCCSCC(OC)=O)=C4OCCCSCC(OC)=O)=C3OCCCSCC(OC)=O)=C1)(C)C
outer_cv,train,2,2,7,,,235,Group 19/232.log,Group 19,Group 19,232.log,CC(C1=CC2=C(OCCCCSCC(OC)=O)C(SC3=CC(C(C)(C)C)=CC(SC4=CC(C(C)(C)C)=CC(SC5=CC(C(C)(C)C)=CC(S2)=C5OCCCCSCC(OC)=O)=C4OCCCCSCC(OC)=O)=C3OCCCCSCC(OC)=O)=C1)(C)C
outer_cv,train,2,2,7,,,236,Group 19/233.log,Group 19,Group 19,233.log,CC(C1=CC2=C(OCCCCCSCC(OC)=O)C(SC3=CC(C(C)(C)C)=CC(SC4=CC(C(C)(C)C)=CC(SC5=CC(C(C)(C)C)=CC(S2)=C5OCCCCCSCC(OC)=O)=C4OCCCCCSCC(OC)=O)=C3OCCCCCSCC(OC)=O)=C1)(C)C
outer_cv,train,2,2,7,,,237,Group 19/234.log,Group 19,Group 19,234.log,CC(C1=CC2=C(OCCOCCO)C(SC3=CC(C(C)(C)C)=CC(SC4=CC(C(C)(C)C)=CC(SC5=CC(C(C)(C)C)=CC(S2)=C5OCCSCC(OC)=O)=C4OCCOCCO)=C3OCCSCC(OC)=O)=C1)(C)C
outer_cv,train,2,2,7,,,238,Group 19/235.log,Group 19,Group 19,235.log,OC1=C(SC2=C(C(SC3=C(O)C(SC4=CC(C(C)(C)C)=CC(SC1=C5)=C4OCCSC(C)=O)=CC(C(C)(C)C)=C3)=CC(C(C)(C)C)=C2)OCCSC(C)=O)C=C5C(C)(C)C
outer_cv,train,2,2,7,,,239,Group 19/236.log,Group 19,Group 19,236.log,OC1=C(SC2=C(C(SC3=C(O)C(SC4=CC(C(C)(C)C)=CC(SC1=C5)=C4OCCCSC(C)=O)=CC(C(C)(C)C)=C3)=CC(C(C)(C)C)=C2)OCCCSC(C)=O)C=C5C(C)(C)C
outer_cv,train,2,2,7,,,240,Group 19/237.log,Group 19,Group 19,237.log,CC(C1=CC2=C(OCCSCCCCCCCC)C(SC3=CC(C(C)(C)C)=CC(SC4=CC(C(C)(C)C)=CC(SC5=CC(C(C)(C)C)=CC(S2)=C5OCCC#C)=C4OCCSCCCCCCCC)=C3OCCC#C)=C1)(C)C
outer_cv,train,2,2,7,,,241,Group 19/238.log,Group 19,Group 19,238.log,CC(C1=CC2=C(OCCSCCCCCCCC)C(SC3=CC(C(C)(C)C)=CC(SC4=CC(C(C)(C)C)=CC(SC5=CC(C(C)(C)C)=CC(S2)=C5OCCCC#C)=C4OCCSCCCCCCCC)=C3OCCCC#C)=C1)(C)C
outer_cv,train,2,2,7,,,242,Group 19/239.log,Group 19,Group 19,239.log,CC(C1=CC2=C(OCCSCCCCCCCC)C(SC3=CC(C(C)(C)C)=CC(SC4=CC(C(C)(C)C)=CC(SC5=CC(C(C)(C)C)=CC(S2)=C5OCCCCC#C)=C4OCCSCCCCCCCC)=C3OCCCCC#C)=C1)(C)C
outer_cv,train,2,2,7,,,243,Group 19/240.log,Group 19,Group 19,240.log,CC(C1=CC2=C(OCCSCCCCCCCC)C(SC3=CC(C(C)(C)C)=CC(SC4=CC(C(C)(C)C)=CC(SC5=CC(C(C)(C)C)=CC(S2)=C5OCCCBr)=C4OCCSCCCCCCCC)=C3OCCCBr)=C1)(C)C
outer_cv,train,2,2,7,,,244,Group 19/241.log,Group 19,Group 19,241.log,CC(C1=CC2=C(OCCSCCCCCCCC)C(SC3=CC(C(C)(C)C)=CC(SC4=CC(C(C)(C)C)=CC(SC5=CC(C(C)(C)C)=CC(S2)=C5OCCCN=[N+]=[N-])=C4OCCSCCCCCCCC)=C3OCCCN=[N+]=[N-])=C1)(C)C
outer_cv,train,2,2,7,,,245,Group 19/242.log,Group 19,Group 19,242.log,CC(C1=CC2=C(OCCSCCCCCCCC)C(SC3=CC(C(C)(C)C)=CC(SC4=CC(C(C)(C)C)=CC(SC5=CC(C(C)(C)C)=CC(S2)=C5OCCCN6C(C(OC)=O)=C(C(OC)=O)N=N6)=C4OCCSCCCCCCCC)=C3OCCCN7N=NC(C(OC)=O)=C7C(OC)=O)=C1)(C)C
outer_cv,train,2,2,7,,,246,Group 19/243.log,Group 19,Group 19,243.log,OC1=C(SC2=C(C(SC3=C(O)C(SC4=CC(C(C)(C)C)=CC(SC1=C5)=C4OCCCBr)=CC(C(C)(C)C)=C3)=CC(C(C)(C)C)=C2)OCCCSC(C)=O)C=C5C(C)(C)C
outer_cv,train,2,2,7,,,247,Group 20/244.log,Group 20,Group 20,244.log,BrCCCOC1=C2C=CC=C1SC3=CC=CC4=C3OCCSCCSCCOC5=C(SC6=CC=CC(S4)=C6OCCCBr)C=CC=C5S2
outer_cv,train,2,2,7,,,248,Group 20/245.log,Group 20,Group 20,245.log,CC(C1=CC2=C(OCCSCCSCCOC3=C(SC4=CC(C(C)(C)C)=CC(S2)=C4OCCCBr)C=C(C(C)(C)C)C=C3S5)C(SC6=CC(C(C)(C)C)=CC5=C6OCCCBr)=C1)(C)C
outer_cv,train,2,2,7,,,249,Group 20/246.log,Group 20,Group 20,246.log,CC(C1=CC2=C(OCCSCCSCCOC3=C(SC4=CC(C(C)(C)C)=CC(S2)=C4OCCCCCCCCCCCC)C=C(C(C)(C)C)C=C3S5)C(SC6=CC(C(C)(C)C)=CC5=C6OCCCCCCCCCCCC)=C1)(C)C
outer_cv,train,2,2,7,,,250,Group 20/247.log,Group 20,Group 20,247.log,CC(C1=CC2=C(OCCCSCCOCCSCCCOC3=C(SC4=CC(C(C)(C)C)=CC(S2)=C4OCCCCCCCCCCCC)C=C(C(C)(C)C)C=C3S5)C(SC6=CC(C(C)(C)C)=CC5=C6OCCCCCCCCCCCC)=C1)(C)C
outer_cv,train,2,2,7,,,251,Group 20/248.log,Group 20,Group 20,248.log,CC(C1=CC2=C(OCCCSCCSCCSCCCOC3=C(SC4=CC(C(C)(C)C)=CC(S2)=C4OCCCCCCCCCCCC)C=C(C(C)(C)C)C=C3S5)C(SC6=CC(C(C)(C)C)=CC5=C6OCCCCCCCCCCCC)=C1)(C)C
outer_cv,train,2,2,7,,,258,Group 22/255.log,Group 22,Group 22,255.log,CC(C1=CC2=C(OCCOCCOCCOC3=C(SC4=CC(C(C)(C)C)=CC(S2)=C4OCCSC(C)=O)C=C(C(C)(C)C)C=C3S5)C(SC6=CC(C(C)(C)C)=CC5=C6OCCSC(C)=O)=C1)(C)C
outer_cv,train,2,2,7,,,259,Group 22/256.log,Group 22,Group 22,256.log,CC(C1=CC2=C(OCCOCCOCCOC3=C(SC4=CC(C(C)(C)C)=CC(S2)=C4OCCCSC(C)=O)C=C(C(C)(C)C)C=C3S5)C(SC6=CC(C(C)(C)C)=CC5=C6OCCCSC(C)=O)=C1)(C)C
outer_cv,train,2,2,7,,,260,Group 22/257.log,Group 22,Group 22,257.log,CC(C1=CC2=C(OCCOCCOCCOC3=C(SC4=CC(C(C)(C)C)=CC(S2)=C4OCCSC)C=C(C(C)(C)C)C=C3S5)C(SC6=CC(C(C)(C)C)=CC5=C6OCCSC)=C1)(C)C
outer_cv,train,2,2,7,,,261,Group 22/258.log,Group 22,Group 22,258.log,CC(C1=CC2=C(OCCOCCOCCOC3=C(SC4=CC(C(C)(C)C)=CC(S2)=C4OCCSCC5=CC=CC=C5)C=C(C(C)(C)C)C=C3S6)C(SC7=CC(C(C)(C)C)=CC6=C7OCCSCC8=CC=CC=C8)=C1)(C)C
outer_cv,train,2,2,7,,,262,Group 22/259.log,Group 22,Group 22,259.log,CC(C1=CC2=C(OCCOCCOCCOC3=C(SC4=CC(C(C)(C)C)=CC(S2)=C4OCCCSCC)C=C(C(C)(C)C)C=C3S5)C(SC6=CC(C(C)(C)C)=CC5=C6OCCCSCC)=C1)(C)C
outer_cv,train,2,2,7,,,263,Group 22/260.log,Group 22,Group 22,260.log,CC(C1=CC2=C(OCCOCCOCCOCCOC3=C(SC4=CC(C(C)(C)C)=CC(S2)=C4OCCSCC5=CC=CC=C5)C=C(C(C)(C)C)C=C3S6)C(SC7=CC(C(C)(C)C)=CC6=C7OCCSCC8=CC=CC=C8)=C1)(C)C
outer_cv,train,2,2,7,,,264,Group 22/261.log,Group 22,Group 22,261.log,CC(C1=CC2=C(OCCOCCOCCOCCOC3=C(SC4=CC(C(C)(C)C)=CC(S2)=C4OCCCSCC)C=C(C(C)(C)C)C=C3S5)C(SC6=CC(C(C)(C)C)=CC5=C6OCCCSCC)=C1)(C)C
outer_cv,train,2,2,7,,,265,Group 22/262.log,Group 22,Group 22,262.log,CC(C1=CC2=C(OCCOCCOC3=C(SC4=CC(C(C)(C)C)=CC(S2)=C4OCCCSC(C)=O)C=C(C(C)(C)C)C=C3S5)C(SC6=CC(C(C)(C)C)=CC5=C6OCCCSC(C)=O)=C1)(C)C
outer_cv,valid,2,2,7,,,11,Group 2/12.log,Group 2,Group 2,12.log,OC1=C(SC2=C(C(SC3=C(O)C(SC4=CC(C(C)(C)C)=CC(SC1=C5)=C4O[Si](C)(C(C)(C)C)C)=CC(C(C)(C)C)=C3)=CC(C(C)(C)C)=C2)O[Si](C)(C)C(C)(C)C)C=C5C(C)(C)C
outer_cv,valid,2,2,7,,,12,Group 2/13.log,Group 2,Group 2,13.log,OC1=C(SC2=C(C(SC3=C(O)C(S4)=CC=C3)=CC=C2)O[Si](C)(C)C(C)(C)C)C=CC=C1SC5=C(O[Si](C)(C(C)(C)C)C)C4=CC=C5
outer_cv,valid,2,2,7,,,13,Group 2/14.log,Group 2,Group 2,14.log,OC1=C(SC2=C(C(SC3=C(O)C(SC4=CC(Br)=CC(SC1=C5)=C4O[Si](C)(C(C)(C)C)C)=CC(Br)=C3)=CC(Br)=C2)O[Si](C)(C)C(C)(C)C)C=C5Br
outer_cv,valid,2,2,7,,,14,Group 2/15.log,Group 2,Group 2,15.log,OC1=C(SC2=C(C(SC3=C(O)C(S4)=CC=C3)=CC=C2)OS(C(F)(F)F)(=O)=O)C=CC=C1SC5=C(OS(=O)(C(F)(F)F)=O)C4=CC=C5
outer_cv,valid,2,2,7,,,71,Group 7/68.log,Group 7,Group 7,68.log,OC1=C(CC2=C(C(CC3=C(O)C(CC4=CC(/N=N/C5=CC=C([N+]([O-])=O)C=C5)=CC(CC1=C6)=C4O)=CC(/N=N/C7=CC=C([N+]([O-])=O)C=C7)=C3)=CC(/N=N/C8=CC=C([N+]([O-])=O)C=C8)=C2)O)C=C6/N=N/C9=CC=C([N+]([O-])=O)C=C9
outer_cv,valid,2,2,7,,,72,Group 7/69.log,Group 7,Group 7,69.log,OC1=C(SC2=C(C(SC3=C(O)C(SC4=CC(/N=N/C5=CC=C([N+]([O-])=O)C=C5)=CC(SC1=C6)=C4O)=CC(/N=N/C7=CC=C([N+]([O-])=O)C=C7)=C3)=CC(/N=N/C8=CC=C([N+]([O-])=O)C=C8)=C2)O)C=C6/N=N/C9=CC=C([N+]([O-])=O)C=C9
outer_cv,valid,2,2,7,,,73,Group 7/70.log,Group 7,Group 7,70.log,OC1=C(SC2=C(C(SC3=C(O)C(SC4=CC(/N=N/C5=CC=C([N+]([O-])=O)C=C5)=CC(SC1=C6)=C4OCCCBr)=CC(/N=N/C7=CC=C([N+]([O-])=O)C=C7)=C3)=CC(/N=N/C8=CC=C([N+]([O-])=O)C=C8)=C2)OCCCBr)C=C6/N=N/C9=CC=C([N+]([O-])=O)C=C9
outer_cv,valid,2,2,7,,,74,Group 7/71.log,Group 7,Group 7,71.log,OC1=C(SC2=C(C(SC3=C(O)C(SC4=CC(C(C)(C)C)=CC(SC1=C5)=C4OCCCOC6=CC=C(/N=N/C7=CC=C([N+]([O-])=O)C=C7)C=C6)=CC(C(C)(C)C)=C3)=CC(C(C)(C)C)=C2)OCCCOC8=CC=C(/N=N/C9=CC=C([N+]([O-])=O)C=C9)C=C8)C=C5C(C)(C)C
outer_cv,valid,2,2,7,,,75,Group 7/72.log,Group 7,Group 7,72.log,OC(C=C1)=CC=C1/N=N/C2=CC=C([N+]([O-])=O)C=C2
outer_cv,valid,2,2,7,,,76,Group 7/73.log,Group 7,Group 7,73.log,OCCCOC(C=C1)=CC=C1/N=N/C2=CC=C([N+]([O-])=O)C=C2
outer_cv,valid,2,2,7,,,77,Group 7/74.log,Group 7,Group 7,74.log,CCCCCCCCOC(C=C1)=CC=C1/N=N/C2=CC=C([N+]([O-])=O)C=C2
outer_cv,valid,2,2,7,,,78,Group 7/75.log,Group 7,Group 7,75.log,OCCN(CC)C(C=C1)=CC=C1/N=N/C2=CC=C([N+]([O-])=O)C=C2
outer_cv,valid,2,2,7,,,127,Group 11/124.log,Group 11,Group 11,124.log,CC(C1=CC2=C(OCC3=CN(CCOC(C(SC(C=C4C(C)(C)C)=C5O)=C6)=C(C=C6C(C)(C)C)SC7=C(O)C(SC(C=C(C=C8SC5=C4)C(C)(C)C)=C8O)=CC(C(C)(C)C)=C7)N=N3)C(SC9=CC(C(C)(C)C)=CC(SC%10=CC(C(C)(C)C)=CC(SC%11=CC(C(C)(C)C)=CC(S2)=C%11OCC%12=CN(CCOC%13=C(SC%14=C%15)C=C(C(C)(C)C)C=C%13SC%16=CC(C(C)(C)C)=CC(SC%17=CC(C(C)(C)C)=CC(SC(C=C%15C(C)(C)C)=C%14O)=C%17O)=C%16O)N=N%12)=C%10OCC%18=CN(CCOC%19=C(C=C(C=C%19SC%20=C%21)C(C)(C)C)SC%22=CC(C(C)(C)C)=CC(SC%23=C(O)C(SC(C=C%21C(C)(C)C)=C%20O)=CC(C(C)(C)C)=C%23)=C%22O)N=N%18)=C9OCC%24=CN(CCOC%25=C(SC(C=C%26C(C)(C)C)=C%27O)C=C(C(C)(C)C)C=C%25SC%28=C(O)C(SC%29=CC(C(C)(C)C)=CC(SC%27=C%26)=C%29O)=CC(C(C)(C)C)=C%28)N=N%24)=C1)(C)C
outer_cv,valid,2,2,7,,,128,Group 11/125.log,Group 11,Group 11,125.log,CC(C1=CC2=C(OCC3=CN(CCCOC(C(SC(C=C4C(C)(C)C)=C5O)=C6)=C(C=C6C(C)(C)C)SC7=C(O)C(SC(C=C(C=C8SC5=C4)C(C)(C)C)=C8O)=CC(C(C)(C)C)=C7)N=N3)C(SC9=CC(C(C)(C)C)=CC(SC%10=CC(C(C)(C)C)=CC(SC%11=CC(C(C)(C)C)=CC(S2)=C%11OCC%12=CN(CCCOC%13=C(SC%14=C%15)C=C(C(C)(C)C)C=C%13SC%16=CC(C(C)(C)C)=CC(SC%17=CC(C(C)(C)C)=CC(SC(C=C%15C(C)(C)C)=C%14O)=C%17O)=C%16O)N=N%12)=C%10OCC%18=CN(CCCOC%19=C(C=C(C=C%19SC%20=C%21)C(C)(C)C)SC%22=CC(C(C)(C)C)=CC(SC%23=C(O)C(SC(C=C%21C(C)(C)C)=C%20O)=CC(C(C)(C)C)=C%23)=C%22O)N=N%18)=C9OCC%24=CN(CCCOC%25=C(SC(C=C%26C(C)(C)C)=C%27O)C=C(C(C)(C)C)C=C%25SC%28=C(O)C(SC%29=CC(C(C)(C)C)=CC(SC%27=C%26)=C%29O)=CC(C(C)(C)C)=C%28)N=N%24)=C1)(C)C
outer_cv,valid,2,2,7,,,129,Group 11/126.log,Group 11,Group 11,126.log,CC(C1=CC(SC2=C(O)C(SC(C=C(C=C3SC4=C5)C(C)(C)C)=C3O)=CC(C(C)(C)C)=C2)=C(OCCN6N=NC(CCOC(C(SC7=CC(C(C)(C)C)=CC(SC8=CC(C(C)(C)C)=CC(S9)=C8OCCC%10=CN(CCOC%11=C(C=C(C=C%11SC%12=C%13)C(C)(C)C)SC%14=CC(C(C)(C)C)=CC(SC%15=C(O)C(SC(C=C%13C(C)(C)C)=C%12O)=CC(C(C)(C)C)=C%15)=C%14O)N=N%10)=C7OCCC%16=CN(CCOC%17=C(SC(C=C%18C(C)(C)C)=C%19O)C=C(C(C)(C)C)C=C%17SC%20=C(O)C(SC%21=CC(C(C)(C)C)=CC(SC%19=C%18)=C%21O)=CC(C(C)(C)C)=C%20)N=N%16)=CC(C(C)(C)C)=C%22)=C%22SC%23=C(C9=CC(C(C)(C)C)=C%23)OCCC%24=CN(CCOC%25=C(SC%26=C%27)C=C(C(C)(C)C)C=C%25SC%28=CC(C(C)(C)C)=CC(SC%29=CC(C(C)(C)C)=CC(SC(C=C%27C(C)(C)C)=C%26O)=C%29O)=C%28O)N=N%24)=C6)C(SC(C=C5C(C)(C)C)=C4O)=C1)(C)C
outer_cv,valid,2,2,7,,,130,Group 11/127.log,Group 11,Group 11,127.log,OC1=C(SC2=C3)C=C(C(C)(C)C)C=C1SC4=CC(C(C)(C)C)=CC(SC5=CC(C(C)(C)C)=CC(SC(C=C3C(C)(C)C)=C2O)=C5OCCCN(N=N6)C=C6CCOC7=C(SC8=CC(C(C)(C)C)=CC(SC9=CC(C(C)(C)C)=CC(S%10)=C9OCCC%11=CN(CCCOC%12=C(SC%13=C%14)C=C(C(C)(C)C)C=C%12SC%15=CC(C(C)(C)C)=CC(SC%16=CC(C(C)(C)C)=CC(SC(C=C%14C(C)(C)C)=C%13O)=C%16O)=C%15O)N=N%11)=C8OCCC%17=CN(CCCOC%18=C(C=C(C=C%18SC%19=C%20)C(C)(C)C)SC%21=CC(C(C)(C)C)=CC(SC%22=C(O)C(SC(C=C%20C(C)(C)C)=C%19O)=CC(C(C)(C)C)=C%22)=C%21O)N=N%17)C=C(C(C)(C)C)C=C7SC%23=CC(C(C)(C)C)=CC%10=C%23OCCC%24=CN(CCCOC%25=C(C=C%26C(C)(C)C)SC%27=C(O)C(SC%28=C(O)C(SC%29=CC(C(C)(C)C)=CC(SC%25=C%26)=C%29O)=CC(C(C)(C)C)=C%28)=CC(C(C)(C)C)=C%27)N=N%24)=C4O
outer_cv,valid,2,2,7,,,131,Group 11/128.log,Group 11,Group 11,128.log,CC(C1=CC2=C(OCCCC3=CN(CCOC4=C(C=C5C(C)(C)C)SC6=C(O)C(SC7=C(O)C(SC8=CC(C(C)(C)C)=CC(SC4=C5)=C8O)=CC(C(C)(C)C)=C7)=CC(C(C)(C)C)=C6)N=N3)C(SC9=CC(C(C)(C)C)=CC(SC%10=CC(C(C)(C)C)=CC(SC%11=CC(C(C)(C)C)=CC(S2)=C%11OCCCC%12=CN(CCOC%13=C(SC%14=C%15)C=C(C(C)(C)C)C=C%13SC%16=CC(C(C)(C)C)=CC(SC%17=CC(C(C)(C)C)=CC(SC(C=C%15C(C)(C)C)=C%14O)=C%17O)=C%16O)N=N%12)=C%10OCCCC%18=CN(CCOC%19=C(C=C(C=C%19SC%20=C%21)C(C)(C)C)SC%22=CC(C(C)(C)C)=CC(SC%23=C(O)C(SC(C=C%21C(C)(C)C)=C%20O)=CC(C(C)(C)C)=C%23)=C%22O)N=N%18)=C9OCCCC%24=CN(CCOC%25=C(SC(C=C%26C(C)(C)C)=C%27O)C=C(C(C)(C)C)C=C%25SC%28=C(O)C(SC%29=CC(C(C)(C)C)=CC(SC%27=C%26)=C%29O)=CC(C(C)(C)C)=C%28)N=N%24)=C1)(C)C
outer_cv,valid,2,2,7,,,132,Group 11/129.log,Group 11,Group 11,129.log,CC(C1=CC2=C(OCCCC3=CN(CCCOC4=C(C=C5C(C)(C)C)SC6=C(O)C(SC7=C(O)C(SC8=CC(C(C)(C)C)=CC(SC4=C5)=C8O)=CC(C(C)(C)C)=C7)=CC(C(C)(C)C)=C6)N=N3)C(SC9=CC(C(C)(C)C)=CC(SC%10=CC(C(C)(C)C)=CC(SC%11=CC(C(C)(C)C)=CC(S2)=C%11OCCCC%12=CN(CCCOC%13=C(SC%14=C%15)C=C(C(C)(C)C)C=C%13SC%16=CC(C(C)(C)C)=CC(SC%17=CC(C(C)(C)C)=CC(SC(C=C%15C(C)(C)C)=C%14O)=C%17O)=C%16O)N=N%12)=C%10OCCCC%18=CN(CCCOC%19=C(C=C(C=C%19SC%20=C%21)C(C)(C)C)SC%22=CC(C(C)(C)C)=CC(SC%23=C(O)C(SC(C=C%21C(C)(C)C)=C%20O)=CC(C(C)(C)C)=C%23)=C%22O)N=N%18)=C9OCCCC%24=CN(CCCOC%25=C(SC(C=C%26C(C)(C)C)=C%27O)C=C(C(C)(C)C)C=C%25SC%28=C(O)C(SC%29=CC(C(C)(C)C)=CC(SC%27=C%26)=C%29O)=CC(C(C)(C)C)=C%28)N=N%24)=C1)(C)C
outer_cv,valid,2,2,7,,,133,Group 11/130.log,Group 11,Group 11,130.log,CC(C1=CC2=C(OCCCCC3=CN(CCOC(C(SC(C=C4C(C)(C)C)=C5O)=C6)=C(C=C6C(C)(C)C)SC7=C(O)C(SC(C=C(C=C8SC5=C4)C(C)(C)C)=C8O)=CC(C(C)(C)C)=C7)N=N3)C(SC9=CC(C(C)(C)C)=CC(SC%10=CC(C(C)(C)C)=CC(SC%11=CC(C(C)(C)C)=CC(S2)=C%11OCCCCC%12=CN(CCOC%13=C(SC%14=C%15)C=C(C(C)(C)C)C=C%13SC%16=CC(C(C)(C)C)=CC(SC%17=CC(C(C)(C)C)=CC(SC(C=C%15C(C)(C)C)=C%14O)=C%17O)=C%16O)N=N%12)=C%10OCCCCC%18=CN(CCOC%19=C(C=C(C=C%19SC%20=C%21)C(C)(C)C)SC%22=CC(C(C)(C)C)=CC(SC%23=C(O)C(SC(C=C%21C(C)(C)C)=C%20O)=CC(C(C)(C)C)=C%23)=C%22O)N=N%18)=C9OCCCCC%24=CN(CCOC%25=C(SC(C=C%26C(C)(C)C)=C%27O)C=C(C(C)(C)C)C=C%25SC%28=C(O)C(SC%29=CC(C(C)(C)C)=CC(SC%27=C%26)=C%29O)=CC(C(C)(C)C)=C%28)N=N%24)=C1)(C)C
outer_cv,valid,2,2,7,,,134,Group 11/131.log,Group 11,Group 11,131.log,CC(C1=CC2=C(OCCCCC3=CN(CCCOC(C(SC(C=C4C(C)(C)C)=C5O)=C6)=C(C=C6C(C)(C)C)SC7=C(O)C(SC(C=C(C=C8SC5=C4)C(C)(C)C)=C8O)=CC(C(C)(C)C)=C7)N=N3)C(SC9=CC(C(C)(C)C)=CC(SC%10=CC(C(C)(C)C)=CC(SC%11=CC(C(C)(C)C)=CC(S2)=C%11OCCCCC%12=CN(CCCOC%13=C(SC%14=C%15)C=C(C(C)(C)C)C=C%13SC%16=CC(C(C)(C)C)=CC(SC%17=CC(C(C)(C)C)=CC(SC(C=C%15C(C)(C)C)=C%14O)=C%17O)=C%16O)N=N%12)=C%10OCCCCC%18=CN(CCCOC%19=C(C=C(C=C%19SC%20=C%21)C(C)(C)C)SC%22=CC(C(C)(C)C)=CC(SC%23=C(O)C(SC(C=C%21C(C)(C)C)=C%20O)=CC(C(C)(C)C)=C%23)=C%22O)N=N%18)=C9OCCCCC%24=CN(CCCOC%25=C(SC(C=C%26C(C)(C)C)=C%27O)C=C(C(C)(C)C)C=C%25SC%28=C(O)C(SC%29=CC(C(C)(C)C)=CC(SC%27=C%26)=C%29O)=CC(C(C)(C)C)=C%28)N=N%24)=C1)(C)C
outer_cv,valid,2,2,7,,,135,Group 11/132.log,Group 11,Group 11,132.log,CC(C1=CC(SC2=C(O)C(SC(C=C(C=C3SC4=C5)C(C)(C)C)=C3O)=CC(C(C)(C)C)=C2)=C(OCC6=CN(N=N6)CCOC(C(SC7=CC(C(C)(C)C)=CC(SC8=CC(C(C)(C)C)=CC(S9)=C8OCCN%10C=C(COC%11=C(C=C(C=C%11SC%12=C%13)C(C)(C)C)SC%14=CC(C(C)(C)C)=CC(SC%15=C(O)C(SC(C=C%13C(C)(C)C)=C%12O)=CC(C(C)(C)C)=C%15)=C%14O)N=N%10)=C7OCCN%16C=C(COC%17=C(SC(C=C%18C(C)(C)C)=C%19O)C=C(C(C)(C)C)C=C%17SC%20=C(O)C(SC%21=CC(C(C)(C)C)=CC(SC%19=C%18)=C%21O)=CC(C(C)(C)C)=C%20)N=N%16)=CC(C(C)(C)C)=C%22)=C%22SC%23=C(C9=CC(C(C)(C)C)=C%23)OCCN%24N=NC(COC%25=C(SC%26=C%27)C=C(C(C)(C)C)C=C%25SC%28=CC(C(C)(C)C)=CC(SC%29=CC(C(C)(C)C)=CC(SC(C=C%27C(C)(C)C)=C%26O)=C%29O)=C%28O)=C%24)C(SC(C=C5C(C)(C)C)=C4O)=C1)(C)C
outer_cv,valid,2,2,7,,,136,Group 11/133.log,Group 11,Group 11,133.log,CC(C1=CC(SC2=C(O)C(SC(C=C(C=C3SC4=C5)C(C)(C)C)=C3O)=CC(C(C)(C)C)=C2)=C(OCCC6=CN(N=N6)CCOC(C(SC7=CC(C(C)(C)C)=CC(SC8=CC(C(C)(C)C)=CC(S9)=C8OCCN%10C=C(CCOC%11=C(C=C(C=C%11SC%12=C%13)C(C)(C)C)SC%14=CC(C(C)(C)C)=CC(SC%15=C(O)C(SC(C=C%13C(C)(C)C)=C%12O)=CC(C(C)(C)C)=C%15)=C%14O)N=N%10)=C7OCCN%16C=C(CCOC%17=C(SC(C=C%18C(C)(C)C)=C%19O)C=C(C(C)(C)C)C=C%17SC%20=C(O)C(SC%21=CC(C(C)(C)C)=CC(SC%19=C%18)=C%21O)=CC(C(C)(C)C)=C%20)N=N%16)=CC(C(C)(C)C)=C%22)=C%22SC%23=C(C9=CC(C(C)(C)C)=C%23)OCCN%24N=NC(CCOC%25=C(SC%26=C%27)C=C(C(C)(C)C)C=C%25SC%28=CC(C(C)(C)C)=CC(SC%29=CC(C(C)(C)C)=CC(SC(C=C%27C(C)(C)C)=C%26O)=C%29O)=C%28O)=C%24)C(SC(C=C5C(C)(C)C)=C4O)=C1)(C)C
outer_cv,valid,2,2,7,,,137,Group 11/134.log,Group 11,Group 11,134.log,OC1=C(SC2=C3)C=C(C(C)(C)C)C=C1SC4=CC(C(C)(C)C)=CC(SC5=CC(C(C)(C)C)=CC(SC(C=C3C(C)(C)C)=C2O)=C5OCCCC(N=N6)=CN6CCOC7=C(SC8=CC(C(C)(C)C)=CC(SC9=CC(C(C)(C)C)=CC(S%10)=C9OCCN%11N=NC(CCCOC%12=C(SC%13=C%14)C=C(C(C)(C)C)C=C%12SC%15=CC(C(C)(C)C)=CC(SC%16=CC(C(C)(C)C)=CC(SC(C=C%14C(C)(C)C)=C%13O)=C%16O)=C%15O)=C%11)=C8OCCN%17C=C(CCCOC%18=C(C=C(C=C%18SC%19=C%20)C(C)(C)C)SC%21=CC(C(C)(C)C)=CC(SC%22=C(O)C(SC(C=C%20C(C)(C)C)=C%19O)=CC(C(C)(C)C)=C%22)=C%21O)N=N%17)C=C(C(C)(C)C)C=C7SC%23=CC(C(C)(C)C)=CC%10=C%23OCCN%24N=NC(CCCOC%25=C(C=C%26C(C)(C)C)SC%27=C(O)C(SC%28=C(O)C(SC%29=CC(C(C)(C)C)=CC(SC%25=C%26)=C%29O)=CC(C(C)(C)C)=C%28)=CC(C(C)(C)C)=C%27)=C%24)=C4O
outer_cv,valid,2,2,7,,,138,Group 11/135.log,Group 11,Group 11,135.log,OC1=C(SC2=C3)C=C(C(C)(C)C)C=C1SC4=CC(C(C)(C)C)=CC(SC5=CC(C(C)(C)C)=CC(SC(C=C3C(C)(C)C)=C2O)=C5OCCCCC(N=N6)=CN6CCOC7=C(SC8=CC(C(C)(C)C)=CC(SC9=CC(C(C)(C)C)=CC(S%10)=C9OCCN%11N=NC(CCCCOC%12=C(SC%13=C%14)C=C(C(C)(C)C)C=C%12SC%15=CC(C(C)(C)C)=CC(SC%16=CC(C(C)(C)C)=CC(SC(C=C%14C(C)(C)C)=C%13O)=C%16O)=C%15O)=C%11)=C8OCCN%17C=C(CCCCOC%18=C(C=C(C=C%18SC%19=C%20)C(C)(C)C)SC%21=CC(C(C)(C)C)=CC(SC%22=C(O)C(SC(C=C%20C(C)(C)C)=C%19O)=CC(C(C)(C)C)=C%22)=C%21O)N=N%17)C=C(C(C)(C)C)C=C7SC%23=CC(C(C)(C)C)=CC%10=C%23OCCN%24N=NC(CCCCOC%25=C(C=C%26C(C)(C)C)SC%27=C(O)C(SC%28=C(O)C(SC%29=CC(C(C)(C)C)=CC(SC%25=C%26)=C%29O)=CC(C(C)(C)C)=C%28)=CC(C(C)(C)C)=C%27)=C%24)=C4O
outer_cv,valid,2,2,7,,,139,Group 11/136.log,Group 11,Group 11,136.log,CC(C1=CC2=C(OCCCN3C=C(COC4=C(C=C5C(C)(C)C)SC6=C(O)C(SC7=C(O)C(SC8=CC(C(C)(C)C)=CC(SC4=C5)=C8O)=CC(C(C)(C)C)=C7)=CC(C(C)(C)C)=C6)N=N3)C(SC9=CC(C(C)(C)C)=CC(SC%10=CC(C(C)(C)C)=CC(SC%11=CC(C(C)(C)C)=CC(S2)=C%11OCCCN%12C=C(COC%13=C(SC%14=C%15)C=C(C(C)(C)C)C=C%13SC%16=CC(C(C)(C)C)=CC(SC%17=CC(C(C)(C)C)=CC(SC(C=C%15C(C)(C)C)=C%14O)=C%17O)=C%16O)N=N%12)=C%10OCCCN%18N=NC(COC%19=C(C=C(C=C%19SC%20=C%21)C(C)(C)C)SC%22=CC(C(C)(C)C)=CC(SC%23=C(O)C(SC(C=C%21C(C)(C)C)=C%20O)=CC(C(C)(C)C)=C%23)=C%22O)=C%18)=C9OCCCN%24N=NC(COC%25=C(SC(C=C%26C(C)(C)C)=C%27O)C=C(C(C)(C)C)C=C%25SC%28=C(O)C(SC%29=CC(C(C)(C)C)=CC(SC%27=C%26)=C%29O)=CC(C(C)(C)C)=C%28)=C%24)=C1)(C)C
outer_cv,valid,2,2,7,,,140,Group 11/137.log,Group 11,Group 11,137.log,CC(C1=CC2=C(OCCCN3C=C(CCOC4=C(C=C5C(C)(C)C)SC6=C(O)C(SC7=C(O)C(SC8=CC(C(C)(C)C)=CC(SC4=C5)=C8O)=CC(C(C)(C)C)=C7)=CC(C(C)(C)C)=C6)N=N3)C(SC9=CC(C(C)(C)C)=CC(SC%10=CC(C(C)(C)C)=CC(SC%11=CC(C(C)(C)C)=CC(S2)=C%11OCCCN%12C=C(CCOC%13=C(SC%14=C%15)C=C(C(C)(C)C)C=C%13SC%16=CC(C(C)(C)C)=CC(SC%17=CC(C(C)(C)C)=CC(SC(C=C%15C(C)(C)C)=C%14O)=C%17O)=C%16O)N=N%12)=C%10OCCCN%18N=NC(CCOC%19=C(C=C(C=C%19SC%20=C%21)C(C)(C)C)SC%22=CC(C(C)(C)C)=CC(SC%23=C(O)C(SC(C=C%21C(C)(C)C)=C%20O)=CC(C(C)(C)C)=C%23)=C%22O)=C%18)=C9OCCCN%24N=NC(CCOC%25=C(SC(C=C%26C(C)(C)C)=C%27O)C=C(C(C)(C)C)C=C%25SC%28=C(O)C(SC%29=CC(C(C)(C)C)=CC(SC%27=C%26)=C%29O)=CC(C(C)(C)C)=C%28)=C%24)=C1)(C)C
outer_cv,valid,2,2,7,,,141,Group 11/138.log,Group 11,Group 11,138.log,CC(C1=CC2=C(OCCCN3C=C(CCCOC4=C(C=C5C(C)(C)C)SC6=C(O)C(SC7=C(O)C(SC8=CC(C(C)(C)C)=CC(SC4=C5)=C8O)=CC(C(C)(C)C)=C7)=CC(C(C)(C)C)=C6)N=N3)C(SC9=CC(C(C)(C)C)=CC(SC%10=CC(C(C)(C)C)=CC(SC%11=CC(C(C)(C)C)=CC(S2)=C%11OCCCN%12C=C(CCCOC%13=C(SC%14=C%15)C=C(C(C)(C)C)C=C%13SC%16=CC(C(C)(C)C)=CC(SC%17=CC(C(C)(C)C)=CC(SC(C=C%15C(C)(C)C)=C%14O)=C%17O)=C%16O)N=N%12)=C%10OCCCN%18N=NC(CCCOC%19=C(C=C(C=C%19SC%20=C%21)C(C)(C)C)SC%22=CC(C(C)(C)C)=CC(SC%23=C(O)C(SC(C=C%21C(C)(C)C)=C%20O)=CC(C(C)(C)C)=C%23)=C%22O)=C%18)=C9OCCCN%24N=NC(CCCOC%25=C(SC(C=C%26C(C)(C)C)=C%27O)C=C(C(C)(C)C)C=C%25SC%28=C(O)C(SC%29=CC(C(C)(C)C)=CC(SC%27=C%26)=C%29O)=CC(C(C)(C)C)=C%28)=C%24)=C1)(C)C
outer_cv,valid,2,2,7,,,142,Group 11/139.log,Group 11,Group 11,139.log,CC(C1=CC2=C(OCCCN3C=C(CCCCOC4=C(C=C5C(C)(C)C)SC6=C(O)C(SC7=C(O)C(SC8=CC(C(C)(C)C)=CC(SC4=C5)=C8O)=CC(C(C)(C)C)=C7)=CC(C(C)(C)C)=C6)N=N3)C(SC9=CC(C(C)(C)C)=CC(SC%10=CC(C(C)(C)C)=CC(SC%11=CC(C(C)(C)C)=CC(S2)=C%11OCCCN%12C=C(CCCCOC%13=C(SC%14=C%15)C=C(C(C)(C)C)C=C%13SC%16=CC(C(C)(C)C)=CC(SC%17=CC(C(C)(C)C)=CC(SC(C=C%15C(C)(C)C)=C%14O)=C%17O)=C%16O)N=N%12)=C%10OCCCN%18N=NC(CCCCOC%19=C(C=C(C=C%19SC%20=C%21)C(C)(C)C)SC%22=CC(C(C)(C)C)=CC(SC%23=C(O)C(SC(C=C%21C(C)(C)C)=C%20O)=CC(C(C)(C)C)=C%23)=C%22O)=C%18)=C9OCCCN%24N=NC(CCCCOC%25=C(S)C=C(C(C)(C)C)C=C%25SC%26=C(O)C(SC%27=CC(C(C)(C)C)=CC(SC%28=CC(C(C)(C)C)=CC=C%28O)=C%27O)=CC(C(C)(C)C)=C%26)=C%24)=C1)(C)C
outer_cv,valid,2,2,7,,,143,Group 11/140.log,Group 11,Group 11,140.log,CC(C1=CC2=C(OCCCCN3N=NC(COC(C(SC(C=C4C(C)(C)C)=C5O)=C6)=C(C=C6C(C)(C)C)SC7=C(O)C(SC(C=C(C=C8SC5=C4)C(C)(C)C)=C8O)=CC(C(C)(C)C)=C7)=C3)C(SC9=CC(C(C)(C)C)=CC(SC%10=CC(C(C)(C)C)=CC(SC%11=CC(C(C)(C)C)=CC(S2)=C%11OCCCCN%12N=NC(COC%13=C(SC%14=C%15)C=C(C(C)(C)C)C=C%13SC%16=CC(C(C)(C)C)=CC(SC%17=CC(C(C)(C)C)=CC(SC(C=C%15C(C)(C)C)=C%14O)=C%17O)=C%16O)=C%12)=C%10OCCCCN%18C=C(COC%19=C(C=C(C=C%19SC%20=C%21)C(C)(C)C)SC%22=CC(C(C)(C)C)=CC(SC%23=C(O)C(SC(C=C%21C(C)(C)C)=C%20O)=CC(C(C)(C)C)=C%23)=C%22O)N=N%18)=C9OCCCCN%24C=C(COC%25=C(SC(C=C%26C(C)(C)C)=C%27O)C=C(C(C)(C)C)C=C%25SC%28=C(O)C(SC%29=CC(C(C)(C)C)=CC(SC%27=C%26)=C%29O)=CC(C(C)(C)C)=C%28)N=N%24)=C1)(C)C
outer_cv,valid,2,2,7,,,144,Group 11/141.log,Group 11,Group 11,141.log,CC(C1=CC2=C(OCCCCN3N=NC(CCOC(C(SC(C=C4C(C)(C)C)=C5O)=C6)=C(C=C6C(C)(C)C)SC7=C(O)C(SC(C=C(C=C8SC5=C4)C(C)(C)C)=C8O)=CC(C(C)(C)C)=C7)=C3)C(SC9=CC(C(C)(C)C)=CC(SC%10=CC(C(C)(C)C)=CC(SC%11=CC(C(C)(C)C)=CC(S2)=C%11OCCCCN%12N=NC(CCOC%13=C(SC%14=C%15)C=C(C(C)(C)C)C=C%13SC%16=CC(C(C)(C)C)=CC(SC%17=CC(C(C)(C)C)=CC(SC(C=C%15C(C)(C)C)=C%14O)=C%17O)=C%16O)=C%12)=C%10OCCCCN%18C=C(CCOC%19=C(C=C(C=C%19SC%20=C%21)C(C)(C)C)SC%22=CC(C(C)(C)C)=CC(SC%23=C(O)C(SC(C=C%21C(C)(C)C)=C%20O)=CC(C(C)(C)C)=C%23)=C%22O)N=N%18)=C9OCCCCN%24C=C(CCOC%25=C(SC(C=C%26C(C)(C)C)=C%27O)C=C(C(C)(C)C)C=C%25SC%28=C(O)C(SC%29=CC(C(C)(C)C)=CC(SC%27=C%26)=C%29O)=CC(C(C)(C)C)=C%28)N=N%24)=C1)(C)C
outer_cv,valid,2,2,7,,,145,Group 11/142.log,Group 11,Group 11,142.log,CC(C1=CC2=C(OCCCCN3N=NC(CCCOC(C(SC(C=C4C(C)(C)C)=C5O)=C6)=C(C=C6C(C)(C)C)SC7=C(O)C(SC(C=C(C=C8SC5=C4)C(C)(C)C)=C8O)=CC(C(C)(C)C)=C7)=C3)C(SC9=CC(C(C)(C)C)=CC(SC%10=CC(C(C)(C)C)=CC(SC%11=CC(C(C)(C)C)=CC(S2)=C%11OCCCCN%12N=NC(CCCOC%13=C(SC%14=C%15)C=C(C(C)(C)C)C=C%13SC%16=CC(C(C)(C)C)=CC(SC%17=CC(C(C)(C)C)=CC(SC(C=C%15C(C)(C)C)=C%14O)=C%17O)=C%16O)=C%12)=C%10OCCCCN%18C=C(CCCOC%19=C(C=C(C=C%19SC%20=C%21)C(C)(C)C)SC%22=CC(C(C)(C)C)=CC(SC%23=C(O)C(SC(C=C%21C(C)(C)C)=C%20O)=CC(C(C)(C)C)=C%23)=C%22O)N=N%18)=C9OCCCCN%24C=C(CCCOC%25=C(SC(C=C%26C(C)(C)C)=C%27O)C=C(C(C)(C)C)C=C%25SC%28=C(O)C(SC%29=CC(C(C)(C)C)=CC(SC%27=C%26)=C%29O)=CC(C(C)(C)C)=C%28)N=N%24)=C1)(C)C
outer_cv,valid,2,2,7,,,146,Group 11/143.log,Group 11,Group 11,143.log,CC(C1=CC2=C(OCCCCN3N=NC(CCCCOC(C(SC(C=C4C(C)(C)C)=C5O)=C6)=C(C=C6C(C)(C)C)SC7=C(O)C(SC(C=C(C=C8SC5=C4)C(C)(C)C)=C8O)=CC(C(C)(C)C)=C7)=C3)C(SC9=CC(C(C)(C)C)=CC(SC%10=CC(C(C)(C)C)=CC(SC%11=CC(C(C)(C)C)=CC(S2)=C%11OCCCCN%12N=NC(CCCCOC%13=C(SC%14=C%15)C=C(C(C)(C)C)C=C%13SC%16=CC(C(C)(C)C)=CC(SC%17=CC(C(C)(C)C)=CC(SC(C=C%15C(C)(C)C)=C%14O)=C%17O)=C%16O)=C%12)=C%10OCCCCN%18C=C(CCCCOC%19=C(C=C(C=C%19SC%20=C%21)C(C)(C)C)SC%22=CC(C(C)(C)C)=CC(SC%23=C(O)C(SC(C=C%21C(C)(C)C)=C%20O)=CC(C(C)(C)C)=C%23)=C%22O)N=N%18)=C9OCCCCN%24C=C(CCCCOC%25=C(SC(C=C%26C(C)(C)C)=C%27O)C=C(C(C)(C)C)C=C%25SC%28=C(O)C(SC%29=CC(C(C)(C)C)=CC(SC%27=C%26)=C%29O)=CC(C(C)(C)C)=C%28)N=N%24)=C1)(C)C
outer_cv,valid,2,2,7,,,147,Group 11/144.log,Group 11,Group 11,144.log,CC(C1=CC2=C(OCCCCCN3N=NC(COC(C(SC(C=C4C(C)(C)C)=C5O)=C6)=C(C=C6C(C)(C)C)SC7=C(O)C(SC(C=C(C=C8SC5=C4)C(C)(C)C)=C8O)=CC(C(C)(C)C)=C7)=C3)C(SC9=CC(C(C)(C)C)=CC(SC%10=CC(C(C)(C)C)=CC(SC%11=CC(C(C)(C)C)=CC(S2)=C%11OCCCCCN%12N=NC(COC%13=C(SC%14=C%15)C=C(C(C)(C)C)C=C%13SC%16=CC(C(C)(C)C)=CC(SC%17=CC(C(C)(C)C)=CC(SC(C=C%15C(C)(C)C)=C%14O)=C%17O)=C%16O)=C%12)=C%10OCCCCCN%18C=C(COC%19=C(C=C(C=C%19SC%20=C%21)C(C)(C)C)SC%22=CC(C(C)(C)C)=CC(SC%23=C(O)C(SC(C=C%21C(C)(C)C)=C%20O)=CC(C(C)(C)C)=C%23)=C%22O)N=N%18)=C9OCCCCCN%24C=C(COC%25=C(SC(C=C%26C(C)(C)C)=C%27O)C=C(C(C)(C)C)C=C%25SC%28=C(O)C(SC%29=CC(C(C)(C)C)=CC(SC%27=C%26)=C%29O)=CC(C(C)(C)C)=C%28)N=N%24)=C1)(C)C
outer_cv,valid,2,2,7,,,148,Group 11/145.log,Group 11,Group 11,145.log,CC(C1=CC2=C(OCCCCCN3N=NC(CCOC4=C(C=C5C(C)(C)C)SC6=C(O)C(SC7=C(O)C(SC8=CC(C(C)(C)C)=CC(SC4=C5)=C8O)=CC(C(C)(C)C)=C7)=CC(C(C)(C)C)=C6)=C3)C(SC9=CC(C(C)(C)C)=CC(SC%10=CC(C(C)(C)C)=CC(SC%11=CC(C(C)(C)C)=CC(S2)=C%11OCCCCCN%12N=NC(CCOC%13=C(SC%14=C%15)C=C(C(C)(C)C)C=C%13SC%16=CC(C(C)(C)C)=CC(SC%17=CC(C(C)(C)C)=CC(SC(C=C%15C(C)(C)C)=C%14O)=C%17O)=C%16O)=C%12)=C%10OCCCCCN%18C=C(CCOC%19=C(C=C(C=C%19SC%20=C%21)C(C)(C)C)SC%22=CC(C(C)(C)C)=CC(SC%23=C(O)C(SC(C=C%21C(C)(C)C)=C%20O)=CC(C(C)(C)C)=C%23)=C%22O)N=N%18)=C9OCCCCCN%24C=C(CCOC%25=C(SC(C=C%26C(C)(C)C)=C%27O)C=C(C(C)(C)C)C=C%25SC%28=C(O)C(SC%29=CC(C(C)(C)C)=CC(SC%27=C%26)=C%29O)=CC(C(C)(C)C)=C%28)N=N%24)=C1)(C)C
outer_cv,valid,2,2,7,,,149,Group 11/146.log,Group 11,Group 11,146.log,CC(C1=CC2=C(OCCCCCN3N=NC(CCCOC4=C(C=C5C(C)(C)C)SC6=C(O)C(SC7=C(O)C(SC8=CC(C(C)(C)C)=CC(SC4=C5)=C8O)=CC(C(C)(C)C)=C7)=CC(C(C)(C)C)=C6)=C3)C(SC9=CC(C(C)(C)C)=CC(SC%10=CC(C(C)(C)C)=CC(SC%11=CC(C(C)(C)C)=CC(S2)=C%11OCCCCCN%12N=NC(CCCOC%13=C(SC%14=C%15)C=C(C(C)(C)C)C=C%13SC%16=CC(C(C)(C)C)=CC(SC%17=CC(C(C)(C)C)=CC(SC(C=C%15C(C)(C)C)=C%14O)=C%17O)=C%16O)=C%12)=C%10OCCCCCN%18C=C(CCCOC%19=C(C=C(C=C%19SC%20=C%21)C(C)(C)C)SC%22=CC(C(C)(C)C)=CC(SC%23=C(O)C(SC(C=C%21C(C)(C)C)=C%20O)=CC(C(C)(C)C)=C%23)=C%22O)N=N%18)=C9OCCCCCN%24C=C(CCCOC%25=C(SC(C=C%26C(C)(C)C)=C%27O)C=C(C(C)(C)C)C=C%25SC%28=C(O)C(SC%29=CC(C(C)(C)C)=CC(SC%27=C%26)=C%29O)=CC(C(C)(C)C)=C%28)N=N%24)=C1)(C)C
outer_cv,valid,2,2,7,,,150,Group 11/147.log,Group 11,Group 11,147.log,OC1=C(SC2=C3)C=C(C(C)(C)C)C=C1SC4=CC(C(C)(C)C)=CC(SC5=CC(C(C)(C)C)=CC(SC(C=C3C(C)(C)C)=C2O)=C5OCCCCC(N=N6)=CN6CCCCCOC7=C(SC8=CC(C(C)(C)C)=CC(SC9=CC(C(C)(C)C)=CC(S%10)=C9OCCCCCN%11N=NC(CCCCOC%12=C(SC%13=C%14)C=C(C(C)(C)C)C=C%12SC%15=CC(C(C)(C)C)=CC(SC%16=CC(C(C)(C)C)=CC(SC(C=C%14C(C)(C)C)=C%13O)=C%16O)=C%15O)=C%11)=C8OCCCCCN%17C=C(CCCCOC%18=C(C=C(C=C%18SC%19=C%20)C(C)(C)C)SC%21=CC(C(C)(C)C)=CC(SC%22=C(O)C(SC(C=C%20C(C)(C)C)=C%19O)=CC(C(C)(C)C)=C%22)=C%21O)N=N%17)C=C(C(C)(C)C)C=C7SC%23=CC(C(C)(C)C)=CC%10=C%23OCCCCCN%24N=NC(CCCCOC%25=C(C=C%26C(C)(C)C)SC%27=C(O)C(SC%28=C(O)C(SC%29=CC(C(C)(C)C)=CC(SC%25=C%26)=C%29O)=CC(C(C)(C)C)=C%28)=CC(C(C)(C)C)=C%27)=C%24)=C4O
outer_cv,valid,2,2,7,,,211,Group 16/208.log,Group 16,Group 16,208.log,OC1=C(SC2=C(C(SC3=C(O)C(SC4=CC(C(C)(C)C)=CC(SC1=C5)=C4OCCN6C(C(C=CC=C7)=C7C6=O)=O)=CC(C(C)(C)C)=C3)=CC(C(C)(C)C)=C2)OCCN8C(C(C=CC=C9)=C9C8=O)=O)C=C5C(C)(C)C
outer_cv,valid,2,2,7,,,212,Group 16/209.log,Group 16,Group 16,209.log,OC1=C(SC2=C(C(SC3=C(O)C(SC4=CC(C(C)(C)C)=CC(SC1=C5)=C4OCCCN6C(C(C=CC=C7)=C7C6=O)=O)=CC(C(C)(C)C)=C3)=CC(C(C)(C)C)=C2)OCCCN8C(C(C=CC=C9)=C9C8=O)=O)C=C5C(C)(C)C
outer_cv,valid,2,2,7,,,213,Group 16/210.log,Group 16,Group 16,210.log,OC1=C(CC2=C(C(CC3=C(O)C(CC4=CC(C(C)(C)C)=CC(CC1=C5)=C4OCC(N6CCOCC6)=O)=CC(C(C)(C)C)=C3)=CC(C(C)(C)C)=C2)OCC(N7CCOCC7)=O)C=C5C(C)(C)C
outer_cv,valid,2,2,7,,,214,Group 16/211.log,Group 16,Group 16,211.log,CC(C1=CC2=C(OCCOCCOCCOCCOCCOC3=C(SC4=CC(C(C)(C)C)=CC(S2)=C4OCCN5C(C(C=CC=C6)C6C5=O)=O)C=C(C(C)(C)C)C=C3S7)C(SC8=CC(C(C)(C)C)=CC7=C8OCCN9C(C(C=CC=C%10)C%10C9=O)=O)=C1)(C)C
outer_cv,valid,2,2,7,,,215,Group 16/212.log,Group 16,Group 16,212.log,CC(C1=CC2=C(OCCOCCOCCOCCOCCOC3=C(SC4=CC(C(C)(C)C)=CC(S2)=C4OCCCN5C(C(C=CC=C6)=C6C5=O)=O)C=C(C(C)(C)C)C=C3S7)C(SC8=CC(C(C)(C)C)=CC7=C8OCCCN9C(C(C=CC=C%10)=C%10C9=O)=O)=C1)(C)C
outer_cv,valid,2,2,7,,,216,Group 16/213.log,Group 16,Group 16,213.log,OC1=C(CC2=C(C(CC3=C(O)C(CC4=CC(C(C)(C)C)=CC(CC1=C5)=C4OCC(N6CCOCCOCCOCC6)=O)=CC(C(C)(C)C)=C3)=CC(C(C)(C)C)=C2)OCC(N7CCOCCOCCOCC7)=O)C=C5C(C)(C)C
outer_cv,valid,2,2,7,,,217,Group 16/214.log,Group 16,Group 16,214.log,OC1=C(CC2=C(C(CC3=C(O)C(CC4=CC(C(C)(C)C)=CC(CC1=C5)=C4OCC(N6CCOCCOCCOCCOCC6)=O)=CC(C(C)(C)C)=C3)=CC(C(C)(C)C)=C2)OCC(N7CCOCCOCCOCCOCC7)=O)C=C5C(C)(C)C
outer_cv,valid,2,2,7,,,218,Group 16/215.log,Group 16,Group 16,215.log,OC1=C(CC2=C(C(CC3=C(O)C(CC4=CC(C(C)(C)C)=CC(CC1=C5)=C4OCC(N6CCOCCOCCOCCOCCOCC6)=O)=CC(C(C)(C)C)=C3)=CC(C(C)(C)C)=C2)OCC(N7CCOCCOCCOCCOCCOCC7)=O)C=C5C(C)(C)C
outer_cv,valid,2,2,7,,,219,Group 16/216.log,Group 16,Group 16,216.log,OC1=C(CC2=CC(C(C)(C)C)=CC(CC(C=C3C(C)(C)C)=C4OCC(N5CCOCCOCCOCC5)=O)=C2OCC(N6CCOCCOCCOCC6)=O)C=C(C(C)(C)C)C=C1CC7=CC(C(C)(C)C)=CC(CC4=C3)=C7OCC(N8CCOCCOCCOCC8)=O
outer_cv,valid,2,2,7,,,220,Group 16/217.log,Group 16,Group 16,217.log,CC(C)(C)C1=CC(CC2=C3)=C(OCC(N4CCOCCOCCOCC4)=O)C(CC5=CC(C(C)(C)C)=CC(CC6=CC(C(C)(C)C)=CC(CC(C=C3C(C)(C)C)=C2OCC(N7CCOCCOCCOCC7)=O)=C6OCC(N8CCOCCOCCOCC8)=O)=C5OCC(N9CCOCCOCCOCC9)=O)=C1
outer_cv,train,2,3,8,,,11,Group 2/12.log,Group 2,Group 2,12.log,OC1=C(SC2=C(C(SC3=C(O)C(SC4=CC(C(C)(C)C)=CC(SC1=C5)=C4O[Si](C)(C(C)(C)C)C)=CC(C(C)(C)C)=C3)=CC(C(C)(C)C)=C2)O[Si](C)(C)C(C)(C)C)C=C5C(C)(C)C
outer_cv,train,2,3,8,,,12,Group 2/13.log,Group 2,Group 2,13.log,OC1=C(SC2=C(C(SC3=C(O)C(S4)=CC=C3)=CC=C2)O[Si](C)(C)C(C)(C)C)C=CC=C1SC5=C(O[Si](C)(C(C)(C)C)C)C4=CC=C5
outer_cv,train,2,3,8,,,13,Group 2/14.log,Group 2,Group 2,14.log,OC1=C(SC2=C(C(SC3=C(O)C(SC4=CC(Br)=CC(SC1=C5)=C4O[Si](C)(C(C)(C)C)C)=CC(Br)=C3)=CC(Br)=C2)O[Si](C)(C)C(C)(C)C)C=C5Br
outer_cv,train,2,3,8,,,14,Group 2/15.log,Group 2,Group 2,15.log,OC1=C(SC2=C(C(SC3=C(O)C(S4)=CC=C3)=CC=C2)OS(C(F)(F)F)(=O)=O)C=CC=C1SC5=C(OS(=O)(C(F)(F)F)=O)C4=CC=C5
outer_cv,train,2,3,8,,,26,Group 4/27.log,Group 4,Group 4,27.log,CC(C)(C)C1=CC(CC2=C3)=C(OCC#C)C(CC4=CC(C(C)(C)C)=CC(CC5=CC(C(C)(C)C)=CC(CC(C=C3C(C)(C)C)=C2OCC#C)=C5OCC#C)=C4OCC#C)=C1
outer_cv,train,2,3,8,,,27,Group 4/28.log,Group 4,Group 4,28.log,CC(C)(C1=CC(CC2=C(C(CC(C=C(C=C3C4)C(C)(C)C)=C3OCC#C)=CC(C(C)(C)C)=C2)OCC#C)=C(OCC#C)C(CC5=CC(C(C)(C)C)=CC4=C5OCC#C)=C1)C
outer_cv,train,2,3,8,,,28,Group 4/29.log,Group 4,Group 4,29.log,CC(C1=CC2=C(OCC#C)C(CC3=CC(C(C)(C)C)=CC(CC4=CC(C(C)(C)C)=CC(CC5=CC(C(C)(C)C)=CC(C2)=C5OCC#C)=C4OCC#C)=C3OCC#C)=C1)(C)C
outer_cv,train,2,3,8,,,29,Group 4/30.log,Group 4,Group 4,30.log,C#CCOC1=C2C=CC=C1CC3=CC=CC(CC4=CC=CC(CC(C=CC=C5C2)=C5OCC#C)=C4OCC#C)=C3OCC#C
outer_cv,train,2,3,8,,,30,Group 4/31.log,Group 4,Group 4,31.log,OC1=C(SC2=C(C(S3)=CC(C(C)(C)C)=C2)OCCC#CC#CCCOC4=C(SC1=C5)C=C(C(C)(C)C)C=C4SC6=CC(C(C)(C)C)=CC3=C6O)C=C5C(C)(C)C
outer_cv,train,2,3,8,,,31,Group 4/32.log,Group 4,Group 4,32.log,OC1=C(CC2=C(C(CC3=C(O)C(CC4=CC(C(C)(C)C)=CC(CC1=C5)=C4OCC=C)=CC(C(C)(C)C)=C3)=CC(C(C)(C)C)=C2)OCC=C)C=C5C(C)(C)C
outer_cv,train,2,3,8,,,32,Group 4/33.log,Group 4,Group 4,33.log,OC1=C(CC2=C(C(CC3=C(O)C(C4)=CC=C3)=CC=C2)OCC=C)C=CC=C1CC5=C(OCC=C)C4=CC=C5
outer_cv,train,2,3,8,,,33,Group 4/34.log,Group 4,Group 4,34.log,OC1=C(SC2=C(C(SC3=C(O)C(SC4=CC(C(C)(C)C)=CC(SC1=C5)=C4OCC=C)=CC(C(C)(C)C)=C3)=CC(C(C)(C)C)=C2)OCC=C)C=C5C(C)(C)C
outer_cv,train,2,3,8,,,34,Group 4/35.log,Group 4,Group 4,35.log,CC(C1=CC2=C(OCC=C)C(SC3=CC(C(C)(C)C)=CC(SC4=CC(C(C)(C)C)=CC(SC5=CC(C(C)(C)C)=CC(S2)=C5OCC=C)=C4OCC=C)=C3OCC=C)=C1)(C)C
outer_cv,train,2,3,8,,,35,Group 4/36.log,Group 4,Group 4,36.log,CC(C1=CC2=C(OCC#C)C(SC3=CC(C(C)(C)C)=CC(SC4=CC(C(C)(C)C)=CC(SC5=CC(C(C)(C)C)=CC(S2)=C5OCC#C)=C4OCC#C)=C3OCC#C)=C1)(C)C
outer_cv,train,2,3,8,,,36,Group 4/36_iso.log,Group 4,Group 4,36_iso.log,CC(C)(C1=CC(SC2=C(C(SC(C=C(C=C3S4)C(C)(C)C)=C3OCC#C)=CC(C(C)(C)C)=C2)OCC#C)=C(OCC#C)C(SC5=CC(C(C)(C)C)=CC4=C5OCC#C)=C1)C
outer_cv,train,2,3,8,,,37,Group 4/37_iso.log,Group 4,Group 4,37_iso.log,C#CCOC1=C(SC2=CC=CC(S3)=C2OCC#C)C=CC=C1SC4=C(OCC#C)C(SC5=CC=CC3=C5OCC#C)=CC=C4
outer_cv,train,2,3,8,,,38,Group 4/37.log,Group 4,Group 4,37.log,C#CCOC1=C(S2)C=CC=C1SC(C=CC=C3SC4=C(OCC#C)C(SC5=CC=CC2=C5OCC#C)=CC=C4)=C3OCC#C
outer_cv,train,2,3,8,,,39,Group 4/38.log,Group 4,Group 4,38.log,BrC1=CC(SC2=CC(Br)=CC(SC3=C(OCC#C)C(SC4=CC(Br)=CC(SC5=C1)=C4OCC#C)=CC(Br)=C3)=C2OCC#C)=C5OCC#C
outer_cv,train,2,3,8,,,40,Group 4/38_iso.log,Group 4,Group 4,38_iso.log,BrC(C=C1S2)=CC(SC3=CC(Br)=CC(SC4=C(OCC#C)C(SC5=CC(Br)=CC2=C5OCC#C)=CC(Br)=C4)=C3OCC#C)=C1OCC#C
outer_cv,train,2,3,8,,,41,Group 4/39.log,Group 4,Group 4,39.log,OC1=C(SC2=C(C(SC3=C(O)C(SC4=CC(C(C)(C)C)=CC(SC1=C5)=C4OCC#C)=CC(C(C)(C)C)=C3)=CC(C(C)(C)C)=C2)OCC#C)C=C5C(C)(C)C
outer_cv,train,2,3,8,,,42,Group 4/39_iso.log,Group 4,Group 4,39_iso.log,OC(C(SC1=CC(C(C)(C)C)=CC(SC2=CC(C(C)(C)C)=CC(S3)=C2O)=C1OCC#C)=CC(C(C)(C)C)=C4)=C4SC5=C(C3=CC(C(C)(C)C)=C5)OCC#C
outer_cv,train,2,3,8,,,43,Group 4/40.log,Group 4,Group 4,40.log,CC(C)(C)C1=CC(CC2=C3)=C(OCCC#C)C(CC4=CC(C(C)(C)C)=CC(CC5=CC(C(C)(C)C)=CC(CC(C=C3C(C)(C)C)=C2OCCC#C)=C5OCCC#C)=C4OCCC#C)=C1
outer_cv,train,2,3,8,,,44,Group 4/41.log,Group 4,Group 4,41.log,CC(C)(C1=CC(CC2=C(C(CC(C=C(C=C3C4)C(C)(C)C)=C3OCCCC#C)=CC(C(C)(C)C)=C2)OCCCC#C)=C(OCCCC#C)C(CC5=CC(C(C)(C)C)=CC4=C5OCCCC#C)=C1)C
outer_cv,train,2,3,8,,,45,Group 4/42.log,Group 4,Group 4,42.log,CC(C1=CC2=C(OCCCC#C)C(CC3=CC(C(C)(C)C)=CC(CC4=CC(C(C)(C)C)=CC(CC5=CC(C(C)(C)C)=CC(C2)=C5OCCCC#C)=C4OCCCC#C)=C3OCCCC#C)=C1)(C)C
outer_cv,train,2,3,8,,,46,Group 4/43.log,Group 4,Group 4,43.log,CC(C)(C)C1=CC(CC2=C3)=C(OCCCCC#C)C(CC4=CC(C(C)(C)C)=CC(CC5=CC(C(C)(C)C)=CC(CC(C=C3C(C)(C)C)=C2OCCCCC#C)=C5OCCCCC#C)=C4OCCCCC#C)=C1
outer_cv,train,2,3,8,,,47,Group 4/44.log,Group 4,Group 4,44.log,CC(C1=CC2=C(OCCC#C)C(SC3=CC(C(C)(C)C)=CC(SC4=CC(C(C)(C)C)=CC5=C4OCCC#CC(C(C=C6S5)=CC(S2)=C6OCCC#C)(C)C)=C3OCCC#C)=C1)(C)C
outer_cv,train,2,3,8,,,48,Group 4/45.log,Group 4,Group 4,45.log,CC(C1=CC2=C(OCCCC#C)C(SC3=CC(C(C)(C)C)=CC(SC4=CC(C(C)(C)C)=CC(SC5=CC(C(C)(C)C)=CC(S2)=C5OCCCC#C)=C4OCCCC#C)=C3OCCCC#C)=C1)(C)C
outer_cv,train,2,3,8,,,49,Group 4/46.log,Group 4,Group 4,46.log,CC(C1=CC2=C(OCCCCC#C)C(SC3=CC(C(C)(C)C)=CC(SC4=CC(C(C)(C)C)=CC(SC5=CC(C(C)(C)C)=CC(S2)=C5OCCCCC#C)=C4OCCCCC#C)=C3OCCCCC#C)=C1)(C)C
outer_cv,train,2,3,8,,,50,Group 4/47.log,Group 4,Group 4,47.log,OC1=C(SC2=C(C(SC3=C(O)C(SC4=CC(C(C)(C)C)=CC(SC1=C5)=C4OCCC#C)=CC(C(C)(C)C)=C3)=CC(C(C)(C)C)=C2)OCCC#C)C=C5C(C)(C)C
outer_cv,train,2,3,8,,,51,Group 4/48.log,Group 4,Group 4,48.log,OC1=C(SC2=C(C(SC3=C(O)C(SC4=CC(C(C)(C)C)=CC(SC1=C5)=C4OCCCC#C)=CC(C(C)(C)C)=C3)=CC(C(C)(C)C)=C2)OCCCC#C)C=C5C(C)(C)C
outer_cv,train,2,3,8,,,52,Group 4/49.log,Group 4,Group 4,49.log,OC1=C(SC2=C(C(SC3=C(O)C(SC4=CC(C(C)(C)C)=CC(SC1=C5)=C4OCCCCC#C)=CC(C(C)(C)C)=C3)=CC(C(C)(C)C)=C2)OCCCCC#C)C=C5C(C)(C)C
outer_cv,train,2,3,8,,,53,Group 4/50.log,Group 4,Group 4,50.log,OC1=C(SC2=C(C(SC3=C(O)C(SC4=CC(C(C)(C)C)=CC(SC1=C5)=C4OCC#C)=CC(C(C)(C)C)=C3)=CC(C(C)(C)C)=C2)O)C=C5C(C)(C)C
outer_cv,train,2,3,8,,,54,Group 4/51.log,Group 4,Group 4,51.log,OC1=C(SC2=C(C(SC3=C(O)C(SC4=CC(C(C)(C)C)=CC(SC1=C5)=C4OCCC#C)=CC(C(C)(C)C)=C3)=CC(C(C)(C)C)=C2)O)C=C5C(C)(C)C
outer_cv,train,2,3,8,,,55,Group 4/52.log,Group 4,Group 4,52.log,OC1=C(SC2=C(C(SC3=C(O)C(SC4=CC(C(C)(C)C)=CC(SC1=C5)=C4OCCCC#C)=CC(C(C)(C)C)=C3)=CC(C(C)(C)C)=C2)O)C=C5C(C)(C)C
outer_cv,train,2,3,8,,,56,Group 4/53.log,Group 4,Group 4,53.log,OC1=C(SC2=C(C(SC3=C(O)C(SC4=CC(C(C)(C)C)=CC(SC1=C5)=C4OCCCCC#C)=CC(C(C)(C)C)=C3)=CC(C(C)(C)C)=C2)O)C=C5C(C)(C)C
outer_cv,train,2,3,8,,,57,Group 4/54.log,Group 4,Group 4,54.log,OC1=C(CC2=C(C(CC3=C(OCC#C)C(CC4=CC(C(C)(C)C)=CC(CC1=C5)=C4OCC#C)=CC(C(C)(C)C)=C3)=CC(C(C)(C)C)=C2)O)C=C5C(C)(C)C
outer_cv,train,2,3,8,,,58,Group 5/55.log,Group 5,Group 5,55.log,CC(C1=CC2=C(OCCC#C)C(SC3=CC(C(C)(C)C)=CC(SC4=CC(C(C)(C)C)=CC5=C4OCCC#CC(C(C=C6S5)=CC(S2)=C6OCCCCCCCCCCCC)(C)C)=C3OCCCCCCCCCCCC)=C1)(C)C
outer_cv,train,2,3,8,,,59,Group 5/56.log,Group 5,Group 5,56.log,CC(C1=CC2=C(OCCCC#C)C(SC3=CC(C(C)(C)C)=CC(SC4=CC(C(C)(C)C)=CC(SC5=CC(C(C)(C)C)=CC(S2)=C5OCCCCCCCCCCCC)=C4OCCCC#C)=C3OCCCCCCCCCCCC)=C1)(C)C
outer_cv,train,2,3,8,,,60,Group 5/57.log,Group 5,Group 5,57.log,CC(C1=CC2=C(OCCCCC#C)C(SC3=CC(C(C)(C)C)=CC(SC4=CC(C(C)(C)C)=CC(SC5=CC(C(C)(C)C)=CC(S2)=C5OCCCCCCCCCCCC)=C4OCCCCC#C)=C3OCCCCCCCCCCCC)=C1)(C)C
outer_cv,train,2,3,8,,,71,Group 7/68.log,Group 7,Group 7,68.log,OC1=C(CC2=C(C(CC3=C(O)C(CC4=CC(/N=N/C5=CC=C([N+]([O-])=O)C=C5)=CC(CC1=C6)=C4O)=CC(/N=N/C7=CC=C([N+]([O-])=O)C=C7)=C3)=CC(/N=N/C8=CC=C([N+]([O-])=O)C=C8)=C2)O)C=C6/N=N/C9=CC=C([N+]([O-])=O)C=C9
outer_cv,train,2,3,8,,,72,Group 7/69.log,Group 7,Group 7,69.log,OC1=C(SC2=C(C(SC3=C(O)C(SC4=CC(/N=N/C5=CC=C([N+]([O-])=O)C=C5)=CC(SC1=C6)=C4O)=CC(/N=N/C7=CC=C([N+]([O-])=O)C=C7)=C3)=CC(/N=N/C8=CC=C([N+]([O-])=O)C=C8)=C2)O)C=C6/N=N/C9=CC=C([N+]([O-])=O)C=C9
outer_cv,train,2,3,8,,,73,Group 7/70.log,Group 7,Group 7,70.log,OC1=C(SC2=C(C(SC3=C(O)C(SC4=CC(/N=N/C5=CC=C([N+]([O-])=O)C=C5)=CC(SC1=C6)=C4OCCCBr)=CC(/N=N/C7=CC=C([N+]([O-])=O)C=C7)=C3)=CC(/N=N/C8=CC=C([N+]([O-])=O)C=C8)=C2)OCCCBr)C=C6/N=N/C9=CC=C([N+]([O-])=O)C=C9
outer_cv,train,2,3,8,,,74,Group 7/71.log,Group 7,Group 7,71.log,OC1=C(SC2=C(C(SC3=C(O)C(SC4=CC(C(C)(C)C)=CC(SC1=C5)=C4OCCCOC6=CC=C(/N=N/C7=CC=C([N+]([O-])=O)C=C7)C=C6)=CC(C(C)(C)C)=C3)=CC(C(C)(C)C)=C2)OCCCOC8=CC=C(/N=N/C9=CC=C([N+]([O-])=O)C=C9)C=C8)C=C5C(C)(C)C
outer_cv,train,2,3,8,,,75,Group 7/72.log,Group 7,Group 7,72.log,OC(C=C1)=CC=C1/N=N/C2=CC=C([N+]([O-])=O)C=C2
outer_cv,train,2,3,8,,,76,Group 7/73.log,Group 7,Group 7,73.log,OCCCOC(C=C1)=CC=C1/N=N/C2=CC=C([N+]([O-])=O)C=C2
outer_cv,train,2,3,8,,,77,Group 7/74.log,Group 7,Group 7,74.log,CCCCCCCCOC(C=C1)=CC=C1/N=N/C2=CC=C([N+]([O-])=O)C=C2
outer_cv,train,2,3,8,,,78,Group 7/75.log,Group 7,Group 7,75.log,OCCN(CC)C(C=C1)=CC=C1/N=N/C2=CC=C([N+]([O-])=O)C=C2
outer_cv,train,2,3,8,,,79,Group 8/76.log,Group 8,Group 8,76.log,OC1=C(SC2=C(C(SC3=C(O)C(SC4=CC(C(C)(C)C)=CC(SC1=C5)=C4OCCN)=CC(C(C)(C)C)=C3)=CC(C(C)(C)C)=C2)OCCN)C=C5C(C)(C)C
outer_cv,train,2,3,8,,,80,Group 8/77.log,Group 8,Group 8,77.log,OC1=C(SC2=C(C(SC3=C(O)C(SC4=CC(C(C)(C)C)=CC(SC1=C5)=C4OCCCN)=CC(C(C)(C)C)=C3)=CC(C(C)(C)C)=C2)OCCCN)C=C5C(C)(C)C
outer_cv,train,2,3,8,,,81,Group 8/78.log,Group 8,Group 8,78.log,OC1=C(SC2=C(C(SC3=C(O)C(SC4=CC(C(C)(C)C)=CC(SC1=C5)=C4OCCN)=CC(C(C)(C)C)=C3)=CC(C(C)(C)C)=C2)O)C=C5C(C)(C)C
outer_cv,train,2,3,8,,,82,Group 8/79.log,Group 8,Group 8,79.log,OC1=C(SC2=C(C(SC3=C(O)C(SC4=CC(C(C)(C)C)=CC(SC1=C5)=C4OCCCN)=CC(C(C)(C)C)=C3)=CC(C(C)(C)C)=C2)O)C=C5C(C)(C)C
outer_cv,train,2,3,8,,,83,Group 8/80.log,Group 8,Group 8,80.log,OC1=C(SC2=C(C(SC3=C(O)C(SC4=CC(C(C)(C)C)=CC(SC1=C5)=C4OCCN(CC)CC6=CC=CC=C6)=CC(C(C)(C)C)=C3)=CC(C(C)(C)C)=C2)OCCN(CC)CC7=CC=CC=C7)C=C5C(C)(C)C
outer_cv,train,2,3,8,,,84,Group 8/81.log,Group 8,Group 8,81.log,CC(C1=CC2=C(OCCCCCCCCCCCC)C(SC3=CC(C(C)(C)C)=CC(SC4=CC(C(C)(C)C)=CC(SC5=CC(C(C)(C)C)=CC(S2)=C5OCCN)=C4OCCCCCCCCCCCC)=C3OCCN)=C1)(C)C
outer_cv,train,2,3,8,,,85,Group 8/82.log,Group 8,Group 8,82.log,CC(C1=CC2=C(OCCCCCCCCCCCC)C(SC3=CC(C(C)(C)C)=CC(SC4=CC(C(C)(C)C)=CC(SC5=CC(C(C)(C)C)=CC(S2)=C5OCCCN)=C4OCCCCCCCCCCCC)=C3OCCCN)=C1)(C)C
outer_cv,train,2,3,8,,,86,Group 8/83.log,Group 8,Group 8,83.log,CC(C1=CC2=C(OCCCCCCCCCCCC)C(SC3=CC(C(C)(C)C)=CC(SC4=CC(C(C)(C)C)=CC(SC5=CC(C(C)(C)C)=CC(S2)=C5OCCCN=[N+]=[N-])=C4OCCCCCCCCCCCC)=C3OCCCN=[N+]=[N-])=C1)(C)C
outer_cv,train,2,3,8,,,87,Group 8/84.log,Group 8,Group 8,84.log,CC(C1=CC2=C(OCCN=[N+]=[N-])C(SC3=CC(C(C)(C)C)=CC(SC4=CC(C(C)(C)C)=CC(SC5=CC(C(C)(C)C)=CC(S2)=C5OCCN=[N+]=[N-])=C4OCCN=[N+]=[N-])=C3OCCN=[N+]=[N-])=C1)(C)C
outer_cv,train,2,3,8,,,88,Group 8/85.log,Group 8,Group 8,85.log,CC(C1=CC2=C(OCCCN=[N+]=[N-])C(SC3=CC(C(C)(C)C)=CC(SC4=CC(C(C)(C)C)=CC(SC5=CC(C(C)(C)C)=CC(S2)=C5OCCCN=[N+]=[N-])=C4OCCCN=[N+]=[N-])=C3OCCCN=[N+]=[N-])=C1)(C)C
outer_cv,train,2,3,8,,,89,Group 8/86.log,Group 8,Group 8,86.log,CC(C1=CC2=C(OCCCCN=[N+]=[N-])C(SC3=CC(C(C)(C)C)=CC(SC4=CC(C(C)(C)C)=CC(SC5=CC(C(C)(C)C)=CC(S2)=C5OCCCCN=[N+]=[N-])=C4OCCCCN=[N+]=[N-])=C3OCCCCN=[N+]=[N-])=C1)(C)C
outer_cv,train,2,3,8,,,90,Group 8/87.log,Group 8,Group 8,87.log,CC(C1=CC2=C(OCCCCCN=[N+]=[N-])C(SC3=CC(C(C)(C)C)=CC(SC4=CC(C(C)(C)C)=CC(SC5=CC(C(C)(C)C)=CC(S2)=C5OCCCCCN=[N+]=[N-])=C4OCCCCCN=[N+]=[N-])=C3OCCCCCN=[N+]=[N-])=C1)(C)C
outer_cv,train,2,3,8,,,91,Group 8/88.log,Group 8,Group 8,88.log,OC1=C(SC2=C(C(SC3=C(O)C(SC4=CC(C(C)(C)C)=CC(SC1=C5)=C4OCCN=[N+]=[N-])=CC(C(C)(C)C)=C3)=CC(C(C)(C)C)=C2)OCCN=[N+]=[N-])C=C5C(C)(C)C
outer_cv,train,2,3,8,,,92,Group 8/89.log,Group 8,Group 8,89.log,OC1=C(SC2=C(C(SC3=C(O)C(SC4=CC(C(C)(C)C)=CC(SC1=C5)=C4OCCN=[N+]=[N-])=CC(C(C)(C)C)=C3)=CC(C(C)(C)C)=C2)O)C=C5C(C)(C)C
outer_cv,train,2,3,8,,,93,Group 8/90.log,Group 8,Group 8,90.log,OC1=C(SC2=C(C(SC3=C(O)C(SC4=CC(C(C)(C)C)=CC(SC1=C5)=C4OCCCN=[N+]=[N-])=CC(C(C)(C)C)=C3)=CC(C(C)(C)C)=C2)O)C=C5C(C)(C)C
outer_cv,train,2,3,8,,,94,Group 9/91.log,Group 9,Group 9,91.log,CC(C)(C1=CC(CC2=C(C(CC(C=C(C=C3C4)C(C)(C)C)=C3OCC5=CC(C6=CC=CC=C6)=NN5)=CC(C(C)(C)C)=C2)OCC7=CC(C8=CC=CC=C8)=NN7)=C(OCC9=CC(C%10=CC=CC=C%10)=NN9)C(CC%11=CC(C(C)(C)C)=CC4=C%11OCC%12=CC(C%13=CC=CC=C%13)=NN%12)=C1)C
outer_cv,train,2,3,8,,,95,Group 9/92.log,Group 9,Group 9,92.log,CC(C)(C1=CC(CC2=C(C(CC(C=C(C=C3C4)C(C)(C)C)=C3OCC5=CC(C6=CC=C(C)C=C6)=NN5)=CC(C(C)(C)C)=C2)OCC7=CC(C8=CC=C(C)C=C8)=NN7)=C(OCC9=CC(C%10=CC=C(C)C=C%10)=NN9)C(CC%11=CC(C(C)(C)C)=CC4=C%11OCC%12=CC(C%13=CC=C(C)C=C%13)=NN%12)=C1)C
outer_cv,train,2,3,8,,,96,Group 9/93.log,Group 9,Group 9,93.log,CC(C)(C1=CC(CC2=C(C(CC(C=C(C=C3C4)C(C)(C)C)=C3OCC5=CC(C6=CC=C(Cl)C=C6)=NN5)=CC(C(C)(C)C)=C2)OCC7=CC(C8=CC=C(Cl)C=C8)=NN7)=C(OCC9=CC(C%10=CC=C(Cl)C=C%10)=NN9)C(CC%11=CC(C(C)(C)C)=CC4=C%11OCC%12=CC(C%13=CC=C(Cl)C=C%13)=NN%12)=C1)C
outer_cv,train,2,3,8,,,97,Group 9/94.log,Group 9,Group 9,94.log,CC(C)(C1=CC(CC2=C(C(CC(C=C(C=C3C4)C(C)(C)C)=C3OCC5=CC(C6=CC=C(OC)C=C6)=NN5)=CC(C(C)(C)C)=C2)OCC7=CC(C8=CC=C(OC)C=C8)=NN7)=C(OCC9=CC(C%10=CC=C(OC)C=C%10)=NN9)C(CC%11=CC(C(C)(C)C)=CC4=C%11OCC%12=CC(C%13=CC=C(OC)C=C%13)=NN%12)=C1)C
outer_cv,train,2,3,8,,,98,Group 9/95.log,Group 9,Group 9,95.log,CC(C)(C)C1=CC(CC2=C3)=C(OCC4=CC(C5=CC=C(C)C=C5)=NN4)C(CC6=CC(C(C)(C)C)=CC(CC7=CC(C(C)(C)C)=CC(CC(C=C3C(C)(C)C)=C2OCC8=CC(C9=CC=C(C)C=C9)=NN8)=C7OCC%10=CC(C%11=CC=C(C)C=C%11)=N[N]%10)=C6OCC%12=CC(C%13=CC=C(C)C=C%13)=NN%12)=C1
outer_cv,train,2,3,8,,,99,Group 9/96.log,Group 9,Group 9,96.log,CC(C)(C)C1=CC(CC2=C3)=C(OCC4=CC(C5=CC=C(Cl)C=C5)=NN4)C(CC6=CC(C(C)(C)C)=CC(CC7=CC(C(C)(C)C)=CC(CC(C=C3C(C)(C)C)=C2OCC8=CC(C9=CC=C(Cl)C=C9)=NN8)=C7OCC%10=CC(C%11=CC=C(Cl)C=C%11)=N[N]%10)=C6OCC%12=CC(C%13=CC=C(Cl)C=C%13)=NN%12)=C1
outer_cv,train,2,3,8,,,100,Group 9/97.log,Group 9,Group 9,97.log,CC(C)(C)C1=CC(CC2=C3)=C(OCC4=CC(C5=CC=C(OC)C=C5)=NN4)C(CC6=CC(C(C)(C)C)=CC(CC7=CC(C(C)(C)C)=CC(CC(C=C3C(C)(C)C)=C2OCC8=CC(C9=CC=C(OC)C=C9)=NN8)=C7OCC%10=CC(C%11=CC=C(OC)C=C%11)=NN%10)=C6OCC%12=CC(C%13=CC=C(OC)C=C%13)=NN%12)=C1
outer_cv,train,2,3,8,,,101,Group 9/98.log,Group 9,Group 9,98.log,CC(C)(C)C1=CC(CC2=C3)=C(OCC4=CC(C5=CC=CC=C5)=NN4)C(CC6=CC(C(C)(C)C)=CC(CC7=CC(C(C)(C)C)=CC(CC(C=C3C(C)(C)C)=C2OCC8=CC(C9=CC=CC=C9)=NN8)=C7OCC%10=CC(C%11=CC=CC=C%11)=NN%10)=C6OCC%12=CC(C%13=CC=CC=C%13)=NN%12)=C1
outer_cv,train,2,3,8,,,102,Group 9/99.log,Group 9,Group 9,99.log,CC(C1=CC2=C(OCC3=CC(C4=CC=CC=C4)=NN3)C(CC5=CC(C(C)(C)C)=CC(CC6=CC(C(C)(C)C)=CC(CC7=CC(C(C)(C)C)=CC(C2)=C7OCC8=CC(C9=CC=CC=C9)=NN8)=C6OCC%10=CC(C%11=CC=CC=C%11)=NN%10)=C5OCC%12=CC(C%13=CC=CC=C%13)=NN%12)=C1)(C)C
outer_cv,train,2,3,8,,,103,Group 9/100.log,Group 9,Group 9,100.log,CC(C1=CC2=C(OCC3=CC(C4=CC=C(C)C=C4)=NN3)C(CC5=CC(C(C)(C)C)=CC(CC6=CC(C(C)(C)C)=CC(CC7=CC(C(C)(C)C)=CC(C2)=C7OCC8=CC(C9=CC=C(C)C=C9)=NN8)=C6OCC%10=CC(C%11=CC=C(C)C=C%11)=NN%10)=C5OCC%12=CC(C%13=CC=C(C)C=C%13)=NN%12)=C1)(C)C
outer_cv,train,2,3,8,,,104,Group 9/101.log,Group 9,Group 9,101.log,CC(C1=CC2=C(OCC3=CC(C4=CC=C(Cl)C=C4)=NN3)C(CC5=CC(C(C)(C)C)=CC(CC6=CC(C(C)(C)C)=CC(CC7=CC(C(C)(C)C)=CC(C2)=C7OCC8=CC(C9=CC=C(Cl)C=C9)=NN8)=C6OCC%10=CC(C%11=CC=C(Cl)C=C%11)=NN%10)=C5OCC%12=CC(C%13=CC=C(Cl)C=C%13)=NN%12)=C1)(C)C
outer_cv,train,2,3,8,,,105,Group 9/102.log,Group 9,Group 9,102.log,CC(C1=CC2=C(OCC3=CC(C4=CC=C(OC)C=C4)=NN3)C(CC5=CC(C(C)(C)C)=CC(CC6=CC(C(C)(C)C)=CC(CC7=CC(C(C)(C)C)=CC(C2)=C7OCC8=CC(C9=CC=C(OC)C=C9)=NN8)=C6OCC%10=CC(C%11=CC=C(OC)C=C%11)=NN%10)=C5OCC%12=CC(C%13=CC=C(OC)C=C%13)=NN%12)=C1)(C)C
outer_cv,train,2,3,8,,,106,Group 9/103.log,Group 9,Group 9,103.log,C1(C2)=C(C(CC(C=CC=C3CC4=C(OCC5=CC(C6=CC=CC=C6)=NN5)C(CC7=CC=CC2=C7OCC8=CC(C9=CC=CC=C9)=NN8)=CC=C4)=C3OCC%10=CC(C%11=CC=CC=C%11)=NN%10)=CC=C1)OCC%12=CC(C%13=CC=CC=C%13)=NN%12
outer_cv,train,2,3,8,,,107,Group 9/104.log,Group 9,Group 9,104.log,CC(C1=CC2=C(OCCCC3=CC(C4=CC=CC=C4)=NN3)C(CC5=CC(C(C)(C)C)=CC(CC6=CC(C(C)(C)C)=CC(CC7=CC(C(C)(C)C)=CC(C2)=C7OCCCC8=CC(C9=CC=CC=C9)=NN8)=C6OCCCC%10=CC(C%11=CC=CC=C%11)=NN%10)=C5OCCCC%12=CC(C%13=CC=CC=C%13)=NN%12)=C1)(C)C
outer_cv,train,2,3,8,,,108,Group 9/105.log,Group 9,Group 9,105.log,CC(C1=CC2=C(OCC3=CC(C4=CC=CC=C4)=NN3)C(SC5=CC(C(C)(C)C)=CC(SC6=CC(C(C)(C)C)=CC(SC7=CC(C(C)(C)C)=CC(S2)=C7OCC8=CC(C9=CC=CC=C9)=NN8)=C6OCC%10=CC(C%11=CC=CC=C%11)=NN%10)=C5OCC%12=CC(C%13=CC=CC=C%13)=NN%12)=C1)(C)C
outer_cv,train,2,3,8,,,109,Group 9/106.log,Group 9,Group 9,106.log,CC(C1=CC2=C(OCCCC3=CC(C4=CC=CC=C4)=NN3)C(SC5=CC(C(C)(C)C)=CC(SC6=CC(C(C)(C)C)=CC(SC7=CC(C(C)(C)C)=CC(S2)=C7OCCCC8=CC(C9=CC=CC=C9)=NN8)=C6OCCCC%10=CC(C%11=CC=CC=C%11)=NN%10)=C5OCCCC%12=CC(C%13=CC=CC=C%13)=NN%12)=C1)(C)C
outer_cv,train,2,3,8,,,110,Group 9/107.log,Group 9,Group 9,107.log,CC(C1=CC2=C(OCCCCC3=CC(C4=CC=CC=C4)=NN3)C(SC5=CC(C(C)(C)C)=CC(SC6=CC(C(C)(C)C)=CC(SC7=CC(C(C)(C)C)=CC(S2)=C7OCCCCC8=CC(C9=CC=CC=C9)=NN8)=C6OCCCCC%10=CC(C%11=CC=CC=C%11)=NN%10)=C5OCCCCC%12=CC(C%13=CC=CC=C%13)=NN%12)=C1)(C)C
outer_cv,train,2,3,8,,,111,Group 9/108.log,Group 9,Group 9,108.log,CC(C1=CC2=C(OCCCCCN3C=CC=N3)C(SC4=CC(C(C)(C)C)=CC(SC5=CC(C(C)(C)C)=CC(SC6=CC(C(C)(C)C)=CC(S2)=C6OCCCCCN7C=CC=N7)=C5OCCCCCN8N=CC=C8)=C4OCCCCCN9N=CC=C9)=C1)(C)C
outer_cv,train,2,3,8,,,112,Group 9/109.log,Group 9,Group 9,109.log,CC(C)(C)C(C=C1)=CC=C1OCC2=N3N([H][N]4C(COC5=CC=C(C(C)(C)C)C=C5)=CC(C6=CC=CC=C6)=[N]4[H]N(N([H][N]7[N]([H]3)=C(C8=CC=CC=C8)C=C7COC9=CC=C(C(C)(C)C)C=C9)C(C%10=CC=CC=C%10)=C%11)=C%11COC%12=CC=C(C(C)(C)C)C=C%12)C(C%13=CC=CC=C%13)=C2
outer_cv,train,2,3,8,,,113,Group 9/110.log,Group 9,Group 9,110.log,CC(C)(C)C(C=C1)=CC=C1OCC2=CC(C3=CC=CC=C3)=N([H]N([N]([H][N]4N5=C(C6=CC=CC=C6)C=C4COC7=CC=C(C(C)(C)C)C=C7)C(COC8=CC=C(C(C)(C)C)C=C8)=C9)=C9C%10=CC=CC=C%10)[N]2[H][N]%11N([H]5)=C(C%12=CC=CC=C%12)C=C%11COC%13=CC=C(C(C)(C)C)C=C%13
outer_cv,train,2,3,8,,,127,Group 11/124.log,Group 11,Group 11,124.log,CC(C1=CC2=C(OCC3=CN(CCOC(C(SC(C=C4C(C)(C)C)=C5O)=C6)=C(C=C6C(C)(C)C)SC7=C(O)C(SC(C=C(C=C8SC5=C4)C(C)(C)C)=C8O)=CC(C(C)(C)C)=C7)N=N3)C(SC9=CC(C(C)(C)C)=CC(SC%10=CC(C(C)(C)C)=CC(SC%11=CC(C(C)(C)C)=CC(S2)=C%11OCC%12=CN(CCOC%13=C(SC%14=C%15)C=C(C(C)(C)C)C=C%13SC%16=CC(C(C)(C)C)=CC(SC%17=CC(C(C)(C)C)=CC(SC(C=C%15C(C)(C)C)=C%14O)=C%17O)=C%16O)N=N%12)=C%10OCC%18=CN(CCOC%19=C(C=C(C=C%19SC%20=C%21)C(C)(C)C)SC%22=CC(C(C)(C)C)=CC(SC%23=C(O)C(SC(C=C%21C(C)(C)C)=C%20O)=CC(C(C)(C)C)=C%23)=C%22O)N=N%18)=C9OCC%24=CN(CCOC%25=C(SC(C=C%26C(C)(C)C)=C%27O)C=C(C(C)(C)C)C=C%25SC%28=C(O)C(SC%29=CC(C(C)(C)C)=CC(SC%27=C%26)=C%29O)=CC(C(C)(C)C)=C%28)N=N%24)=C1)(C)C
outer_cv,train,2,3,8,,,128,Group 11/125.log,Group 11,Group 11,125.log,CC(C1=CC2=C(OCC3=CN(CCCOC(C(SC(C=C4C(C)(C)C)=C5O)=C6)=C(C=C6C(C)(C)C)SC7=C(O)C(SC(C=C(C=C8SC5=C4)C(C)(C)C)=C8O)=CC(C(C)(C)C)=C7)N=N3)C(SC9=CC(C(C)(C)C)=CC(SC%10=CC(C(C)(C)C)=CC(SC%11=CC(C(C)(C)C)=CC(S2)=C%11OCC%12=CN(CCCOC%13=C(SC%14=C%15)C=C(C(C)(C)C)C=C%13SC%16=CC(C(C)(C)C)=CC(SC%17=CC(C(C)(C)C)=CC(SC(C=C%15C(C)(C)C)=C%14O)=C%17O)=C%16O)N=N%12)=C%10OCC%18=CN(CCCOC%19=C(C=C(C=C%19SC%20=C%21)C(C)(C)C)SC%22=CC(C(C)(C)C)=CC(SC%23=C(O)C(SC(C=C%21C(C)(C)C)=C%20O)=CC(C(C)(C)C)=C%23)=C%22O)N=N%18)=C9OCC%24=CN(CCCOC%25=C(SC(C=C%26C(C)(C)C)=C%27O)C=C(C(C)(C)C)C=C%25SC%28=C(O)C(SC%29=CC(C(C)(C)C)=CC(SC%27=C%26)=C%29O)=CC(C(C)(C)C)=C%28)N=N%24)=C1)(C)C
outer_cv,train,2,3,8,,,129,Group 11/126.log,Group 11,Group 11,126.log,CC(C1=CC(SC2=C(O)C(SC(C=C(C=C3SC4=C5)C(C)(C)C)=C3O)=CC(C(C)(C)C)=C2)=C(OCCN6N=NC(CCOC(C(SC7=CC(C(C)(C)C)=CC(SC8=CC(C(C)(C)C)=CC(S9)=C8OCCC%10=CN(CCOC%11=C(C=C(C=C%11SC%12=C%13)C(C)(C)C)SC%14=CC(C(C)(C)C)=CC(SC%15=C(O)C(SC(C=C%13C(C)(C)C)=C%12O)=CC(C(C)(C)C)=C%15)=C%14O)N=N%10)=C7OCCC%16=CN(CCOC%17=C(SC(C=C%18C(C)(C)C)=C%19O)C=C(C(C)(C)C)C=C%17SC%20=C(O)C(SC%21=CC(C(C)(C)C)=CC(SC%19=C%18)=C%21O)=CC(C(C)(C)C)=C%20)N=N%16)=CC(C(C)(C)C)=C%22)=C%22SC%23=C(C9=CC(C(C)(C)C)=C%23)OCCC%24=CN(CCOC%25=C(SC%26=C%27)C=C(C(C)(C)C)C=C%25SC%28=CC(C(C)(C)C)=CC(SC%29=CC(C(C)(C)C)=CC(SC(C=C%27C(C)(C)C)=C%26O)=C%29O)=C%28O)N=N%24)=C6)C(SC(C=C5C(C)(C)C)=C4O)=C1)(C)C
outer_cv,train,2,3,8,,,130,Group 11/127.log,Group 11,Group 11,127.log,OC1=C(SC2=C3)C=C(C(C)(C)C)C=C1SC4=CC(C(C)(C)C)=CC(SC5=CC(C(C)(C)C)=CC(SC(C=C3C(C)(C)C)=C2O)=C5OCCCN(N=N6)C=C6CCOC7=C(SC8=CC(C(C)(C)C)=CC(SC9=CC(C(C)(C)C)=CC(S%10)=C9OCCC%11=CN(CCCOC%12=C(SC%13=C%14)C=C(C(C)(C)C)C=C%12SC%15=CC(C(C)(C)C)=CC(SC%16=CC(C(C)(C)C)=CC(SC(C=C%14C(C)(C)C)=C%13O)=C%16O)=C%15O)N=N%11)=C8OCCC%17=CN(CCCOC%18=C(C=C(C=C%18SC%19=C%20)C(C)(C)C)SC%21=CC(C(C)(C)C)=CC(SC%22=C(O)C(SC(C=C%20C(C)(C)C)=C%19O)=CC(C(C)(C)C)=C%22)=C%21O)N=N%17)C=C(C(C)(C)C)C=C7SC%23=CC(C(C)(C)C)=CC%10=C%23OCCC%24=CN(CCCOC%25=C(C=C%26C(C)(C)C)SC%27=C(O)C(SC%28=C(O)C(SC%29=CC(C(C)(C)C)=CC(SC%25=C%26)=C%29O)=CC(C(C)(C)C)=C%28)=CC(C(C)(C)C)=C%27)N=N%24)=C4O
outer_cv,train,2,3,8,,,131,Group 11/128.log,Group 11,Group 11,128.log,CC(C1=CC2=C(OCCCC3=CN(CCOC4=C(C=C5C(C)(C)C)SC6=C(O)C(SC7=C(O)C(SC8=CC(C(C)(C)C)=CC(SC4=C5)=C8O)=CC(C(C)(C)C)=C7)=CC(C(C)(C)C)=C6)N=N3)C(SC9=CC(C(C)(C)C)=CC(SC%10=CC(C(C)(C)C)=CC(SC%11=CC(C(C)(C)C)=CC(S2)=C%11OCCCC%12=CN(CCOC%13=C(SC%14=C%15)C=C(C(C)(C)C)C=C%13SC%16=CC(C(C)(C)C)=CC(SC%17=CC(C(C)(C)C)=CC(SC(C=C%15C(C)(C)C)=C%14O)=C%17O)=C%16O)N=N%12)=C%10OCCCC%18=CN(CCOC%19=C(C=C(C=C%19SC%20=C%21)C(C)(C)C)SC%22=CC(C(C)(C)C)=CC(SC%23=C(O)C(SC(C=C%21C(C)(C)C)=C%20O)=CC(C(C)(C)C)=C%23)=C%22O)N=N%18)=C9OCCCC%24=CN(CCOC%25=C(SC(C=C%26C(C)(C)C)=C%27O)C=C(C(C)(C)C)C=C%25SC%28=C(O)C(SC%29=CC(C(C)(C)C)=CC(SC%27=C%26)=C%29O)=CC(C(C)(C)C)=C%28)N=N%24)=C1)(C)C
outer_cv,train,2,3,8,,,132,Group 11/129.log,Group 11,Group 11,129.log,CC(C1=CC2=C(OCCCC3=CN(CCCOC4=C(C=C5C(C)(C)C)SC6=C(O)C(SC7=C(O)C(SC8=CC(C(C)(C)C)=CC(SC4=C5)=C8O)=CC(C(C)(C)C)=C7)=CC(C(C)(C)C)=C6)N=N3)C(SC9=CC(C(C)(C)C)=CC(SC%10=CC(C(C)(C)C)=CC(SC%11=CC(C(C)(C)C)=CC(S2)=C%11OCCCC%12=CN(CCCOC%13=C(SC%14=C%15)C=C(C(C)(C)C)C=C%13SC%16=CC(C(C)(C)C)=CC(SC%17=CC(C(C)(C)C)=CC(SC(C=C%15C(C)(C)C)=C%14O)=C%17O)=C%16O)N=N%12)=C%10OCCCC%18=CN(CCCOC%19=C(C=C(C=C%19SC%20=C%21)C(C)(C)C)SC%22=CC(C(C)(C)C)=CC(SC%23=C(O)C(SC(C=C%21C(C)(C)C)=C%20O)=CC(C(C)(C)C)=C%23)=C%22O)N=N%18)=C9OCCCC%24=CN(CCCOC%25=C(SC(C=C%26C(C)(C)C)=C%27O)C=C(C(C)(C)C)C=C%25SC%28=C(O)C(SC%29=CC(C(C)(C)C)=CC(SC%27=C%26)=C%29O)=CC(C(C)(C)C)=C%28)N=N%24)=C1)(C)C
outer_cv,train,2,3,8,,,133,Group 11/130.log,Group 11,Group 11,130.log,CC(C1=CC2=C(OCCCCC3=CN(CCOC(C(SC(C=C4C(C)(C)C)=C5O)=C6)=C(C=C6C(C)(C)C)SC7=C(O)C(SC(C=C(C=C8SC5=C4)C(C)(C)C)=C8O)=CC(C(C)(C)C)=C7)N=N3)C(SC9=CC(C(C)(C)C)=CC(SC%10=CC(C(C)(C)C)=CC(SC%11=CC(C(C)(C)C)=CC(S2)=C%11OCCCCC%12=CN(CCOC%13=C(SC%14=C%15)C=C(C(C)(C)C)C=C%13SC%16=CC(C(C)(C)C)=CC(SC%17=CC(C(C)(C)C)=CC(SC(C=C%15C(C)(C)C)=C%14O)=C%17O)=C%16O)N=N%12)=C%10OCCCCC%18=CN(CCOC%19=C(C=C(C=C%19SC%20=C%21)C(C)(C)C)SC%22=CC(C(C)(C)C)=CC(SC%23=C(O)C(SC(C=C%21C(C)(C)C)=C%20O)=CC(C(C)(C)C)=C%23)=C%22O)N=N%18)=C9OCCCCC%24=CN(CCOC%25=C(SC(C=C%26C(C)(C)C)=C%27O)C=C(C(C)(C)C)C=C%25SC%28=C(O)C(SC%29=CC(C(C)(C)C)=CC(SC%27=C%26)=C%29O)=CC(C(C)(C)C)=C%28)N=N%24)=C1)(C)C
outer_cv,train,2,3,8,,,134,Group 11/131.log,Group 11,Group 11,131.log,CC(C1=CC2=C(OCCCCC3=CN(CCCOC(C(SC(C=C4C(C)(C)C)=C5O)=C6)=C(C=C6C(C)(C)C)SC7=C(O)C(SC(C=C(C=C8SC5=C4)C(C)(C)C)=C8O)=CC(C(C)(C)C)=C7)N=N3)C(SC9=CC(C(C)(C)C)=CC(SC%10=CC(C(C)(C)C)=CC(SC%11=CC(C(C)(C)C)=CC(S2)=C%11OCCCCC%12=CN(CCCOC%13=C(SC%14=C%15)C=C(C(C)(C)C)C=C%13SC%16=CC(C(C)(C)C)=CC(SC%17=CC(C(C)(C)C)=CC(SC(C=C%15C(C)(C)C)=C%14O)=C%17O)=C%16O)N=N%12)=C%10OCCCCC%18=CN(CCCOC%19=C(C=C(C=C%19SC%20=C%21)C(C)(C)C)SC%22=CC(C(C)(C)C)=CC(SC%23=C(O)C(SC(C=C%21C(C)(C)C)=C%20O)=CC(C(C)(C)C)=C%23)=C%22O)N=N%18)=C9OCCCCC%24=CN(CCCOC%25=C(SC(C=C%26C(C)(C)C)=C%27O)C=C(C(C)(C)C)C=C%25SC%28=C(O)C(SC%29=CC(C(C)(C)C)=CC(SC%27=C%26)=C%29O)=CC(C(C)(C)C)=C%28)N=N%24)=C1)(C)C
outer_cv,train,2,3,8,,,135,Group 11/132.log,Group 11,Group 11,132.log,CC(C1=CC(SC2=C(O)C(SC(C=C(C=C3SC4=C5)C(C)(C)C)=C3O)=CC(C(C)(C)C)=C2)=C(OCC6=CN(N=N6)CCOC(C(SC7=CC(C(C)(C)C)=CC(SC8=CC(C(C)(C)C)=CC(S9)=C8OCCN%10C=C(COC%11=C(C=C(C=C%11SC%12=C%13)C(C)(C)C)SC%14=CC(C(C)(C)C)=CC(SC%15=C(O)C(SC(C=C%13C(C)(C)C)=C%12O)=CC(C(C)(C)C)=C%15)=C%14O)N=N%10)=C7OCCN%16C=C(COC%17=C(SC(C=C%18C(C)(C)C)=C%19O)C=C(C(C)(C)C)C=C%17SC%20=C(O)C(SC%21=CC(C(C)(C)C)=CC(SC%19=C%18)=C%21O)=CC(C(C)(C)C)=C%20)N=N%16)=CC(C(C)(C)C)=C%22)=C%22SC%23=C(C9=CC(C(C)(C)C)=C%23)OCCN%24N=NC(COC%25=C(SC%26=C%27)C=C(C(C)(C)C)C=C%25SC%28=CC(C(C)(C)C)=CC(SC%29=CC(C(C)(C)C)=CC(SC(C=C%27C(C)(C)C)=C%26O)=C%29O)=C%28O)=C%24)C(SC(C=C5C(C)(C)C)=C4O)=C1)(C)C
outer_cv,train,2,3,8,,,136,Group 11/133.log,Group 11,Group 11,133.log,CC(C1=CC(SC2=C(O)C(SC(C=C(C=C3SC4=C5)C(C)(C)C)=C3O)=CC(C(C)(C)C)=C2)=C(OCCC6=CN(N=N6)CCOC(C(SC7=CC(C(C)(C)C)=CC(SC8=CC(C(C)(C)C)=CC(S9)=C8OCCN%10C=C(CCOC%11=C(C=C(C=C%11SC%12=C%13)C(C)(C)C)SC%14=CC(C(C)(C)C)=CC(SC%15=C(O)C(SC(C=C%13C(C)(C)C)=C%12O)=CC(C(C)(C)C)=C%15)=C%14O)N=N%10)=C7OCCN%16C=C(CCOC%17=C(SC(C=C%18C(C)(C)C)=C%19O)C=C(C(C)(C)C)C=C%17SC%20=C(O)C(SC%21=CC(C(C)(C)C)=CC(SC%19=C%18)=C%21O)=CC(C(C)(C)C)=C%20)N=N%16)=CC(C(C)(C)C)=C%22)=C%22SC%23=C(C9=CC(C(C)(C)C)=C%23)OCCN%24N=NC(CCOC%25=C(SC%26=C%27)C=C(C(C)(C)C)C=C%25SC%28=CC(C(C)(C)C)=CC(SC%29=CC(C(C)(C)C)=CC(SC(C=C%27C(C)(C)C)=C%26O)=C%29O)=C%28O)=C%24)C(SC(C=C5C(C)(C)C)=C4O)=C1)(C)C
outer_cv,train,2,3,8,,,137,Group 11/134.log,Group 11,Group 11,134.log,OC1=C(SC2=C3)C=C(C(C)(C)C)C=C1SC4=CC(C(C)(C)C)=CC(SC5=CC(C(C)(C)C)=CC(SC(C=C3C(C)(C)C)=C2O)=C5OCCCC(N=N6)=CN6CCOC7=C(SC8=CC(C(C)(C)C)=CC(SC9=CC(C(C)(C)C)=CC(S%10)=C9OCCN%11N=NC(CCCOC%12=C(SC%13=C%14)C=C(C(C)(C)C)C=C%12SC%15=CC(C(C)(C)C)=CC(SC%16=CC(C(C)(C)C)=CC(SC(C=C%14C(C)(C)C)=C%13O)=C%16O)=C%15O)=C%11)=C8OCCN%17C=C(CCCOC%18=C(C=C(C=C%18SC%19=C%20)C(C)(C)C)SC%21=CC(C(C)(C)C)=CC(SC%22=C(O)C(SC(C=C%20C(C)(C)C)=C%19O)=CC(C(C)(C)C)=C%22)=C%21O)N=N%17)C=C(C(C)(C)C)C=C7SC%23=CC(C(C)(C)C)=CC%10=C%23OCCN%24N=NC(CCCOC%25=C(C=C%26C(C)(C)C)SC%27=C(O)C(SC%28=C(O)C(SC%29=CC(C(C)(C)C)=CC(SC%25=C%26)=C%29O)=CC(C(C)(C)C)=C%28)=CC(C(C)(C)C)=C%27)=C%24)=C4O
outer_cv,train,2,3,8,,,138,Group 11/135.log,Group 11,Group 11,135.log,OC1=C(SC2=C3)C=C(C(C)(C)C)C=C1SC4=CC(C(C)(C)C)=CC(SC5=CC(C(C)(C)C)=CC(SC(C=C3C(C)(C)C)=C2O)=C5OCCCCC(N=N6)=CN6CCOC7=C(SC8=CC(C(C)(C)C)=CC(SC9=CC(C(C)(C)C)=CC(S%10)=C9OCCN%11N=NC(CCCCOC%12=C(SC%13=C%14)C=C(C(C)(C)C)C=C%12SC%15=CC(C(C)(C)C)=CC(SC%16=CC(C(C)(C)C)=CC(SC(C=C%14C(C)(C)C)=C%13O)=C%16O)=C%15O)=C%11)=C8OCCN%17C=C(CCCCOC%18=C(C=C(C=C%18SC%19=C%20)C(C)(C)C)SC%21=CC(C(C)(C)C)=CC(SC%22=C(O)C(SC(C=C%20C(C)(C)C)=C%19O)=CC(C(C)(C)C)=C%22)=C%21O)N=N%17)C=C(C(C)(C)C)C=C7SC%23=CC(C(C)(C)C)=CC%10=C%23OCCN%24N=NC(CCCCOC%25=C(C=C%26C(C)(C)C)SC%27=C(O)C(SC%28=C(O)C(SC%29=CC(C(C)(C)C)=CC(SC%25=C%26)=C%29O)=CC(C(C)(C)C)=C%28)=CC(C(C)(C)C)=C%27)=C%24)=C4O
outer_cv,train,2,3,8,,,139,Group 11/136.log,Group 11,Group 11,136.log,CC(C1=CC2=C(OCCCN3C=C(COC4=C(C=C5C(C)(C)C)SC6=C(O)C(SC7=C(O)C(SC8=CC(C(C)(C)C)=CC(SC4=C5)=C8O)=CC(C(C)(C)C)=C7)=CC(C(C)(C)C)=C6)N=N3)C(SC9=CC(C(C)(C)C)=CC(SC%10=CC(C(C)(C)C)=CC(SC%11=CC(C(C)(C)C)=CC(S2)=C%11OCCCN%12C=C(COC%13=C(SC%14=C%15)C=C(C(C)(C)C)C=C%13SC%16=CC(C(C)(C)C)=CC(SC%17=CC(C(C)(C)C)=CC(SC(C=C%15C(C)(C)C)=C%14O)=C%17O)=C%16O)N=N%12)=C%10OCCCN%18N=NC(COC%19=C(C=C(C=C%19SC%20=C%21)C(C)(C)C)SC%22=CC(C(C)(C)C)=CC(SC%23=C(O)C(SC(C=C%21C(C)(C)C)=C%20O)=CC(C(C)(C)C)=C%23)=C%22O)=C%18)=C9OCCCN%24N=NC(COC%25=C(SC(C=C%26C(C)(C)C)=C%27O)C=C(C(C)(C)C)C=C%25SC%28=C(O)C(SC%29=CC(C(C)(C)C)=CC(SC%27=C%26)=C%29O)=CC(C(C)(C)C)=C%28)=C%24)=C1)(C)C
outer_cv,train,2,3,8,,,140,Group 11/137.log,Group 11,Group 11,137.log,CC(C1=CC2=C(OCCCN3C=C(CCOC4=C(C=C5C(C)(C)C)SC6=C(O)C(SC7=C(O)C(SC8=CC(C(C)(C)C)=CC(SC4=C5)=C8O)=CC(C(C)(C)C)=C7)=CC(C(C)(C)C)=C6)N=N3)C(SC9=CC(C(C)(C)C)=CC(SC%10=CC(C(C)(C)C)=CC(SC%11=CC(C(C)(C)C)=CC(S2)=C%11OCCCN%12C=C(CCOC%13=C(SC%14=C%15)C=C(C(C)(C)C)C=C%13SC%16=CC(C(C)(C)C)=CC(SC%17=CC(C(C)(C)C)=CC(SC(C=C%15C(C)(C)C)=C%14O)=C%17O)=C%16O)N=N%12)=C%10OCCCN%18N=NC(CCOC%19=C(C=C(C=C%19SC%20=C%21)C(C)(C)C)SC%22=CC(C(C)(C)C)=CC(SC%23=C(O)C(SC(C=C%21C(C)(C)C)=C%20O)=CC(C(C)(C)C)=C%23)=C%22O)=C%18)=C9OCCCN%24N=NC(CCOC%25=C(SC(C=C%26C(C)(C)C)=C%27O)C=C(C(C)(C)C)C=C%25SC%28=C(O)C(SC%29=CC(C(C)(C)C)=CC(SC%27=C%26)=C%29O)=CC(C(C)(C)C)=C%28)=C%24)=C1)(C)C
outer_cv,train,2,3,8,,,141,Group 11/138.log,Group 11,Group 11,138.log,CC(C1=CC2=C(OCCCN3C=C(CCCOC4=C(C=C5C(C)(C)C)SC6=C(O)C(SC7=C(O)C(SC8=CC(C(C)(C)C)=CC(SC4=C5)=C8O)=CC(C(C)(C)C)=C7)=CC(C(C)(C)C)=C6)N=N3)C(SC9=CC(C(C)(C)C)=CC(SC%10=CC(C(C)(C)C)=CC(SC%11=CC(C(C)(C)C)=CC(S2)=C%11OCCCN%12C=C(CCCOC%13=C(SC%14=C%15)C=C(C(C)(C)C)C=C%13SC%16=CC(C(C)(C)C)=CC(SC%17=CC(C(C)(C)C)=CC(SC(C=C%15C(C)(C)C)=C%14O)=C%17O)=C%16O)N=N%12)=C%10OCCCN%18N=NC(CCCOC%19=C(C=C(C=C%19SC%20=C%21)C(C)(C)C)SC%22=CC(C(C)(C)C)=CC(SC%23=C(O)C(SC(C=C%21C(C)(C)C)=C%20O)=CC(C(C)(C)C)=C%23)=C%22O)=C%18)=C9OCCCN%24N=NC(CCCOC%25=C(SC(C=C%26C(C)(C)C)=C%27O)C=C(C(C)(C)C)C=C%25SC%28=C(O)C(SC%29=CC(C(C)(C)C)=CC(SC%27=C%26)=C%29O)=CC(C(C)(C)C)=C%28)=C%24)=C1)(C)C
outer_cv,train,2,3,8,,,142,Group 11/139.log,Group 11,Group 11,139.log,CC(C1=CC2=C(OCCCN3C=C(CCCCOC4=C(C=C5C(C)(C)C)SC6=C(O)C(SC7=C(O)C(SC8=CC(C(C)(C)C)=CC(SC4=C5)=C8O)=CC(C(C)(C)C)=C7)=CC(C(C)(C)C)=C6)N=N3)C(SC9=CC(C(C)(C)C)=CC(SC%10=CC(C(C)(C)C)=CC(SC%11=CC(C(C)(C)C)=CC(S2)=C%11OCCCN%12C=C(CCCCOC%13=C(SC%14=C%15)C=C(C(C)(C)C)C=C%13SC%16=CC(C(C)(C)C)=CC(SC%17=CC(C(C)(C)C)=CC(SC(C=C%15C(C)(C)C)=C%14O)=C%17O)=C%16O)N=N%12)=C%10OCCCN%18N=NC(CCCCOC%19=C(C=C(C=C%19SC%20=C%21)C(C)(C)C)SC%22=CC(C(C)(C)C)=CC(SC%23=C(O)C(SC(C=C%21C(C)(C)C)=C%20O)=CC(C(C)(C)C)=C%23)=C%22O)=C%18)=C9OCCCN%24N=NC(CCCCOC%25=C(S)C=C(C(C)(C)C)C=C%25SC%26=C(O)C(SC%27=CC(C(C)(C)C)=CC(SC%28=CC(C(C)(C)C)=CC=C%28O)=C%27O)=CC(C(C)(C)C)=C%26)=C%24)=C1)(C)C
outer_cv,train,2,3,8,,,143,Group 11/140.log,Group 11,Group 11,140.log,CC(C1=CC2=C(OCCCCN3N=NC(COC(C(SC(C=C4C(C)(C)C)=C5O)=C6)=C(C=C6C(C)(C)C)SC7=C(O)C(SC(C=C(C=C8SC5=C4)C(C)(C)C)=C8O)=CC(C(C)(C)C)=C7)=C3)C(SC9=CC(C(C)(C)C)=CC(SC%10=CC(C(C)(C)C)=CC(SC%11=CC(C(C)(C)C)=CC(S2)=C%11OCCCCN%12N=NC(COC%13=C(SC%14=C%15)C=C(C(C)(C)C)C=C%13SC%16=CC(C(C)(C)C)=CC(SC%17=CC(C(C)(C)C)=CC(SC(C=C%15C(C)(C)C)=C%14O)=C%17O)=C%16O)=C%12)=C%10OCCCCN%18C=C(COC%19=C(C=C(C=C%19SC%20=C%21)C(C)(C)C)SC%22=CC(C(C)(C)C)=CC(SC%23=C(O)C(SC(C=C%21C(C)(C)C)=C%20O)=CC(C(C)(C)C)=C%23)=C%22O)N=N%18)=C9OCCCCN%24C=C(COC%25=C(SC(C=C%26C(C)(C)C)=C%27O)C=C(C(C)(C)C)C=C%25SC%28=C(O)C(SC%29=CC(C(C)(C)C)=CC(SC%27=C%26)=C%29O)=CC(C(C)(C)C)=C%28)N=N%24)=C1)(C)C
outer_cv,train,2,3,8,,,144,Group 11/141.log,Group 11,Group 11,141.log,CC(C1=CC2=C(OCCCCN3N=NC(CCOC(C(SC(C=C4C(C)(C)C)=C5O)=C6)=C(C=C6C(C)(C)C)SC7=C(O)C(SC(C=C(C=C8SC5=C4)C(C)(C)C)=C8O)=CC(C(C)(C)C)=C7)=C3)C(SC9=CC(C(C)(C)C)=CC(SC%10=CC(C(C)(C)C)=CC(SC%11=CC(C(C)(C)C)=CC(S2)=C%11OCCCCN%12N=NC(CCOC%13=C(SC%14=C%15)C=C(C(C)(C)C)C=C%13SC%16=CC(C(C)(C)C)=CC(SC%17=CC(C(C)(C)C)=CC(SC(C=C%15C(C)(C)C)=C%14O)=C%17O)=C%16O)=C%12)=C%10OCCCCN%18C=C(CCOC%19=C(C=C(C=C%19SC%20=C%21)C(C)(C)C)SC%22=CC(C(C)(C)C)=CC(SC%23=C(O)C(SC(C=C%21C(C)(C)C)=C%20O)=CC(C(C)(C)C)=C%23)=C%22O)N=N%18)=C9OCCCCN%24C=C(CCOC%25=C(SC(C=C%26C(C)(C)C)=C%27O)C=C(C(C)(C)C)C=C%25SC%28=C(O)C(SC%29=CC(C(C)(C)C)=CC(SC%27=C%26)=C%29O)=CC(C(C)(C)C)=C%28)N=N%24)=C1)(C)C
outer_cv,train,2,3,8,,,145,Group 11/142.log,Group 11,Group 11,142.log,CC(C1=CC2=C(OCCCCN3N=NC(CCCOC(C(SC(C=C4C(C)(C)C)=C5O)=C6)=C(C=C6C(C)(C)C)SC7=C(O)C(SC(C=C(C=C8SC5=C4)C(C)(C)C)=C8O)=CC(C(C)(C)C)=C7)=C3)C(SC9=CC(C(C)(C)C)=CC(SC%10=CC(C(C)(C)C)=CC(SC%11=CC(C(C)(C)C)=CC(S2)=C%11OCCCCN%12N=NC(CCCOC%13=C(SC%14=C%15)C=C(C(C)(C)C)C=C%13SC%16=CC(C(C)(C)C)=CC(SC%17=CC(C(C)(C)C)=CC(SC(C=C%15C(C)(C)C)=C%14O)=C%17O)=C%16O)=C%12)=C%10OCCCCN%18C=C(CCCOC%19=C(C=C(C=C%19SC%20=C%21)C(C)(C)C)SC%22=CC(C(C)(C)C)=CC(SC%23=C(O)C(SC(C=C%21C(C)(C)C)=C%20O)=CC(C(C)(C)C)=C%23)=C%22O)N=N%18)=C9OCCCCN%24C=C(CCCOC%25=C(SC(C=C%26C(C)(C)C)=C%27O)C=C(C(C)(C)C)C=C%25SC%28=C(O)C(SC%29=CC(C(C)(C)C)=CC(SC%27=C%26)=C%29O)=CC(C(C)(C)C)=C%28)N=N%24)=C1)(C)C
outer_cv,train,2,3,8,,,146,Group 11/143.log,Group 11,Group 11,143.log,CC(C1=CC2=C(OCCCCN3N=NC(CCCCOC(C(SC(C=C4C(C)(C)C)=C5O)=C6)=C(C=C6C(C)(C)C)SC7=C(O)C(SC(C=C(C=C8SC5=C4)C(C)(C)C)=C8O)=CC(C(C)(C)C)=C7)=C3)C(SC9=CC(C(C)(C)C)=CC(SC%10=CC(C(C)(C)C)=CC(SC%11=CC(C(C)(C)C)=CC(S2)=C%11OCCCCN%12N=NC(CCCCOC%13=C(SC%14=C%15)C=C(C(C)(C)C)C=C%13SC%16=CC(C(C)(C)C)=CC(SC%17=CC(C(C)(C)C)=CC(SC(C=C%15C(C)(C)C)=C%14O)=C%17O)=C%16O)=C%12)=C%10OCCCCN%18C=C(CCCCOC%19=C(C=C(C=C%19SC%20=C%21)C(C)(C)C)SC%22=CC(C(C)(C)C)=CC(SC%23=C(O)C(SC(C=C%21C(C)(C)C)=C%20O)=CC(C(C)(C)C)=C%23)=C%22O)N=N%18)=C9OCCCCN%24C=C(CCCCOC%25=C(SC(C=C%26C(C)(C)C)=C%27O)C=C(C(C)(C)C)C=C%25SC%28=C(O)C(SC%29=CC(C(C)(C)C)=CC(SC%27=C%26)=C%29O)=CC(C(C)(C)C)=C%28)N=N%24)=C1)(C)C
outer_cv,train,2,3,8,,,147,Group 11/144.log,Group 11,Group 11,144.log,CC(C1=CC2=C(OCCCCCN3N=NC(COC(C(SC(C=C4C(C)(C)C)=C5O)=C6)=C(C=C6C(C)(C)C)SC7=C(O)C(SC(C=C(C=C8SC5=C4)C(C)(C)C)=C8O)=CC(C(C)(C)C)=C7)=C3)C(SC9=CC(C(C)(C)C)=CC(SC%10=CC(C(C)(C)C)=CC(SC%11=CC(C(C)(C)C)=CC(S2)=C%11OCCCCCN%12N=NC(COC%13=C(SC%14=C%15)C=C(C(C)(C)C)C=C%13SC%16=CC(C(C)(C)C)=CC(SC%17=CC(C(C)(C)C)=CC(SC(C=C%15C(C)(C)C)=C%14O)=C%17O)=C%16O)=C%12)=C%10OCCCCCN%18C=C(COC%19=C(C=C(C=C%19SC%20=C%21)C(C)(C)C)SC%22=CC(C(C)(C)C)=CC(SC%23=C(O)C(SC(C=C%21C(C)(C)C)=C%20O)=CC(C(C)(C)C)=C%23)=C%22O)N=N%18)=C9OCCCCCN%24C=C(COC%25=C(SC(C=C%26C(C)(C)C)=C%27O)C=C(C(C)(C)C)C=C%25SC%28=C(O)C(SC%29=CC(C(C)(C)C)=CC(SC%27=C%26)=C%29O)=CC(C(C)(C)C)=C%28)N=N%24)=C1)(C)C
outer_cv,train,2,3,8,,,148,Group 11/145.log,Group 11,Group 11,145.log,CC(C1=CC2=C(OCCCCCN3N=NC(CCOC4=C(C=C5C(C)(C)C)SC6=C(O)C(SC7=C(O)C(SC8=CC(C(C)(C)C)=CC(SC4=C5)=C8O)=CC(C(C)(C)C)=C7)=CC(C(C)(C)C)=C6)=C3)C(SC9=CC(C(C)(C)C)=CC(SC%10=CC(C(C)(C)C)=CC(SC%11=CC(C(C)(C)C)=CC(S2)=C%11OCCCCCN%12N=NC(CCOC%13=C(SC%14=C%15)C=C(C(C)(C)C)C=C%13SC%16=CC(C(C)(C)C)=CC(SC%17=CC(C(C)(C)C)=CC(SC(C=C%15C(C)(C)C)=C%14O)=C%17O)=C%16O)=C%12)=C%10OCCCCCN%18C=C(CCOC%19=C(C=C(C=C%19SC%20=C%21)C(C)(C)C)SC%22=CC(C(C)(C)C)=CC(SC%23=C(O)C(SC(C=C%21C(C)(C)C)=C%20O)=CC(C(C)(C)C)=C%23)=C%22O)N=N%18)=C9OCCCCCN%24C=C(CCOC%25=C(SC(C=C%26C(C)(C)C)=C%27O)C=C(C(C)(C)C)C=C%25SC%28=C(O)C(SC%29=CC(C(C)(C)C)=CC(SC%27=C%26)=C%29O)=CC(C(C)(C)C)=C%28)N=N%24)=C1)(C)C
outer_cv,train,2,3,8,,,149,Group 11/146.log,Group 11,Group 11,146.log,CC(C1=CC2=C(OCCCCCN3N=NC(CCCOC4=C(C=C5C(C)(C)C)SC6=C(O)C(SC7=C(O)C(SC8=CC(C(C)(C)C)=CC(SC4=C5)=C8O)=CC(C(C)(C)C)=C7)=CC(C(C)(C)C)=C6)=C3)C(SC9=CC(C(C)(C)C)=CC(SC%10=CC(C(C)(C)C)=CC(SC%11=CC(C(C)(C)C)=CC(S2)=C%11OCCCCCN%12N=NC(CCCOC%13=C(SC%14=C%15)C=C(C(C)(C)C)C=C%13SC%16=CC(C(C)(C)C)=CC(SC%17=CC(C(C)(C)C)=CC(SC(C=C%15C(C)(C)C)=C%14O)=C%17O)=C%16O)=C%12)=C%10OCCCCCN%18C=C(CCCOC%19=C(C=C(C=C%19SC%20=C%21)C(C)(C)C)SC%22=CC(C(C)(C)C)=CC(SC%23=C(O)C(SC(C=C%21C(C)(C)C)=C%20O)=CC(C(C)(C)C)=C%23)=C%22O)N=N%18)=C9OCCCCCN%24C=C(CCCOC%25=C(SC(C=C%26C(C)(C)C)=C%27O)C=C(C(C)(C)C)C=C%25SC%28=C(O)C(SC%29=CC(C(C)(C)C)=CC(SC%27=C%26)=C%29O)=CC(C(C)(C)C)=C%28)N=N%24)=C1)(C)C
outer_cv,train,2,3,8,,,150,Group 11/147.log,Group 11,Group 11,147.log,OC1=C(SC2=C3)C=C(C(C)(C)C)C=C1SC4=CC(C(C)(C)C)=CC(SC5=CC(C(C)(C)C)=CC(SC(C=C3C(C)(C)C)=C2O)=C5OCCCCC(N=N6)=CN6CCCCCOC7=C(SC8=CC(C(C)(C)C)=CC(SC9=CC(C(C)(C)C)=CC(S%10)=C9OCCCCCN%11N=NC(CCCCOC%12=C(SC%13=C%14)C=C(C(C)(C)C)C=C%12SC%15=CC(C(C)(C)C)=CC(SC%16=CC(C(C)(C)C)=CC(SC(C=C%14C(C)(C)C)=C%13O)=C%16O)=C%15O)=C%11)=C8OCCCCCN%17C=C(CCCCOC%18=C(C=C(C=C%18SC%19=C%20)C(C)(C)C)SC%21=CC(C(C)(C)C)=CC(SC%22=C(O)C(SC(C=C%20C(C)(C)C)=C%19O)=CC(C(C)(C)C)=C%22)=C%21O)N=N%17)C=C(C(C)(C)C)C=C7SC%23=CC(C(C)(C)C)=CC%10=C%23OCCCCCN%24N=NC(CCCCOC%25=C(C=C%26C(C)(C)C)SC%27=C(O)C(SC%28=C(O)C(SC%29=CC(C(C)(C)C)=CC(SC%25=C%26)=C%29O)=CC(C(C)(C)C)=C%28)=CC(C(C)(C)C)=C%27)=C%24)=C4O
outer_cv,train,2,3,8,,,184,Group 14/181.log,Group 14,Group 14,181.log,CC(C)(C1=CC(CC2=C(C(CC(C=C(C=C3C4)C(C)(C)C)=C3OCC#CC(C5=CC=CC=C5)=O)=CC(C(C)(C)C)=C2)OCC#CC(C6=CC=CC=C6)=O)=C(OCC#CC(C7=CC=CC=C7)=O)C(CC8=CC(C(C)(C)C)=CC4=C8OCC#CC(C9=CC=CC=C9)=O)=C1)C
outer_cv,train,2,3,8,,,185,Group 14/182.log,Group 14,Group 14,182.log,CC(C)(C1=CC(CC2=C(C(CC(C=C(C=C3C4)C(C)(C)C)=C3OCC#CC(C5=CC=C(C)C=C5)=O)=CC(C(C)(C)C)=C2)OCC#CC(C6=CC=C(C)C=C6)=O)=C(OCC#CC(C7=CC=C(C)C=C7)=O)C(CC8=CC(C(C)(C)C)=CC4=C8OCC#CC(C9=CC=C(C)C=C9)=O)=C1)C
outer_cv,train,2,3,8,,,186,Group 14/183.log,Group 14,Group 14,183.log,CC(C)(C1=CC(CC2=C(C(CC(C=C(C=C3C4)C(C)(C)C)=C3OCC#CC(C5=CC=C(Cl)C=C5)=O)=CC(C(C)(C)C)=C2)OCC#CC(C6=CC=C(Cl)C=C6)=O)=C(OCC#CC(C7=CC=C(Cl)C=C7)=O)C(CC8=CC(C(C)(C)C)=CC4=C8OCC#CC(C9=CC=C(Cl)C=C9)=O)=C1)C
outer_cv,train,2,3,8,,,187,Group 14/184.log,Group 14,Group 14,184.log,CC(C)(C1=CC(CC2=C(C(CC(C=C(C=C3C4)C(C)(C)C)=C3OCC#CC(C5=CC=C(OC)C=C5)=O)=CC(C(C)(C)C)=C2)OCC#CC(C6=CC=C(OC)C=C6)=O)=C(OCC#CC(C7=CC=C(OC)C=C7)=O)C(CC8=CC(C(C)(C)C)=CC4=C8OCC#CC(C9=CC=C(OC)C=C9)=O)=C1)C
outer_cv,train,2,3,8,,,188,Group 14/185.log,Group 14,Group 14,185.log,CC(C1=CC2=C(OCC#CC(C3=CC=CC=C3)=O)C(CC4=CC(C(C)(C)C)=CC(CC5=CC(C(C)(C)C)=CC(CC6=CC(C(C)(C)C)=CC(C2)=C6OCC#CC(C7=CC=CC=C7)=O)=C5OCC#CC(C8=CC=CC=C8)=O)=C4OCC#CC(C9=CC=CC=C9)=O)=C1)(C)C
outer_cv,train,2,3,8,,,189,Group 14/186.log,Group 14,Group 14,186.log,CC(C1=CC2=C(OCC#CC(C3=CC=C(C)C=C3)=O)C(CC4=CC(C(C)(C)C)=CC(CC5=CC(C(C)(C)C)=CC(CC6=CC(C(C)(C)C)=CC(C2)=C6OCC#CC(C7=CC=C(C)C=C7)=O)=C5OCC#CC(C8=CC=C(C)C=C8)=O)=C4OCC#CC(C9=CC=C(C)C=C9)=O)=C1)(C)C
outer_cv,train,2,3,8,,,190,Group 14/187.log,Group 14,Group 14,187.log,CC(C)(C)C1=CC(CC2=C3)=C(OCC#CC(C4=CC=CC=C4)=O)C(CC5=CC(C(C)(C)C)=CC(CC6=CC(C(C)(C)C)=CC(CC(C=C3C(C)(C)C)=C2OCC#CC(C7=CC=CC=C7)=O)=C6OCC#CC(C8=CC=CC=C8)=O)=C5OCC#CC(C9=CC=CC=C9)=O)=C1
outer_cv,train,2,3,8,,,191,Group 14/188.log,Group 14,Group 14,188.log,CC(C)(C)C1=CC(CC2=C3)=C(OCC#CC(C4=CC=C(C)C=C4)=O)C(CC5=CC(C(C)(C)C)=CC(CC6=CC(C(C)(C)C)=CC(CC(C=C3C(C)(C)C)=C2OCC#CC(C7=CC=C(C)C=C7)=O)=C6OCC#CC(C8=CC=C(C)C=C8)=O)=C5OCC#CC(C9=CC=C(C)C=C9)=O)=C1
outer_cv,train,2,3,8,,,192,Group 14/189.log,Group 14,Group 14,189.log,CC(C)(C)C1=CC(CC2=C3)=C(OCC#CC(C4=CC=C(Cl)C=C4)=O)C(CC5=CC(C(C)(C)C)=CC(CC6=CC(C(C)(C)C)=CC(CC(C=C3C(C)(C)C)=C2OCC#CC(C7=CC=C(Cl)C=C7)=O)=C6OCC#CC(C8=CC=C(Cl)C=C8)=O)=C5OCC#CC(C9=CC=C(Cl)C=C9)=O)=C1
outer_cv,train,2,3,8,,,193,Group 14/190.log,Group 14,Group 14,190.log,CC(C)(C)C1=CC(CC2=C3)=C(OCC#CC(C4=CC=C(OC)C=C4)=O)C(CC5=CC(C(C)(C)C)=CC(CC6=CC(C(C)(C)C)=CC(CC(C=C3C(C)(C)C)=C2OCC#CC(C7=CC=C(OC)C=C7)=O)=C6OCC#CC(C8=CC=C(OC)C=C8)=O)=C5OCC#CC(C9=CC=C(OC)C=C9)=O)=C1
outer_cv,train,2,3,8,,,194,Group 14/191.log,Group 14,Group 14,191.log,CC(C1=CC2=C(OCC#CC(C3=CC=C(Cl)C=C3)=O)C(CC4=CC(C(C)(C)C)=CC(CC5=CC(C(C)(C)C)=CC(CC6=CC(C(C)(C)C)=CC(C2)=C6OCC#CC(C7=CC=C(Cl)C=C7)=O)=C5OCC#CC(C8=CC=C(Cl)C=C8)=O)=C4OCC#CC(C9=CC=C(Cl)C=C9)=O)=C1)(C)C
outer_cv,train,2,3,8,,,195,Group 14/192.log,Group 14,Group 14,192.log,CC(C1=CC2=C(OCC#CC(C3=CC=C(OC)C=C3)=O)C(CC4=CC(C(C)(C)C)=CC(CC5=CC(C(C)(C)C)=CC(CC6=CC(C(C)(C)C)=CC(C2)=C6OCC#CC(C7=CC=C(OC)C=C7)=O)=C5OCC#CC(C8=CC=C(OC)C=C8)=O)=C4OCC#CC(C9=CC=C(OC)C=C9)=O)=C1)(C)C
outer_cv,train,2,3,8,,,196,Group 14/193.log,Group 14,Group 14,193.log,CC(C1=CC2=C(OCC#CC(C3=CC=CC=C3)=O)C(SC4=CC(C(C)(C)C)=CC(SC5=CC(C(C)(C)C)=CC(SC6=CC(C(C)(C)C)=CC(S2)=C6OCC#CC(C7=CC=CC=C7)=O)=C5OCC#CC(C8=CC=CC=C8)=O)=C4OCC#CC(C9=CC=CC=C9)=O)=C1)(C)C
outer_cv,train,2,3,8,,,197,Group 14/194.log,Group 14,Group 14,194.log,CC(C1=CC2=C(OCCC#CC(C3=CC=CC=C3)=O)C(SC4=CC(C(C)(C)C)=CC(SC5=CC(C(C)(C)C)=CC6=C5OCCC#C(C(C7=CC=CC=C7)=O)C(C(C=C8S6)=CC(S2)=C8OCCC#CC(C9=CC=CC=C9)=O)(C)C)=C4OCCC#CC(C%10=CC=CC=C%10)=O)=C1)(C)C
outer_cv,train,2,3,8,,,198,Group 14/195.log,Group 14,Group 14,195.log,CC(C1=CC2=C(OCCCC#CC(C3=CC=CC=C3)=O)C(CC4=CC(C(C)(C)C)=CC(CC5=CC(C(C)(C)C)=CC(CC6=CC(C(C)(C)C)=CC(C2)=C6OCCCC#CC(C7=CC=CC=C7)=O)=C5OCCCC#CC(C8=CC=CC=C8)=O)=C4OCCCC#CC(C9=CC=CC=C9)=O)=C1)(C)C
outer_cv,train,2,3,8,,,199,Group 14/196.log,Group 14,Group 14,196.log,CC(C1=CC2=C(OCCCC#CC(C3=CC=CC=C3)=O)C(SC4=CC(C(C)(C)C)=CC(SC5=CC(C(C)(C)C)=CC(SC6=CC(C(C)(C)C)=CC(S2)=C6OCCCC#CC(C7=CC=CC=C7)=O)=C5OCCCC#CC(C8=CC=CC=C8)=O)=C4OCCCC#CC(C9=CC=CC=C9)=O)=C1)(C)C
outer_cv,train,2,3,8,,,200,Group 14/197.log,Group 14,Group 14,197.log,CC(C1=CC2=C(OCCCCC#CC(C3=CC=CC=C3)=O)C(SC4=CC(C(C)(C)C)=CC(SC5=CC(C(C)(C)C)=CC(SC6=CC(C(C)(C)C)=CC(S2)=C6OCCCCC#CC(C7=CC=CC=C7)=O)=C5OCCCCC#CC(C8=CC=CC=C8)=O)=C4OCCCCC#CC(C9=CC=CC=C9)=O)=C1)(C)C
outer_cv,train,2,3,8,,,201,Group 15/198.log,Group 15,Group 15,198.log,CC(C)(C)C1=CC(SC2=C3)=C(OCO)C(SC4=CC(C(C)(C)C)=CC(SC5=CC(C(C)(C)C)=CC(SC(C=C3C(C)(C)C)=C2OCC(O)=O)=C5OCC(O)=O)=C4OCC(O)=O)=C1.O=[C]
outer_cv,train,2,3,8,,,202,Group 15/199.log,Group 15,Group 15,199.log,CC(C)(C)C1=CC(CC2=C3)=C(OCO)C(CC4=CC(C(C)(C)C)=CC(CC5=CC(C(C)(C)C)=CC(CC(C=C3C(C)(C)C)=C2OCC(O)=O)=C5OCC(O)=O)=C4OCC(O)=O)=C1.O=[C]
outer_cv,train,2,3,8,,,203,Group 15/200.log,Group 15,Group 15,200.log,CC(C)(C1=CC(CC2=C(C(CC(C=C(C=C3C4)C(C)(C)C)=C3OCC(O)=O)=CC(C(C)(C)C)=C2)OCC(O)=O)=C(OCC(O)=O)C(CC5=CC(C(C)(C)C)=CC4=C5OCC(O)=O)=C1)C
outer_cv,train,2,3,8,,,204,Group 15/201.log,Group 15,Group 15,201.log,CC(C)(C)C1=CC(CC2=C3)=C(OCC(OCC)=O)C(CC4=CC(C(C)(C)C)=CC(CC5=CC(C(C)(C)C)=CC(CC(C=C3C(C)(C)C)=C2OCC(OCC)=O)=C5OCC(OCC)=O)=C4OCC(OCC)=O)=C1
outer_cv,train,2,3,8,,,205,Group 15/202.log,Group 15,Group 15,202.log,OC1=C(SC2=C(C(SC3=C(O)C(SC4=CC(C(C)(C)C)=CC(SC1=C5)=C4OCCN6C(C(OC)=O)=C(C(OC)=O)N=N6)=CC(C(C)(C)C)=C3)=CC(C(C)(C)C)=C2)OCCN7N=NC(C(OC)=O)=C7C(OC)=O)C=C5C(C)(C)C
outer_cv,train,2,3,8,,,206,Group 15/203.log,Group 15,Group 15,203.log,CC(C1=CC2=C(OCCCCCCCCCCCC)C(SC3=CC(C(C)(C)C)=CC(SC4=CC(C(C)(C)C)=CC(SC5=CC(C(C)(C)C)=CC(S2)=C5OCCCN6C(C(OC)=O)=C(C(OC)=O)N=N6)=C4OCCCCCCCCCCCC)=C3OCCCN7N=NC(C(OC)=O)=C7C(OC)=O)=C1)(C)C
outer_cv,train,2,3,8,,,207,Group 15/204.log,Group 15,Group 15,204.log,CC(C1=CC2=C(OCC(OCC)=O)C(CC3=CC(C(C)(C)C)=CC(CC4=CC(C(C)(C)C)=CC(CC5=CC(C(C)(C)C)=CC(C2)=C5OCC(OCC)=O)=C4OCC(OCC)=O)=C3OCC(OCC)=O)=C1)(C)C
outer_cv,train,2,3,8,,,208,Group 15/205.log,Group 15,Group 15,205.log,CC(C)(C1=CC(CC2=C(C(CC(C=C(C=C3C4)C(C)(C)C)=C3OCC(OCC)=O)=CC(C(C)(C)C)=C2)OCC(OCC)=O)=C(OCC(OCC)=O)C(CC5=CC(C(C)(C)C)=CC4=C5OCC(OCC)=O)=C1)C
outer_cv,train,2,3,8,,,209,Group 15/206.log,Group 15,Group 15,206.log,CC(C1=CC2=C(OCC(OCC)=O)C(SC3=CC(C(C)(C)C)=CC(SC4=CC(C(C)(C)C)=CC(SC5=CC(C(C)(C)C)=CC(S2)=C5OCC(OCC)=O)=C4OCC(OCC)=O)=C3OCC(OCC)=O)=C1)(C)C
outer_cv,train,2,3,8,,,210,Group 15/207.log,Group 15,Group 15,207.log,CC(C1=CC2=C(OCC(OC(C)(C)C)=O)C(SC3=CC(C(C)(C)C)=CC(SC4=CC(C(C)(C)C)=CC(SC5=CC(C(C)(C)C)=CC(S2)=C5OCC(OC(C)(C)C)=O)=C4OCC(OC(C)(C)C)=O)=C3OCC(OC(C)(C)C)=O)=C1)(C)C
outer_cv,train,2,3,8,,,211,Group 16/208.log,Group 16,Group 16,208.log,OC1=C(SC2=C(C(SC3=C(O)C(SC4=CC(C(C)(C)C)=CC(SC1=C5)=C4OCCN6C(C(C=CC=C7)=C7C6=O)=O)=CC(C(C)(C)C)=C3)=CC(C(C)(C)C)=C2)OCCN8C(C(C=CC=C9)=C9C8=O)=O)C=C5C(C)(C)C
outer_cv,train,2,3,8,,,212,Group 16/209.log,Group 16,Group 16,209.log,OC1=C(SC2=C(C(SC3=C(O)C(SC4=CC(C(C)(C)C)=CC(SC1=C5)=C4OCCCN6C(C(C=CC=C7)=C7C6=O)=O)=CC(C(C)(C)C)=C3)=CC(C(C)(C)C)=C2)OCCCN8C(C(C=CC=C9)=C9C8=O)=O)C=C5C(C)(C)C
outer_cv,train,2,3,8,,,213,Group 16/210.log,Group 16,Group 16,210.log,OC1=C(CC2=C(C(CC3=C(O)C(CC4=CC(C(C)(C)C)=CC(CC1=C5)=C4OCC(N6CCOCC6)=O)=CC(C(C)(C)C)=C3)=CC(C(C)(C)C)=C2)OCC(N7CCOCC7)=O)C=C5C(C)(C)C
outer_cv,train,2,3,8,,,214,Group 16/211.log,Group 16,Group 16,211.log,CC(C1=CC2=C(OCCOCCOCCOCCOCCOC3=C(SC4=CC(C(C)(C)C)=CC(S2)=C4OCCN5C(C(C=CC=C6)C6C5=O)=O)C=C(C(C)(C)C)C=C3S7)C(SC8=CC(C(C)(C)C)=CC7=C8OCCN9C(C(C=CC=C%10)C%10C9=O)=O)=C1)(C)C
outer_cv,train,2,3,8,,,215,Group 16/212.log,Group 16,Group 16,212.log,CC(C1=CC2=C(OCCOCCOCCOCCOCCOC3=C(SC4=CC(C(C)(C)C)=CC(S2)=C4OCCCN5C(C(C=CC=C6)=C6C5=O)=O)C=C(C(C)(C)C)C=C3S7)C(SC8=CC(C(C)(C)C)=CC7=C8OCCCN9C(C(C=CC=C%10)=C%10C9=O)=O)=C1)(C)C
outer_cv,train,2,3,8,,,216,Group 16/213.log,Group 16,Group 16,213.log,OC1=C(CC2=C(C(CC3=C(O)C(CC4=CC(C(C)(C)C)=CC(CC1=C5)=C4OCC(N6CCOCCOCCOCC6)=O)=CC(C(C)(C)C)=C3)=CC(C(C)(C)C)=C2)OCC(N7CCOCCOCCOCC7)=O)C=C5C(C)(C)C
outer_cv,train,2,3,8,,,217,Group 16/214.log,Group 16,Group 16,214.log,OC1=C(CC2=C(C(CC3=C(O)C(CC4=CC(C(C)(C)C)=CC(CC1=C5)=C4OCC(N6CCOCCOCCOCCOCC6)=O)=CC(C(C)(C)C)=C3)=CC(C(C)(C)C)=C2)OCC(N7CCOCCOCCOCCOCC7)=O)C=C5C(C)(C)C
outer_cv,train,2,3,8,,,218,Group 16/215.log,Group 16,Group 16,215.log,OC1=C(CC2=C(C(CC3=C(O)C(CC4=CC(C(C)(C)C)=CC(CC1=C5)=C4OCC(N6CCOCCOCCOCCOCCOCC6)=O)=CC(C(C)(C)C)=C3)=CC(C(C)(C)C)=C2)OCC(N7CCOCCOCCOCCOCCOCC7)=O)C=C5C(C)(C)C
outer_cv,train,2,3,8,,,219,Group 16/216.log,Group 16,Group 16,216.log,OC1=C(CC2=CC(C(C)(C)C)=CC(CC(C=C3C(C)(C)C)=C4OCC(N5CCOCCOCCOCC5)=O)=C2OCC(N6CCOCCOCCOCC6)=O)C=C(C(C)(C)C)C=C1CC7=CC(C(C)(C)C)=CC(CC4=C3)=C7OCC(N8CCOCCOCCOCC8)=O
outer_cv,train,2,3,8,,,220,Group 16/217.log,Group 16,Group 16,217.log,CC(C)(C)C1=CC(CC2=C3)=C(OCC(N4CCOCCOCCOCC4)=O)C(CC5=CC(C(C)(C)C)=CC(CC6=CC(C(C)(C)C)=CC(CC(C=C3C(C)(C)C)=C2OCC(N7CCOCCOCCOCC7)=O)=C6OCC(N8CCOCCOCCOCC8)=O)=C5OCC(N9CCOCCOCCOCC9)=O)=C1
outer_cv,train,2,3,8,,,223,Group 18/220.log,Group 18,Group 18,220.log,C12=C(C(SC(C=CC=C3S4)=C3OCCOCCOCCOC(C(SC5=CC=CC4=C5OCCCOC6=CC(C7=NC=CC=C7)=NC(C8=CC=CC=N8)=C6)=CC=C9)=C9S2)=CC=C1)OCCCOC%10=CC(C%11=NC=CC=C%11)=NC(C%12=CC=CC=N%12)=C%10
outer_cv,train,2,3,8,,,224,Group 18/221.log,Group 18,Group 18,221.log,CC(C1=CC2=C(OCCOCCOCCOC3=C(SC4=CC(C(C)(C)C)=CC(S2)=C4OCCCOC5=CC(C6=NC=CC=C6)=NC(C7=CC=CC=N7)=C5)C=C(C(C)(C)C)C=C3S8)C(SC9=CC(C(C)(C)C)=CC8=C9OCCCOC%10=CC(C%11=NC=CC=C%11)=NC(C%12=CC=CC=N%12)=C%10)=C1)(C)C
outer_cv,train,2,3,8,,,225,Group 18/222.log,Group 18,Group 18,222.log,CC(C1=CC2=C(OCCOCCOCCOCCOC3=C(SC4=CC(C(C)(C)C)=CC(S2)=C4OCCCOC5=CC(C6=NC=CC=C6)=NC(C7=CC=CC=N7)=C5)C=C(C(C)(C)C)C=C3S8)C(SC9=CC(C(C)(C)C)=CC8=C9OCCCOC%10=CC(C%11=NC=CC=C%11)=NC(C%12=CC=CC=N%12)=C%10)=C1)(C)C
outer_cv,train,2,3,8,,,226,Group 18/223.log,Group 18,Group 18,223.log,CC(C1=CC2=C(OCCOCCOCCOCCOCCOC3=C(SC4=CC(C(C)(C)C)=CC(S2)=C4OCCCOC5=CC(C6=NC=CC=C6)=NC(C7=CC=CC=N7)=C5)C=C(C(C)(C)C)C=C3S8)C(SC9=CC(C(C)(C)C)=CC8=C9OCCCOC%10=CC(C%11=NC=CC=C%11)=NC(C%12=CC=CC=N%12)=C%10)=C1)(C)C
outer_cv,train,2,3,8,,,227,Group 19/224.log,Group 19,Group 19,224.log,OC1=C(SC2=C(C(SC3=C(O)C(SC4=CC(C(C)(C)C)=CC(SC1=C5)=C4OCCSCCCCCCCC)=CC(C(C)(C)C)=C3)=CC(C(C)(C)C)=C2)OCCSCCCCCCCC)C=C5C(C)(C)C
outer_cv,train,2,3,8,,,228,Group 19/225.log,Group 19,Group 19,225.log,OC1=C(SC2=C(C(SC3=C(O)C(SC4=CC(C(C)(C)C)=CC(SC1=C5)=C4OCCSC)=CC(C(C)(C)C)=C3)=CC(C(C)(C)C)=C2)OCCSC)C=C5C(C)(C)C
outer_cv,train,2,3,8,,,229,Group 19/226.log,Group 19,Group 19,226.log,OC1=C(SC2=C(C(SC3=C(O)C(SC4=CC(C(C)(C)C)=CC(SC1=C5)=C4OCCSCC6=CC=CC=C6)=CC(C(C)(C)C)=C3)=CC(C(C)(C)C)=C2)OCCSCC7=CC=CC=C7)C=C5C(C)(C)C
outer_cv,train,2,3,8,,,230,Group 19/227.log,Group 19,Group 19,227.log,OC1=C(SC2=C(C(SC3=C(O)C(SC4=CC(C(C)(C)C)=CC(SC1=C5)=C4OCCCSCC)=CC(C(C)(C)C)=C3)=CC(C(C)(C)C)=C2)OCCCSCC)C=C5C(C)(C)C
outer_cv,train,2,3,8,,,231,Group 19/228.log,Group 19,Group 19,228.log,OC1=C(CC2=C(C(CC3=C(O)C(C4)=CC=C3)=CC=C2)OCCCS)C=CC=C1CC5=C(OCCCS)C4=CC=C5
outer_cv,train,2,3,8,,,232,Group 19/229.log,Group 19,Group 19,229.log,OC1=C(SC2=C(C(SC3=C(O)C(SC4=CC(C(C)(C)C)=CC(SC1=C5)=C4OCCCSCCSCCS)=CC(C(C)(C)C)=C3)=CC(C(C)(C)C)=C2)O)C=C5C(C)(C)C
outer_cv,train,2,3,8,,,233,Group 19/230.log,Group 19,Group 19,230.log,CC(C1=CC2=C(OCCCS)C(SC3=CC(C(C)(C)C)=CC(SC4=CC(C(C)(C)C)=CC(SC5=CC(C(C)(C)C)=CC(S2)=C5OCCCS)=C4OCCCS)=C3OCCCS)=C1)(C)C
outer_cv,train,2,3,8,,,234,Group 19/231.log,Group 19,Group 19,231.log,CC(C1=CC2=C(OCCCSCC(OC)=O)C(SC3=CC(C(C)(C)C)=CC(SC4=CC(C(C)(C)C)=CC(SC5=CC(C(C)(C)C)=CC(S2)=C5OCCCSCC(OC)=O)=C4OCCCSCC(OC)=O)=C3OCCCSCC(OC)=O)=C1)(C)C
outer_cv,train,2,3,8,,,235,Group 19/232.log,Group 19,Group 19,232.log,CC(C1=CC2=C(OCCCCSCC(OC)=O)C(SC3=CC(C(C)(C)C)=CC(SC4=CC(C(C)(C)C)=CC(SC5=CC(C(C)(C)C)=CC(S2)=C5OCCCCSCC(OC)=O)=C4OCCCCSCC(OC)=O)=C3OCCCCSCC(OC)=O)=C1)(C)C
outer_cv,train,2,3,8,,,236,Group 19/233.log,Group 19,Group 19,233.log,CC(C1=CC2=C(OCCCCCSCC(OC)=O)C(SC3=CC(C(C)(C)C)=CC(SC4=CC(C(C)(C)C)=CC(SC5=CC(C(C)(C)C)=CC(S2)=C5OCCCCCSCC(OC)=O)=C4OCCCCCSCC(OC)=O)=C3OCCCCCSCC(OC)=O)=C1)(C)C
outer_cv,train,2,3,8,,,237,Group 19/234.log,Group 19,Group 19,234.log,CC(C1=CC2=C(OCCOCCO)C(SC3=CC(C(C)(C)C)=CC(SC4=CC(C(C)(C)C)=CC(SC5=CC(C(C)(C)C)=CC(S2)=C5OCCSCC(OC)=O)=C4OCCOCCO)=C3OCCSCC(OC)=O)=C1)(C)C
outer_cv,train,2,3,8,,,238,Group 19/235.log,Group 19,Group 19,235.log,OC1=C(SC2=C(C(SC3=C(O)C(SC4=CC(C(C)(C)C)=CC(SC1=C5)=C4OCCSC(C)=O)=CC(C(C)(C)C)=C3)=CC(C(C)(C)C)=C2)OCCSC(C)=O)C=C5C(C)(C)C
outer_cv,train,2,3,8,,,239,Group 19/236.log,Group 19,Group 19,236.log,OC1=C(SC2=C(C(SC3=C(O)C(SC4=CC(C(C)(C)C)=CC(SC1=C5)=C4OCCCSC(C)=O)=CC(C(C)(C)C)=C3)=CC(C(C)(C)C)=C2)OCCCSC(C)=O)C=C5C(C)(C)C
outer_cv,train,2,3,8,,,240,Group 19/237.log,Group 19,Group 19,237.log,CC(C1=CC2=C(OCCSCCCCCCCC)C(SC3=CC(C(C)(C)C)=CC(SC4=CC(C(C)(C)C)=CC(SC5=CC(C(C)(C)C)=CC(S2)=C5OCCC#C)=C4OCCSCCCCCCCC)=C3OCCC#C)=C1)(C)C
outer_cv,train,2,3,8,,,241,Group 19/238.log,Group 19,Group 19,238.log,CC(C1=CC2=C(OCCSCCCCCCCC)C(SC3=CC(C(C)(C)C)=CC(SC4=CC(C(C)(C)C)=CC(SC5=CC(C(C)(C)C)=CC(S2)=C5OCCCC#C)=C4OCCSCCCCCCCC)=C3OCCCC#C)=C1)(C)C
outer_cv,train,2,3,8,,,242,Group 19/239.log,Group 19,Group 19,239.log,CC(C1=CC2=C(OCCSCCCCCCCC)C(SC3=CC(C(C)(C)C)=CC(SC4=CC(C(C)(C)C)=CC(SC5=CC(C(C)(C)C)=CC(S2)=C5OCCCCC#C)=C4OCCSCCCCCCCC)=C3OCCCCC#C)=C1)(C)C
outer_cv,train,2,3,8,,,243,Group 19/240.log,Group 19,Group 19,240.log,CC(C1=CC2=C(OCCSCCCCCCCC)C(SC3=CC(C(C)(C)C)=CC(SC4=CC(C(C)(C)C)=CC(SC5=CC(C(C)(C)C)=CC(S2)=C5OCCCBr)=C4OCCSCCCCCCCC)=C3OCCCBr)=C1)(C)C
outer_cv,train,2,3,8,,,244,Group 19/241.log,Group 19,Group 19,241.log,CC(C1=CC2=C(OCCSCCCCCCCC)C(SC3=CC(C(C)(C)C)=CC(SC4=CC(C(C)(C)C)=CC(SC5=CC(C(C)(C)C)=CC(S2)=C5OCCCN=[N+]=[N-])=C4OCCSCCCCCCCC)=C3OCCCN=[N+]=[N-])=C1)(C)C
outer_cv,train,2,3,8,,,245,Group 19/242.log,Group 19,Group 19,242.log,CC(C1=CC2=C(OCCSCCCCCCCC)C(SC3=CC(C(C)(C)C)=CC(SC4=CC(C(C)(C)C)=CC(SC5=CC(C(C)(C)C)=CC(S2)=C5OCCCN6C(C(OC)=O)=C(C(OC)=O)N=N6)=C4OCCSCCCCCCCC)=C3OCCCN7N=NC(C(OC)=O)=C7C(OC)=O)=C1)(C)C
outer_cv,train,2,3,8,,,246,Group 19/243.log,Group 19,Group 19,243.log,OC1=C(SC2=C(C(SC3=C(O)C(SC4=CC(C(C)(C)C)=CC(SC1=C5)=C4OCCCBr)=CC(C(C)(C)C)=C3)=CC(C(C)(C)C)=C2)OCCCSC(C)=O)C=C5C(C)(C)C
outer_cv,train,2,3,8,,,247,Group 20/244.log,Group 20,Group 20,244.log,BrCCCOC1=C2C=CC=C1SC3=CC=CC4=C3OCCSCCSCCOC5=C(SC6=CC=CC(S4)=C6OCCCBr)C=CC=C5S2
outer_cv,train,2,3,8,,,248,Group 20/245.log,Group 20,Group 20,245.log,CC(C1=CC2=C(OCCSCCSCCOC3=C(SC4=CC(C(C)(C)C)=CC(S2)=C4OCCCBr)C=C(C(C)(C)C)C=C3S5)C(SC6=CC(C(C)(C)C)=CC5=C6OCCCBr)=C1)(C)C
outer_cv,train,2,3,8,,,249,Group 20/246.log,Group 20,Group 20,246.log,CC(C1=CC2=C(OCCSCCSCCOC3=C(SC4=CC(C(C)(C)C)=CC(S2)=C4OCCCCCCCCCCCC)C=C(C(C)(C)C)C=C3S5)C(SC6=CC(C(C)(C)C)=CC5=C6OCCCCCCCCCCCC)=C1)(C)C
outer_cv,train,2,3,8,,,250,Group 20/247.log,Group 20,Group 20,247.log,CC(C1=CC2=C(OCCCSCCOCCSCCCOC3=C(SC4=CC(C(C)(C)C)=CC(S2)=C4OCCCCCCCCCCCC)C=C(C(C)(C)C)C=C3S5)C(SC6=CC(C(C)(C)C)=CC5=C6OCCCCCCCCCCCC)=C1)(C)C
outer_cv,train,2,3,8,,,251,Group 20/248.log,Group 20,Group 20,248.log,CC(C1=CC2=C(OCCCSCCSCCSCCCOC3=C(SC4=CC(C(C)(C)C)=CC(S2)=C4OCCCCCCCCCCCC)C=C(C(C)(C)C)C=C3S5)C(SC6=CC(C(C)(C)C)=CC5=C6OCCCCCCCCCCCC)=C1)(C)C
outer_cv,train,2,3,8,,,258,Group 22/255.log,Group 22,Group 22,255.log,CC(C1=CC2=C(OCCOCCOCCOC3=C(SC4=CC(C(C)(C)C)=CC(S2)=C4OCCSC(C)=O)C=C(C(C)(C)C)C=C3S5)C(SC6=CC(C(C)(C)C)=CC5=C6OCCSC(C)=O)=C1)(C)C
outer_cv,train,2,3,8,,,259,Group 22/256.log,Group 22,Group 22,256.log,CC(C1=CC2=C(OCCOCCOCCOC3=C(SC4=CC(C(C)(C)C)=CC(S2)=C4OCCCSC(C)=O)C=C(C(C)(C)C)C=C3S5)C(SC6=CC(C(C)(C)C)=CC5=C6OCCCSC(C)=O)=C1)(C)C
outer_cv,train,2,3,8,,,260,Group 22/257.log,Group 22,Group 22,257.log,CC(C1=CC2=C(OCCOCCOCCOC3=C(SC4=CC(C(C)(C)C)=CC(S2)=C4OCCSC)C=C(C(C)(C)C)C=C3S5)C(SC6=CC(C(C)(C)C)=CC5=C6OCCSC)=C1)(C)C
outer_cv,train,2,3,8,,,261,Group 22/258.log,Group 22,Group 22,258.log,CC(C1=CC2=C(OCCOCCOCCOC3=C(SC4=CC(C(C)(C)C)=CC(S2)=C4OCCSCC5=CC=CC=C5)C=C(C(C)(C)C)C=C3S6)C(SC7=CC(C(C)(C)C)=CC6=C7OCCSCC8=CC=CC=C8)=C1)(C)C
outer_cv,train,2,3,8,,,262,Group 22/259.log,Group 22,Group 22,259.log,CC(C1=CC2=C(OCCOCCOCCOC3=C(SC4=CC(C(C)(C)C)=CC(S2)=C4OCCCSCC)C=C(C(C)(C)C)C=C3S5)C(SC6=CC(C(C)(C)C)=CC5=C6OCCCSCC)=C1)(C)C
outer_cv,train,2,3,8,,,263,Group 22/260.log,Group 22,Group 22,260.log,CC(C1=CC2=C(OCCOCCOCCOCCOC3=C(SC4=CC(C(C)(C)C)=CC(S2)=C4OCCSCC5=CC=CC=C5)C=C(C(C)(C)C)C=C3S6)C(SC7=CC(C(C)(C)C)=CC6=C7OCCSCC8=CC=CC=C8)=C1)(C)C
outer_cv,train,2,3,8,,,264,Group 22/261.log,Group 22,Group 22,261.log,CC(C1=CC2=C(OCCOCCOCCOCCOC3=C(SC4=CC(C(C)(C)C)=CC(S2)=C4OCCCSCC)C=C(C(C)(C)C)C=C3S5)C(SC6=CC(C(C)(C)C)=CC5=C6OCCCSCC)=C1)(C)C
outer_cv,train,2,3,8,,,265,Group 22/262.log,Group 22,Group 22,262.log,CC(C1=CC2=C(OCCOCCOC3=C(SC4=CC(C(C)(C)C)=CC(S2)=C4OCCCSC(C)=O)C=C(C(C)(C)C)C=C3S5)C(SC6=CC(C(C)(C)C)=CC5=C6OCCCSC(C)=O)=C1)(C)C
outer_cv,valid,2,3,8,,,61,Group 6/58.log,Group 6,Group 6,58.log,OC1=C(CC2=C(C(CC3=C(O)C(CC4=CC(C(C)(C)C)=CC(CC1=C5)=C4OCCBr)=CC(C(C)(C)C)=C3)=CC(C(C)(C)C)=C2)OCCBr)C=C5C(C)(C)C
outer_cv,valid,2,3,8,,,62,Group 6/59.log,Group 6,Group 6,59.log,OC1=C(CC2=C(C(CC3=C(O)C(CC4=CC(C(C)(C)C)=CC(CC1=C5)=C4OCCCBr)=CC(C(C)(C)C)=C3)=CC(C(C)(C)C)=C2)OCCCBr)C=C5C(C)(C)C
outer_cv,valid,2,3,8,,,63,Group 6/60.log,Group 6,Group 6,60.log,OC1=C(CC2=C(C(CC3=C(O)C(CC4=CC(C(C)(C)C)=CC(CC1=C5)=C4OCCCCBr)=CC(C(C)(C)C)=C3)=CC(C(C)(C)C)=C2)OCCCCBr)C=C5C(C)(C)C
outer_cv,valid,2,3,8,,,64,Group 6/61.log,Group 6,Group 6,61.log,OC1=C(SC2=C(C(SC3=C(O)C(SC4=CC([N+]([O-])=O)=CC(SC1=C5)=C4OCCCBr)=CC([N+]([O-])=O)=C3)=CC([N+]([O-])=O)=C2)OCCCBr)C=C5[N+]([O-])=O
outer_cv,valid,2,3,8,,,65,Group 6/62.log,Group 6,Group 6,62.log,CC(C1=CC2=C(OCCCBr)C(SC3=CC(C(C)(C)C)=CC(SC4=CC(C(C)(C)C)=CC(SC5=CC(C(C)(C)C)=CC(S2)=C5OCCCBr)=C4OCCCBr)=C3OCCCBr)=C1)(C)C
outer_cv,valid,2,3,8,,,66,Group 6/63.log,Group 6,Group 6,63.log,CC(C1=CC2=C(OCCCCBr)C(SC3=CC(C(C)(C)C)=CC(SC4=CC(C(C)(C)C)=CC(SC5=CC(C(C)(C)C)=CC(S2)=C5OCCCCBr)=C4OCCCCBr)=C3OCCCCBr)=C1)(C)C
outer_cv,valid,2,3,8,,,67,Group 6/64.log,Group 6,Group 6,64.log,CC(C1=CC2=C(OCCCCCBr)C(SC3=CC(C(C)(C)C)=CC(SC4=CC(C(C)(C)C)=CC(SC5=CC(C(C)(C)C)=CC(S2)=C5OCCCCCBr)=C4OCCCCCBr)=C3OCCCCCBr)=C1)(C)C
outer_cv,valid,2,3,8,,,68,Group 6/65.log,Group 6,Group 6,65.log,CC(C1=CC2=C(OCCCCCCBr)C(SC3=CC(C(C)(C)C)=CC(SC4=CC(C(C)(C)C)=CC(SC5=CC(C(C)(C)C)=CC(S2)=C5OCCCCCCBr)=C4OCCCCCCBr)=C3OCCCCCCBr)=C1)(C)C
outer_cv,valid,2,3,8,,,69,Group 6/66.log,Group 6,Group 6,66.log,CC(C1=CC2=C(OCCCCCCCCCCCC)C(SC3=CC(C(C)(C)C)=CC(SC4=CC(C(C)(C)C)=CC(SC5=CC(C(C)(C)C)=CC(S2)=C5OCCCBr)=C4OCCCCCCCCCCCC)=C3OCCCBr)=C1)(C)C
outer_cv,valid,2,3,8,,,70,Group 6/67.log,Group 6,Group 6,67.log,CC(C1=CC2=C(OCCCCCCOC3=C(SC4=CC(C(C)(C)C)=CC(S2)=C4OCCCCCCBr)C=C(C(C)(C)C)C=C3S5)C(SC6=CC(C(C)(C)C)=CC5=C6OCCCCCCBr)=C1)(C)C
outer_cv,valid,2,3,8,,,151,Group 12/148.log,Group 12,Group 12,148.log,OCC(N=N1)=CN1C2=CC(C3=NC=CC=C3)=NC(C4=CC=CC=N4)=C2
outer_cv,valid,2,3,8,,,152,Group 12/149.log,Group 12,Group 12,149.log,CCCCCCC(N=N1)=CN1C2=CC(C3=NC=CC=C3)=NC(C4=CC=CC=N4)=C2
outer_cv,valid,2,3,8,,,153,Group 12/150.log,Group 12,Group 12,150.log,OC1=C(SC2=C(C(SC3=C(O)C(SC4=CC(C(C)(C)C)=CC(SC1=C5)=C4OCCC6=CN(C7=CC(C8=NC=CC=C8)=NC(C9=CC=CC=N9)=C7)N=N6)=CC(C(C)(C)C)=C3)=CC(C(C)(C)C)=C2)OCCC%10=CN(C%11=CC(C%12=NC=CC=C%12)=NC(C%13=CC=CC=N%13)=C%11)N=N%10)C=C5C(C)(C)C
outer_cv,valid,2,3,8,,,154,Group 12/151.log,Group 12,Group 12,151.log,OC1=C(SC2=C(C(SC3=C(O)C(SC4=CC(C(C)(C)C)=CC(SC1=C5)=C4OCCCC6=CN(C7=CC(C8=NC=CC=C8)=NC(C9=CC=CC=N9)=C7)N=N6)=CC(C(C)(C)C)=C3)=CC(C(C)(C)C)=C2)OCCCC%10=CN(C%11=CC(C%12=NC=CC=C%12)=NC(C%13=CC=CC=N%13)=C%11)N=N%10)C=C5C(C)(C)C
outer_cv,valid,2,3,8,,,155,Group 12/152.log,Group 12,Group 12,152.log,OC1=C(SC2=C(C(SC3=C(O)C(SC4=CC(C(C)(C)C)=CC(SC1=C5)=C4OCCCCC6=CN(C7=CC(C8=NC=CC=C8)=NC(C9=CC=CC=N9)=C7)N=N6)=CC(C(C)(C)C)=C3)=CC(C(C)(C)C)=C2)OCCCCC%10=CN(C%11=CC(C%12=NC=CC=C%12)=NC(C%13=CC=CC=N%13)=C%11)N=N%10)C=C5C(C)(C)C
outer_cv,valid,2,3,8,,,156,Group 12/153.log,Group 12,Group 12,153.log,CC(C1=CC2=C(OCCC3=CN(C4=CC(C5=NC=CC=C5)=NC(C6=CC=CC=N6)=C4)N=N3)C(SC7=CC(C(C)(C)C)=CC(SC8=CC(C(C)(C)C)=CC(SC9=CC(C(C)(C)C)=CC(S2)=C9OCCC%10=CN(C%11=CC(C%12=NC=CC=C%12)=NC(C%13=CC=CC=N%13)=C%11)N=N%10)=C8OCCC%14=CN(C%15=CC(C%16=NC=CC=C%16)=NC(C%17=CC=CC=N%17)=C%15)N=N%14)=C7OCCC%18=CN(C%19=CC(C%20=NC=CC=C%20)=NC(C%21=CC=CC=N%21)=C%19)N=N%18)=C1)(C)C
outer_cv,valid,2,3,8,,,157,Group 12/154.log,Group 12,Group 12,154.log,CC(C1=CC2=C(OCCCCCCCCCCCC)C(SC3=CC(C(C)(C)C)=CC(SC4=CC(C(C)(C)C)=CC(SC5=CC(C(C)(C)C)=CC(S2)=C5OCCC6=CN(C7=CC(C8=NC=CC=C8)=NC(C9=CC=CC=N9)=C7)N=N6)=C4OCCCCCCCCCCCC)=C3OCCC%10=CN(C%11=CC(C%12=NC=CC=C%12)=NC(C%13=CC=CC=N%13)=C%11)N=N%10)=C1)(C)C
outer_cv,valid,2,3,8,,,158,Group 12/155.log,Group 12,Group 12,155.log,CC(C1=CC2=C(OCCCCCCCCCCCC)C(SC3=CC(C(C)(C)C)=CC(SC4=CC(C(C)(C)C)=CC(SC5=CC(C(C)(C)C)=CC(S2)=C5OCCCC6=CN(C7=CC(C8=NC=CC=C8)=NC(C9=CC=CC=N9)=C7)N=N6)=C4OCCCCCCCCCCCC)=C3OCCCC%10=CN(C%11=CC(C%12=NC=CC=C%12)=NC(C%13=CC=CC=N%13)=C%11)N=N%10)=C1)(C)C
outer_cv,valid,2,3,8,,,159,Group 12/156.log,Group 12,Group 12,156.log,CC(C1=CC2=C(OCCCCCCCCCCCC)C(SC3=CC(C(C)(C)C)=CC(SC4=CC(C(C)(C)C)=CC(SC5=CC(C(C)(C)C)=CC(S2)=C5OCCCCC6=CN(C7=CC(C8=NC=CC=C8)=NC(C9=CC=CC=N9)=C7)N=N6)=C4OCCCCCCCCCCCC)=C3OCCCCC%10=CN(C%11=CC(C%12=NC=CC=C%12)=NC(C%13=CC=CC=N%13)=C%11)N=N%10)=C1)(C)C
outer_cv,valid,2,3,8,,,160,Group 12/157.log,Group 12,Group 12,157.log,CC(C1=CC2=C(OCCCCC3=CN(C4=CC(C5=NC=CC=C5)=NC(C6=CC=CC=N6)=C4)N=N3)C(SC7=CC(C(C)(C)C)=CC(SC8=CC(C(C)(C)C)=CC(SC9=CC(C(C)(C)C)=CC(S2)=C9OCCCCC%10=CN(C%11=CC(C%12=NC=CC=C%12)=NC(C%13=CC=CC=N%13)=C%11)N=N%10)=C8OCCCCC%14=CN(C%15=CC(C%16=NC=CC=C%16)=NC(C%17=CC=CC=N%17)=C%15)N=N%14)=C7OCCCCC%18=CN(C%19=CC(C%20=NC=CC=C%20)=NC(C%21=CC=CC=N%21)=C%19)N=N%18)=C1)(C)C
outer_cv,valid,2,3,8,,,161,Group 13/158.log,Group 13,Group 13,158.log,CC(C1=CC2=C(OCCOCCO)C(SC3=CC(C(C)(C)C)=CC(SC4=CC(C(C)(C)C)=CC(SC5=CC(C(C)(C)C)=CC(S2)=C5OCCOCCO)=C4OCCOCCO)=C3OCCOCCO)=C1)(C)C
outer_cv,valid,2,3,8,,,162,Group 13/159.log,Group 13,Group 13,159.log,CC(C1=CC2=C(OCCOCCO)C(SC3=CC(C(C)(C)C)=CC(SC4=CC(C(C)(C)C)=CC(SC5=CC(C(C)(C)C)=CC(S2)=C5OCCBr)=C4OCCOCCO)=C3OCCBr)=C1)(C)C
outer_cv,valid,2,3,8,,,163,Group 13/160.log,Group 13,Group 13,160.log,OC1=C2C=C(C(C)(C)C)C=C1SC3=C(OCCOCCOC4=C(S2)C=C5C(C)(C)C)C(SC6=CC(C(C)(C)C)=CC(SC4=C5)=C6O)=CC(C(C)(C)C)=C3
outer_cv,valid,2,3,8,,,164,Group 13/161.log,Group 13,Group 13,161.log,OC1=C2C=C(C(C)(C)C)C=C1SC3=C(OCCOCCOCCOC4=C(S2)C=C5C(C)(C)C)C(SC6=CC(C(C)(C)C)=CC(SC4=C5)=C6O)=CC(C(C)(C)C)=C3
outer_cv,valid,2,3,8,,,165,Group 13/162.log,Group 13,Group 13,162.log,OC1=C2C=C(C(C)(C)C)C=C1SC3=C(OCCOCCOCCOCCOC4=C(S2)C=C5C(C)(C)C)C(SC6=CC(C(C)(C)C)=CC(SC4=C5)=C6O)=CC(C(C)(C)C)=C3.C
outer_cv,valid,2,3,8,,,166,Group 13/163.log,Group 13,Group 13,163.log,OC1=C2C=C(C(C)(C)C)C=C1SC3=C(OCCOCCOCCOCCOCCOC4=C(S2)C=C5C(C)(C)C)C(SC6=CC(C(C)(C)C)=CC(SC4=C5)=C6O)=CC(C(C)(C)C)=C3.C
outer_cv,valid,2,3,8,,,167,Group 13/164.log,Group 13,Group 13,164.log,O=[N+](C1=CC(S2)=C3OCCOCCOCCOCCOC4=C5SC6=C(C2=CC([N+]([O-])=O)=C6)OCCOCCOCCOCCOC7=C(SC3=C1)C=C([N+]([O-])=O)C=C7SC4=CC([N+]([O-])=O)=C5)[O-]
outer_cv,valid,2,3,8,,,168,Group 13/165.log,Group 13,Group 13,165.log,CC(C1=CC2=C(OCCOCCOC3=C(SC4=CC(C(C)(C)C)=CC(S2)=C4OCCBr)C=C(C(C)(C)C)C=C3S5)C(SC6=CC(C(C)(C)C)=CC5=C6OCCBr)=C1)(C)C
outer_cv,valid,2,3,8,,,169,Group 13/166.log,Group 13,Group 13,166.log,CC(C1=CC2=C(OCCOCCOC3=C(SC4=CC(C(C)(C)C)=CC(S2)=C4OCCCBr)C=C(C(C)(C)C)C=C3S5)C(SC6=CC(C(C)(C)C)=CC5=C6OCCCBr)=C1)(C)C
outer_cv,valid,2,3,8,,,170,Group 13/167.log,Group 13,Group 13,167.log,CC(C1=CC2=C(OCCOCCOCCOC3=C(SC4=CC(C(C)(C)C)=CC(S2)=C4OCCBr)C=C(C(C)(C)C)C=C3S5)C(SC6=CC(C(C)(C)C)=CC5=C6OCCBr)=C1)(C)C
outer_cv,valid,2,3,8,,,171,Group 13/168.log,Group 13,Group 13,168.log,CC(C1=CC2=C(OCCOCCOCCOC3=C(SC4=CC(C(C)(C)C)=CC(S2)=C4OCCCBr)C=C(C(C)(C)C)C=C3S5)C(SC6=CC(C(C)(C)C)=CC5=C6OCCCBr)=C1)(C)C
outer_cv,valid,2,3,8,,,172,Group 13/169.log,Group 13,Group 13,169.log,CC(C1=CC2=C(OCCOCCOCCOCCOC3=C(SC4=CC(C(C)(C)C)=CC(S2)=C4OCCCBr)C=C(C(C)(C)C)C=C3S5)C(SC6=CC(C(C)(C)C)=CC5=C6OCCCBr)=C1)(C)C
outer_cv,valid,2,3,8,,,173,Group 13/170.log,Group 13,Group 13,170.log,CC(C1=CC2=C(OCCOCCOCCOCCOCCOC3=C(SC4=CC(C(C)(C)C)=CC(S2)=C4OCCBr)C=C(C(C)(C)C)C=C3S5)C(SC6=CC(C(C)(C)C)=CC5=C6OCCBr)=C1)(C)C
outer_cv,valid,2,3,8,,,174,Group 13/171.log,Group 13,Group 13,171.log,CC(C1=CC2=C(OCCOCCOCCOCCOCCOC3=C(SC4=CC(C(C)(C)C)=CC(S2)=C4OCCCBr)C=C(C(C)(C)C)C=C3S5)C(SC6=CC(C(C)(C)C)=CC5=C6OCCCBr)=C1)(C)C
outer_cv,valid,2,3,8,,,175,Group 13/172.log,Group 13,Group 13,172.log,CC(C1=CC2=C(OCCOCCOCCOCCOCCOCCOC3=C(SC4=CC(C(C)(C)C)=CC(S2)=C4OCCBr)C=C(C(C)(C)C)C=C3S5)C(SC6=CC(C(C)(C)C)=CC5=C6OCCBr)=C1)(C)C
outer_cv,valid,2,3,8,,,176,Group 13/173.log,Group 13,Group 13,173.log,CC(C1=CC2=C(OCCOCCOCCOCCOCCOCCOC3=C(SC4=CC(C(C)(C)C)=CC(S2)=C4OCCCBr)C=C(C(C)(C)C)C=C3S5)C(SC6=CC(C(C)(C)C)=CC5=C6OCCCBr)=C1)(C)C
outer_cv,valid,2,3,8,,,177,Group 13/174.log,Group 13,Group 13,174.log,CC(C)(C)C1=CC(SC(C=C2C(C)(C)C)=C3OCCOCCOCCOCCOCCOC(C(S4)=CC(C(C)(C)C)=C5)=C5SC6=C(C7=CC(C(C)(C)C)=C6)OCCCBr)=C(OCCCBr)C(SC8=C(OCCOCCOCCOCCOCCOC9=C(S7)C=C(C(C)(C)C)C=C9SC%10=C(OCCCBr)C4=CC(C(C)(C)C)=C%10)C(SC(C=C(C=C%11SC3=C2)C(C)(C)C)=C%11OCCCBr)=CC(C(C)(C)C)=C8)=C1
outer_cv,valid,2,3,8,,,178,Group 13/175.log,Group 13,Group 13,175.log,CC(C1=CC2=C(OCCOCCOCCOC3=C(SC4=CC(C(C)(C)C)=CC(S2)=C4OCCCCCCCCCCCC)C=C(C(C)(C)C)C=C3S5)C(SC6=CC(C(C)(C)C)=CC5=C6OCCCCCCCCCCCC)=C1)(C)C
outer_cv,valid,2,3,8,,,179,Group 13/176.log,Group 13,Group 13,176.log,CC(C1=CC2=C(OCCOCCOCCOCCOC3=C(SC4=CC(C(C)(C)C)=CC(S2)=C4OCCCCCCCCCCCC)C=C(C(C)(C)C)C=C3S5)C(SC6=CC(C(C)(C)C)=CC5=C6OCCCCCCCCCCCC)=C1)(C)C
outer_cv,valid,2,3,8,,,180,Group 13/177.log,Group 13,Group 13,177.log,CC(C1=CC2=C(OCCOCCOCCOCCOCCOC3=C(SC4=CC(C(C)(C)C)=CC(S2)=C4OCCCCCCCCCCCC)C=C(C(C)(C)C)C=C3S5)C(SC6=CC(C(C)(C)C)=CC5=C6OCCCCCCCCCCCC)=C1)(C)C
outer_cv,valid,2,3,8,,,181,Group 13/178.log,Group 13,Group 13,178.log,CC(C1=CC2=C(OCCOCCOCCOC3=C(SC4=CC(C(C)(C)C)=CC(S2)=C4OC)C=C(C(C)(C)C)C=C3S5)C(SC6=CC(C(C)(C)C)=CC5=C6OC)=C1)(C)C
outer_cv,valid,2,3,8,,,182,Group 13/179.log,Group 13,Group 13,179.log,CC(C1=CC2=C(OCCOCCOCCOCCOC3=C(SC4=CC(C(C)(C)C)=CC(S2)=C4OC)C=C(C(C)(C)C)C=C3S5)C(SC6=CC(C(C)(C)C)=CC5=C6OC)=C1)(C)C
outer_cv,valid,2,3,8,,,183,Group 13/180.log,Group 13,Group 13,180.log,CC(C1=CC2=C(OCCOCCOCCOCCOCCOC3=C(SC4=CC(C(C)(C)C)=CC(S2)=C4OC)C=C(C(C)(C)C)C=C3S5)C(SC6=CC(C(C)(C)C)=CC5=C6OC)=C1)(C)C
outer_cv,train,2,4,9,,,11,Group 2/12.log,Group 2,Group 2,12.log,OC1=C(SC2=C(C(SC3=C(O)C(SC4=CC(C(C)(C)C)=CC(SC1=C5)=C4O[Si](C)(C(C)(C)C)C)=CC(C(C)(C)C)=C3)=CC(C(C)(C)C)=C2)O[Si](C)(C)C(C)(C)C)C=C5C(C)(C)C
outer_cv,train,2,4,9,,,12,Group 2/13.log,Group 2,Group 2,13.log,OC1=C(SC2=C(C(SC3=C(O)C(S4)=CC=C3)=CC=C2)O[Si](C)(C)C(C)(C)C)C=CC=C1SC5=C(O[Si](C)(C(C)(C)C)C)C4=CC=C5
outer_cv,train,2,4,9,,,13,Group 2/14.log,Group 2,Group 2,14.log,OC1=C(SC2=C(C(SC3=C(O)C(SC4=CC(Br)=CC(SC1=C5)=C4O[Si](C)(C(C)(C)C)C)=CC(Br)=C3)=CC(Br)=C2)O[Si](C)(C)C(C)(C)C)C=C5Br
outer_cv,train,2,4,9,,,14,Group 2/15.log,Group 2,Group 2,15.log,OC1=C(SC2=C(C(SC3=C(O)C(S4)=CC=C3)=CC=C2)OS(C(F)(F)F)(=O)=O)C=CC=C1SC5=C(OS(=O)(C(F)(F)F)=O)C4=CC=C5
outer_cv,train,2,4,9,,,26,Group 4/27.log,Group 4,Group 4,27.log,CC(C)(C)C1=CC(CC2=C3)=C(OCC#C)C(CC4=CC(C(C)(C)C)=CC(CC5=CC(C(C)(C)C)=CC(CC(C=C3C(C)(C)C)=C2OCC#C)=C5OCC#C)=C4OCC#C)=C1
outer_cv,train,2,4,9,,,27,Group 4/28.log,Group 4,Group 4,28.log,CC(C)(C1=CC(CC2=C(C(CC(C=C(C=C3C4)C(C)(C)C)=C3OCC#C)=CC(C(C)(C)C)=C2)OCC#C)=C(OCC#C)C(CC5=CC(C(C)(C)C)=CC4=C5OCC#C)=C1)C
outer_cv,train,2,4,9,,,28,Group 4/29.log,Group 4,Group 4,29.log,CC(C1=CC2=C(OCC#C)C(CC3=CC(C(C)(C)C)=CC(CC4=CC(C(C)(C)C)=CC(CC5=CC(C(C)(C)C)=CC(C2)=C5OCC#C)=C4OCC#C)=C3OCC#C)=C1)(C)C
outer_cv,train,2,4,9,,,29,Group 4/30.log,Group 4,Group 4,30.log,C#CCOC1=C2C=CC=C1CC3=CC=CC(CC4=CC=CC(CC(C=CC=C5C2)=C5OCC#C)=C4OCC#C)=C3OCC#C
outer_cv,train,2,4,9,,,30,Group 4/31.log,Group 4,Group 4,31.log,OC1=C(SC2=C(C(S3)=CC(C(C)(C)C)=C2)OCCC#CC#CCCOC4=C(SC1=C5)C=C(C(C)(C)C)C=C4SC6=CC(C(C)(C)C)=CC3=C6O)C=C5C(C)(C)C
outer_cv,train,2,4,9,,,31,Group 4/32.log,Group 4,Group 4,32.log,OC1=C(CC2=C(C(CC3=C(O)C(CC4=CC(C(C)(C)C)=CC(CC1=C5)=C4OCC=C)=CC(C(C)(C)C)=C3)=CC(C(C)(C)C)=C2)OCC=C)C=C5C(C)(C)C
outer_cv,train,2,4,9,,,32,Group 4/33.log,Group 4,Group 4,33.log,OC1=C(CC2=C(C(CC3=C(O)C(C4)=CC=C3)=CC=C2)OCC=C)C=CC=C1CC5=C(OCC=C)C4=CC=C5
outer_cv,train,2,4,9,,,33,Group 4/34.log,Group 4,Group 4,34.log,OC1=C(SC2=C(C(SC3=C(O)C(SC4=CC(C(C)(C)C)=CC(SC1=C5)=C4OCC=C)=CC(C(C)(C)C)=C3)=CC(C(C)(C)C)=C2)OCC=C)C=C5C(C)(C)C
outer_cv,train,2,4,9,,,34,Group 4/35.log,Group 4,Group 4,35.log,CC(C1=CC2=C(OCC=C)C(SC3=CC(C(C)(C)C)=CC(SC4=CC(C(C)(C)C)=CC(SC5=CC(C(C)(C)C)=CC(S2)=C5OCC=C)=C4OCC=C)=C3OCC=C)=C1)(C)C
outer_cv,train,2,4,9,,,35,Group 4/36.log,Group 4,Group 4,36.log,CC(C1=CC2=C(OCC#C)C(SC3=CC(C(C)(C)C)=CC(SC4=CC(C(C)(C)C)=CC(SC5=CC(C(C)(C)C)=CC(S2)=C5OCC#C)=C4OCC#C)=C3OCC#C)=C1)(C)C
outer_cv,train,2,4,9,,,36,Group 4/36_iso.log,Group 4,Group 4,36_iso.log,CC(C)(C1=CC(SC2=C(C(SC(C=C(C=C3S4)C(C)(C)C)=C3OCC#C)=CC(C(C)(C)C)=C2)OCC#C)=C(OCC#C)C(SC5=CC(C(C)(C)C)=CC4=C5OCC#C)=C1)C
outer_cv,train,2,4,9,,,37,Group 4/37_iso.log,Group 4,Group 4,37_iso.log,C#CCOC1=C(SC2=CC=CC(S3)=C2OCC#C)C=CC=C1SC4=C(OCC#C)C(SC5=CC=CC3=C5OCC#C)=CC=C4
outer_cv,train,2,4,9,,,38,Group 4/37.log,Group 4,Group 4,37.log,C#CCOC1=C(S2)C=CC=C1SC(C=CC=C3SC4=C(OCC#C)C(SC5=CC=CC2=C5OCC#C)=CC=C4)=C3OCC#C
outer_cv,train,2,4,9,,,39,Group 4/38.log,Group 4,Group 4,38.log,BrC1=CC(SC2=CC(Br)=CC(SC3=C(OCC#C)C(SC4=CC(Br)=CC(SC5=C1)=C4OCC#C)=CC(Br)=C3)=C2OCC#C)=C5OCC#C
outer_cv,train,2,4,9,,,40,Group 4/38_iso.log,Group 4,Group 4,38_iso.log,BrC(C=C1S2)=CC(SC3=CC(Br)=CC(SC4=C(OCC#C)C(SC5=CC(Br)=CC2=C5OCC#C)=CC(Br)=C4)=C3OCC#C)=C1OCC#C
outer_cv,train,2,4,9,,,41,Group 4/39.log,Group 4,Group 4,39.log,OC1=C(SC2=C(C(SC3=C(O)C(SC4=CC(C(C)(C)C)=CC(SC1=C5)=C4OCC#C)=CC(C(C)(C)C)=C3)=CC(C(C)(C)C)=C2)OCC#C)C=C5C(C)(C)C
outer_cv,train,2,4,9,,,42,Group 4/39_iso.log,Group 4,Group 4,39_iso.log,OC(C(SC1=CC(C(C)(C)C)=CC(SC2=CC(C(C)(C)C)=CC(S3)=C2O)=C1OCC#C)=CC(C(C)(C)C)=C4)=C4SC5=C(C3=CC(C(C)(C)C)=C5)OCC#C
outer_cv,train,2,4,9,,,43,Group 4/40.log,Group 4,Group 4,40.log,CC(C)(C)C1=CC(CC2=C3)=C(OCCC#C)C(CC4=CC(C(C)(C)C)=CC(CC5=CC(C(C)(C)C)=CC(CC(C=C3C(C)(C)C)=C2OCCC#C)=C5OCCC#C)=C4OCCC#C)=C1
outer_cv,train,2,4,9,,,44,Group 4/41.log,Group 4,Group 4,41.log,CC(C)(C1=CC(CC2=C(C(CC(C=C(C=C3C4)C(C)(C)C)=C3OCCCC#C)=CC(C(C)(C)C)=C2)OCCCC#C)=C(OCCCC#C)C(CC5=CC(C(C)(C)C)=CC4=C5OCCCC#C)=C1)C
outer_cv,train,2,4,9,,,45,Group 4/42.log,Group 4,Group 4,42.log,CC(C1=CC2=C(OCCCC#C)C(CC3=CC(C(C)(C)C)=CC(CC4=CC(C(C)(C)C)=CC(CC5=CC(C(C)(C)C)=CC(C2)=C5OCCCC#C)=C4OCCCC#C)=C3OCCCC#C)=C1)(C)C
outer_cv,train,2,4,9,,,46,Group 4/43.log,Group 4,Group 4,43.log,CC(C)(C)C1=CC(CC2=C3)=C(OCCCCC#C)C(CC4=CC(C(C)(C)C)=CC(CC5=CC(C(C)(C)C)=CC(CC(C=C3C(C)(C)C)=C2OCCCCC#C)=C5OCCCCC#C)=C4OCCCCC#C)=C1
outer_cv,train,2,4,9,,,47,Group 4/44.log,Group 4,Group 4,44.log,CC(C1=CC2=C(OCCC#C)C(SC3=CC(C(C)(C)C)=CC(SC4=CC(C(C)(C)C)=CC5=C4OCCC#CC(C(C=C6S5)=CC(S2)=C6OCCC#C)(C)C)=C3OCCC#C)=C1)(C)C
outer_cv,train,2,4,9,,,48,Group 4/45.log,Group 4,Group 4,45.log,CC(C1=CC2=C(OCCCC#C)C(SC3=CC(C(C)(C)C)=CC(SC4=CC(C(C)(C)C)=CC(SC5=CC(C(C)(C)C)=CC(S2)=C5OCCCC#C)=C4OCCCC#C)=C3OCCCC#C)=C1)(C)C
outer_cv,train,2,4,9,,,49,Group 4/46.log,Group 4,Group 4,46.log,CC(C1=CC2=C(OCCCCC#C)C(SC3=CC(C(C)(C)C)=CC(SC4=CC(C(C)(C)C)=CC(SC5=CC(C(C)(C)C)=CC(S2)=C5OCCCCC#C)=C4OCCCCC#C)=C3OCCCCC#C)=C1)(C)C
outer_cv,train,2,4,9,,,50,Group 4/47.log,Group 4,Group 4,47.log,OC1=C(SC2=C(C(SC3=C(O)C(SC4=CC(C(C)(C)C)=CC(SC1=C5)=C4OCCC#C)=CC(C(C)(C)C)=C3)=CC(C(C)(C)C)=C2)OCCC#C)C=C5C(C)(C)C
outer_cv,train,2,4,9,,,51,Group 4/48.log,Group 4,Group 4,48.log,OC1=C(SC2=C(C(SC3=C(O)C(SC4=CC(C(C)(C)C)=CC(SC1=C5)=C4OCCCC#C)=CC(C(C)(C)C)=C3)=CC(C(C)(C)C)=C2)OCCCC#C)C=C5C(C)(C)C
outer_cv,train,2,4,9,,,52,Group 4/49.log,Group 4,Group 4,49.log,OC1=C(SC2=C(C(SC3=C(O)C(SC4=CC(C(C)(C)C)=CC(SC1=C5)=C4OCCCCC#C)=CC(C(C)(C)C)=C3)=CC(C(C)(C)C)=C2)OCCCCC#C)C=C5C(C)(C)C
outer_cv,train,2,4,9,,,53,Group 4/50.log,Group 4,Group 4,50.log,OC1=C(SC2=C(C(SC3=C(O)C(SC4=CC(C(C)(C)C)=CC(SC1=C5)=C4OCC#C)=CC(C(C)(C)C)=C3)=CC(C(C)(C)C)=C2)O)C=C5C(C)(C)C
outer_cv,train,2,4,9,,,54,Group 4/51.log,Group 4,Group 4,51.log,OC1=C(SC2=C(C(SC3=C(O)C(SC4=CC(C(C)(C)C)=CC(SC1=C5)=C4OCCC#C)=CC(C(C)(C)C)=C3)=CC(C(C)(C)C)=C2)O)C=C5C(C)(C)C
outer_cv,train,2,4,9,,,55,Group 4/52.log,Group 4,Group 4,52.log,OC1=C(SC2=C(C(SC3=C(O)C(SC4=CC(C(C)(C)C)=CC(SC1=C5)=C4OCCCC#C)=CC(C(C)(C)C)=C3)=CC(C(C)(C)C)=C2)O)C=C5C(C)(C)C
outer_cv,train,2,4,9,,,56,Group 4/53.log,Group 4,Group 4,53.log,OC1=C(SC2=C(C(SC3=C(O)C(SC4=CC(C(C)(C)C)=CC(SC1=C5)=C4OCCCCC#C)=CC(C(C)(C)C)=C3)=CC(C(C)(C)C)=C2)O)C=C5C(C)(C)C
outer_cv,train,2,4,9,,,57,Group 4/54.log,Group 4,Group 4,54.log,OC1=C(CC2=C(C(CC3=C(OCC#C)C(CC4=CC(C(C)(C)C)=CC(CC1=C5)=C4OCC#C)=CC(C(C)(C)C)=C3)=CC(C(C)(C)C)=C2)O)C=C5C(C)(C)C
outer_cv,train,2,4,9,,,61,Group 6/58.log,Group 6,Group 6,58.log,OC1=C(CC2=C(C(CC3=C(O)C(CC4=CC(C(C)(C)C)=CC(CC1=C5)=C4OCCBr)=CC(C(C)(C)C)=C3)=CC(C(C)(C)C)=C2)OCCBr)C=C5C(C)(C)C
outer_cv,train,2,4,9,,,62,Group 6/59.log,Group 6,Group 6,59.log,OC1=C(CC2=C(C(CC3=C(O)C(CC4=CC(C(C)(C)C)=CC(CC1=C5)=C4OCCCBr)=CC(C(C)(C)C)=C3)=CC(C(C)(C)C)=C2)OCCCBr)C=C5C(C)(C)C
outer_cv,train,2,4,9,,,63,Group 6/60.log,Group 6,Group 6,60.log,OC1=C(CC2=C(C(CC3=C(O)C(CC4=CC(C(C)(C)C)=CC(CC1=C5)=C4OCCCCBr)=CC(C(C)(C)C)=C3)=CC(C(C)(C)C)=C2)OCCCCBr)C=C5C(C)(C)C
outer_cv,train,2,4,9,,,64,Group 6/61.log,Group 6,Group 6,61.log,OC1=C(SC2=C(C(SC3=C(O)C(SC4=CC([N+]([O-])=O)=CC(SC1=C5)=C4OCCCBr)=CC([N+]([O-])=O)=C3)=CC([N+]([O-])=O)=C2)OCCCBr)C=C5[N+]([O-])=O
outer_cv,train,2,4,9,,,65,Group 6/62.log,Group 6,Group 6,62.log,CC(C1=CC2=C(OCCCBr)C(SC3=CC(C(C)(C)C)=CC(SC4=CC(C(C)(C)C)=CC(SC5=CC(C(C)(C)C)=CC(S2)=C5OCCCBr)=C4OCCCBr)=C3OCCCBr)=C1)(C)C
outer_cv,train,2,4,9,,,66,Group 6/63.log,Group 6,Group 6,63.log,CC(C1=CC2=C(OCCCCBr)C(SC3=CC(C(C)(C)C)=CC(SC4=CC(C(C)(C)C)=CC(SC5=CC(C(C)(C)C)=CC(S2)=C5OCCCCBr)=C4OCCCCBr)=C3OCCCCBr)=C1)(C)C
outer_cv,train,2,4,9,,,67,Group 6/64.log,Group 6,Group 6,64.log,CC(C1=CC2=C(OCCCCCBr)C(SC3=CC(C(C)(C)C)=CC(SC4=CC(C(C)(C)C)=CC(SC5=CC(C(C)(C)C)=CC(S2)=C5OCCCCCBr)=C4OCCCCCBr)=C3OCCCCCBr)=C1)(C)C
outer_cv,train,2,4,9,,,68,Group 6/65.log,Group 6,Group 6,65.log,CC(C1=CC2=C(OCCCCCCBr)C(SC3=CC(C(C)(C)C)=CC(SC4=CC(C(C)(C)C)=CC(SC5=CC(C(C)(C)C)=CC(S2)=C5OCCCCCCBr)=C4OCCCCCCBr)=C3OCCCCCCBr)=C1)(C)C
outer_cv,train,2,4,9,,,69,Group 6/66.log,Group 6,Group 6,66.log,CC(C1=CC2=C(OCCCCCCCCCCCC)C(SC3=CC(C(C)(C)C)=CC(SC4=CC(C(C)(C)C)=CC(SC5=CC(C(C)(C)C)=CC(S2)=C5OCCCBr)=C4OCCCCCCCCCCCC)=C3OCCCBr)=C1)(C)C
outer_cv,train,2,4,9,,,70,Group 6/67.log,Group 6,Group 6,67.log,CC(C1=CC2=C(OCCCCCCOC3=C(SC4=CC(C(C)(C)C)=CC(S2)=C4OCCCCCCBr)C=C(C(C)(C)C)C=C3S5)C(SC6=CC(C(C)(C)C)=CC5=C6OCCCCCCBr)=C1)(C)C
outer_cv,train,2,4,9,,,71,Group 7/68.log,Group 7,Group 7,68.log,OC1=C(CC2=C(C(CC3=C(O)C(CC4=CC(/N=N/C5=CC=C([N+]([O-])=O)C=C5)=CC(CC1=C6)=C4O)=CC(/N=N/C7=CC=C([N+]([O-])=O)C=C7)=C3)=CC(/N=N/C8=CC=C([N+]([O-])=O)C=C8)=C2)O)C=C6/N=N/C9=CC=C([N+]([O-])=O)C=C9
outer_cv,train,2,4,9,,,72,Group 7/69.log,Group 7,Group 7,69.log,OC1=C(SC2=C(C(SC3=C(O)C(SC4=CC(/N=N/C5=CC=C([N+]([O-])=O)C=C5)=CC(SC1=C6)=C4O)=CC(/N=N/C7=CC=C([N+]([O-])=O)C=C7)=C3)=CC(/N=N/C8=CC=C([N+]([O-])=O)C=C8)=C2)O)C=C6/N=N/C9=CC=C([N+]([O-])=O)C=C9
outer_cv,train,2,4,9,,,73,Group 7/70.log,Group 7,Group 7,70.log,OC1=C(SC2=C(C(SC3=C(O)C(SC4=CC(/N=N/C5=CC=C([N+]([O-])=O)C=C5)=CC(SC1=C6)=C4OCCCBr)=CC(/N=N/C7=CC=C([N+]([O-])=O)C=C7)=C3)=CC(/N=N/C8=CC=C([N+]([O-])=O)C=C8)=C2)OCCCBr)C=C6/N=N/C9=CC=C([N+]([O-])=O)C=C9
outer_cv,train,2,4,9,,,74,Group 7/71.log,Group 7,Group 7,71.log,OC1=C(SC2=C(C(SC3=C(O)C(SC4=CC(C(C)(C)C)=CC(SC1=C5)=C4OCCCOC6=CC=C(/N=N/C7=CC=C([N+]([O-])=O)C=C7)C=C6)=CC(C(C)(C)C)=C3)=CC(C(C)(C)C)=C2)OCCCOC8=CC=C(/N=N/C9=CC=C([N+]([O-])=O)C=C9)C=C8)C=C5C(C)(C)C
outer_cv,train,2,4,9,,,75,Group 7/72.log,Group 7,Group 7,72.log,OC(C=C1)=CC=C1/N=N/C2=CC=C([N+]([O-])=O)C=C2
outer_cv,train,2,4,9,,,76,Group 7/73.log,Group 7,Group 7,73.log,OCCCOC(C=C1)=CC=C1/N=N/C2=CC=C([N+]([O-])=O)C=C2
outer_cv,train,2,4,9,,,77,Group 7/74.log,Group 7,Group 7,74.log,CCCCCCCCOC(C=C1)=CC=C1/N=N/C2=CC=C([N+]([O-])=O)C=C2
outer_cv,train,2,4,9,,,78,Group 7/75.log,Group 7,Group 7,75.log,OCCN(CC)C(C=C1)=CC=C1/N=N/C2=CC=C([N+]([O-])=O)C=C2
outer_cv,train,2,4,9,,,79,Group 8/76.log,Group 8,Group 8,76.log,OC1=C(SC2=C(C(SC3=C(O)C(SC4=CC(C(C)(C)C)=CC(SC1=C5)=C4OCCN)=CC(C(C)(C)C)=C3)=CC(C(C)(C)C)=C2)OCCN)C=C5C(C)(C)C
outer_cv,train,2,4,9,,,80,Group 8/77.log,Group 8,Group 8,77.log,OC1=C(SC2=C(C(SC3=C(O)C(SC4=CC(C(C)(C)C)=CC(SC1=C5)=C4OCCCN)=CC(C(C)(C)C)=C3)=CC(C(C)(C)C)=C2)OCCCN)C=C5C(C)(C)C
outer_cv,train,2,4,9,,,81,Group 8/78.log,Group 8,Group 8,78.log,OC1=C(SC2=C(C(SC3=C(O)C(SC4=CC(C(C)(C)C)=CC(SC1=C5)=C4OCCN)=CC(C(C)(C)C)=C3)=CC(C(C)(C)C)=C2)O)C=C5C(C)(C)C
outer_cv,train,2,4,9,,,82,Group 8/79.log,Group 8,Group 8,79.log,OC1=C(SC2=C(C(SC3=C(O)C(SC4=CC(C(C)(C)C)=CC(SC1=C5)=C4OCCCN)=CC(C(C)(C)C)=C3)=CC(C(C)(C)C)=C2)O)C=C5C(C)(C)C
outer_cv,train,2,4,9,,,83,Group 8/80.log,Group 8,Group 8,80.log,OC1=C(SC2=C(C(SC3=C(O)C(SC4=CC(C(C)(C)C)=CC(SC1=C5)=C4OCCN(CC)CC6=CC=CC=C6)=CC(C(C)(C)C)=C3)=CC(C(C)(C)C)=C2)OCCN(CC)CC7=CC=CC=C7)C=C5C(C)(C)C
outer_cv,train,2,4,9,,,84,Group 8/81.log,Group 8,Group 8,81.log,CC(C1=CC2=C(OCCCCCCCCCCCC)C(SC3=CC(C(C)(C)C)=CC(SC4=CC(C(C)(C)C)=CC(SC5=CC(C(C)(C)C)=CC(S2)=C5OCCN)=C4OCCCCCCCCCCCC)=C3OCCN)=C1)(C)C
outer_cv,train,2,4,9,,,85,Group 8/82.log,Group 8,Group 8,82.log,CC(C1=CC2=C(OCCCCCCCCCCCC)C(SC3=CC(C(C)(C)C)=CC(SC4=CC(C(C)(C)C)=CC(SC5=CC(C(C)(C)C)=CC(S2)=C5OCCCN)=C4OCCCCCCCCCCCC)=C3OCCCN)=C1)(C)C
outer_cv,train,2,4,9,,,86,Group 8/83.log,Group 8,Group 8,83.log,CC(C1=CC2=C(OCCCCCCCCCCCC)C(SC3=CC(C(C)(C)C)=CC(SC4=CC(C(C)(C)C)=CC(SC5=CC(C(C)(C)C)=CC(S2)=C5OCCCN=[N+]=[N-])=C4OCCCCCCCCCCCC)=C3OCCCN=[N+]=[N-])=C1)(C)C
outer_cv,train,2,4,9,,,87,Group 8/84.log,Group 8,Group 8,84.log,CC(C1=CC2=C(OCCN=[N+]=[N-])C(SC3=CC(C(C)(C)C)=CC(SC4=CC(C(C)(C)C)=CC(SC5=CC(C(C)(C)C)=CC(S2)=C5OCCN=[N+]=[N-])=C4OCCN=[N+]=[N-])=C3OCCN=[N+]=[N-])=C1)(C)C
outer_cv,train,2,4,9,,,88,Group 8/85.log,Group 8,Group 8,85.log,CC(C1=CC2=C(OCCCN=[N+]=[N-])C(SC3=CC(C(C)(C)C)=CC(SC4=CC(C(C)(C)C)=CC(SC5=CC(C(C)(C)C)=CC(S2)=C5OCCCN=[N+]=[N-])=C4OCCCN=[N+]=[N-])=C3OCCCN=[N+]=[N-])=C1)(C)C
outer_cv,train,2,4,9,,,89,Group 8/86.log,Group 8,Group 8,86.log,CC(C1=CC2=C(OCCCCN=[N+]=[N-])C(SC3=CC(C(C)(C)C)=CC(SC4=CC(C(C)(C)C)=CC(SC5=CC(C(C)(C)C)=CC(S2)=C5OCCCCN=[N+]=[N-])=C4OCCCCN=[N+]=[N-])=C3OCCCCN=[N+]=[N-])=C1)(C)C
outer_cv,train,2,4,9,,,90,Group 8/87.log,Group 8,Group 8,87.log,CC(C1=CC2=C(OCCCCCN=[N+]=[N-])C(SC3=CC(C(C)(C)C)=CC(SC4=CC(C(C)(C)C)=CC(SC5=CC(C(C)(C)C)=CC(S2)=C5OCCCCCN=[N+]=[N-])=C4OCCCCCN=[N+]=[N-])=C3OCCCCCN=[N+]=[N-])=C1)(C)C
outer_cv,train,2,4,9,,,91,Group 8/88.log,Group 8,Group 8,88.log,OC1=C(SC2=C(C(SC3=C(O)C(SC4=CC(C(C)(C)C)=CC(SC1=C5)=C4OCCN=[N+]=[N-])=CC(C(C)(C)C)=C3)=CC(C(C)(C)C)=C2)OCCN=[N+]=[N-])C=C5C(C)(C)C
outer_cv,train,2,4,9,,,92,Group 8/89.log,Group 8,Group 8,89.log,OC1=C(SC2=C(C(SC3=C(O)C(SC4=CC(C(C)(C)C)=CC(SC1=C5)=C4OCCN=[N+]=[N-])=CC(C(C)(C)C)=C3)=CC(C(C)(C)C)=C2)O)C=C5C(C)(C)C
outer_cv,train,2,4,9,,,93,Group 8/90.log,Group 8,Group 8,90.log,OC1=C(SC2=C(C(SC3=C(O)C(SC4=CC(C(C)(C)C)=CC(SC1=C5)=C4OCCCN=[N+]=[N-])=CC(C(C)(C)C)=C3)=CC(C(C)(C)C)=C2)O)C=C5C(C)(C)C
outer_cv,train,2,4,9,,,127,Group 11/124.log,Group 11,Group 11,124.log,CC(C1=CC2=C(OCC3=CN(CCOC(C(SC(C=C4C(C)(C)C)=C5O)=C6)=C(C=C6C(C)(C)C)SC7=C(O)C(SC(C=C(C=C8SC5=C4)C(C)(C)C)=C8O)=CC(C(C)(C)C)=C7)N=N3)C(SC9=CC(C(C)(C)C)=CC(SC%10=CC(C(C)(C)C)=CC(SC%11=CC(C(C)(C)C)=CC(S2)=C%11OCC%12=CN(CCOC%13=C(SC%14=C%15)C=C(C(C)(C)C)C=C%13SC%16=CC(C(C)(C)C)=CC(SC%17=CC(C(C)(C)C)=CC(SC(C=C%15C(C)(C)C)=C%14O)=C%17O)=C%16O)N=N%12)=C%10OCC%18=CN(CCOC%19=C(C=C(C=C%19SC%20=C%21)C(C)(C)C)SC%22=CC(C(C)(C)C)=CC(SC%23=C(O)C(SC(C=C%21C(C)(C)C)=C%20O)=CC(C(C)(C)C)=C%23)=C%22O)N=N%18)=C9OCC%24=CN(CCOC%25=C(SC(C=C%26C(C)(C)C)=C%27O)C=C(C(C)(C)C)C=C%25SC%28=C(O)C(SC%29=CC(C(C)(C)C)=CC(SC%27=C%26)=C%29O)=CC(C(C)(C)C)=C%28)N=N%24)=C1)(C)C
outer_cv,train,2,4,9,,,128,Group 11/125.log,Group 11,Group 11,125.log,CC(C1=CC2=C(OCC3=CN(CCCOC(C(SC(C=C4C(C)(C)C)=C5O)=C6)=C(C=C6C(C)(C)C)SC7=C(O)C(SC(C=C(C=C8SC5=C4)C(C)(C)C)=C8O)=CC(C(C)(C)C)=C7)N=N3)C(SC9=CC(C(C)(C)C)=CC(SC%10=CC(C(C)(C)C)=CC(SC%11=CC(C(C)(C)C)=CC(S2)=C%11OCC%12=CN(CCCOC%13=C(SC%14=C%15)C=C(C(C)(C)C)C=C%13SC%16=CC(C(C)(C)C)=CC(SC%17=CC(C(C)(C)C)=CC(SC(C=C%15C(C)(C)C)=C%14O)=C%17O)=C%16O)N=N%12)=C%10OCC%18=CN(CCCOC%19=C(C=C(C=C%19SC%20=C%21)C(C)(C)C)SC%22=CC(C(C)(C)C)=CC(SC%23=C(O)C(SC(C=C%21C(C)(C)C)=C%20O)=CC(C(C)(C)C)=C%23)=C%22O)N=N%18)=C9OCC%24=CN(CCCOC%25=C(SC(C=C%26C(C)(C)C)=C%27O)C=C(C(C)(C)C)C=C%25SC%28=C(O)C(SC%29=CC(C(C)(C)C)=CC(SC%27=C%26)=C%29O)=CC(C(C)(C)C)=C%28)N=N%24)=C1)(C)C
outer_cv,train,2,4,9,,,129,Group 11/126.log,Group 11,Group 11,126.log,CC(C1=CC(SC2=C(O)C(SC(C=C(C=C3SC4=C5)C(C)(C)C)=C3O)=CC(C(C)(C)C)=C2)=C(OCCN6N=NC(CCOC(C(SC7=CC(C(C)(C)C)=CC(SC8=CC(C(C)(C)C)=CC(S9)=C8OCCC%10=CN(CCOC%11=C(C=C(C=C%11SC%12=C%13)C(C)(C)C)SC%14=CC(C(C)(C)C)=CC(SC%15=C(O)C(SC(C=C%13C(C)(C)C)=C%12O)=CC(C(C)(C)C)=C%15)=C%14O)N=N%10)=C7OCCC%16=CN(CCOC%17=C(SC(C=C%18C(C)(C)C)=C%19O)C=C(C(C)(C)C)C=C%17SC%20=C(O)C(SC%21=CC(C(C)(C)C)=CC(SC%19=C%18)=C%21O)=CC(C(C)(C)C)=C%20)N=N%16)=CC(C(C)(C)C)=C%22)=C%22SC%23=C(C9=CC(C(C)(C)C)=C%23)OCCC%24=CN(CCOC%25=C(SC%26=C%27)C=C(C(C)(C)C)C=C%25SC%28=CC(C(C)(C)C)=CC(SC%29=CC(C(C)(C)C)=CC(SC(C=C%27C(C)(C)C)=C%26O)=C%29O)=C%28O)N=N%24)=C6)C(SC(C=C5C(C)(C)C)=C4O)=C1)(C)C
outer_cv,train,2,4,9,,,130,Group 11/127.log,Group 11,Group 11,127.log,OC1=C(SC2=C3)C=C(C(C)(C)C)C=C1SC4=CC(C(C)(C)C)=CC(SC5=CC(C(C)(C)C)=CC(SC(C=C3C(C)(C)C)=C2O)=C5OCCCN(N=N6)C=C6CCOC7=C(SC8=CC(C(C)(C)C)=CC(SC9=CC(C(C)(C)C)=CC(S%10)=C9OCCC%11=CN(CCCOC%12=C(SC%13=C%14)C=C(C(C)(C)C)C=C%12SC%15=CC(C(C)(C)C)=CC(SC%16=CC(C(C)(C)C)=CC(SC(C=C%14C(C)(C)C)=C%13O)=C%16O)=C%15O)N=N%11)=C8OCCC%17=CN(CCCOC%18=C(C=C(C=C%18SC%19=C%20)C(C)(C)C)SC%21=CC(C(C)(C)C)=CC(SC%22=C(O)C(SC(C=C%20C(C)(C)C)=C%19O)=CC(C(C)(C)C)=C%22)=C%21O)N=N%17)C=C(C(C)(C)C)C=C7SC%23=CC(C(C)(C)C)=CC%10=C%23OCCC%24=CN(CCCOC%25=C(C=C%26C(C)(C)C)SC%27=C(O)C(SC%28=C(O)C(SC%29=CC(C(C)(C)C)=CC(SC%25=C%26)=C%29O)=CC(C(C)(C)C)=C%28)=CC(C(C)(C)C)=C%27)N=N%24)=C4O
outer_cv,train,2,4,9,,,131,Group 11/128.log,Group 11,Group 11,128.log,CC(C1=CC2=C(OCCCC3=CN(CCOC4=C(C=C5C(C)(C)C)SC6=C(O)C(SC7=C(O)C(SC8=CC(C(C)(C)C)=CC(SC4=C5)=C8O)=CC(C(C)(C)C)=C7)=CC(C(C)(C)C)=C6)N=N3)C(SC9=CC(C(C)(C)C)=CC(SC%10=CC(C(C)(C)C)=CC(SC%11=CC(C(C)(C)C)=CC(S2)=C%11OCCCC%12=CN(CCOC%13=C(SC%14=C%15)C=C(C(C)(C)C)C=C%13SC%16=CC(C(C)(C)C)=CC(SC%17=CC(C(C)(C)C)=CC(SC(C=C%15C(C)(C)C)=C%14O)=C%17O)=C%16O)N=N%12)=C%10OCCCC%18=CN(CCOC%19=C(C=C(C=C%19SC%20=C%21)C(C)(C)C)SC%22=CC(C(C)(C)C)=CC(SC%23=C(O)C(SC(C=C%21C(C)(C)C)=C%20O)=CC(C(C)(C)C)=C%23)=C%22O)N=N%18)=C9OCCCC%24=CN(CCOC%25=C(SC(C=C%26C(C)(C)C)=C%27O)C=C(C(C)(C)C)C=C%25SC%28=C(O)C(SC%29=CC(C(C)(C)C)=CC(SC%27=C%26)=C%29O)=CC(C(C)(C)C)=C%28)N=N%24)=C1)(C)C
outer_cv,train,2,4,9,,,132,Group 11/129.log,Group 11,Group 11,129.log,CC(C1=CC2=C(OCCCC3=CN(CCCOC4=C(C=C5C(C)(C)C)SC6=C(O)C(SC7=C(O)C(SC8=CC(C(C)(C)C)=CC(SC4=C5)=C8O)=CC(C(C)(C)C)=C7)=CC(C(C)(C)C)=C6)N=N3)C(SC9=CC(C(C)(C)C)=CC(SC%10=CC(C(C)(C)C)=CC(SC%11=CC(C(C)(C)C)=CC(S2)=C%11OCCCC%12=CN(CCCOC%13=C(SC%14=C%15)C=C(C(C)(C)C)C=C%13SC%16=CC(C(C)(C)C)=CC(SC%17=CC(C(C)(C)C)=CC(SC(C=C%15C(C)(C)C)=C%14O)=C%17O)=C%16O)N=N%12)=C%10OCCCC%18=CN(CCCOC%19=C(C=C(C=C%19SC%20=C%21)C(C)(C)C)SC%22=CC(C(C)(C)C)=CC(SC%23=C(O)C(SC(C=C%21C(C)(C)C)=C%20O)=CC(C(C)(C)C)=C%23)=C%22O)N=N%18)=C9OCCCC%24=CN(CCCOC%25=C(SC(C=C%26C(C)(C)C)=C%27O)C=C(C(C)(C)C)C=C%25SC%28=C(O)C(SC%29=CC(C(C)(C)C)=CC(SC%27=C%26)=C%29O)=CC(C(C)(C)C)=C%28)N=N%24)=C1)(C)C
outer_cv,train,2,4,9,,,133,Group 11/130.log,Group 11,Group 11,130.log,CC(C1=CC2=C(OCCCCC3=CN(CCOC(C(SC(C=C4C(C)(C)C)=C5O)=C6)=C(C=C6C(C)(C)C)SC7=C(O)C(SC(C=C(C=C8SC5=C4)C(C)(C)C)=C8O)=CC(C(C)(C)C)=C7)N=N3)C(SC9=CC(C(C)(C)C)=CC(SC%10=CC(C(C)(C)C)=CC(SC%11=CC(C(C)(C)C)=CC(S2)=C%11OCCCCC%12=CN(CCOC%13=C(SC%14=C%15)C=C(C(C)(C)C)C=C%13SC%16=CC(C(C)(C)C)=CC(SC%17=CC(C(C)(C)C)=CC(SC(C=C%15C(C)(C)C)=C%14O)=C%17O)=C%16O)N=N%12)=C%10OCCCCC%18=CN(CCOC%19=C(C=C(C=C%19SC%20=C%21)C(C)(C)C)SC%22=CC(C(C)(C)C)=CC(SC%23=C(O)C(SC(C=C%21C(C)(C)C)=C%20O)=CC(C(C)(C)C)=C%23)=C%22O)N=N%18)=C9OCCCCC%24=CN(CCOC%25=C(SC(C=C%26C(C)(C)C)=C%27O)C=C(C(C)(C)C)C=C%25SC%28=C(O)C(SC%29=CC(C(C)(C)C)=CC(SC%27=C%26)=C%29O)=CC(C(C)(C)C)=C%28)N=N%24)=C1)(C)C
outer_cv,train,2,4,9,,,134,Group 11/131.log,Group 11,Group 11,131.log,CC(C1=CC2=C(OCCCCC3=CN(CCCOC(C(SC(C=C4C(C)(C)C)=C5O)=C6)=C(C=C6C(C)(C)C)SC7=C(O)C(SC(C=C(C=C8SC5=C4)C(C)(C)C)=C8O)=CC(C(C)(C)C)=C7)N=N3)C(SC9=CC(C(C)(C)C)=CC(SC%10=CC(C(C)(C)C)=CC(SC%11=CC(C(C)(C)C)=CC(S2)=C%11OCCCCC%12=CN(CCCOC%13=C(SC%14=C%15)C=C(C(C)(C)C)C=C%13SC%16=CC(C(C)(C)C)=CC(SC%17=CC(C(C)(C)C)=CC(SC(C=C%15C(C)(C)C)=C%14O)=C%17O)=C%16O)N=N%12)=C%10OCCCCC%18=CN(CCCOC%19=C(C=C(C=C%19SC%20=C%21)C(C)(C)C)SC%22=CC(C(C)(C)C)=CC(SC%23=C(O)C(SC(C=C%21C(C)(C)C)=C%20O)=CC(C(C)(C)C)=C%23)=C%22O)N=N%18)=C9OCCCCC%24=CN(CCCOC%25=C(SC(C=C%26C(C)(C)C)=C%27O)C=C(C(C)(C)C)C=C%25SC%28=C(O)C(SC%29=CC(C(C)(C)C)=CC(SC%27=C%26)=C%29O)=CC(C(C)(C)C)=C%28)N=N%24)=C1)(C)C
outer_cv,train,2,4,9,,,135,Group 11/132.log,Group 11,Group 11,132.log,CC(C1=CC(SC2=C(O)C(SC(C=C(C=C3SC4=C5)C(C)(C)C)=C3O)=CC(C(C)(C)C)=C2)=C(OCC6=CN(N=N6)CCOC(C(SC7=CC(C(C)(C)C)=CC(SC8=CC(C(C)(C)C)=CC(S9)=C8OCCN%10C=C(COC%11=C(C=C(C=C%11SC%12=C%13)C(C)(C)C)SC%14=CC(C(C)(C)C)=CC(SC%15=C(O)C(SC(C=C%13C(C)(C)C)=C%12O)=CC(C(C)(C)C)=C%15)=C%14O)N=N%10)=C7OCCN%16C=C(COC%17=C(SC(C=C%18C(C)(C)C)=C%19O)C=C(C(C)(C)C)C=C%17SC%20=C(O)C(SC%21=CC(C(C)(C)C)=CC(SC%19=C%18)=C%21O)=CC(C(C)(C)C)=C%20)N=N%16)=CC(C(C)(C)C)=C%22)=C%22SC%23=C(C9=CC(C(C)(C)C)=C%23)OCCN%24N=NC(COC%25=C(SC%26=C%27)C=C(C(C)(C)C)C=C%25SC%28=CC(C(C)(C)C)=CC(SC%29=CC(C(C)(C)C)=CC(SC(C=C%27C(C)(C)C)=C%26O)=C%29O)=C%28O)=C%24)C(SC(C=C5C(C)(C)C)=C4O)=C1)(C)C
outer_cv,train,2,4,9,,,136,Group 11/133.log,Group 11,Group 11,133.log,CC(C1=CC(SC2=C(O)C(SC(C=C(C=C3SC4=C5)C(C)(C)C)=C3O)=CC(C(C)(C)C)=C2)=C(OCCC6=CN(N=N6)CCOC(C(SC7=CC(C(C)(C)C)=CC(SC8=CC(C(C)(C)C)=CC(S9)=C8OCCN%10C=C(CCOC%11=C(C=C(C=C%11SC%12=C%13)C(C)(C)C)SC%14=CC(C(C)(C)C)=CC(SC%15=C(O)C(SC(C=C%13C(C)(C)C)=C%12O)=CC(C(C)(C)C)=C%15)=C%14O)N=N%10)=C7OCCN%16C=C(CCOC%17=C(SC(C=C%18C(C)(C)C)=C%19O)C=C(C(C)(C)C)C=C%17SC%20=C(O)C(SC%21=CC(C(C)(C)C)=CC(SC%19=C%18)=C%21O)=CC(C(C)(C)C)=C%20)N=N%16)=CC(C(C)(C)C)=C%22)=C%22SC%23=C(C9=CC(C(C)(C)C)=C%23)OCCN%24N=NC(CCOC%25=C(SC%26=C%27)C=C(C(C)(C)C)C=C%25SC%28=CC(C(C)(C)C)=CC(SC%29=CC(C(C)(C)C)=CC(SC(C=C%27C(C)(C)C)=C%26O)=C%29O)=C%28O)=C%24)C(SC(C=C5C(C)(C)C)=C4O)=C1)(C)C
outer_cv,train,2,4,9,,,137,Group 11/134.log,Group 11,Group 11,134.log,OC1=C(SC2=C3)C=C(C(C)(C)C)C=C1SC4=CC(C(C)(C)C)=CC(SC5=CC(C(C)(C)C)=CC(SC(C=C3C(C)(C)C)=C2O)=C5OCCCC(N=N6)=CN6CCOC7=C(SC8=CC(C(C)(C)C)=CC(SC9=CC(C(C)(C)C)=CC(S%10)=C9OCCN%11N=NC(CCCOC%12=C(SC%13=C%14)C=C(C(C)(C)C)C=C%12SC%15=CC(C(C)(C)C)=CC(SC%16=CC(C(C)(C)C)=CC(SC(C=C%14C(C)(C)C)=C%13O)=C%16O)=C%15O)=C%11)=C8OCCN%17C=C(CCCOC%18=C(C=C(C=C%18SC%19=C%20)C(C)(C)C)SC%21=CC(C(C)(C)C)=CC(SC%22=C(O)C(SC(C=C%20C(C)(C)C)=C%19O)=CC(C(C)(C)C)=C%22)=C%21O)N=N%17)C=C(C(C)(C)C)C=C7SC%23=CC(C(C)(C)C)=CC%10=C%23OCCN%24N=NC(CCCOC%25=C(C=C%26C(C)(C)C)SC%27=C(O)C(SC%28=C(O)C(SC%29=CC(C(C)(C)C)=CC(SC%25=C%26)=C%29O)=CC(C(C)(C)C)=C%28)=CC(C(C)(C)C)=C%27)=C%24)=C4O
outer_cv,train,2,4,9,,,138,Group 11/135.log,Group 11,Group 11,135.log,OC1=C(SC2=C3)C=C(C(C)(C)C)C=C1SC4=CC(C(C)(C)C)=CC(SC5=CC(C(C)(C)C)=CC(SC(C=C3C(C)(C)C)=C2O)=C5OCCCCC(N=N6)=CN6CCOC7=C(SC8=CC(C(C)(C)C)=CC(SC9=CC(C(C)(C)C)=CC(S%10)=C9OCCN%11N=NC(CCCCOC%12=C(SC%13=C%14)C=C(C(C)(C)C)C=C%12SC%15=CC(C(C)(C)C)=CC(SC%16=CC(C(C)(C)C)=CC(SC(C=C%14C(C)(C)C)=C%13O)=C%16O)=C%15O)=C%11)=C8OCCN%17C=C(CCCCOC%18=C(C=C(C=C%18SC%19=C%20)C(C)(C)C)SC%21=CC(C(C)(C)C)=CC(SC%22=C(O)C(SC(C=C%20C(C)(C)C)=C%19O)=CC(C(C)(C)C)=C%22)=C%21O)N=N%17)C=C(C(C)(C)C)C=C7SC%23=CC(C(C)(C)C)=CC%10=C%23OCCN%24N=NC(CCCCOC%25=C(C=C%26C(C)(C)C)SC%27=C(O)C(SC%28=C(O)C(SC%29=CC(C(C)(C)C)=CC(SC%25=C%26)=C%29O)=CC(C(C)(C)C)=C%28)=CC(C(C)(C)C)=C%27)=C%24)=C4O
outer_cv,train,2,4,9,,,139,Group 11/136.log,Group 11,Group 11,136.log,CC(C1=CC2=C(OCCCN3C=C(COC4=C(C=C5C(C)(C)C)SC6=C(O)C(SC7=C(O)C(SC8=CC(C(C)(C)C)=CC(SC4=C5)=C8O)=CC(C(C)(C)C)=C7)=CC(C(C)(C)C)=C6)N=N3)C(SC9=CC(C(C)(C)C)=CC(SC%10=CC(C(C)(C)C)=CC(SC%11=CC(C(C)(C)C)=CC(S2)=C%11OCCCN%12C=C(COC%13=C(SC%14=C%15)C=C(C(C)(C)C)C=C%13SC%16=CC(C(C)(C)C)=CC(SC%17=CC(C(C)(C)C)=CC(SC(C=C%15C(C)(C)C)=C%14O)=C%17O)=C%16O)N=N%12)=C%10OCCCN%18N=NC(COC%19=C(C=C(C=C%19SC%20=C%21)C(C)(C)C)SC%22=CC(C(C)(C)C)=CC(SC%23=C(O)C(SC(C=C%21C(C)(C)C)=C%20O)=CC(C(C)(C)C)=C%23)=C%22O)=C%18)=C9OCCCN%24N=NC(COC%25=C(SC(C=C%26C(C)(C)C)=C%27O)C=C(C(C)(C)C)C=C%25SC%28=C(O)C(SC%29=CC(C(C)(C)C)=CC(SC%27=C%26)=C%29O)=CC(C(C)(C)C)=C%28)=C%24)=C1)(C)C
outer_cv,train,2,4,9,,,140,Group 11/137.log,Group 11,Group 11,137.log,CC(C1=CC2=C(OCCCN3C=C(CCOC4=C(C=C5C(C)(C)C)SC6=C(O)C(SC7=C(O)C(SC8=CC(C(C)(C)C)=CC(SC4=C5)=C8O)=CC(C(C)(C)C)=C7)=CC(C(C)(C)C)=C6)N=N3)C(SC9=CC(C(C)(C)C)=CC(SC%10=CC(C(C)(C)C)=CC(SC%11=CC(C(C)(C)C)=CC(S2)=C%11OCCCN%12C=C(CCOC%13=C(SC%14=C%15)C=C(C(C)(C)C)C=C%13SC%16=CC(C(C)(C)C)=CC(SC%17=CC(C(C)(C)C)=CC(SC(C=C%15C(C)(C)C)=C%14O)=C%17O)=C%16O)N=N%12)=C%10OCCCN%18N=NC(CCOC%19=C(C=C(C=C%19SC%20=C%21)C(C)(C)C)SC%22=CC(C(C)(C)C)=CC(SC%23=C(O)C(SC(C=C%21C(C)(C)C)=C%20O)=CC(C(C)(C)C)=C%23)=C%22O)=C%18)=C9OCCCN%24N=NC(CCOC%25=C(SC(C=C%26C(C)(C)C)=C%27O)C=C(C(C)(C)C)C=C%25SC%28=C(O)C(SC%29=CC(C(C)(C)C)=CC(SC%27=C%26)=C%29O)=CC(C(C)(C)C)=C%28)=C%24)=C1)(C)C
outer_cv,train,2,4,9,,,141,Group 11/138.log,Group 11,Group 11,138.log,CC(C1=CC2=C(OCCCN3C=C(CCCOC4=C(C=C5C(C)(C)C)SC6=C(O)C(SC7=C(O)C(SC8=CC(C(C)(C)C)=CC(SC4=C5)=C8O)=CC(C(C)(C)C)=C7)=CC(C(C)(C)C)=C6)N=N3)C(SC9=CC(C(C)(C)C)=CC(SC%10=CC(C(C)(C)C)=CC(SC%11=CC(C(C)(C)C)=CC(S2)=C%11OCCCN%12C=C(CCCOC%13=C(SC%14=C%15)C=C(C(C)(C)C)C=C%13SC%16=CC(C(C)(C)C)=CC(SC%17=CC(C(C)(C)C)=CC(SC(C=C%15C(C)(C)C)=C%14O)=C%17O)=C%16O)N=N%12)=C%10OCCCN%18N=NC(CCCOC%19=C(C=C(C=C%19SC%20=C%21)C(C)(C)C)SC%22=CC(C(C)(C)C)=CC(SC%23=C(O)C(SC(C=C%21C(C)(C)C)=C%20O)=CC(C(C)(C)C)=C%23)=C%22O)=C%18)=C9OCCCN%24N=NC(CCCOC%25=C(SC(C=C%26C(C)(C)C)=C%27O)C=C(C(C)(C)C)C=C%25SC%28=C(O)C(SC%29=CC(C(C)(C)C)=CC(SC%27=C%26)=C%29O)=CC(C(C)(C)C)=C%28)=C%24)=C1)(C)C
outer_cv,train,2,4,9,,,142,Group 11/139.log,Group 11,Group 11,139.log,CC(C1=CC2=C(OCCCN3C=C(CCCCOC4=C(C=C5C(C)(C)C)SC6=C(O)C(SC7=C(O)C(SC8=CC(C(C)(C)C)=CC(SC4=C5)=C8O)=CC(C(C)(C)C)=C7)=CC(C(C)(C)C)=C6)N=N3)C(SC9=CC(C(C)(C)C)=CC(SC%10=CC(C(C)(C)C)=CC(SC%11=CC(C(C)(C)C)=CC(S2)=C%11OCCCN%12C=C(CCCCOC%13=C(SC%14=C%15)C=C(C(C)(C)C)C=C%13SC%16=CC(C(C)(C)C)=CC(SC%17=CC(C(C)(C)C)=CC(SC(C=C%15C(C)(C)C)=C%14O)=C%17O)=C%16O)N=N%12)=C%10OCCCN%18N=NC(CCCCOC%19=C(C=C(C=C%19SC%20=C%21)C(C)(C)C)SC%22=CC(C(C)(C)C)=CC(SC%23=C(O)C(SC(C=C%21C(C)(C)C)=C%20O)=CC(C(C)(C)C)=C%23)=C%22O)=C%18)=C9OCCCN%24N=NC(CCCCOC%25=C(S)C=C(C(C)(C)C)C=C%25SC%26=C(O)C(SC%27=CC(C(C)(C)C)=CC(SC%28=CC(C(C)(C)C)=CC=C%28O)=C%27O)=CC(C(C)(C)C)=C%26)=C%24)=C1)(C)C
outer_cv,train,2,4,9,,,143,Group 11/140.log,Group 11,Group 11,140.log,CC(C1=CC2=C(OCCCCN3N=NC(COC(C(SC(C=C4C(C)(C)C)=C5O)=C6)=C(C=C6C(C)(C)C)SC7=C(O)C(SC(C=C(C=C8SC5=C4)C(C)(C)C)=C8O)=CC(C(C)(C)C)=C7)=C3)C(SC9=CC(C(C)(C)C)=CC(SC%10=CC(C(C)(C)C)=CC(SC%11=CC(C(C)(C)C)=CC(S2)=C%11OCCCCN%12N=NC(COC%13=C(SC%14=C%15)C=C(C(C)(C)C)C=C%13SC%16=CC(C(C)(C)C)=CC(SC%17=CC(C(C)(C)C)=CC(SC(C=C%15C(C)(C)C)=C%14O)=C%17O)=C%16O)=C%12)=C%10OCCCCN%18C=C(COC%19=C(C=C(C=C%19SC%20=C%21)C(C)(C)C)SC%22=CC(C(C)(C)C)=CC(SC%23=C(O)C(SC(C=C%21C(C)(C)C)=C%20O)=CC(C(C)(C)C)=C%23)=C%22O)N=N%18)=C9OCCCCN%24C=C(COC%25=C(SC(C=C%26C(C)(C)C)=C%27O)C=C(C(C)(C)C)C=C%25SC%28=C(O)C(SC%29=CC(C(C)(C)C)=CC(SC%27=C%26)=C%29O)=CC(C(C)(C)C)=C%28)N=N%24)=C1)(C)C
outer_cv,train,2,4,9,,,144,Group 11/141.log,Group 11,Group 11,141.log,CC(C1=CC2=C(OCCCCN3N=NC(CCOC(C(SC(C=C4C(C)(C)C)=C5O)=C6)=C(C=C6C(C)(C)C)SC7=C(O)C(SC(C=C(C=C8SC5=C4)C(C)(C)C)=C8O)=CC(C(C)(C)C)=C7)=C3)C(SC9=CC(C(C)(C)C)=CC(SC%10=CC(C(C)(C)C)=CC(SC%11=CC(C(C)(C)C)=CC(S2)=C%11OCCCCN%12N=NC(CCOC%13=C(SC%14=C%15)C=C(C(C)(C)C)C=C%13SC%16=CC(C(C)(C)C)=CC(SC%17=CC(C(C)(C)C)=CC(SC(C=C%15C(C)(C)C)=C%14O)=C%17O)=C%16O)=C%12)=C%10OCCCCN%18C=C(CCOC%19=C(C=C(C=C%19SC%20=C%21)C(C)(C)C)SC%22=CC(C(C)(C)C)=CC(SC%23=C(O)C(SC(C=C%21C(C)(C)C)=C%20O)=CC(C(C)(C)C)=C%23)=C%22O)N=N%18)=C9OCCCCN%24C=C(CCOC%25=C(SC(C=C%26C(C)(C)C)=C%27O)C=C(C(C)(C)C)C=C%25SC%28=C(O)C(SC%29=CC(C(C)(C)C)=CC(SC%27=C%26)=C%29O)=CC(C(C)(C)C)=C%28)N=N%24)=C1)(C)C
outer_cv,train,2,4,9,,,145,Group 11/142.log,Group 11,Group 11,142.log,CC(C1=CC2=C(OCCCCN3N=NC(CCCOC(C(SC(C=C4C(C)(C)C)=C5O)=C6)=C(C=C6C(C)(C)C)SC7=C(O)C(SC(C=C(C=C8SC5=C4)C(C)(C)C)=C8O)=CC(C(C)(C)C)=C7)=C3)C(SC9=CC(C(C)(C)C)=CC(SC%10=CC(C(C)(C)C)=CC(SC%11=CC(C(C)(C)C)=CC(S2)=C%11OCCCCN%12N=NC(CCCOC%13=C(SC%14=C%15)C=C(C(C)(C)C)C=C%13SC%16=CC(C(C)(C)C)=CC(SC%17=CC(C(C)(C)C)=CC(SC(C=C%15C(C)(C)C)=C%14O)=C%17O)=C%16O)=C%12)=C%10OCCCCN%18C=C(CCCOC%19=C(C=C(C=C%19SC%20=C%21)C(C)(C)C)SC%22=CC(C(C)(C)C)=CC(SC%23=C(O)C(SC(C=C%21C(C)(C)C)=C%20O)=CC(C(C)(C)C)=C%23)=C%22O)N=N%18)=C9OCCCCN%24C=C(CCCOC%25=C(SC(C=C%26C(C)(C)C)=C%27O)C=C(C(C)(C)C)C=C%25SC%28=C(O)C(SC%29=CC(C(C)(C)C)=CC(SC%27=C%26)=C%29O)=CC(C(C)(C)C)=C%28)N=N%24)=C1)(C)C
outer_cv,train,2,4,9,,,146,Group 11/143.log,Group 11,Group 11,143.log,CC(C1=CC2=C(OCCCCN3N=NC(CCCCOC(C(SC(C=C4C(C)(C)C)=C5O)=C6)=C(C=C6C(C)(C)C)SC7=C(O)C(SC(C=C(C=C8SC5=C4)C(C)(C)C)=C8O)=CC(C(C)(C)C)=C7)=C3)C(SC9=CC(C(C)(C)C)=CC(SC%10=CC(C(C)(C)C)=CC(SC%11=CC(C(C)(C)C)=CC(S2)=C%11OCCCCN%12N=NC(CCCCOC%13=C(SC%14=C%15)C=C(C(C)(C)C)C=C%13SC%16=CC(C(C)(C)C)=CC(SC%17=CC(C(C)(C)C)=CC(SC(C=C%15C(C)(C)C)=C%14O)=C%17O)=C%16O)=C%12)=C%10OCCCCN%18C=C(CCCCOC%19=C(C=C(C=C%19SC%20=C%21)C(C)(C)C)SC%22=CC(C(C)(C)C)=CC(SC%23=C(O)C(SC(C=C%21C(C)(C)C)=C%20O)=CC(C(C)(C)C)=C%23)=C%22O)N=N%18)=C9OCCCCN%24C=C(CCCCOC%25=C(SC(C=C%26C(C)(C)C)=C%27O)C=C(C(C)(C)C)C=C%25SC%28=C(O)C(SC%29=CC(C(C)(C)C)=CC(SC%27=C%26)=C%29O)=CC(C(C)(C)C)=C%28)N=N%24)=C1)(C)C
outer_cv,train,2,4,9,,,147,Group 11/144.log,Group 11,Group 11,144.log,CC(C1=CC2=C(OCCCCCN3N=NC(COC(C(SC(C=C4C(C)(C)C)=C5O)=C6)=C(C=C6C(C)(C)C)SC7=C(O)C(SC(C=C(C=C8SC5=C4)C(C)(C)C)=C8O)=CC(C(C)(C)C)=C7)=C3)C(SC9=CC(C(C)(C)C)=CC(SC%10=CC(C(C)(C)C)=CC(SC%11=CC(C(C)(C)C)=CC(S2)=C%11OCCCCCN%12N=NC(COC%13=C(SC%14=C%15)C=C(C(C)(C)C)C=C%13SC%16=CC(C(C)(C)C)=CC(SC%17=CC(C(C)(C)C)=CC(SC(C=C%15C(C)(C)C)=C%14O)=C%17O)=C%16O)=C%12)=C%10OCCCCCN%18C=C(COC%19=C(C=C(C=C%19SC%20=C%21)C(C)(C)C)SC%22=CC(C(C)(C)C)=CC(SC%23=C(O)C(SC(C=C%21C(C)(C)C)=C%20O)=CC(C(C)(C)C)=C%23)=C%22O)N=N%18)=C9OCCCCCN%24C=C(COC%25=C(SC(C=C%26C(C)(C)C)=C%27O)C=C(C(C)(C)C)C=C%25SC%28=C(O)C(SC%29=CC(C(C)(C)C)=CC(SC%27=C%26)=C%29O)=CC(C(C)(C)C)=C%28)N=N%24)=C1)(C)C
outer_cv,train,2,4,9,,,148,Group 11/145.log,Group 11,Group 11,145.log,CC(C1=CC2=C(OCCCCCN3N=NC(CCOC4=C(C=C5C(C)(C)C)SC6=C(O)C(SC7=C(O)C(SC8=CC(C(C)(C)C)=CC(SC4=C5)=C8O)=CC(C(C)(C)C)=C7)=CC(C(C)(C)C)=C6)=C3)C(SC9=CC(C(C)(C)C)=CC(SC%10=CC(C(C)(C)C)=CC(SC%11=CC(C(C)(C)C)=CC(S2)=C%11OCCCCCN%12N=NC(CCOC%13=C(SC%14=C%15)C=C(C(C)(C)C)C=C%13SC%16=CC(C(C)(C)C)=CC(SC%17=CC(C(C)(C)C)=CC(SC(C=C%15C(C)(C)C)=C%14O)=C%17O)=C%16O)=C%12)=C%10OCCCCCN%18C=C(CCOC%19=C(C=C(C=C%19SC%20=C%21)C(C)(C)C)SC%22=CC(C(C)(C)C)=CC(SC%23=C(O)C(SC(C=C%21C(C)(C)C)=C%20O)=CC(C(C)(C)C)=C%23)=C%22O)N=N%18)=C9OCCCCCN%24C=C(CCOC%25=C(SC(C=C%26C(C)(C)C)=C%27O)C=C(C(C)(C)C)C=C%25SC%28=C(O)C(SC%29=CC(C(C)(C)C)=CC(SC%27=C%26)=C%29O)=CC(C(C)(C)C)=C%28)N=N%24)=C1)(C)C
outer_cv,train,2,4,9,,,149,Group 11/146.log,Group 11,Group 11,146.log,CC(C1=CC2=C(OCCCCCN3N=NC(CCCOC4=C(C=C5C(C)(C)C)SC6=C(O)C(SC7=C(O)C(SC8=CC(C(C)(C)C)=CC(SC4=C5)=C8O)=CC(C(C)(C)C)=C7)=CC(C(C)(C)C)=C6)=C3)C(SC9=CC(C(C)(C)C)=CC(SC%10=CC(C(C)(C)C)=CC(SC%11=CC(C(C)(C)C)=CC(S2)=C%11OCCCCCN%12N=NC(CCCOC%13=C(SC%14=C%15)C=C(C(C)(C)C)C=C%13SC%16=CC(C(C)(C)C)=CC(SC%17=CC(C(C)(C)C)=CC(SC(C=C%15C(C)(C)C)=C%14O)=C%17O)=C%16O)=C%12)=C%10OCCCCCN%18C=C(CCCOC%19=C(C=C(C=C%19SC%20=C%21)C(C)(C)C)SC%22=CC(C(C)(C)C)=CC(SC%23=C(O)C(SC(C=C%21C(C)(C)C)=C%20O)=CC(C(C)(C)C)=C%23)=C%22O)N=N%18)=C9OCCCCCN%24C=C(CCCOC%25=C(SC(C=C%26C(C)(C)C)=C%27O)C=C(C(C)(C)C)C=C%25SC%28=C(O)C(SC%29=CC(C(C)(C)C)=CC(SC%27=C%26)=C%29O)=CC(C(C)(C)C)=C%28)N=N%24)=C1)(C)C
outer_cv,train,2,4,9,,,150,Group 11/147.log,Group 11,Group 11,147.log,OC1=C(SC2=C3)C=C(C(C)(C)C)C=C1SC4=CC(C(C)(C)C)=CC(SC5=CC(C(C)(C)C)=CC(SC(C=C3C(C)(C)C)=C2O)=C5OCCCCC(N=N6)=CN6CCCCCOC7=C(SC8=CC(C(C)(C)C)=CC(SC9=CC(C(C)(C)C)=CC(S%10)=C9OCCCCCN%11N=NC(CCCCOC%12=C(SC%13=C%14)C=C(C(C)(C)C)C=C%12SC%15=CC(C(C)(C)C)=CC(SC%16=CC(C(C)(C)C)=CC(SC(C=C%14C(C)(C)C)=C%13O)=C%16O)=C%15O)=C%11)=C8OCCCCCN%17C=C(CCCCOC%18=C(C=C(C=C%18SC%19=C%20)C(C)(C)C)SC%21=CC(C(C)(C)C)=CC(SC%22=C(O)C(SC(C=C%20C(C)(C)C)=C%19O)=CC(C(C)(C)C)=C%22)=C%21O)N=N%17)C=C(C(C)(C)C)C=C7SC%23=CC(C(C)(C)C)=CC%10=C%23OCCCCCN%24N=NC(CCCCOC%25=C(C=C%26C(C)(C)C)SC%27=C(O)C(SC%28=C(O)C(SC%29=CC(C(C)(C)C)=CC(SC%25=C%26)=C%29O)=CC(C(C)(C)C)=C%28)=CC(C(C)(C)C)=C%27)=C%24)=C4O
outer_cv,train,2,4,9,,,151,Group 12/148.log,Group 12,Group 12,148.log,OCC(N=N1)=CN1C2=CC(C3=NC=CC=C3)=NC(C4=CC=CC=N4)=C2
outer_cv,train,2,4,9,,,152,Group 12/149.log,Group 12,Group 12,149.log,CCCCCCC(N=N1)=CN1C2=CC(C3=NC=CC=C3)=NC(C4=CC=CC=N4)=C2
outer_cv,train,2,4,9,,,153,Group 12/150.log,Group 12,Group 12,150.log,OC1=C(SC2=C(C(SC3=C(O)C(SC4=CC(C(C)(C)C)=CC(SC1=C5)=C4OCCC6=CN(C7=CC(C8=NC=CC=C8)=NC(C9=CC=CC=N9)=C7)N=N6)=CC(C(C)(C)C)=C3)=CC(C(C)(C)C)=C2)OCCC%10=CN(C%11=CC(C%12=NC=CC=C%12)=NC(C%13=CC=CC=N%13)=C%11)N=N%10)C=C5C(C)(C)C
outer_cv,train,2,4,9,,,154,Group 12/151.log,Group 12,Group 12,151.log,OC1=C(SC2=C(C(SC3=C(O)C(SC4=CC(C(C)(C)C)=CC(SC1=C5)=C4OCCCC6=CN(C7=CC(C8=NC=CC=C8)=NC(C9=CC=CC=N9)=C7)N=N6)=CC(C(C)(C)C)=C3)=CC(C(C)(C)C)=C2)OCCCC%10=CN(C%11=CC(C%12=NC=CC=C%12)=NC(C%13=CC=CC=N%13)=C%11)N=N%10)C=C5C(C)(C)C
outer_cv,train,2,4,9,,,155,Group 12/152.log,Group 12,Group 12,152.log,OC1=C(SC2=C(C(SC3=C(O)C(SC4=CC(C(C)(C)C)=CC(SC1=C5)=C4OCCCCC6=CN(C7=CC(C8=NC=CC=C8)=NC(C9=CC=CC=N9)=C7)N=N6)=CC(C(C)(C)C)=C3)=CC(C(C)(C)C)=C2)OCCCCC%10=CN(C%11=CC(C%12=NC=CC=C%12)=NC(C%13=CC=CC=N%13)=C%11)N=N%10)C=C5C(C)(C)C
outer_cv,train,2,4,9,,,156,Group 12/153.log,Group 12,Group 12,153.log,CC(C1=CC2=C(OCCC3=CN(C4=CC(C5=NC=CC=C5)=NC(C6=CC=CC=N6)=C4)N=N3)C(SC7=CC(C(C)(C)C)=CC(SC8=CC(C(C)(C)C)=CC(SC9=CC(C(C)(C)C)=CC(S2)=C9OCCC%10=CN(C%11=CC(C%12=NC=CC=C%12)=NC(C%13=CC=CC=N%13)=C%11)N=N%10)=C8OCCC%14=CN(C%15=CC(C%16=NC=CC=C%16)=NC(C%17=CC=CC=N%17)=C%15)N=N%14)=C7OCCC%18=CN(C%19=CC(C%20=NC=CC=C%20)=NC(C%21=CC=CC=N%21)=C%19)N=N%18)=C1)(C)C
outer_cv,train,2,4,9,,,157,Group 12/154.log,Group 12,Group 12,154.log,CC(C1=CC2=C(OCCCCCCCCCCCC)C(SC3=CC(C(C)(C)C)=CC(SC4=CC(C(C)(C)C)=CC(SC5=CC(C(C)(C)C)=CC(S2)=C5OCCC6=CN(C7=CC(C8=NC=CC=C8)=NC(C9=CC=CC=N9)=C7)N=N6)=C4OCCCCCCCCCCCC)=C3OCCC%10=CN(C%11=CC(C%12=NC=CC=C%12)=NC(C%13=CC=CC=N%13)=C%11)N=N%10)=C1)(C)C
outer_cv,train,2,4,9,,,158,Group 12/155.log,Group 12,Group 12,155.log,CC(C1=CC2=C(OCCCCCCCCCCCC)C(SC3=CC(C(C)(C)C)=CC(SC4=CC(C(C)(C)C)=CC(SC5=CC(C(C)(C)C)=CC(S2)=C5OCCCC6=CN(C7=CC(C8=NC=CC=C8)=NC(C9=CC=CC=N9)=C7)N=N6)=C4OCCCCCCCCCCCC)=C3OCCCC%10=CN(C%11=CC(C%12=NC=CC=C%12)=NC(C%13=CC=CC=N%13)=C%11)N=N%10)=C1)(C)C
outer_cv,train,2,4,9,,,159,Group 12/156.log,Group 12,Group 12,156.log,CC(C1=CC2=C(OCCCCCCCCCCCC)C(SC3=CC(C(C)(C)C)=CC(SC4=CC(C(C)(C)C)=CC(SC5=CC(C(C)(C)C)=CC(S2)=C5OCCCCC6=CN(C7=CC(C8=NC=CC=C8)=NC(C9=CC=CC=N9)=C7)N=N6)=C4OCCCCCCCCCCCC)=C3OCCCCC%10=CN(C%11=CC(C%12=NC=CC=C%12)=NC(C%13=CC=CC=N%13)=C%11)N=N%10)=C1)(C)C
outer_cv,train,2,4,9,,,160,Group 12/157.log,Group 12,Group 12,157.log,CC(C1=CC2=C(OCCCCC3=CN(C4=CC(C5=NC=CC=C5)=NC(C6=CC=CC=N6)=C4)N=N3)C(SC7=CC(C(C)(C)C)=CC(SC8=CC(C(C)(C)C)=CC(SC9=CC(C(C)(C)C)=CC(S2)=C9OCCCCC%10=CN(C%11=CC(C%12=NC=CC=C%12)=NC(C%13=CC=CC=N%13)=C%11)N=N%10)=C8OCCCCC%14=CN(C%15=CC(C%16=NC=CC=C%16)=NC(C%17=CC=CC=N%17)=C%15)N=N%14)=C7OCCCCC%18=CN(C%19=CC(C%20=NC=CC=C%20)=NC(C%21=CC=CC=N%21)=C%19)N=N%18)=C1)(C)C
outer_cv,train,2,4,9,,,161,Group 13/158.log,Group 13,Group 13,158.log,CC(C1=CC2=C(OCCOCCO)C(SC3=CC(C(C)(C)C)=CC(SC4=CC(C(C)(C)C)=CC(SC5=CC(C(C)(C)C)=CC(S2)=C5OCCOCCO)=C4OCCOCCO)=C3OCCOCCO)=C1)(C)C
outer_cv,train,2,4,9,,,162,Group 13/159.log,Group 13,Group 13,159.log,CC(C1=CC2=C(OCCOCCO)C(SC3=CC(C(C)(C)C)=CC(SC4=CC(C(C)(C)C)=CC(SC5=CC(C(C)(C)C)=CC(S2)=C5OCCBr)=C4OCCOCCO)=C3OCCBr)=C1)(C)C
outer_cv,train,2,4,9,,,163,Group 13/160.log,Group 13,Group 13,160.log,OC1=C2C=C(C(C)(C)C)C=C1SC3=C(OCCOCCOC4=C(S2)C=C5C(C)(C)C)C(SC6=CC(C(C)(C)C)=CC(SC4=C5)=C6O)=CC(C(C)(C)C)=C3
outer_cv,train,2,4,9,,,164,Group 13/161.log,Group 13,Group 13,161.log,OC1=C2C=C(C(C)(C)C)C=C1SC3=C(OCCOCCOCCOC4=C(S2)C=C5C(C)(C)C)C(SC6=CC(C(C)(C)C)=CC(SC4=C5)=C6O)=CC(C(C)(C)C)=C3
outer_cv,train,2,4,9,,,165,Group 13/162.log,Group 13,Group 13,162.log,OC1=C2C=C(C(C)(C)C)C=C1SC3=C(OCCOCCOCCOCCOC4=C(S2)C=C5C(C)(C)C)C(SC6=CC(C(C)(C)C)=CC(SC4=C5)=C6O)=CC(C(C)(C)C)=C3.C
outer_cv,train,2,4,9,,,166,Group 13/163.log,Group 13,Group 13,163.log,OC1=C2C=C(C(C)(C)C)C=C1SC3=C(OCCOCCOCCOCCOCCOC4=C(S2)C=C5C(C)(C)C)C(SC6=CC(C(C)(C)C)=CC(SC4=C5)=C6O)=CC(C(C)(C)C)=C3.C
outer_cv,train,2,4,9,,,167,Group 13/164.log,Group 13,Group 13,164.log,O=[N+](C1=CC(S2)=C3OCCOCCOCCOCCOC4=C5SC6=C(C2=CC([N+]([O-])=O)=C6)OCCOCCOCCOCCOC7=C(SC3=C1)C=C([N+]([O-])=O)C=C7SC4=CC([N+]([O-])=O)=C5)[O-]
outer_cv,train,2,4,9,,,168,Group 13/165.log,Group 13,Group 13,165.log,CC(C1=CC2=C(OCCOCCOC3=C(SC4=CC(C(C)(C)C)=CC(S2)=C4OCCBr)C=C(C(C)(C)C)C=C3S5)C(SC6=CC(C(C)(C)C)=CC5=C6OCCBr)=C1)(C)C
outer_cv,train,2,4,9,,,169,Group 13/166.log,Group 13,Group 13,166.log,CC(C1=CC2=C(OCCOCCOC3=C(SC4=CC(C(C)(C)C)=CC(S2)=C4OCCCBr)C=C(C(C)(C)C)C=C3S5)C(SC6=CC(C(C)(C)C)=CC5=C6OCCCBr)=C1)(C)C
outer_cv,train,2,4,9,,,170,Group 13/167.log,Group 13,Group 13,167.log,CC(C1=CC2=C(OCCOCCOCCOC3=C(SC4=CC(C(C)(C)C)=CC(S2)=C4OCCBr)C=C(C(C)(C)C)C=C3S5)C(SC6=CC(C(C)(C)C)=CC5=C6OCCBr)=C1)(C)C
outer_cv,train,2,4,9,,,171,Group 13/168.log,Group 13,Group 13,168.log,CC(C1=CC2=C(OCCOCCOCCOC3=C(SC4=CC(C(C)(C)C)=CC(S2)=C4OCCCBr)C=C(C(C)(C)C)C=C3S5)C(SC6=CC(C(C)(C)C)=CC5=C6OCCCBr)=C1)(C)C
outer_cv,train,2,4,9,,,172,Group 13/169.log,Group 13,Group 13,169.log,CC(C1=CC2=C(OCCOCCOCCOCCOC3=C(SC4=CC(C(C)(C)C)=CC(S2)=C4OCCCBr)C=C(C(C)(C)C)C=C3S5)C(SC6=CC(C(C)(C)C)=CC5=C6OCCCBr)=C1)(C)C
outer_cv,train,2,4,9,,,173,Group 13/170.log,Group 13,Group 13,170.log,CC(C1=CC2=C(OCCOCCOCCOCCOCCOC3=C(SC4=CC(C(C)(C)C)=CC(S2)=C4OCCBr)C=C(C(C)(C)C)C=C3S5)C(SC6=CC(C(C)(C)C)=CC5=C6OCCBr)=C1)(C)C
outer_cv,train,2,4,9,,,174,Group 13/171.log,Group 13,Group 13,171.log,CC(C1=CC2=C(OCCOCCOCCOCCOCCOC3=C(SC4=CC(C(C)(C)C)=CC(S2)=C4OCCCBr)C=C(C(C)(C)C)C=C3S5)C(SC6=CC(C(C)(C)C)=CC5=C6OCCCBr)=C1)(C)C
outer_cv,train,2,4,9,,,175,Group 13/172.log,Group 13,Group 13,172.log,CC(C1=CC2=C(OCCOCCOCCOCCOCCOCCOC3=C(SC4=CC(C(C)(C)C)=CC(S2)=C4OCCBr)C=C(C(C)(C)C)C=C3S5)C(SC6=CC(C(C)(C)C)=CC5=C6OCCBr)=C1)(C)C
outer_cv,train,2,4,9,,,176,Group 13/173.log,Group 13,Group 13,173.log,CC(C1=CC2=C(OCCOCCOCCOCCOCCOCCOC3=C(SC4=CC(C(C)(C)C)=CC(S2)=C4OCCCBr)C=C(C(C)(C)C)C=C3S5)C(SC6=CC(C(C)(C)C)=CC5=C6OCCCBr)=C1)(C)C
outer_cv,train,2,4,9,,,177,Group 13/174.log,Group 13,Group 13,174.log,CC(C)(C)C1=CC(SC(C=C2C(C)(C)C)=C3OCCOCCOCCOCCOCCOC(C(S4)=CC(C(C)(C)C)=C5)=C5SC6=C(C7=CC(C(C)(C)C)=C6)OCCCBr)=C(OCCCBr)C(SC8=C(OCCOCCOCCOCCOCCOC9=C(S7)C=C(C(C)(C)C)C=C9SC%10=C(OCCCBr)C4=CC(C(C)(C)C)=C%10)C(SC(C=C(C=C%11SC3=C2)C(C)(C)C)=C%11OCCCBr)=CC(C(C)(C)C)=C8)=C1
outer_cv,train,2,4,9,,,178,Group 13/175.log,Group 13,Group 13,175.log,CC(C1=CC2=C(OCCOCCOCCOC3=C(SC4=CC(C(C)(C)C)=CC(S2)=C4OCCCCCCCCCCCC)C=C(C(C)(C)C)C=C3S5)C(SC6=CC(C(C)(C)C)=CC5=C6OCCCCCCCCCCCC)=C1)(C)C
outer_cv,train,2,4,9,,,179,Group 13/176.log,Group 13,Group 13,176.log,CC(C1=CC2=C(OCCOCCOCCOCCOC3=C(SC4=CC(C(C)(C)C)=CC(S2)=C4OCCCCCCCCCCCC)C=C(C(C)(C)C)C=C3S5)C(SC6=CC(C(C)(C)C)=CC5=C6OCCCCCCCCCCCC)=C1)(C)C
outer_cv,train,2,4,9,,,180,Group 13/177.log,Group 13,Group 13,177.log,CC(C1=CC2=C(OCCOCCOCCOCCOCCOC3=C(SC4=CC(C(C)(C)C)=CC(S2)=C4OCCCCCCCCCCCC)C=C(C(C)(C)C)C=C3S5)C(SC6=CC(C(C)(C)C)=CC5=C6OCCCCCCCCCCCC)=C1)(C)C
outer_cv,train,2,4,9,,,181,Group 13/178.log,Group 13,Group 13,178.log,CC(C1=CC2=C(OCCOCCOCCOC3=C(SC4=CC(C(C)(C)C)=CC(S2)=C4OC)C=C(C(C)(C)C)C=C3S5)C(SC6=CC(C(C)(C)C)=CC5=C6OC)=C1)(C)C
outer_cv,train,2,4,9,,,182,Group 13/179.log,Group 13,Group 13,179.log,CC(C1=CC2=C(OCCOCCOCCOCCOC3=C(SC4=CC(C(C)(C)C)=CC(S2)=C4OC)C=C(C(C)(C)C)C=C3S5)C(SC6=CC(C(C)(C)C)=CC5=C6OC)=C1)(C)C
outer_cv,train,2,4,9,,,183,Group 13/180.log,Group 13,Group 13,180.log,CC(C1=CC2=C(OCCOCCOCCOCCOCCOC3=C(SC4=CC(C(C)(C)C)=CC(S2)=C4OC)C=C(C(C)(C)C)C=C3S5)C(SC6=CC(C(C)(C)C)=CC5=C6OC)=C1)(C)C
outer_cv,train,2,4,9,,,201,Group 15/198.log,Group 15,Group 15,198.log,CC(C)(C)C1=CC(SC2=C3)=C(OCO)C(SC4=CC(C(C)(C)C)=CC(SC5=CC(C(C)(C)C)=CC(SC(C=C3C(C)(C)C)=C2OCC(O)=O)=C5OCC(O)=O)=C4OCC(O)=O)=C1.O=[C]
outer_cv,train,2,4,9,,,202,Group 15/199.log,Group 15,Group 15,199.log,CC(C)(C)C1=CC(CC2=C3)=C(OCO)C(CC4=CC(C(C)(C)C)=CC(CC5=CC(C(C)(C)C)=CC(CC(C=C3C(C)(C)C)=C2OCC(O)=O)=C5OCC(O)=O)=C4OCC(O)=O)=C1.O=[C]
outer_cv,train,2,4,9,,,203,Group 15/200.log,Group 15,Group 15,200.log,CC(C)(C1=CC(CC2=C(C(CC(C=C(C=C3C4)C(C)(C)C)=C3OCC(O)=O)=CC(C(C)(C)C)=C2)OCC(O)=O)=C(OCC(O)=O)C(CC5=CC(C(C)(C)C)=CC4=C5OCC(O)=O)=C1)C
outer_cv,train,2,4,9,,,204,Group 15/201.log,Group 15,Group 15,201.log,CC(C)(C)C1=CC(CC2=C3)=C(OCC(OCC)=O)C(CC4=CC(C(C)(C)C)=CC(CC5=CC(C(C)(C)C)=CC(CC(C=C3C(C)(C)C)=C2OCC(OCC)=O)=C5OCC(OCC)=O)=C4OCC(OCC)=O)=C1
outer_cv,train,2,4,9,,,205,Group 15/202.log,Group 15,Group 15,202.log,OC1=C(SC2=C(C(SC3=C(O)C(SC4=CC(C(C)(C)C)=CC(SC1=C5)=C4OCCN6C(C(OC)=O)=C(C(OC)=O)N=N6)=CC(C(C)(C)C)=C3)=CC(C(C)(C)C)=C2)OCCN7N=NC(C(OC)=O)=C7C(OC)=O)C=C5C(C)(C)C
outer_cv,train,2,4,9,,,206,Group 15/203.log,Group 15,Group 15,203.log,CC(C1=CC2=C(OCCCCCCCCCCCC)C(SC3=CC(C(C)(C)C)=CC(SC4=CC(C(C)(C)C)=CC(SC5=CC(C(C)(C)C)=CC(S2)=C5OCCCN6C(C(OC)=O)=C(C(OC)=O)N=N6)=C4OCCCCCCCCCCCC)=C3OCCCN7N=NC(C(OC)=O)=C7C(OC)=O)=C1)(C)C
outer_cv,train,2,4,9,,,207,Group 15/204.log,Group 15,Group 15,204.log,CC(C1=CC2=C(OCC(OCC)=O)C(CC3=CC(C(C)(C)C)=CC(CC4=CC(C(C)(C)C)=CC(CC5=CC(C(C)(C)C)=CC(C2)=C5OCC(OCC)=O)=C4OCC(OCC)=O)=C3OCC(OCC)=O)=C1)(C)C
outer_cv,train,2,4,9,,,208,Group 15/205.log,Group 15,Group 15,205.log,CC(C)(C1=CC(CC2=C(C(CC(C=C(C=C3C4)C(C)(C)C)=C3OCC(OCC)=O)=CC(C(C)(C)C)=C2)OCC(OCC)=O)=C(OCC(OCC)=O)C(CC5=CC(C(C)(C)C)=CC4=C5OCC(OCC)=O)=C1)C
outer_cv,train,2,4,9,,,209,Group 15/206.log,Group 15,Group 15,206.log,CC(C1=CC2=C(OCC(OCC)=O)C(SC3=CC(C(C)(C)C)=CC(SC4=CC(C(C)(C)C)=CC(SC5=CC(C(C)(C)C)=CC(S2)=C5OCC(OCC)=O)=C4OCC(OCC)=O)=C3OCC(OCC)=O)=C1)(C)C
outer_cv,train,2,4,9,,,210,Group 15/207.log,Group 15,Group 15,207.log,CC(C1=CC2=C(OCC(OC(C)(C)C)=O)C(SC3=CC(C(C)(C)C)=CC(SC4=CC(C(C)(C)C)=CC(SC5=CC(C(C)(C)C)=CC(S2)=C5OCC(OC(C)(C)C)=O)=C4OCC(OC(C)(C)C)=O)=C3OCC(OC(C)(C)C)=O)=C1)(C)C
outer_cv,train,2,4,9,,,211,Group 16/208.log,Group 16,Group 16,208.log,OC1=C(SC2=C(C(SC3=C(O)C(SC4=CC(C(C)(C)C)=CC(SC1=C5)=C4OCCN6C(C(C=CC=C7)=C7C6=O)=O)=CC(C(C)(C)C)=C3)=CC(C(C)(C)C)=C2)OCCN8C(C(C=CC=C9)=C9C8=O)=O)C=C5C(C)(C)C
outer_cv,train,2,4,9,,,212,Group 16/209.log,Group 16,Group 16,209.log,OC1=C(SC2=C(C(SC3=C(O)C(SC4=CC(C(C)(C)C)=CC(SC1=C5)=C4OCCCN6C(C(C=CC=C7)=C7C6=O)=O)=CC(C(C)(C)C)=C3)=CC(C(C)(C)C)=C2)OCCCN8C(C(C=CC=C9)=C9C8=O)=O)C=C5C(C)(C)C
outer_cv,train,2,4,9,,,213,Group 16/210.log,Group 16,Group 16,210.log,OC1=C(CC2=C(C(CC3=C(O)C(CC4=CC(C(C)(C)C)=CC(CC1=C5)=C4OCC(N6CCOCC6)=O)=CC(C(C)(C)C)=C3)=CC(C(C)(C)C)=C2)OCC(N7CCOCC7)=O)C=C5C(C)(C)C
outer_cv,train,2,4,9,,,214,Group 16/211.log,Group 16,Group 16,211.log,CC(C1=CC2=C(OCCOCCOCCOCCOCCOC3=C(SC4=CC(C(C)(C)C)=CC(S2)=C4OCCN5C(C(C=CC=C6)C6C5=O)=O)C=C(C(C)(C)C)C=C3S7)C(SC8=CC(C(C)(C)C)=CC7=C8OCCN9C(C(C=CC=C%10)C%10C9=O)=O)=C1)(C)C
outer_cv,train,2,4,9,,,215,Group 16/212.log,Group 16,Group 16,212.log,CC(C1=CC2=C(OCCOCCOCCOCCOCCOC3=C(SC4=CC(C(C)(C)C)=CC(S2)=C4OCCCN5C(C(C=CC=C6)=C6C5=O)=O)C=C(C(C)(C)C)C=C3S7)C(SC8=CC(C(C)(C)C)=CC7=C8OCCCN9C(C(C=CC=C%10)=C%10C9=O)=O)=C1)(C)C
outer_cv,train,2,4,9,,,216,Group 16/213.log,Group 16,Group 16,213.log,OC1=C(CC2=C(C(CC3=C(O)C(CC4=CC(C(C)(C)C)=CC(CC1=C5)=C4OCC(N6CCOCCOCCOCC6)=O)=CC(C(C)(C)C)=C3)=CC(C(C)(C)C)=C2)OCC(N7CCOCCOCCOCC7)=O)C=C5C(C)(C)C
outer_cv,train,2,4,9,,,217,Group 16/214.log,Group 16,Group 16,214.log,OC1=C(CC2=C(C(CC3=C(O)C(CC4=CC(C(C)(C)C)=CC(CC1=C5)=C4OCC(N6CCOCCOCCOCCOCC6)=O)=CC(C(C)(C)C)=C3)=CC(C(C)(C)C)=C2)OCC(N7CCOCCOCCOCCOCC7)=O)C=C5C(C)(C)C
outer_cv,train,2,4,9,,,218,Group 16/215.log,Group 16,Group 16,215.log,OC1=C(CC2=C(C(CC3=C(O)C(CC4=CC(C(C)(C)C)=CC(CC1=C5)=C4OCC(N6CCOCCOCCOCCOCCOCC6)=O)=CC(C(C)(C)C)=C3)=CC(C(C)(C)C)=C2)OCC(N7CCOCCOCCOCCOCCOCC7)=O)C=C5C(C)(C)C
outer_cv,train,2,4,9,,,219,Group 16/216.log,Group 16,Group 16,216.log,OC1=C(CC2=CC(C(C)(C)C)=CC(CC(C=C3C(C)(C)C)=C4OCC(N5CCOCCOCCOCC5)=O)=C2OCC(N6CCOCCOCCOCC6)=O)C=C(C(C)(C)C)C=C1CC7=CC(C(C)(C)C)=CC(CC4=C3)=C7OCC(N8CCOCCOCCOCC8)=O
outer_cv,train,2,4,9,,,220,Group 16/217.log,Group 16,Group 16,217.log,CC(C)(C)C1=CC(CC2=C3)=C(OCC(N4CCOCCOCCOCC4)=O)C(CC5=CC(C(C)(C)C)=CC(CC6=CC(C(C)(C)C)=CC(CC(C=C3C(C)(C)C)=C2OCC(N7CCOCCOCCOCC7)=O)=C6OCC(N8CCOCCOCCOCC8)=O)=C5OCC(N9CCOCCOCCOCC9)=O)=C1
outer_cv,train,2,4,9,,,223,Group 18/220.log,Group 18,Group 18,220.log,C12=C(C(SC(C=CC=C3S4)=C3OCCOCCOCCOC(C(SC5=CC=CC4=C5OCCCOC6=CC(C7=NC=CC=C7)=NC(C8=CC=CC=N8)=C6)=CC=C9)=C9S2)=CC=C1)OCCCOC%10=CC(C%11=NC=CC=C%11)=NC(C%12=CC=CC=N%12)=C%10
outer_cv,train,2,4,9,,,224,Group 18/221.log,Group 18,Group 18,221.log,CC(C1=CC2=C(OCCOCCOCCOC3=C(SC4=CC(C(C)(C)C)=CC(S2)=C4OCCCOC5=CC(C6=NC=CC=C6)=NC(C7=CC=CC=N7)=C5)C=C(C(C)(C)C)C=C3S8)C(SC9=CC(C(C)(C)C)=CC8=C9OCCCOC%10=CC(C%11=NC=CC=C%11)=NC(C%12=CC=CC=N%12)=C%10)=C1)(C)C
outer_cv,train,2,4,9,,,225,Group 18/222.log,Group 18,Group 18,222.log,CC(C1=CC2=C(OCCOCCOCCOCCOC3=C(SC4=CC(C(C)(C)C)=CC(S2)=C4OCCCOC5=CC(C6=NC=CC=C6)=NC(C7=CC=CC=N7)=C5)C=C(C(C)(C)C)C=C3S8)C(SC9=CC(C(C)(C)C)=CC8=C9OCCCOC%10=CC(C%11=NC=CC=C%11)=NC(C%12=CC=CC=N%12)=C%10)=C1)(C)C
outer_cv,train,2,4,9,,,226,Group 18/223.log,Group 18,Group 18,223.log,CC(C1=CC2=C(OCCOCCOCCOCCOCCOC3=C(SC4=CC(C(C)(C)C)=CC(S2)=C4OCCCOC5=CC(C6=NC=CC=C6)=NC(C7=CC=CC=N7)=C5)C=C(C(C)(C)C)C=C3S8)C(SC9=CC(C(C)(C)C)=CC8=C9OCCCOC%10=CC(C%11=NC=CC=C%11)=NC(C%12=CC=CC=N%12)=C%10)=C1)(C)C
outer_cv,train,2,4,9,,,227,Group 19/224.log,Group 19,Group 19,224.log,OC1=C(SC2=C(C(SC3=C(O)C(SC4=CC(C(C)(C)C)=CC(SC1=C5)=C4OCCSCCCCCCCC)=CC(C(C)(C)C)=C3)=CC(C(C)(C)C)=C2)OCCSCCCCCCCC)C=C5C(C)(C)C
outer_cv,train,2,4,9,,,228,Group 19/225.log,Group 19,Group 19,225.log,OC1=C(SC2=C(C(SC3=C(O)C(SC4=CC(C(C)(C)C)=CC(SC1=C5)=C4OCCSC)=CC(C(C)(C)C)=C3)=CC(C(C)(C)C)=C2)OCCSC)C=C5C(C)(C)C
outer_cv,train,2,4,9,,,229,Group 19/226.log,Group 19,Group 19,226.log,OC1=C(SC2=C(C(SC3=C(O)C(SC4=CC(C(C)(C)C)=CC(SC1=C5)=C4OCCSCC6=CC=CC=C6)=CC(C(C)(C)C)=C3)=CC(C(C)(C)C)=C2)OCCSCC7=CC=CC=C7)C=C5C(C)(C)C
outer_cv,train,2,4,9,,,230,Group 19/227.log,Group 19,Group 19,227.log,OC1=C(SC2=C(C(SC3=C(O)C(SC4=CC(C(C)(C)C)=CC(SC1=C5)=C4OCCCSCC)=CC(C(C)(C)C)=C3)=CC(C(C)(C)C)=C2)OCCCSCC)C=C5C(C)(C)C
outer_cv,train,2,4,9,,,231,Group 19/228.log,Group 19,Group 19,228.log,OC1=C(CC2=C(C(CC3=C(O)C(C4)=CC=C3)=CC=C2)OCCCS)C=CC=C1CC5=C(OCCCS)C4=CC=C5
outer_cv,train,2,4,9,,,232,Group 19/229.log,Group 19,Group 19,229.log,OC1=C(SC2=C(C(SC3=C(O)C(SC4=CC(C(C)(C)C)=CC(SC1=C5)=C4OCCCSCCSCCS)=CC(C(C)(C)C)=C3)=CC(C(C)(C)C)=C2)O)C=C5C(C)(C)C
outer_cv,train,2,4,9,,,233,Group 19/230.log,Group 19,Group 19,230.log,CC(C1=CC2=C(OCCCS)C(SC3=CC(C(C)(C)C)=CC(SC4=CC(C(C)(C)C)=CC(SC5=CC(C(C)(C)C)=CC(S2)=C5OCCCS)=C4OCCCS)=C3OCCCS)=C1)(C)C
outer_cv,train,2,4,9,,,234,Group 19/231.log,Group 19,Group 19,231.log,CC(C1=CC2=C(OCCCSCC(OC)=O)C(SC3=CC(C(C)(C)C)=CC(SC4=CC(C(C)(C)C)=CC(SC5=CC(C(C)(C)C)=CC(S2)=C5OCCCSCC(OC)=O)=C4OCCCSCC(OC)=O)=C3OCCCSCC(OC)=O)=C1)(C)C
outer_cv,train,2,4,9,,,235,Group 19/232.log,Group 19,Group 19,232.log,CC(C1=CC2=C(OCCCCSCC(OC)=O)C(SC3=CC(C(C)(C)C)=CC(SC4=CC(C(C)(C)C)=CC(SC5=CC(C(C)(C)C)=CC(S2)=C5OCCCCSCC(OC)=O)=C4OCCCCSCC(OC)=O)=C3OCCCCSCC(OC)=O)=C1)(C)C
outer_cv,train,2,4,9,,,236,Group 19/233.log,Group 19,Group 19,233.log,CC(C1=CC2=C(OCCCCCSCC(OC)=O)C(SC3=CC(C(C)(C)C)=CC(SC4=CC(C(C)(C)C)=CC(SC5=CC(C(C)(C)C)=CC(S2)=C5OCCCCCSCC(OC)=O)=C4OCCCCCSCC(OC)=O)=C3OCCCCCSCC(OC)=O)=C1)(C)C
outer_cv,train,2,4,9,,,237,Group 19/234.log,Group 19,Group 19,234.log,CC(C1=CC2=C(OCCOCCO)C(SC3=CC(C(C)(C)C)=CC(SC4=CC(C(C)(C)C)=CC(SC5=CC(C(C)(C)C)=CC(S2)=C5OCCSCC(OC)=O)=C4OCCOCCO)=C3OCCSCC(OC)=O)=C1)(C)C
outer_cv,train,2,4,9,,,238,Group 19/235.log,Group 19,Group 19,235.log,OC1=C(SC2=C(C(SC3=C(O)C(SC4=CC(C(C)(C)C)=CC(SC1=C5)=C4OCCSC(C)=O)=CC(C(C)(C)C)=C3)=CC(C(C)(C)C)=C2)OCCSC(C)=O)C=C5C(C)(C)C
outer_cv,train,2,4,9,,,239,Group 19/236.log,Group 19,Group 19,236.log,OC1=C(SC2=C(C(SC3=C(O)C(SC4=CC(C(C)(C)C)=CC(SC1=C5)=C4OCCCSC(C)=O)=CC(C(C)(C)C)=C3)=CC(C(C)(C)C)=C2)OCCCSC(C)=O)C=C5C(C)(C)C
outer_cv,train,2,4,9,,,240,Group 19/237.log,Group 19,Group 19,237.log,CC(C1=CC2=C(OCCSCCCCCCCC)C(SC3=CC(C(C)(C)C)=CC(SC4=CC(C(C)(C)C)=CC(SC5=CC(C(C)(C)C)=CC(S2)=C5OCCC#C)=C4OCCSCCCCCCCC)=C3OCCC#C)=C1)(C)C
outer_cv,train,2,4,9,,,241,Group 19/238.log,Group 19,Group 19,238.log,CC(C1=CC2=C(OCCSCCCCCCCC)C(SC3=CC(C(C)(C)C)=CC(SC4=CC(C(C)(C)C)=CC(SC5=CC(C(C)(C)C)=CC(S2)=C5OCCCC#C)=C4OCCSCCCCCCCC)=C3OCCCC#C)=C1)(C)C
outer_cv,train,2,4,9,,,242,Group 19/239.log,Group 19,Group 19,239.log,CC(C1=CC2=C(OCCSCCCCCCCC)C(SC3=CC(C(C)(C)C)=CC(SC4=CC(C(C)(C)C)=CC(SC5=CC(C(C)(C)C)=CC(S2)=C5OCCCCC#C)=C4OCCSCCCCCCCC)=C3OCCCCC#C)=C1)(C)C
outer_cv,train,2,4,9,,,243,Group 19/240.log,Group 19,Group 19,240.log,CC(C1=CC2=C(OCCSCCCCCCCC)C(SC3=CC(C(C)(C)C)=CC(SC4=CC(C(C)(C)C)=CC(SC5=CC(C(C)(C)C)=CC(S2)=C5OCCCBr)=C4OCCSCCCCCCCC)=C3OCCCBr)=C1)(C)C
outer_cv,train,2,4,9,,,244,Group 19/241.log,Group 19,Group 19,241.log,CC(C1=CC2=C(OCCSCCCCCCCC)C(SC3=CC(C(C)(C)C)=CC(SC4=CC(C(C)(C)C)=CC(SC5=CC(C(C)(C)C)=CC(S2)=C5OCCCN=[N+]=[N-])=C4OCCSCCCCCCCC)=C3OCCCN=[N+]=[N-])=C1)(C)C
outer_cv,train,2,4,9,,,245,Group 19/242.log,Group 19,Group 19,242.log,CC(C1=CC2=C(OCCSCCCCCCCC)C(SC3=CC(C(C)(C)C)=CC(SC4=CC(C(C)(C)C)=CC(SC5=CC(C(C)(C)C)=CC(S2)=C5OCCCN6C(C(OC)=O)=C(C(OC)=O)N=N6)=C4OCCSCCCCCCCC)=C3OCCCN7N=NC(C(OC)=O)=C7C(OC)=O)=C1)(C)C
outer_cv,train,2,4,9,,,246,Group 19/243.log,Group 19,Group 19,243.log,OC1=C(SC2=C(C(SC3=C(O)C(SC4=CC(C(C)(C)C)=CC(SC1=C5)=C4OCCCBr)=CC(C(C)(C)C)=C3)=CC(C(C)(C)C)=C2)OCCCSC(C)=O)C=C5C(C)(C)C
outer_cv,train,2,4,9,,,258,Group 22/255.log,Group 22,Group 22,255.log,CC(C1=CC2=C(OCCOCCOCCOC3=C(SC4=CC(C(C)(C)C)=CC(S2)=C4OCCSC(C)=O)C=C(C(C)(C)C)C=C3S5)C(SC6=CC(C(C)(C)C)=CC5=C6OCCSC(C)=O)=C1)(C)C
outer_cv,train,2,4,9,,,259,Group 22/256.log,Group 22,Group 22,256.log,CC(C1=CC2=C(OCCOCCOCCOC3=C(SC4=CC(C(C)(C)C)=CC(S2)=C4OCCCSC(C)=O)C=C(C(C)(C)C)C=C3S5)C(SC6=CC(C(C)(C)C)=CC5=C6OCCCSC(C)=O)=C1)(C)C
outer_cv,train,2,4,9,,,260,Group 22/257.log,Group 22,Group 22,257.log,CC(C1=CC2=C(OCCOCCOCCOC3=C(SC4=CC(C(C)(C)C)=CC(S2)=C4OCCSC)C=C(C(C)(C)C)C=C3S5)C(SC6=CC(C(C)(C)C)=CC5=C6OCCSC)=C1)(C)C
outer_cv,train,2,4,9,,,261,Group 22/258.log,Group 22,Group 22,258.log,CC(C1=CC2=C(OCCOCCOCCOC3=C(SC4=CC(C(C)(C)C)=CC(S2)=C4OCCSCC5=CC=CC=C5)C=C(C(C)(C)C)C=C3S6)C(SC7=CC(C(C)(C)C)=CC6=C7OCCSCC8=CC=CC=C8)=C1)(C)C
outer_cv,train,2,4,9,,,262,Group 22/259.log,Group 22,Group 22,259.log,CC(C1=CC2=C(OCCOCCOCCOC3=C(SC4=CC(C(C)(C)C)=CC(S2)=C4OCCCSCC)C=C(C(C)(C)C)C=C3S5)C(SC6=CC(C(C)(C)C)=CC5=C6OCCCSCC)=C1)(C)C
outer_cv,train,2,4,9,,,263,Group 22/260.log,Group 22,Group 22,260.log,CC(C1=CC2=C(OCCOCCOCCOCCOC3=C(SC4=CC(C(C)(C)C)=CC(S2)=C4OCCSCC5=CC=CC=C5)C=C(C(C)(C)C)C=C3S6)C(SC7=CC(C(C)(C)C)=CC6=C7OCCSCC8=CC=CC=C8)=C1)(C)C
outer_cv,train,2,4,9,,,264,Group 22/261.log,Group 22,Group 22,261.log,CC(C1=CC2=C(OCCOCCOCCOCCOC3=C(SC4=CC(C(C)(C)C)=CC(S2)=C4OCCCSCC)C=C(C(C)(C)C)C=C3S5)C(SC6=CC(C(C)(C)C)=CC5=C6OCCCSCC)=C1)(C)C
outer_cv,train,2,4,9,,,265,Group 22/262.log,Group 22,Group 22,262.log,CC(C1=CC2=C(OCCOCCOC3=C(SC4=CC(C(C)(C)C)=CC(S2)=C4OCCCSC(C)=O)C=C(C(C)(C)C)C=C3S5)C(SC6=CC(C(C)(C)C)=CC5=C6OCCCSC(C)=O)=C1)(C)C
outer_cv,valid,2,4,9,,,58,Group 5/55.log,Group 5,Group 5,55.log,CC(C1=CC2=C(OCCC#C)C(SC3=CC(C(C)(C)C)=CC(SC4=CC(C(C)(C)C)=CC5=C4OCCC#CC(C(C=C6S5)=CC(S2)=C6OCCCCCCCCCCCC)(C)C)=C3OCCCCCCCCCCCC)=C1)(C)C
outer_cv,valid,2,4,9,,,59,Group 5/56.log,Group 5,Group 5,56.log,CC(C1=CC2=C(OCCCC#C)C(SC3=CC(C(C)(C)C)=CC(SC4=CC(C(C)(C)C)=CC(SC5=CC(C(C)(C)C)=CC(S2)=C5OCCCCCCCCCCCC)=C4OCCCC#C)=C3OCCCCCCCCCCCC)=C1)(C)C
outer_cv,valid,2,4,9,,,60,Group 5/57.log,Group 5,Group 5,57.log,CC(C1=CC2=C(OCCCCC#C)C(SC3=CC(C(C)(C)C)=CC(SC4=CC(C(C)(C)C)=CC(SC5=CC(C(C)(C)C)=CC(S2)=C5OCCCCCCCCCCCC)=C4OCCCCC#C)=C3OCCCCCCCCCCCC)=C1)(C)C
outer_cv,valid,2,4,9,,,94,Group 9/91.log,Group 9,Group 9,91.log,CC(C)(C1=CC(CC2=C(C(CC(C=C(C=C3C4)C(C)(C)C)=C3OCC5=CC(C6=CC=CC=C6)=NN5)=CC(C(C)(C)C)=C2)OCC7=CC(C8=CC=CC=C8)=NN7)=C(OCC9=CC(C%10=CC=CC=C%10)=NN9)C(CC%11=CC(C(C)(C)C)=CC4=C%11OCC%12=CC(C%13=CC=CC=C%13)=NN%12)=C1)C
outer_cv,valid,2,4,9,,,95,Group 9/92.log,Group 9,Group 9,92.log,CC(C)(C1=CC(CC2=C(C(CC(C=C(C=C3C4)C(C)(C)C)=C3OCC5=CC(C6=CC=C(C)C=C6)=NN5)=CC(C(C)(C)C)=C2)OCC7=CC(C8=CC=C(C)C=C8)=NN7)=C(OCC9=CC(C%10=CC=C(C)C=C%10)=NN9)C(CC%11=CC(C(C)(C)C)=CC4=C%11OCC%12=CC(C%13=CC=C(C)C=C%13)=NN%12)=C1)C
outer_cv,valid,2,4,9,,,96,Group 9/93.log,Group 9,Group 9,93.log,CC(C)(C1=CC(CC2=C(C(CC(C=C(C=C3C4)C(C)(C)C)=C3OCC5=CC(C6=CC=C(Cl)C=C6)=NN5)=CC(C(C)(C)C)=C2)OCC7=CC(C8=CC=C(Cl)C=C8)=NN7)=C(OCC9=CC(C%10=CC=C(Cl)C=C%10)=NN9)C(CC%11=CC(C(C)(C)C)=CC4=C%11OCC%12=CC(C%13=CC=C(Cl)C=C%13)=NN%12)=C1)C
outer_cv,valid,2,4,9,,,97,Group 9/94.log,Group 9,Group 9,94.log,CC(C)(C1=CC(CC2=C(C(CC(C=C(C=C3C4)C(C)(C)C)=C3OCC5=CC(C6=CC=C(OC)C=C6)=NN5)=CC(C(C)(C)C)=C2)OCC7=CC(C8=CC=C(OC)C=C8)=NN7)=C(OCC9=CC(C%10=CC=C(OC)C=C%10)=NN9)C(CC%11=CC(C(C)(C)C)=CC4=C%11OCC%12=CC(C%13=CC=C(OC)C=C%13)=NN%12)=C1)C
outer_cv,valid,2,4,9,,,98,Group 9/95.log,Group 9,Group 9,95.log,CC(C)(C)C1=CC(CC2=C3)=C(OCC4=CC(C5=CC=C(C)C=C5)=NN4)C(CC6=CC(C(C)(C)C)=CC(CC7=CC(C(C)(C)C)=CC(CC(C=C3C(C)(C)C)=C2OCC8=CC(C9=CC=C(C)C=C9)=NN8)=C7OCC%10=CC(C%11=CC=C(C)C=C%11)=N[N]%10)=C6OCC%12=CC(C%13=CC=C(C)C=C%13)=NN%12)=C1
outer_cv,valid,2,4,9,,,99,Group 9/96.log,Group 9,Group 9,96.log,CC(C)(C)C1=CC(CC2=C3)=C(OCC4=CC(C5=CC=C(Cl)C=C5)=NN4)C(CC6=CC(C(C)(C)C)=CC(CC7=CC(C(C)(C)C)=CC(CC(C=C3C(C)(C)C)=C2OCC8=CC(C9=CC=C(Cl)C=C9)=NN8)=C7OCC%10=CC(C%11=CC=C(Cl)C=C%11)=N[N]%10)=C6OCC%12=CC(C%13=CC=C(Cl)C=C%13)=NN%12)=C1
outer_cv,valid,2,4,9,,,100,Group 9/97.log,Group 9,Group 9,97.log,CC(C)(C)C1=CC(CC2=C3)=C(OCC4=CC(C5=CC=C(OC)C=C5)=NN4)C(CC6=CC(C(C)(C)C)=CC(CC7=CC(C(C)(C)C)=CC(CC(C=C3C(C)(C)C)=C2OCC8=CC(C9=CC=C(OC)C=C9)=NN8)=C7OCC%10=CC(C%11=CC=C(OC)C=C%11)=NN%10)=C6OCC%12=CC(C%13=CC=C(OC)C=C%13)=NN%12)=C1
outer_cv,valid,2,4,9,,,101,Group 9/98.log,Group 9,Group 9,98.log,CC(C)(C)C1=CC(CC2=C3)=C(OCC4=CC(C5=CC=CC=C5)=NN4)C(CC6=CC(C(C)(C)C)=CC(CC7=CC(C(C)(C)C)=CC(CC(C=C3C(C)(C)C)=C2OCC8=CC(C9=CC=CC=C9)=NN8)=C7OCC%10=CC(C%11=CC=CC=C%11)=NN%10)=C6OCC%12=CC(C%13=CC=CC=C%13)=NN%12)=C1
outer_cv,valid,2,4,9,,,102,Group 9/99.log,Group 9,Group 9,99.log,CC(C1=CC2=C(OCC3=CC(C4=CC=CC=C4)=NN3)C(CC5=CC(C(C)(C)C)=CC(CC6=CC(C(C)(C)C)=CC(CC7=CC(C(C)(C)C)=CC(C2)=C7OCC8=CC(C9=CC=CC=C9)=NN8)=C6OCC%10=CC(C%11=CC=CC=C%11)=NN%10)=C5OCC%12=CC(C%13=CC=CC=C%13)=NN%12)=C1)(C)C
outer_cv,valid,2,4,9,,,103,Group 9/100.log,Group 9,Group 9,100.log,CC(C1=CC2=C(OCC3=CC(C4=CC=C(C)C=C4)=NN3)C(CC5=CC(C(C)(C)C)=CC(CC6=CC(C(C)(C)C)=CC(CC7=CC(C(C)(C)C)=CC(C2)=C7OCC8=CC(C9=CC=C(C)C=C9)=NN8)=C6OCC%10=CC(C%11=CC=C(C)C=C%11)=NN%10)=C5OCC%12=CC(C%13=CC=C(C)C=C%13)=NN%12)=C1)(C)C
outer_cv,valid,2,4,9,,,104,Group 9/101.log,Group 9,Group 9,101.log,CC(C1=CC2=C(OCC3=CC(C4=CC=C(Cl)C=C4)=NN3)C(CC5=CC(C(C)(C)C)=CC(CC6=CC(C(C)(C)C)=CC(CC7=CC(C(C)(C)C)=CC(C2)=C7OCC8=CC(C9=CC=C(Cl)C=C9)=NN8)=C6OCC%10=CC(C%11=CC=C(Cl)C=C%11)=NN%10)=C5OCC%12=CC(C%13=CC=C(Cl)C=C%13)=NN%12)=C1)(C)C
outer_cv,valid,2,4,9,,,105,Group 9/102.log,Group 9,Group 9,102.log,CC(C1=CC2=C(OCC3=CC(C4=CC=C(OC)C=C4)=NN3)C(CC5=CC(C(C)(C)C)=CC(CC6=CC(C(C)(C)C)=CC(CC7=CC(C(C)(C)C)=CC(C2)=C7OCC8=CC(C9=CC=C(OC)C=C9)=NN8)=C6OCC%10=CC(C%11=CC=C(OC)C=C%11)=NN%10)=C5OCC%12=CC(C%13=CC=C(OC)C=C%13)=NN%12)=C1)(C)C
outer_cv,valid,2,4,9,,,106,Group 9/103.log,Group 9,Group 9,103.log,C1(C2)=C(C(CC(C=CC=C3CC4=C(OCC5=CC(C6=CC=CC=C6)=NN5)C(CC7=CC=CC2=C7OCC8=CC(C9=CC=CC=C9)=NN8)=CC=C4)=C3OCC%10=CC(C%11=CC=CC=C%11)=NN%10)=CC=C1)OCC%12=CC(C%13=CC=CC=C%13)=NN%12
outer_cv,valid,2,4,9,,,107,Group 9/104.log,Group 9,Group 9,104.log,CC(C1=CC2=C(OCCCC3=CC(C4=CC=CC=C4)=NN3)C(CC5=CC(C(C)(C)C)=CC(CC6=CC(C(C)(C)C)=CC(CC7=CC(C(C)(C)C)=CC(C2)=C7OCCCC8=CC(C9=CC=CC=C9)=NN8)=C6OCCCC%10=CC(C%11=CC=CC=C%11)=NN%10)=C5OCCCC%12=CC(C%13=CC=CC=C%13)=NN%12)=C1)(C)C
outer_cv,valid,2,4,9,,,108,Group 9/105.log,Group 9,Group 9,105.log,CC(C1=CC2=C(OCC3=CC(C4=CC=CC=C4)=NN3)C(SC5=CC(C(C)(C)C)=CC(SC6=CC(C(C)(C)C)=CC(SC7=CC(C(C)(C)C)=CC(S2)=C7OCC8=CC(C9=CC=CC=C9)=NN8)=C6OCC%10=CC(C%11=CC=CC=C%11)=NN%10)=C5OCC%12=CC(C%13=CC=CC=C%13)=NN%12)=C1)(C)C
outer_cv,valid,2,4,9,,,109,Group 9/106.log,Group 9,Group 9,106.log,CC(C1=CC2=C(OCCCC3=CC(C4=CC=CC=C4)=NN3)C(SC5=CC(C(C)(C)C)=CC(SC6=CC(C(C)(C)C)=CC(SC7=CC(C(C)(C)C)=CC(S2)=C7OCCCC8=CC(C9=CC=CC=C9)=NN8)=C6OCCCC%10=CC(C%11=CC=CC=C%11)=NN%10)=C5OCCCC%12=CC(C%13=CC=CC=C%13)=NN%12)=C1)(C)C
outer_cv,valid,2,4,9,,,110,Group 9/107.log,Group 9,Group 9,107.log,CC(C1=CC2=C(OCCCCC3=CC(C4=CC=CC=C4)=NN3)C(SC5=CC(C(C)(C)C)=CC(SC6=CC(C(C)(C)C)=CC(SC7=CC(C(C)(C)C)=CC(S2)=C7OCCCCC8=CC(C9=CC=CC=C9)=NN8)=C6OCCCCC%10=CC(C%11=CC=CC=C%11)=NN%10)=C5OCCCCC%12=CC(C%13=CC=CC=C%13)=NN%12)=C1)(C)C
outer_cv,valid,2,4,9,,,111,Group 9/108.log,Group 9,Group 9,108.log,CC(C1=CC2=C(OCCCCCN3C=CC=N3)C(SC4=CC(C(C)(C)C)=CC(SC5=CC(C(C)(C)C)=CC(SC6=CC(C(C)(C)C)=CC(S2)=C6OCCCCCN7C=CC=N7)=C5OCCCCCN8N=CC=C8)=C4OCCCCCN9N=CC=C9)=C1)(C)C
outer_cv,valid,2,4,9,,,112,Group 9/109.log,Group 9,Group 9,109.log,CC(C)(C)C(C=C1)=CC=C1OCC2=N3N([H][N]4C(COC5=CC=C(C(C)(C)C)C=C5)=CC(C6=CC=CC=C6)=[N]4[H]N(N([H][N]7[N]([H]3)=C(C8=CC=CC=C8)C=C7COC9=CC=C(C(C)(C)C)C=C9)C(C%10=CC=CC=C%10)=C%11)=C%11COC%12=CC=C(C(C)(C)C)C=C%12)C(C%13=CC=CC=C%13)=C2
outer_cv,valid,2,4,9,,,113,Group 9/110.log,Group 9,Group 9,110.log,CC(C)(C)C(C=C1)=CC=C1OCC2=CC(C3=CC=CC=C3)=N([H]N([N]([H][N]4N5=C(C6=CC=CC=C6)C=C4COC7=CC=C(C(C)(C)C)C=C7)C(COC8=CC=C(C(C)(C)C)C=C8)=C9)=C9C%10=CC=CC=C%10)[N]2[H][N]%11N([H]5)=C(C%12=CC=CC=C%12)C=C%11COC%13=CC=C(C(C)(C)C)C=C%13
outer_cv,valid,2,4,9,,,184,Group 14/181.log,Group 14,Group 14,181.log,CC(C)(C1=CC(CC2=C(C(CC(C=C(C=C3C4)C(C)(C)C)=C3OCC#CC(C5=CC=CC=C5)=O)=CC(C(C)(C)C)=C2)OCC#CC(C6=CC=CC=C6)=O)=C(OCC#CC(C7=CC=CC=C7)=O)C(CC8=CC(C(C)(C)C)=CC4=C8OCC#CC(C9=CC=CC=C9)=O)=C1)C
outer_cv,valid,2,4,9,,,185,Group 14/182.log,Group 14,Group 14,182.log,CC(C)(C1=CC(CC2=C(C(CC(C=C(C=C3C4)C(C)(C)C)=C3OCC#CC(C5=CC=C(C)C=C5)=O)=CC(C(C)(C)C)=C2)OCC#CC(C6=CC=C(C)C=C6)=O)=C(OCC#CC(C7=CC=C(C)C=C7)=O)C(CC8=CC(C(C)(C)C)=CC4=C8OCC#CC(C9=CC=C(C)C=C9)=O)=C1)C
outer_cv,valid,2,4,9,,,186,Group 14/183.log,Group 14,Group 14,183.log,CC(C)(C1=CC(CC2=C(C(CC(C=C(C=C3C4)C(C)(C)C)=C3OCC#CC(C5=CC=C(Cl)C=C5)=O)=CC(C(C)(C)C)=C2)OCC#CC(C6=CC=C(Cl)C=C6)=O)=C(OCC#CC(C7=CC=C(Cl)C=C7)=O)C(CC8=CC(C(C)(C)C)=CC4=C8OCC#CC(C9=CC=C(Cl)C=C9)=O)=C1)C
outer_cv,valid,2,4,9,,,187,Group 14/184.log,Group 14,Group 14,184.log,CC(C)(C1=CC(CC2=C(C(CC(C=C(C=C3C4)C(C)(C)C)=C3OCC#CC(C5=CC=C(OC)C=C5)=O)=CC(C(C)(C)C)=C2)OCC#CC(C6=CC=C(OC)C=C6)=O)=C(OCC#CC(C7=CC=C(OC)C=C7)=O)C(CC8=CC(C(C)(C)C)=CC4=C8OCC#CC(C9=CC=C(OC)C=C9)=O)=C1)C
outer_cv,valid,2,4,9,,,188,Group 14/185.log,Group 14,Group 14,185.log,CC(C1=CC2=C(OCC#CC(C3=CC=CC=C3)=O)C(CC4=CC(C(C)(C)C)=CC(CC5=CC(C(C)(C)C)=CC(CC6=CC(C(C)(C)C)=CC(C2)=C6OCC#CC(C7=CC=CC=C7)=O)=C5OCC#CC(C8=CC=CC=C8)=O)=C4OCC#CC(C9=CC=CC=C9)=O)=C1)(C)C
outer_cv,valid,2,4,9,,,189,Group 14/186.log,Group 14,Group 14,186.log,CC(C1=CC2=C(OCC#CC(C3=CC=C(C)C=C3)=O)C(CC4=CC(C(C)(C)C)=CC(CC5=CC(C(C)(C)C)=CC(CC6=CC(C(C)(C)C)=CC(C2)=C6OCC#CC(C7=CC=C(C)C=C7)=O)=C5OCC#CC(C8=CC=C(C)C=C8)=O)=C4OCC#CC(C9=CC=C(C)C=C9)=O)=C1)(C)C
outer_cv,valid,2,4,9,,,190,Group 14/187.log,Group 14,Group 14,187.log,CC(C)(C)C1=CC(CC2=C3)=C(OCC#CC(C4=CC=CC=C4)=O)C(CC5=CC(C(C)(C)C)=CC(CC6=CC(C(C)(C)C)=CC(CC(C=C3C(C)(C)C)=C2OCC#CC(C7=CC=CC=C7)=O)=C6OCC#CC(C8=CC=CC=C8)=O)=C5OCC#CC(C9=CC=CC=C9)=O)=C1
outer_cv,valid,2,4,9,,,191,Group 14/188.log,Group 14,Group 14,188.log,CC(C)(C)C1=CC(CC2=C3)=C(OCC#CC(C4=CC=C(C)C=C4)=O)C(CC5=CC(C(C)(C)C)=CC(CC6=CC(C(C)(C)C)=CC(CC(C=C3C(C)(C)C)=C2OCC#CC(C7=CC=C(C)C=C7)=O)=C6OCC#CC(C8=CC=C(C)C=C8)=O)=C5OCC#CC(C9=CC=C(C)C=C9)=O)=C1
outer_cv,valid,2,4,9,,,192,Group 14/189.log,Group 14,Group 14,189.log,CC(C)(C)C1=CC(CC2=C3)=C(OCC#CC(C4=CC=C(Cl)C=C4)=O)C(CC5=CC(C(C)(C)C)=CC(CC6=CC(C(C)(C)C)=CC(CC(C=C3C(C)(C)C)=C2OCC#CC(C7=CC=C(Cl)C=C7)=O)=C6OCC#CC(C8=CC=C(Cl)C=C8)=O)=C5OCC#CC(C9=CC=C(Cl)C=C9)=O)=C1
outer_cv,valid,2,4,9,,,193,Group 14/190.log,Group 14,Group 14,190.log,CC(C)(C)C1=CC(CC2=C3)=C(OCC#CC(C4=CC=C(OC)C=C4)=O)C(CC5=CC(C(C)(C)C)=CC(CC6=CC(C(C)(C)C)=CC(CC(C=C3C(C)(C)C)=C2OCC#CC(C7=CC=C(OC)C=C7)=O)=C6OCC#CC(C8=CC=C(OC)C=C8)=O)=C5OCC#CC(C9=CC=C(OC)C=C9)=O)=C1
outer_cv,valid,2,4,9,,,194,Group 14/191.log,Group 14,Group 14,191.log,CC(C1=CC2=C(OCC#CC(C3=CC=C(Cl)C=C3)=O)C(CC4=CC(C(C)(C)C)=CC(CC5=CC(C(C)(C)C)=CC(CC6=CC(C(C)(C)C)=CC(C2)=C6OCC#CC(C7=CC=C(Cl)C=C7)=O)=C5OCC#CC(C8=CC=C(Cl)C=C8)=O)=C4OCC#CC(C9=CC=C(Cl)C=C9)=O)=C1)(C)C
outer_cv,valid,2,4,9,,,195,Group 14/192.log,Group 14,Group 14,192.log,CC(C1=CC2=C(OCC#CC(C3=CC=C(OC)C=C3)=O)C(CC4=CC(C(C)(C)C)=CC(CC5=CC(C(C)(C)C)=CC(CC6=CC(C(C)(C)C)=CC(C2)=C6OCC#CC(C7=CC=C(OC)C=C7)=O)=C5OCC#CC(C8=CC=C(OC)C=C8)=O)=C4OCC#CC(C9=CC=C(OC)C=C9)=O)=C1)(C)C
outer_cv,valid,2,4,9,,,196,Group 14/193.log,Group 14,Group 14,193.log,CC(C1=CC2=C(OCC#CC(C3=CC=CC=C3)=O)C(SC4=CC(C(C)(C)C)=CC(SC5=CC(C(C)(C)C)=CC(SC6=CC(C(C)(C)C)=CC(S2)=C6OCC#CC(C7=CC=CC=C7)=O)=C5OCC#CC(C8=CC=CC=C8)=O)=C4OCC#CC(C9=CC=CC=C9)=O)=C1)(C)C
outer_cv,valid,2,4,9,,,197,Group 14/194.log,Group 14,Group 14,194.log,CC(C1=CC2=C(OCCC#CC(C3=CC=CC=C3)=O)C(SC4=CC(C(C)(C)C)=CC(SC5=CC(C(C)(C)C)=CC6=C5OCCC#C(C(C7=CC=CC=C7)=O)C(C(C=C8S6)=CC(S2)=C8OCCC#CC(C9=CC=CC=C9)=O)(C)C)=C4OCCC#CC(C%10=CC=CC=C%10)=O)=C1)(C)C
outer_cv,valid,2,4,9,,,198,Group 14/195.log,Group 14,Group 14,195.log,CC(C1=CC2=C(OCCCC#CC(C3=CC=CC=C3)=O)C(CC4=CC(C(C)(C)C)=CC(CC5=CC(C(C)(C)C)=CC(CC6=CC(C(C)(C)C)=CC(C2)=C6OCCCC#CC(C7=CC=CC=C7)=O)=C5OCCCC#CC(C8=CC=CC=C8)=O)=C4OCCCC#CC(C9=CC=CC=C9)=O)=C1)(C)C
outer_cv,valid,2,4,9,,,199,Group 14/196.log,Group 14,Group 14,196.log,CC(C1=CC2=C(OCCCC#CC(C3=CC=CC=C3)=O)C(SC4=CC(C(C)(C)C)=CC(SC5=CC(C(C)(C)C)=CC(SC6=CC(C(C)(C)C)=CC(S2)=C6OCCCC#CC(C7=CC=CC=C7)=O)=C5OCCCC#CC(C8=CC=CC=C8)=O)=C4OCCCC#CC(C9=CC=CC=C9)=O)=C1)(C)C
outer_cv,valid,2,4,9,,,200,Group 14/197.log,Group 14,Group 14,197.log,CC(C1=CC2=C(OCCCCC#CC(C3=CC=CC=C3)=O)C(SC4=CC(C(C)(C)C)=CC(SC5=CC(C(C)(C)C)=CC(SC6=CC(C(C)(C)C)=CC(S2)=C6OCCCCC#CC(C7=CC=CC=C7)=O)=C5OCCCCC#CC(C8=CC=CC=C8)=O)=C4OCCCCC#CC(C9=CC=CC=C9)=O)=C1)(C)C
outer_cv,valid,2,4,9,,,247,Group 20/244.log,Group 20,Group 20,244.log,BrCCCOC1=C2C=CC=C1SC3=CC=CC4=C3OCCSCCSCCOC5=C(SC6=CC=CC(S4)=C6OCCCBr)C=CC=C5S2
outer_cv,valid,2,4,9,,,248,Group 20/245.log,Group 20,Group 20,245.log,CC(C1=CC2=C(OCCSCCSCCOC3=C(SC4=CC(C(C)(C)C)=CC(S2)=C4OCCCBr)C=C(C(C)(C)C)C=C3S5)C(SC6=CC(C(C)(C)C)=CC5=C6OCCCBr)=C1)(C)C
outer_cv,valid,2,4,9,,,249,Group 20/246.log,Group 20,Group 20,246.log,CC(C1=CC2=C(OCCSCCSCCOC3=C(SC4=CC(C(C)(C)C)=CC(S2)=C4OCCCCCCCCCCCC)C=C(C(C)(C)C)C=C3S5)C(SC6=CC(C(C)(C)C)=CC5=C6OCCCCCCCCCCCC)=C1)(C)C
outer_cv,valid,2,4,9,,,250,Group 20/247.log,Group 20,Group 20,247.log,CC(C1=CC2=C(OCCCSCCOCCSCCCOC3=C(SC4=CC(C(C)(C)C)=CC(S2)=C4OCCCCCCCCCCCC)C=C(C(C)(C)C)C=C3S5)C(SC6=CC(C(C)(C)C)=CC5=C6OCCCCCCCCCCCC)=C1)(C)C
outer_cv,valid,2,4,9,,,251,Group 20/248.log,Group 20,Group 20,248.log,CC(C1=CC2=C(OCCCSCCSCCSCCCOC3=C(SC4=CC(C(C)(C)C)=CC(S2)=C4OCCCCCCCCCCCC)C=C(C(C)(C)C)C=C3S5)C(SC6=CC(C(C)(C)C)=CC5=C6OCCCCCCCCCCCC)=C1)(C)C
outer_cv,train,2,5,10,,,11,Group 2/12.log,Group 2,Group 2,12.log,OC1=C(SC2=C(C(SC3=C(O)C(SC4=CC(C(C)(C)C)=CC(SC1=C5)=C4O[Si](C)(C(C)(C)C)C)=CC(C(C)(C)C)=C3)=CC(C(C)(C)C)=C2)O[Si](C)(C)C(C)(C)C)C=C5C(C)(C)C
outer_cv,train,2,5,10,,,12,Group 2/13.log,Group 2,Group 2,13.log,OC1=C(SC2=C(C(SC3=C(O)C(S4)=CC=C3)=CC=C2)O[Si](C)(C)C(C)(C)C)C=CC=C1SC5=C(O[Si](C)(C(C)(C)C)C)C4=CC=C5
outer_cv,train,2,5,10,,,13,Group 2/14.log,Group 2,Group 2,14.log,OC1=C(SC2=C(C(SC3=C(O)C(SC4=CC(Br)=CC(SC1=C5)=C4O[Si](C)(C(C)(C)C)C)=CC(Br)=C3)=CC(Br)=C2)O[Si](C)(C)C(C)(C)C)C=C5Br
outer_cv,train,2,5,10,,,14,Group 2/15.log,Group 2,Group 2,15.log,OC1=C(SC2=C(C(SC3=C(O)C(S4)=CC=C3)=CC=C2)OS(C(F)(F)F)(=O)=O)C=CC=C1SC5=C(OS(=O)(C(F)(F)F)=O)C4=CC=C5
outer_cv,train,2,5,10,,,26,Group 4/27.log,Group 4,Group 4,27.log,CC(C)(C)C1=CC(CC2=C3)=C(OCC#C)C(CC4=CC(C(C)(C)C)=CC(CC5=CC(C(C)(C)C)=CC(CC(C=C3C(C)(C)C)=C2OCC#C)=C5OCC#C)=C4OCC#C)=C1
outer_cv,train,2,5,10,,,27,Group 4/28.log,Group 4,Group 4,28.log,CC(C)(C1=CC(CC2=C(C(CC(C=C(C=C3C4)C(C)(C)C)=C3OCC#C)=CC(C(C)(C)C)=C2)OCC#C)=C(OCC#C)C(CC5=CC(C(C)(C)C)=CC4=C5OCC#C)=C1)C
outer_cv,train,2,5,10,,,28,Group 4/29.log,Group 4,Group 4,29.log,CC(C1=CC2=C(OCC#C)C(CC3=CC(C(C)(C)C)=CC(CC4=CC(C(C)(C)C)=CC(CC5=CC(C(C)(C)C)=CC(C2)=C5OCC#C)=C4OCC#C)=C3OCC#C)=C1)(C)C
outer_cv,train,2,5,10,,,29,Group 4/30.log,Group 4,Group 4,30.log,C#CCOC1=C2C=CC=C1CC3=CC=CC(CC4=CC=CC(CC(C=CC=C5C2)=C5OCC#C)=C4OCC#C)=C3OCC#C
outer_cv,train,2,5,10,,,30,Group 4/31.log,Group 4,Group 4,31.log,OC1=C(SC2=C(C(S3)=CC(C(C)(C)C)=C2)OCCC#CC#CCCOC4=C(SC1=C5)C=C(C(C)(C)C)C=C4SC6=CC(C(C)(C)C)=CC3=C6O)C=C5C(C)(C)C
outer_cv,train,2,5,10,,,31,Group 4/32.log,Group 4,Group 4,32.log,OC1=C(CC2=C(C(CC3=C(O)C(CC4=CC(C(C)(C)C)=CC(CC1=C5)=C4OCC=C)=CC(C(C)(C)C)=C3)=CC(C(C)(C)C)=C2)OCC=C)C=C5C(C)(C)C
outer_cv,train,2,5,10,,,32,Group 4/33.log,Group 4,Group 4,33.log,OC1=C(CC2=C(C(CC3=C(O)C(C4)=CC=C3)=CC=C2)OCC=C)C=CC=C1CC5=C(OCC=C)C4=CC=C5
outer_cv,train,2,5,10,,,33,Group 4/34.log,Group 4,Group 4,34.log,OC1=C(SC2=C(C(SC3=C(O)C(SC4=CC(C(C)(C)C)=CC(SC1=C5)=C4OCC=C)=CC(C(C)(C)C)=C3)=CC(C(C)(C)C)=C2)OCC=C)C=C5C(C)(C)C
outer_cv,train,2,5,10,,,34,Group 4/35.log,Group 4,Group 4,35.log,CC(C1=CC2=C(OCC=C)C(SC3=CC(C(C)(C)C)=CC(SC4=CC(C(C)(C)C)=CC(SC5=CC(C(C)(C)C)=CC(S2)=C5OCC=C)=C4OCC=C)=C3OCC=C)=C1)(C)C
outer_cv,train,2,5,10,,,35,Group 4/36.log,Group 4,Group 4,36.log,CC(C1=CC2=C(OCC#C)C(SC3=CC(C(C)(C)C)=CC(SC4=CC(C(C)(C)C)=CC(SC5=CC(C(C)(C)C)=CC(S2)=C5OCC#C)=C4OCC#C)=C3OCC#C)=C1)(C)C
outer_cv,train,2,5,10,,,36,Group 4/36_iso.log,Group 4,Group 4,36_iso.log,CC(C)(C1=CC(SC2=C(C(SC(C=C(C=C3S4)C(C)(C)C)=C3OCC#C)=CC(C(C)(C)C)=C2)OCC#C)=C(OCC#C)C(SC5=CC(C(C)(C)C)=CC4=C5OCC#C)=C1)C
outer_cv,train,2,5,10,,,37,Group 4/37_iso.log,Group 4,Group 4,37_iso.log,C#CCOC1=C(SC2=CC=CC(S3)=C2OCC#C)C=CC=C1SC4=C(OCC#C)C(SC5=CC=CC3=C5OCC#C)=CC=C4
outer_cv,train,2,5,10,,,38,Group 4/37.log,Group 4,Group 4,37.log,C#CCOC1=C(S2)C=CC=C1SC(C=CC=C3SC4=C(OCC#C)C(SC5=CC=CC2=C5OCC#C)=CC=C4)=C3OCC#C
outer_cv,train,2,5,10,,,39,Group 4/38.log,Group 4,Group 4,38.log,BrC1=CC(SC2=CC(Br)=CC(SC3=C(OCC#C)C(SC4=CC(Br)=CC(SC5=C1)=C4OCC#C)=CC(Br)=C3)=C2OCC#C)=C5OCC#C
outer_cv,train,2,5,10,,,40,Group 4/38_iso.log,Group 4,Group 4,38_iso.log,BrC(C=C1S2)=CC(SC3=CC(Br)=CC(SC4=C(OCC#C)C(SC5=CC(Br)=CC2=C5OCC#C)=CC(Br)=C4)=C3OCC#C)=C1OCC#C
outer_cv,train,2,5,10,,,41,Group 4/39.log,Group 4,Group 4,39.log,OC1=C(SC2=C(C(SC3=C(O)C(SC4=CC(C(C)(C)C)=CC(SC1=C5)=C4OCC#C)=CC(C(C)(C)C)=C3)=CC(C(C)(C)C)=C2)OCC#C)C=C5C(C)(C)C
outer_cv,train,2,5,10,,,42,Group 4/39_iso.log,Group 4,Group 4,39_iso.log,OC(C(SC1=CC(C(C)(C)C)=CC(SC2=CC(C(C)(C)C)=CC(S3)=C2O)=C1OCC#C)=CC(C(C)(C)C)=C4)=C4SC5=C(C3=CC(C(C)(C)C)=C5)OCC#C
outer_cv,train,2,5,10,,,43,Group 4/40.log,Group 4,Group 4,40.log,CC(C)(C)C1=CC(CC2=C3)=C(OCCC#C)C(CC4=CC(C(C)(C)C)=CC(CC5=CC(C(C)(C)C)=CC(CC(C=C3C(C)(C)C)=C2OCCC#C)=C5OCCC#C)=C4OCCC#C)=C1
outer_cv,train,2,5,10,,,44,Group 4/41.log,Group 4,Group 4,41.log,CC(C)(C1=CC(CC2=C(C(CC(C=C(C=C3C4)C(C)(C)C)=C3OCCCC#C)=CC(C(C)(C)C)=C2)OCCCC#C)=C(OCCCC#C)C(CC5=CC(C(C)(C)C)=CC4=C5OCCCC#C)=C1)C
outer_cv,train,2,5,10,,,45,Group 4/42.log,Group 4,Group 4,42.log,CC(C1=CC2=C(OCCCC#C)C(CC3=CC(C(C)(C)C)=CC(CC4=CC(C(C)(C)C)=CC(CC5=CC(C(C)(C)C)=CC(C2)=C5OCCCC#C)=C4OCCCC#C)=C3OCCCC#C)=C1)(C)C
outer_cv,train,2,5,10,,,46,Group 4/43.log,Group 4,Group 4,43.log,CC(C)(C)C1=CC(CC2=C3)=C(OCCCCC#C)C(CC4=CC(C(C)(C)C)=CC(CC5=CC(C(C)(C)C)=CC(CC(C=C3C(C)(C)C)=C2OCCCCC#C)=C5OCCCCC#C)=C4OCCCCC#C)=C1
outer_cv,train,2,5,10,,,47,Group 4/44.log,Group 4,Group 4,44.log,CC(C1=CC2=C(OCCC#C)C(SC3=CC(C(C)(C)C)=CC(SC4=CC(C(C)(C)C)=CC5=C4OCCC#CC(C(C=C6S5)=CC(S2)=C6OCCC#C)(C)C)=C3OCCC#C)=C1)(C)C
outer_cv,train,2,5,10,,,48,Group 4/45.log,Group 4,Group 4,45.log,CC(C1=CC2=C(OCCCC#C)C(SC3=CC(C(C)(C)C)=CC(SC4=CC(C(C)(C)C)=CC(SC5=CC(C(C)(C)C)=CC(S2)=C5OCCCC#C)=C4OCCCC#C)=C3OCCCC#C)=C1)(C)C
outer_cv,train,2,5,10,,,49,Group 4/46.log,Group 4,Group 4,46.log,CC(C1=CC2=C(OCCCCC#C)C(SC3=CC(C(C)(C)C)=CC(SC4=CC(C(C)(C)C)=CC(SC5=CC(C(C)(C)C)=CC(S2)=C5OCCCCC#C)=C4OCCCCC#C)=C3OCCCCC#C)=C1)(C)C
outer_cv,train,2,5,10,,,50,Group 4/47.log,Group 4,Group 4,47.log,OC1=C(SC2=C(C(SC3=C(O)C(SC4=CC(C(C)(C)C)=CC(SC1=C5)=C4OCCC#C)=CC(C(C)(C)C)=C3)=CC(C(C)(C)C)=C2)OCCC#C)C=C5C(C)(C)C
outer_cv,train,2,5,10,,,51,Group 4/48.log,Group 4,Group 4,48.log,OC1=C(SC2=C(C(SC3=C(O)C(SC4=CC(C(C)(C)C)=CC(SC1=C5)=C4OCCCC#C)=CC(C(C)(C)C)=C3)=CC(C(C)(C)C)=C2)OCCCC#C)C=C5C(C)(C)C
outer_cv,train,2,5,10,,,52,Group 4/49.log,Group 4,Group 4,49.log,OC1=C(SC2=C(C(SC3=C(O)C(SC4=CC(C(C)(C)C)=CC(SC1=C5)=C4OCCCCC#C)=CC(C(C)(C)C)=C3)=CC(C(C)(C)C)=C2)OCCCCC#C)C=C5C(C)(C)C
outer_cv,train,2,5,10,,,53,Group 4/50.log,Group 4,Group 4,50.log,OC1=C(SC2=C(C(SC3=C(O)C(SC4=CC(C(C)(C)C)=CC(SC1=C5)=C4OCC#C)=CC(C(C)(C)C)=C3)=CC(C(C)(C)C)=C2)O)C=C5C(C)(C)C
outer_cv,train,2,5,10,,,54,Group 4/51.log,Group 4,Group 4,51.log,OC1=C(SC2=C(C(SC3=C(O)C(SC4=CC(C(C)(C)C)=CC(SC1=C5)=C4OCCC#C)=CC(C(C)(C)C)=C3)=CC(C(C)(C)C)=C2)O)C=C5C(C)(C)C
outer_cv,train,2,5,10,,,55,Group 4/52.log,Group 4,Group 4,52.log,OC1=C(SC2=C(C(SC3=C(O)C(SC4=CC(C(C)(C)C)=CC(SC1=C5)=C4OCCCC#C)=CC(C(C)(C)C)=C3)=CC(C(C)(C)C)=C2)O)C=C5C(C)(C)C
outer_cv,train,2,5,10,,,56,Group 4/53.log,Group 4,Group 4,53.log,OC1=C(SC2=C(C(SC3=C(O)C(SC4=CC(C(C)(C)C)=CC(SC1=C5)=C4OCCCCC#C)=CC(C(C)(C)C)=C3)=CC(C(C)(C)C)=C2)O)C=C5C(C)(C)C
outer_cv,train,2,5,10,,,57,Group 4/54.log,Group 4,Group 4,54.log,OC1=C(CC2=C(C(CC3=C(OCC#C)C(CC4=CC(C(C)(C)C)=CC(CC1=C5)=C4OCC#C)=CC(C(C)(C)C)=C3)=CC(C(C)(C)C)=C2)O)C=C5C(C)(C)C
outer_cv,train,2,5,10,,,58,Group 5/55.log,Group 5,Group 5,55.log,CC(C1=CC2=C(OCCC#C)C(SC3=CC(C(C)(C)C)=CC(SC4=CC(C(C)(C)C)=CC5=C4OCCC#CC(C(C=C6S5)=CC(S2)=C6OCCCCCCCCCCCC)(C)C)=C3OCCCCCCCCCCCC)=C1)(C)C
outer_cv,train,2,5,10,,,59,Group 5/56.log,Group 5,Group 5,56.log,CC(C1=CC2=C(OCCCC#C)C(SC3=CC(C(C)(C)C)=CC(SC4=CC(C(C)(C)C)=CC(SC5=CC(C(C)(C)C)=CC(S2)=C5OCCCCCCCCCCCC)=C4OCCCC#C)=C3OCCCCCCCCCCCC)=C1)(C)C
outer_cv,train,2,5,10,,,60,Group 5/57.log,Group 5,Group 5,57.log,CC(C1=CC2=C(OCCCCC#C)C(SC3=CC(C(C)(C)C)=CC(SC4=CC(C(C)(C)C)=CC(SC5=CC(C(C)(C)C)=CC(S2)=C5OCCCCCCCCCCCC)=C4OCCCCC#C)=C3OCCCCCCCCCCCC)=C1)(C)C
outer_cv,train,2,5,10,,,61,Group 6/58.log,Group 6,Group 6,58.log,OC1=C(CC2=C(C(CC3=C(O)C(CC4=CC(C(C)(C)C)=CC(CC1=C5)=C4OCCBr)=CC(C(C)(C)C)=C3)=CC(C(C)(C)C)=C2)OCCBr)C=C5C(C)(C)C
outer_cv,train,2,5,10,,,62,Group 6/59.log,Group 6,Group 6,59.log,OC1=C(CC2=C(C(CC3=C(O)C(CC4=CC(C(C)(C)C)=CC(CC1=C5)=C4OCCCBr)=CC(C(C)(C)C)=C3)=CC(C(C)(C)C)=C2)OCCCBr)C=C5C(C)(C)C
outer_cv,train,2,5,10,,,63,Group 6/60.log,Group 6,Group 6,60.log,OC1=C(CC2=C(C(CC3=C(O)C(CC4=CC(C(C)(C)C)=CC(CC1=C5)=C4OCCCCBr)=CC(C(C)(C)C)=C3)=CC(C(C)(C)C)=C2)OCCCCBr)C=C5C(C)(C)C
outer_cv,train,2,5,10,,,64,Group 6/61.log,Group 6,Group 6,61.log,OC1=C(SC2=C(C(SC3=C(O)C(SC4=CC([N+]([O-])=O)=CC(SC1=C5)=C4OCCCBr)=CC([N+]([O-])=O)=C3)=CC([N+]([O-])=O)=C2)OCCCBr)C=C5[N+]([O-])=O
outer_cv,train,2,5,10,,,65,Group 6/62.log,Group 6,Group 6,62.log,CC(C1=CC2=C(OCCCBr)C(SC3=CC(C(C)(C)C)=CC(SC4=CC(C(C)(C)C)=CC(SC5=CC(C(C)(C)C)=CC(S2)=C5OCCCBr)=C4OCCCBr)=C3OCCCBr)=C1)(C)C
outer_cv,train,2,5,10,,,66,Group 6/63.log,Group 6,Group 6,63.log,CC(C1=CC2=C(OCCCCBr)C(SC3=CC(C(C)(C)C)=CC(SC4=CC(C(C)(C)C)=CC(SC5=CC(C(C)(C)C)=CC(S2)=C5OCCCCBr)=C4OCCCCBr)=C3OCCCCBr)=C1)(C)C
outer_cv,train,2,5,10,,,67,Group 6/64.log,Group 6,Group 6,64.log,CC(C1=CC2=C(OCCCCCBr)C(SC3=CC(C(C)(C)C)=CC(SC4=CC(C(C)(C)C)=CC(SC5=CC(C(C)(C)C)=CC(S2)=C5OCCCCCBr)=C4OCCCCCBr)=C3OCCCCCBr)=C1)(C)C
outer_cv,train,2,5,10,,,68,Group 6/65.log,Group 6,Group 6,65.log,CC(C1=CC2=C(OCCCCCCBr)C(SC3=CC(C(C)(C)C)=CC(SC4=CC(C(C)(C)C)=CC(SC5=CC(C(C)(C)C)=CC(S2)=C5OCCCCCCBr)=C4OCCCCCCBr)=C3OCCCCCCBr)=C1)(C)C
outer_cv,train,2,5,10,,,69,Group 6/66.log,Group 6,Group 6,66.log,CC(C1=CC2=C(OCCCCCCCCCCCC)C(SC3=CC(C(C)(C)C)=CC(SC4=CC(C(C)(C)C)=CC(SC5=CC(C(C)(C)C)=CC(S2)=C5OCCCBr)=C4OCCCCCCCCCCCC)=C3OCCCBr)=C1)(C)C
outer_cv,train,2,5,10,,,70,Group 6/67.log,Group 6,Group 6,67.log,CC(C1=CC2=C(OCCCCCCOC3=C(SC4=CC(C(C)(C)C)=CC(S2)=C4OCCCCCCBr)C=C(C(C)(C)C)C=C3S5)C(SC6=CC(C(C)(C)C)=CC5=C6OCCCCCCBr)=C1)(C)C
outer_cv,train,2,5,10,,,71,Group 7/68.log,Group 7,Group 7,68.log,OC1=C(CC2=C(C(CC3=C(O)C(CC4=CC(/N=N/C5=CC=C([N+]([O-])=O)C=C5)=CC(CC1=C6)=C4O)=CC(/N=N/C7=CC=C([N+]([O-])=O)C=C7)=C3)=CC(/N=N/C8=CC=C([N+]([O-])=O)C=C8)=C2)O)C=C6/N=N/C9=CC=C([N+]([O-])=O)C=C9
outer_cv,train,2,5,10,,,72,Group 7/69.log,Group 7,Group 7,69.log,OC1=C(SC2=C(C(SC3=C(O)C(SC4=CC(/N=N/C5=CC=C([N+]([O-])=O)C=C5)=CC(SC1=C6)=C4O)=CC(/N=N/C7=CC=C([N+]([O-])=O)C=C7)=C3)=CC(/N=N/C8=CC=C([N+]([O-])=O)C=C8)=C2)O)C=C6/N=N/C9=CC=C([N+]([O-])=O)C=C9
outer_cv,train,2,5,10,,,73,Group 7/70.log,Group 7,Group 7,70.log,OC1=C(SC2=C(C(SC3=C(O)C(SC4=CC(/N=N/C5=CC=C([N+]([O-])=O)C=C5)=CC(SC1=C6)=C4OCCCBr)=CC(/N=N/C7=CC=C([N+]([O-])=O)C=C7)=C3)=CC(/N=N/C8=CC=C([N+]([O-])=O)C=C8)=C2)OCCCBr)C=C6/N=N/C9=CC=C([N+]([O-])=O)C=C9
outer_cv,train,2,5,10,,,74,Group 7/71.log,Group 7,Group 7,71.log,OC1=C(SC2=C(C(SC3=C(O)C(SC4=CC(C(C)(C)C)=CC(SC1=C5)=C4OCCCOC6=CC=C(/N=N/C7=CC=C([N+]([O-])=O)C=C7)C=C6)=CC(C(C)(C)C)=C3)=CC(C(C)(C)C)=C2)OCCCOC8=CC=C(/N=N/C9=CC=C([N+]([O-])=O)C=C9)C=C8)C=C5C(C)(C)C
outer_cv,train,2,5,10,,,75,Group 7/72.log,Group 7,Group 7,72.log,OC(C=C1)=CC=C1/N=N/C2=CC=C([N+]([O-])=O)C=C2
outer_cv,train,2,5,10,,,76,Group 7/73.log,Group 7,Group 7,73.log,OCCCOC(C=C1)=CC=C1/N=N/C2=CC=C([N+]([O-])=O)C=C2
outer_cv,train,2,5,10,,,77,Group 7/74.log,Group 7,Group 7,74.log,CCCCCCCCOC(C=C1)=CC=C1/N=N/C2=CC=C([N+]([O-])=O)C=C2
outer_cv,train,2,5,10,,,78,Group 7/75.log,Group 7,Group 7,75.log,OCCN(CC)C(C=C1)=CC=C1/N=N/C2=CC=C([N+]([O-])=O)C=C2
outer_cv,train,2,5,10,,,94,Group 9/91.log,Group 9,Group 9,91.log,CC(C)(C1=CC(CC2=C(C(CC(C=C(C=C3C4)C(C)(C)C)=C3OCC5=CC(C6=CC=CC=C6)=NN5)=CC(C(C)(C)C)=C2)OCC7=CC(C8=CC=CC=C8)=NN7)=C(OCC9=CC(C%10=CC=CC=C%10)=NN9)C(CC%11=CC(C(C)(C)C)=CC4=C%11OCC%12=CC(C%13=CC=CC=C%13)=NN%12)=C1)C
outer_cv,train,2,5,10,,,95,Group 9/92.log,Group 9,Group 9,92.log,CC(C)(C1=CC(CC2=C(C(CC(C=C(C=C3C4)C(C)(C)C)=C3OCC5=CC(C6=CC=C(C)C=C6)=NN5)=CC(C(C)(C)C)=C2)OCC7=CC(C8=CC=C(C)C=C8)=NN7)=C(OCC9=CC(C%10=CC=C(C)C=C%10)=NN9)C(CC%11=CC(C(C)(C)C)=CC4=C%11OCC%12=CC(C%13=CC=C(C)C=C%13)=NN%12)=C1)C
outer_cv,train,2,5,10,,,96,Group 9/93.log,Group 9,Group 9,93.log,CC(C)(C1=CC(CC2=C(C(CC(C=C(C=C3C4)C(C)(C)C)=C3OCC5=CC(C6=CC=C(Cl)C=C6)=NN5)=CC(C(C)(C)C)=C2)OCC7=CC(C8=CC=C(Cl)C=C8)=NN7)=C(OCC9=CC(C%10=CC=C(Cl)C=C%10)=NN9)C(CC%11=CC(C(C)(C)C)=CC4=C%11OCC%12=CC(C%13=CC=C(Cl)C=C%13)=NN%12)=C1)C
outer_cv,train,2,5,10,,,97,Group 9/94.log,Group 9,Group 9,94.log,CC(C)(C1=CC(CC2=C(C(CC(C=C(C=C3C4)C(C)(C)C)=C3OCC5=CC(C6=CC=C(OC)C=C6)=NN5)=CC(C(C)(C)C)=C2)OCC7=CC(C8=CC=C(OC)C=C8)=NN7)=C(OCC9=CC(C%10=CC=C(OC)C=C%10)=NN9)C(CC%11=CC(C(C)(C)C)=CC4=C%11OCC%12=CC(C%13=CC=C(OC)C=C%13)=NN%12)=C1)C
outer_cv,train,2,5,10,,,98,Group 9/95.log,Group 9,Group 9,95.log,CC(C)(C)C1=CC(CC2=C3)=C(OCC4=CC(C5=CC=C(C)C=C5)=NN4)C(CC6=CC(C(C)(C)C)=CC(CC7=CC(C(C)(C)C)=CC(CC(C=C3C(C)(C)C)=C2OCC8=CC(C9=CC=C(C)C=C9)=NN8)=C7OCC%10=CC(C%11=CC=C(C)C=C%11)=N[N]%10)=C6OCC%12=CC(C%13=CC=C(C)C=C%13)=NN%12)=C1
outer_cv,train,2,5,10,,,99,Group 9/96.log,Group 9,Group 9,96.log,CC(C)(C)C1=CC(CC2=C3)=C(OCC4=CC(C5=CC=C(Cl)C=C5)=NN4)C(CC6=CC(C(C)(C)C)=CC(CC7=CC(C(C)(C)C)=CC(CC(C=C3C(C)(C)C)=C2OCC8=CC(C9=CC=C(Cl)C=C9)=NN8)=C7OCC%10=CC(C%11=CC=C(Cl)C=C%11)=N[N]%10)=C6OCC%12=CC(C%13=CC=C(Cl)C=C%13)=NN%12)=C1
outer_cv,train,2,5,10,,,100,Group 9/97.log,Group 9,Group 9,97.log,CC(C)(C)C1=CC(CC2=C3)=C(OCC4=CC(C5=CC=C(OC)C=C5)=NN4)C(CC6=CC(C(C)(C)C)=CC(CC7=CC(C(C)(C)C)=CC(CC(C=C3C(C)(C)C)=C2OCC8=CC(C9=CC=C(OC)C=C9)=NN8)=C7OCC%10=CC(C%11=CC=C(OC)C=C%11)=NN%10)=C6OCC%12=CC(C%13=CC=C(OC)C=C%13)=NN%12)=C1
outer_cv,train,2,5,10,,,101,Group 9/98.log,Group 9,Group 9,98.log,CC(C)(C)C1=CC(CC2=C3)=C(OCC4=CC(C5=CC=CC=C5)=NN4)C(CC6=CC(C(C)(C)C)=CC(CC7=CC(C(C)(C)C)=CC(CC(C=C3C(C)(C)C)=C2OCC8=CC(C9=CC=CC=C9)=NN8)=C7OCC%10=CC(C%11=CC=CC=C%11)=NN%10)=C6OCC%12=CC(C%13=CC=CC=C%13)=NN%12)=C1
outer_cv,train,2,5,10,,,102,Group 9/99.log,Group 9,Group 9,99.log,CC(C1=CC2=C(OCC3=CC(C4=CC=CC=C4)=NN3)C(CC5=CC(C(C)(C)C)=CC(CC6=CC(C(C)(C)C)=CC(CC7=CC(C(C)(C)C)=CC(C2)=C7OCC8=CC(C9=CC=CC=C9)=NN8)=C6OCC%10=CC(C%11=CC=CC=C%11)=NN%10)=C5OCC%12=CC(C%13=CC=CC=C%13)=NN%12)=C1)(C)C
outer_cv,train,2,5,10,,,103,Group 9/100.log,Group 9,Group 9,100.log,CC(C1=CC2=C(OCC3=CC(C4=CC=C(C)C=C4)=NN3)C(CC5=CC(C(C)(C)C)=CC(CC6=CC(C(C)(C)C)=CC(CC7=CC(C(C)(C)C)=CC(C2)=C7OCC8=CC(C9=CC=C(C)C=C9)=NN8)=C6OCC%10=CC(C%11=CC=C(C)C=C%11)=NN%10)=C5OCC%12=CC(C%13=CC=C(C)C=C%13)=NN%12)=C1)(C)C
outer_cv,train,2,5,10,,,104,Group 9/101.log,Group 9,Group 9,101.log,CC(C1=CC2=C(OCC3=CC(C4=CC=C(Cl)C=C4)=NN3)C(CC5=CC(C(C)(C)C)=CC(CC6=CC(C(C)(C)C)=CC(CC7=CC(C(C)(C)C)=CC(C2)=C7OCC8=CC(C9=CC=C(Cl)C=C9)=NN8)=C6OCC%10=CC(C%11=CC=C(Cl)C=C%11)=NN%10)=C5OCC%12=CC(C%13=CC=C(Cl)C=C%13)=NN%12)=C1)(C)C
outer_cv,train,2,5,10,,,105,Group 9/102.log,Group 9,Group 9,102.log,CC(C1=CC2=C(OCC3=CC(C4=CC=C(OC)C=C4)=NN3)C(CC5=CC(C(C)(C)C)=CC(CC6=CC(C(C)(C)C)=CC(CC7=CC(C(C)(C)C)=CC(C2)=C7OCC8=CC(C9=CC=C(OC)C=C9)=NN8)=C6OCC%10=CC(C%11=CC=C(OC)C=C%11)=NN%10)=C5OCC%12=CC(C%13=CC=C(OC)C=C%13)=NN%12)=C1)(C)C
outer_cv,train,2,5,10,,,106,Group 9/103.log,Group 9,Group 9,103.log,C1(C2)=C(C(CC(C=CC=C3CC4=C(OCC5=CC(C6=CC=CC=C6)=NN5)C(CC7=CC=CC2=C7OCC8=CC(C9=CC=CC=C9)=NN8)=CC=C4)=C3OCC%10=CC(C%11=CC=CC=C%11)=NN%10)=CC=C1)OCC%12=CC(C%13=CC=CC=C%13)=NN%12
outer_cv,train,2,5,10,,,107,Group 9/104.log,Group 9,Group 9,104.log,CC(C1=CC2=C(OCCCC3=CC(C4=CC=CC=C4)=NN3)C(CC5=CC(C(C)(C)C)=CC(CC6=CC(C(C)(C)C)=CC(CC7=CC(C(C)(C)C)=CC(C2)=C7OCCCC8=CC(C9=CC=CC=C9)=NN8)=C6OCCCC%10=CC(C%11=CC=CC=C%11)=NN%10)=C5OCCCC%12=CC(C%13=CC=CC=C%13)=NN%12)=C1)(C)C
outer_cv,train,2,5,10,,,108,Group 9/105.log,Group 9,Group 9,105.log,CC(C1=CC2=C(OCC3=CC(C4=CC=CC=C4)=NN3)C(SC5=CC(C(C)(C)C)=CC(SC6=CC(C(C)(C)C)=CC(SC7=CC(C(C)(C)C)=CC(S2)=C7OCC8=CC(C9=CC=CC=C9)=NN8)=C6OCC%10=CC(C%11=CC=CC=C%11)=NN%10)=C5OCC%12=CC(C%13=CC=CC=C%13)=NN%12)=C1)(C)C
outer_cv,train,2,5,10,,,109,Group 9/106.log,Group 9,Group 9,106.log,CC(C1=CC2=C(OCCCC3=CC(C4=CC=CC=C4)=NN3)C(SC5=CC(C(C)(C)C)=CC(SC6=CC(C(C)(C)C)=CC(SC7=CC(C(C)(C)C)=CC(S2)=C7OCCCC8=CC(C9=CC=CC=C9)=NN8)=C6OCCCC%10=CC(C%11=CC=CC=C%11)=NN%10)=C5OCCCC%12=CC(C%13=CC=CC=C%13)=NN%12)=C1)(C)C
outer_cv,train,2,5,10,,,110,Group 9/107.log,Group 9,Group 9,107.log,CC(C1=CC2=C(OCCCCC3=CC(C4=CC=CC=C4)=NN3)C(SC5=CC(C(C)(C)C)=CC(SC6=CC(C(C)(C)C)=CC(SC7=CC(C(C)(C)C)=CC(S2)=C7OCCCCC8=CC(C9=CC=CC=C9)=NN8)=C6OCCCCC%10=CC(C%11=CC=CC=C%11)=NN%10)=C5OCCCCC%12=CC(C%13=CC=CC=C%13)=NN%12)=C1)(C)C
outer_cv,train,2,5,10,,,111,Group 9/108.log,Group 9,Group 9,108.log,CC(C1=CC2=C(OCCCCCN3C=CC=N3)C(SC4=CC(C(C)(C)C)=CC(SC5=CC(C(C)(C)C)=CC(SC6=CC(C(C)(C)C)=CC(S2)=C6OCCCCCN7C=CC=N7)=C5OCCCCCN8N=CC=C8)=C4OCCCCCN9N=CC=C9)=C1)(C)C
outer_cv,train,2,5,10,,,112,Group 9/109.log,Group 9,Group 9,109.log,CC(C)(C)C(C=C1)=CC=C1OCC2=N3N([H][N]4C(COC5=CC=C(C(C)(C)C)C=C5)=CC(C6=CC=CC=C6)=[N]4[H]N(N([H][N]7[N]([H]3)=C(C8=CC=CC=C8)C=C7COC9=CC=C(C(C)(C)C)C=C9)C(C%10=CC=CC=C%10)=C%11)=C%11COC%12=CC=C(C(C)(C)C)C=C%12)C(C%13=CC=CC=C%13)=C2
outer_cv,train,2,5,10,,,113,Group 9/110.log,Group 9,Group 9,110.log,CC(C)(C)C(C=C1)=CC=C1OCC2=CC(C3=CC=CC=C3)=N([H]N([N]([H][N]4N5=C(C6=CC=CC=C6)C=C4COC7=CC=C(C(C)(C)C)C=C7)C(COC8=CC=C(C(C)(C)C)C=C8)=C9)=C9C%10=CC=CC=C%10)[N]2[H][N]%11N([H]5)=C(C%12=CC=CC=C%12)C=C%11COC%13=CC=C(C(C)(C)C)C=C%13
outer_cv,train,2,5,10,,,127,Group 11/124.log,Group 11,Group 11,124.log,CC(C1=CC2=C(OCC3=CN(CCOC(C(SC(C=C4C(C)(C)C)=C5O)=C6)=C(C=C6C(C)(C)C)SC7=C(O)C(SC(C=C(C=C8SC5=C4)C(C)(C)C)=C8O)=CC(C(C)(C)C)=C7)N=N3)C(SC9=CC(C(C)(C)C)=CC(SC%10=CC(C(C)(C)C)=CC(SC%11=CC(C(C)(C)C)=CC(S2)=C%11OCC%12=CN(CCOC%13=C(SC%14=C%15)C=C(C(C)(C)C)C=C%13SC%16=CC(C(C)(C)C)=CC(SC%17=CC(C(C)(C)C)=CC(SC(C=C%15C(C)(C)C)=C%14O)=C%17O)=C%16O)N=N%12)=C%10OCC%18=CN(CCOC%19=C(C=C(C=C%19SC%20=C%21)C(C)(C)C)SC%22=CC(C(C)(C)C)=CC(SC%23=C(O)C(SC(C=C%21C(C)(C)C)=C%20O)=CC(C(C)(C)C)=C%23)=C%22O)N=N%18)=C9OCC%24=CN(CCOC%25=C(SC(C=C%26C(C)(C)C)=C%27O)C=C(C(C)(C)C)C=C%25SC%28=C(O)C(SC%29=CC(C(C)(C)C)=CC(SC%27=C%26)=C%29O)=CC(C(C)(C)C)=C%28)N=N%24)=C1)(C)C
outer_cv,train,2,5,10,,,128,Group 11/125.log,Group 11,Group 11,125.log,CC(C1=CC2=C(OCC3=CN(CCCOC(C(SC(C=C4C(C)(C)C)=C5O)=C6)=C(C=C6C(C)(C)C)SC7=C(O)C(SC(C=C(C=C8SC5=C4)C(C)(C)C)=C8O)=CC(C(C)(C)C)=C7)N=N3)C(SC9=CC(C(C)(C)C)=CC(SC%10=CC(C(C)(C)C)=CC(SC%11=CC(C(C)(C)C)=CC(S2)=C%11OCC%12=CN(CCCOC%13=C(SC%14=C%15)C=C(C(C)(C)C)C=C%13SC%16=CC(C(C)(C)C)=CC(SC%17=CC(C(C)(C)C)=CC(SC(C=C%15C(C)(C)C)=C%14O)=C%17O)=C%16O)N=N%12)=C%10OCC%18=CN(CCCOC%19=C(C=C(C=C%19SC%20=C%21)C(C)(C)C)SC%22=CC(C(C)(C)C)=CC(SC%23=C(O)C(SC(C=C%21C(C)(C)C)=C%20O)=CC(C(C)(C)C)=C%23)=C%22O)N=N%18)=C9OCC%24=CN(CCCOC%25=C(SC(C=C%26C(C)(C)C)=C%27O)C=C(C(C)(C)C)C=C%25SC%28=C(O)C(SC%29=CC(C(C)(C)C)=CC(SC%27=C%26)=C%29O)=CC(C(C)(C)C)=C%28)N=N%24)=C1)(C)C
outer_cv,train,2,5,10,,,129,Group 11/126.log,Group 11,Group 11,126.log,CC(C1=CC(SC2=C(O)C(SC(C=C(C=C3SC4=C5)C(C)(C)C)=C3O)=CC(C(C)(C)C)=C2)=C(OCCN6N=NC(CCOC(C(SC7=CC(C(C)(C)C)=CC(SC8=CC(C(C)(C)C)=CC(S9)=C8OCCC%10=CN(CCOC%11=C(C=C(C=C%11SC%12=C%13)C(C)(C)C)SC%14=CC(C(C)(C)C)=CC(SC%15=C(O)C(SC(C=C%13C(C)(C)C)=C%12O)=CC(C(C)(C)C)=C%15)=C%14O)N=N%10)=C7OCCC%16=CN(CCOC%17=C(SC(C=C%18C(C)(C)C)=C%19O)C=C(C(C)(C)C)C=C%17SC%20=C(O)C(SC%21=CC(C(C)(C)C)=CC(SC%19=C%18)=C%21O)=CC(C(C)(C)C)=C%20)N=N%16)=CC(C(C)(C)C)=C%22)=C%22SC%23=C(C9=CC(C(C)(C)C)=C%23)OCCC%24=CN(CCOC%25=C(SC%26=C%27)C=C(C(C)(C)C)C=C%25SC%28=CC(C(C)(C)C)=CC(SC%29=CC(C(C)(C)C)=CC(SC(C=C%27C(C)(C)C)=C%26O)=C%29O)=C%28O)N=N%24)=C6)C(SC(C=C5C(C)(C)C)=C4O)=C1)(C)C
outer_cv,train,2,5,10,,,130,Group 11/127.log,Group 11,Group 11,127.log,OC1=C(SC2=C3)C=C(C(C)(C)C)C=C1SC4=CC(C(C)(C)C)=CC(SC5=CC(C(C)(C)C)=CC(SC(C=C3C(C)(C)C)=C2O)=C5OCCCN(N=N6)C=C6CCOC7=C(SC8=CC(C(C)(C)C)=CC(SC9=CC(C(C)(C)C)=CC(S%10)=C9OCCC%11=CN(CCCOC%12=C(SC%13=C%14)C=C(C(C)(C)C)C=C%12SC%15=CC(C(C)(C)C)=CC(SC%16=CC(C(C)(C)C)=CC(SC(C=C%14C(C)(C)C)=C%13O)=C%16O)=C%15O)N=N%11)=C8OCCC%17=CN(CCCOC%18=C(C=C(C=C%18SC%19=C%20)C(C)(C)C)SC%21=CC(C(C)(C)C)=CC(SC%22=C(O)C(SC(C=C%20C(C)(C)C)=C%19O)=CC(C(C)(C)C)=C%22)=C%21O)N=N%17)C=C(C(C)(C)C)C=C7SC%23=CC(C(C)(C)C)=CC%10=C%23OCCC%24=CN(CCCOC%25=C(C=C%26C(C)(C)C)SC%27=C(O)C(SC%28=C(O)C(SC%29=CC(C(C)(C)C)=CC(SC%25=C%26)=C%29O)=CC(C(C)(C)C)=C%28)=CC(C(C)(C)C)=C%27)N=N%24)=C4O
outer_cv,train,2,5,10,,,131,Group 11/128.log,Group 11,Group 11,128.log,CC(C1=CC2=C(OCCCC3=CN(CCOC4=C(C=C5C(C)(C)C)SC6=C(O)C(SC7=C(O)C(SC8=CC(C(C)(C)C)=CC(SC4=C5)=C8O)=CC(C(C)(C)C)=C7)=CC(C(C)(C)C)=C6)N=N3)C(SC9=CC(C(C)(C)C)=CC(SC%10=CC(C(C)(C)C)=CC(SC%11=CC(C(C)(C)C)=CC(S2)=C%11OCCCC%12=CN(CCOC%13=C(SC%14=C%15)C=C(C(C)(C)C)C=C%13SC%16=CC(C(C)(C)C)=CC(SC%17=CC(C(C)(C)C)=CC(SC(C=C%15C(C)(C)C)=C%14O)=C%17O)=C%16O)N=N%12)=C%10OCCCC%18=CN(CCOC%19=C(C=C(C=C%19SC%20=C%21)C(C)(C)C)SC%22=CC(C(C)(C)C)=CC(SC%23=C(O)C(SC(C=C%21C(C)(C)C)=C%20O)=CC(C(C)(C)C)=C%23)=C%22O)N=N%18)=C9OCCCC%24=CN(CCOC%25=C(SC(C=C%26C(C)(C)C)=C%27O)C=C(C(C)(C)C)C=C%25SC%28=C(O)C(SC%29=CC(C(C)(C)C)=CC(SC%27=C%26)=C%29O)=CC(C(C)(C)C)=C%28)N=N%24)=C1)(C)C
outer_cv,train,2,5,10,,,132,Group 11/129.log,Group 11,Group 11,129.log,CC(C1=CC2=C(OCCCC3=CN(CCCOC4=C(C=C5C(C)(C)C)SC6=C(O)C(SC7=C(O)C(SC8=CC(C(C)(C)C)=CC(SC4=C5)=C8O)=CC(C(C)(C)C)=C7)=CC(C(C)(C)C)=C6)N=N3)C(SC9=CC(C(C)(C)C)=CC(SC%10=CC(C(C)(C)C)=CC(SC%11=CC(C(C)(C)C)=CC(S2)=C%11OCCCC%12=CN(CCCOC%13=C(SC%14=C%15)C=C(C(C)(C)C)C=C%13SC%16=CC(C(C)(C)C)=CC(SC%17=CC(C(C)(C)C)=CC(SC(C=C%15C(C)(C)C)=C%14O)=C%17O)=C%16O)N=N%12)=C%10OCCCC%18=CN(CCCOC%19=C(C=C(C=C%19SC%20=C%21)C(C)(C)C)SC%22=CC(C(C)(C)C)=CC(SC%23=C(O)C(SC(C=C%21C(C)(C)C)=C%20O)=CC(C(C)(C)C)=C%23)=C%22O)N=N%18)=C9OCCCC%24=CN(CCCOC%25=C(SC(C=C%26C(C)(C)C)=C%27O)C=C(C(C)(C)C)C=C%25SC%28=C(O)C(SC%29=CC(C(C)(C)C)=CC(SC%27=C%26)=C%29O)=CC(C(C)(C)C)=C%28)N=N%24)=C1)(C)C
outer_cv,train,2,5,10,,,133,Group 11/130.log,Group 11,Group 11,130.log,CC(C1=CC2=C(OCCCCC3=CN(CCOC(C(SC(C=C4C(C)(C)C)=C5O)=C6)=C(C=C6C(C)(C)C)SC7=C(O)C(SC(C=C(C=C8SC5=C4)C(C)(C)C)=C8O)=CC(C(C)(C)C)=C7)N=N3)C(SC9=CC(C(C)(C)C)=CC(SC%10=CC(C(C)(C)C)=CC(SC%11=CC(C(C)(C)C)=CC(S2)=C%11OCCCCC%12=CN(CCOC%13=C(SC%14=C%15)C=C(C(C)(C)C)C=C%13SC%16=CC(C(C)(C)C)=CC(SC%17=CC(C(C)(C)C)=CC(SC(C=C%15C(C)(C)C)=C%14O)=C%17O)=C%16O)N=N%12)=C%10OCCCCC%18=CN(CCOC%19=C(C=C(C=C%19SC%20=C%21)C(C)(C)C)SC%22=CC(C(C)(C)C)=CC(SC%23=C(O)C(SC(C=C%21C(C)(C)C)=C%20O)=CC(C(C)(C)C)=C%23)=C%22O)N=N%18)=C9OCCCCC%24=CN(CCOC%25=C(SC(C=C%26C(C)(C)C)=C%27O)C=C(C(C)(C)C)C=C%25SC%28=C(O)C(SC%29=CC(C(C)(C)C)=CC(SC%27=C%26)=C%29O)=CC(C(C)(C)C)=C%28)N=N%24)=C1)(C)C
outer_cv,train,2,5,10,,,134,Group 11/131.log,Group 11,Group 11,131.log,CC(C1=CC2=C(OCCCCC3=CN(CCCOC(C(SC(C=C4C(C)(C)C)=C5O)=C6)=C(C=C6C(C)(C)C)SC7=C(O)C(SC(C=C(C=C8SC5=C4)C(C)(C)C)=C8O)=CC(C(C)(C)C)=C7)N=N3)C(SC9=CC(C(C)(C)C)=CC(SC%10=CC(C(C)(C)C)=CC(SC%11=CC(C(C)(C)C)=CC(S2)=C%11OCCCCC%12=CN(CCCOC%13=C(SC%14=C%15)C=C(C(C)(C)C)C=C%13SC%16=CC(C(C)(C)C)=CC(SC%17=CC(C(C)(C)C)=CC(SC(C=C%15C(C)(C)C)=C%14O)=C%17O)=C%16O)N=N%12)=C%10OCCCCC%18=CN(CCCOC%19=C(C=C(C=C%19SC%20=C%21)C(C)(C)C)SC%22=CC(C(C)(C)C)=CC(SC%23=C(O)C(SC(C=C%21C(C)(C)C)=C%20O)=CC(C(C)(C)C)=C%23)=C%22O)N=N%18)=C9OCCCCC%24=CN(CCCOC%25=C(SC(C=C%26C(C)(C)C)=C%27O)C=C(C(C)(C)C)C=C%25SC%28=C(O)C(SC%29=CC(C(C)(C)C)=CC(SC%27=C%26)=C%29O)=CC(C(C)(C)C)=C%28)N=N%24)=C1)(C)C
outer_cv,train,2,5,10,,,135,Group 11/132.log,Group 11,Group 11,132.log,CC(C1=CC(SC2=C(O)C(SC(C=C(C=C3SC4=C5)C(C)(C)C)=C3O)=CC(C(C)(C)C)=C2)=C(OCC6=CN(N=N6)CCOC(C(SC7=CC(C(C)(C)C)=CC(SC8=CC(C(C)(C)C)=CC(S9)=C8OCCN%10C=C(COC%11=C(C=C(C=C%11SC%12=C%13)C(C)(C)C)SC%14=CC(C(C)(C)C)=CC(SC%15=C(O)C(SC(C=C%13C(C)(C)C)=C%12O)=CC(C(C)(C)C)=C%15)=C%14O)N=N%10)=C7OCCN%16C=C(COC%17=C(SC(C=C%18C(C)(C)C)=C%19O)C=C(C(C)(C)C)C=C%17SC%20=C(O)C(SC%21=CC(C(C)(C)C)=CC(SC%19=C%18)=C%21O)=CC(C(C)(C)C)=C%20)N=N%16)=CC(C(C)(C)C)=C%22)=C%22SC%23=C(C9=CC(C(C)(C)C)=C%23)OCCN%24N=NC(COC%25=C(SC%26=C%27)C=C(C(C)(C)C)C=C%25SC%28=CC(C(C)(C)C)=CC(SC%29=CC(C(C)(C)C)=CC(SC(C=C%27C(C)(C)C)=C%26O)=C%29O)=C%28O)=C%24)C(SC(C=C5C(C)(C)C)=C4O)=C1)(C)C
outer_cv,train,2,5,10,,,136,Group 11/133.log,Group 11,Group 11,133.log,CC(C1=CC(SC2=C(O)C(SC(C=C(C=C3SC4=C5)C(C)(C)C)=C3O)=CC(C(C)(C)C)=C2)=C(OCCC6=CN(N=N6)CCOC(C(SC7=CC(C(C)(C)C)=CC(SC8=CC(C(C)(C)C)=CC(S9)=C8OCCN%10C=C(CCOC%11=C(C=C(C=C%11SC%12=C%13)C(C)(C)C)SC%14=CC(C(C)(C)C)=CC(SC%15=C(O)C(SC(C=C%13C(C)(C)C)=C%12O)=CC(C(C)(C)C)=C%15)=C%14O)N=N%10)=C7OCCN%16C=C(CCOC%17=C(SC(C=C%18C(C)(C)C)=C%19O)C=C(C(C)(C)C)C=C%17SC%20=C(O)C(SC%21=CC(C(C)(C)C)=CC(SC%19=C%18)=C%21O)=CC(C(C)(C)C)=C%20)N=N%16)=CC(C(C)(C)C)=C%22)=C%22SC%23=C(C9=CC(C(C)(C)C)=C%23)OCCN%24N=NC(CCOC%25=C(SC%26=C%27)C=C(C(C)(C)C)C=C%25SC%28=CC(C(C)(C)C)=CC(SC%29=CC(C(C)(C)C)=CC(SC(C=C%27C(C)(C)C)=C%26O)=C%29O)=C%28O)=C%24)C(SC(C=C5C(C)(C)C)=C4O)=C1)(C)C
outer_cv,train,2,5,10,,,137,Group 11/134.log,Group 11,Group 11,134.log,OC1=C(SC2=C3)C=C(C(C)(C)C)C=C1SC4=CC(C(C)(C)C)=CC(SC5=CC(C(C)(C)C)=CC(SC(C=C3C(C)(C)C)=C2O)=C5OCCCC(N=N6)=CN6CCOC7=C(SC8=CC(C(C)(C)C)=CC(SC9=CC(C(C)(C)C)=CC(S%10)=C9OCCN%11N=NC(CCCOC%12=C(SC%13=C%14)C=C(C(C)(C)C)C=C%12SC%15=CC(C(C)(C)C)=CC(SC%16=CC(C(C)(C)C)=CC(SC(C=C%14C(C)(C)C)=C%13O)=C%16O)=C%15O)=C%11)=C8OCCN%17C=C(CCCOC%18=C(C=C(C=C%18SC%19=C%20)C(C)(C)C)SC%21=CC(C(C)(C)C)=CC(SC%22=C(O)C(SC(C=C%20C(C)(C)C)=C%19O)=CC(C(C)(C)C)=C%22)=C%21O)N=N%17)C=C(C(C)(C)C)C=C7SC%23=CC(C(C)(C)C)=CC%10=C%23OCCN%24N=NC(CCCOC%25=C(C=C%26C(C)(C)C)SC%27=C(O)C(SC%28=C(O)C(SC%29=CC(C(C)(C)C)=CC(SC%25=C%26)=C%29O)=CC(C(C)(C)C)=C%28)=CC(C(C)(C)C)=C%27)=C%24)=C4O
outer_cv,train,2,5,10,,,138,Group 11/135.log,Group 11,Group 11,135.log,OC1=C(SC2=C3)C=C(C(C)(C)C)C=C1SC4=CC(C(C)(C)C)=CC(SC5=CC(C(C)(C)C)=CC(SC(C=C3C(C)(C)C)=C2O)=C5OCCCCC(N=N6)=CN6CCOC7=C(SC8=CC(C(C)(C)C)=CC(SC9=CC(C(C)(C)C)=CC(S%10)=C9OCCN%11N=NC(CCCCOC%12=C(SC%13=C%14)C=C(C(C)(C)C)C=C%12SC%15=CC(C(C)(C)C)=CC(SC%16=CC(C(C)(C)C)=CC(SC(C=C%14C(C)(C)C)=C%13O)=C%16O)=C%15O)=C%11)=C8OCCN%17C=C(CCCCOC%18=C(C=C(C=C%18SC%19=C%20)C(C)(C)C)SC%21=CC(C(C)(C)C)=CC(SC%22=C(O)C(SC(C=C%20C(C)(C)C)=C%19O)=CC(C(C)(C)C)=C%22)=C%21O)N=N%17)C=C(C(C)(C)C)C=C7SC%23=CC(C(C)(C)C)=CC%10=C%23OCCN%24N=NC(CCCCOC%25=C(C=C%26C(C)(C)C)SC%27=C(O)C(SC%28=C(O)C(SC%29=CC(C(C)(C)C)=CC(SC%25=C%26)=C%29O)=CC(C(C)(C)C)=C%28)=CC(C(C)(C)C)=C%27)=C%24)=C4O
outer_cv,train,2,5,10,,,139,Group 11/136.log,Group 11,Group 11,136.log,CC(C1=CC2=C(OCCCN3C=C(COC4=C(C=C5C(C)(C)C)SC6=C(O)C(SC7=C(O)C(SC8=CC(C(C)(C)C)=CC(SC4=C5)=C8O)=CC(C(C)(C)C)=C7)=CC(C(C)(C)C)=C6)N=N3)C(SC9=CC(C(C)(C)C)=CC(SC%10=CC(C(C)(C)C)=CC(SC%11=CC(C(C)(C)C)=CC(S2)=C%11OCCCN%12C=C(COC%13=C(SC%14=C%15)C=C(C(C)(C)C)C=C%13SC%16=CC(C(C)(C)C)=CC(SC%17=CC(C(C)(C)C)=CC(SC(C=C%15C(C)(C)C)=C%14O)=C%17O)=C%16O)N=N%12)=C%10OCCCN%18N=NC(COC%19=C(C=C(C=C%19SC%20=C%21)C(C)(C)C)SC%22=CC(C(C)(C)C)=CC(SC%23=C(O)C(SC(C=C%21C(C)(C)C)=C%20O)=CC(C(C)(C)C)=C%23)=C%22O)=C%18)=C9OCCCN%24N=NC(COC%25=C(SC(C=C%26C(C)(C)C)=C%27O)C=C(C(C)(C)C)C=C%25SC%28=C(O)C(SC%29=CC(C(C)(C)C)=CC(SC%27=C%26)=C%29O)=CC(C(C)(C)C)=C%28)=C%24)=C1)(C)C
outer_cv,train,2,5,10,,,140,Group 11/137.log,Group 11,Group 11,137.log,CC(C1=CC2=C(OCCCN3C=C(CCOC4=C(C=C5C(C)(C)C)SC6=C(O)C(SC7=C(O)C(SC8=CC(C(C)(C)C)=CC(SC4=C5)=C8O)=CC(C(C)(C)C)=C7)=CC(C(C)(C)C)=C6)N=N3)C(SC9=CC(C(C)(C)C)=CC(SC%10=CC(C(C)(C)C)=CC(SC%11=CC(C(C)(C)C)=CC(S2)=C%11OCCCN%12C=C(CCOC%13=C(SC%14=C%15)C=C(C(C)(C)C)C=C%13SC%16=CC(C(C)(C)C)=CC(SC%17=CC(C(C)(C)C)=CC(SC(C=C%15C(C)(C)C)=C%14O)=C%17O)=C%16O)N=N%12)=C%10OCCCN%18N=NC(CCOC%19=C(C=C(C=C%19SC%20=C%21)C(C)(C)C)SC%22=CC(C(C)(C)C)=CC(SC%23=C(O)C(SC(C=C%21C(C)(C)C)=C%20O)=CC(C(C)(C)C)=C%23)=C%22O)=C%18)=C9OCCCN%24N=NC(CCOC%25=C(SC(C=C%26C(C)(C)C)=C%27O)C=C(C(C)(C)C)C=C%25SC%28=C(O)C(SC%29=CC(C(C)(C)C)=CC(SC%27=C%26)=C%29O)=CC(C(C)(C)C)=C%28)=C%24)=C1)(C)C
outer_cv,train,2,5,10,,,141,Group 11/138.log,Group 11,Group 11,138.log,CC(C1=CC2=C(OCCCN3C=C(CCCOC4=C(C=C5C(C)(C)C)SC6=C(O)C(SC7=C(O)C(SC8=CC(C(C)(C)C)=CC(SC4=C5)=C8O)=CC(C(C)(C)C)=C7)=CC(C(C)(C)C)=C6)N=N3)C(SC9=CC(C(C)(C)C)=CC(SC%10=CC(C(C)(C)C)=CC(SC%11=CC(C(C)(C)C)=CC(S2)=C%11OCCCN%12C=C(CCCOC%13=C(SC%14=C%15)C=C(C(C)(C)C)C=C%13SC%16=CC(C(C)(C)C)=CC(SC%17=CC(C(C)(C)C)=CC(SC(C=C%15C(C)(C)C)=C%14O)=C%17O)=C%16O)N=N%12)=C%10OCCCN%18N=NC(CCCOC%19=C(C=C(C=C%19SC%20=C%21)C(C)(C)C)SC%22=CC(C(C)(C)C)=CC(SC%23=C(O)C(SC(C=C%21C(C)(C)C)=C%20O)=CC(C(C)(C)C)=C%23)=C%22O)=C%18)=C9OCCCN%24N=NC(CCCOC%25=C(SC(C=C%26C(C)(C)C)=C%27O)C=C(C(C)(C)C)C=C%25SC%28=C(O)C(SC%29=CC(C(C)(C)C)=CC(SC%27=C%26)=C%29O)=CC(C(C)(C)C)=C%28)=C%24)=C1)(C)C
outer_cv,train,2,5,10,,,142,Group 11/139.log,Group 11,Group 11,139.log,CC(C1=CC2=C(OCCCN3C=C(CCCCOC4=C(C=C5C(C)(C)C)SC6=C(O)C(SC7=C(O)C(SC8=CC(C(C)(C)C)=CC(SC4=C5)=C8O)=CC(C(C)(C)C)=C7)=CC(C(C)(C)C)=C6)N=N3)C(SC9=CC(C(C)(C)C)=CC(SC%10=CC(C(C)(C)C)=CC(SC%11=CC(C(C)(C)C)=CC(S2)=C%11OCCCN%12C=C(CCCCOC%13=C(SC%14=C%15)C=C(C(C)(C)C)C=C%13SC%16=CC(C(C)(C)C)=CC(SC%17=CC(C(C)(C)C)=CC(SC(C=C%15C(C)(C)C)=C%14O)=C%17O)=C%16O)N=N%12)=C%10OCCCN%18N=NC(CCCCOC%19=C(C=C(C=C%19SC%20=C%21)C(C)(C)C)SC%22=CC(C(C)(C)C)=CC(SC%23=C(O)C(SC(C=C%21C(C)(C)C)=C%20O)=CC(C(C)(C)C)=C%23)=C%22O)=C%18)=C9OCCCN%24N=NC(CCCCOC%25=C(S)C=C(C(C)(C)C)C=C%25SC%26=C(O)C(SC%27=CC(C(C)(C)C)=CC(SC%28=CC(C(C)(C)C)=CC=C%28O)=C%27O)=CC(C(C)(C)C)=C%26)=C%24)=C1)(C)C
outer_cv,train,2,5,10,,,143,Group 11/140.log,Group 11,Group 11,140.log,CC(C1=CC2=C(OCCCCN3N=NC(COC(C(SC(C=C4C(C)(C)C)=C5O)=C6)=C(C=C6C(C)(C)C)SC7=C(O)C(SC(C=C(C=C8SC5=C4)C(C)(C)C)=C8O)=CC(C(C)(C)C)=C7)=C3)C(SC9=CC(C(C)(C)C)=CC(SC%10=CC(C(C)(C)C)=CC(SC%11=CC(C(C)(C)C)=CC(S2)=C%11OCCCCN%12N=NC(COC%13=C(SC%14=C%15)C=C(C(C)(C)C)C=C%13SC%16=CC(C(C)(C)C)=CC(SC%17=CC(C(C)(C)C)=CC(SC(C=C%15C(C)(C)C)=C%14O)=C%17O)=C%16O)=C%12)=C%10OCCCCN%18C=C(COC%19=C(C=C(C=C%19SC%20=C%21)C(C)(C)C)SC%22=CC(C(C)(C)C)=CC(SC%23=C(O)C(SC(C=C%21C(C)(C)C)=C%20O)=CC(C(C)(C)C)=C%23)=C%22O)N=N%18)=C9OCCCCN%24C=C(COC%25=C(SC(C=C%26C(C)(C)C)=C%27O)C=C(C(C)(C)C)C=C%25SC%28=C(O)C(SC%29=CC(C(C)(C)C)=CC(SC%27=C%26)=C%29O)=CC(C(C)(C)C)=C%28)N=N%24)=C1)(C)C
outer_cv,train,2,5,10,,,144,Group 11/141.log,Group 11,Group 11,141.log,CC(C1=CC2=C(OCCCCN3N=NC(CCOC(C(SC(C=C4C(C)(C)C)=C5O)=C6)=C(C=C6C(C)(C)C)SC7=C(O)C(SC(C=C(C=C8SC5=C4)C(C)(C)C)=C8O)=CC(C(C)(C)C)=C7)=C3)C(SC9=CC(C(C)(C)C)=CC(SC%10=CC(C(C)(C)C)=CC(SC%11=CC(C(C)(C)C)=CC(S2)=C%11OCCCCN%12N=NC(CCOC%13=C(SC%14=C%15)C=C(C(C)(C)C)C=C%13SC%16=CC(C(C)(C)C)=CC(SC%17=CC(C(C)(C)C)=CC(SC(C=C%15C(C)(C)C)=C%14O)=C%17O)=C%16O)=C%12)=C%10OCCCCN%18C=C(CCOC%19=C(C=C(C=C%19SC%20=C%21)C(C)(C)C)SC%22=CC(C(C)(C)C)=CC(SC%23=C(O)C(SC(C=C%21C(C)(C)C)=C%20O)=CC(C(C)(C)C)=C%23)=C%22O)N=N%18)=C9OCCCCN%24C=C(CCOC%25=C(SC(C=C%26C(C)(C)C)=C%27O)C=C(C(C)(C)C)C=C%25SC%28=C(O)C(SC%29=CC(C(C)(C)C)=CC(SC%27=C%26)=C%29O)=CC(C(C)(C)C)=C%28)N=N%24)=C1)(C)C
outer_cv,train,2,5,10,,,145,Group 11/142.log,Group 11,Group 11,142.log,CC(C1=CC2=C(OCCCCN3N=NC(CCCOC(C(SC(C=C4C(C)(C)C)=C5O)=C6)=C(C=C6C(C)(C)C)SC7=C(O)C(SC(C=C(C=C8SC5=C4)C(C)(C)C)=C8O)=CC(C(C)(C)C)=C7)=C3)C(SC9=CC(C(C)(C)C)=CC(SC%10=CC(C(C)(C)C)=CC(SC%11=CC(C(C)(C)C)=CC(S2)=C%11OCCCCN%12N=NC(CCCOC%13=C(SC%14=C%15)C=C(C(C)(C)C)C=C%13SC%16=CC(C(C)(C)C)=CC(SC%17=CC(C(C)(C)C)=CC(SC(C=C%15C(C)(C)C)=C%14O)=C%17O)=C%16O)=C%12)=C%10OCCCCN%18C=C(CCCOC%19=C(C=C(C=C%19SC%20=C%21)C(C)(C)C)SC%22=CC(C(C)(C)C)=CC(SC%23=C(O)C(SC(C=C%21C(C)(C)C)=C%20O)=CC(C(C)(C)C)=C%23)=C%22O)N=N%18)=C9OCCCCN%24C=C(CCCOC%25=C(SC(C=C%26C(C)(C)C)=C%27O)C=C(C(C)(C)C)C=C%25SC%28=C(O)C(SC%29=CC(C(C)(C)C)=CC(SC%27=C%26)=C%29O)=CC(C(C)(C)C)=C%28)N=N%24)=C1)(C)C
outer_cv,train,2,5,10,,,146,Group 11/143.log,Group 11,Group 11,143.log,CC(C1=CC2=C(OCCCCN3N=NC(CCCCOC(C(SC(C=C4C(C)(C)C)=C5O)=C6)=C(C=C6C(C)(C)C)SC7=C(O)C(SC(C=C(C=C8SC5=C4)C(C)(C)C)=C8O)=CC(C(C)(C)C)=C7)=C3)C(SC9=CC(C(C)(C)C)=CC(SC%10=CC(C(C)(C)C)=CC(SC%11=CC(C(C)(C)C)=CC(S2)=C%11OCCCCN%12N=NC(CCCCOC%13=C(SC%14=C%15)C=C(C(C)(C)C)C=C%13SC%16=CC(C(C)(C)C)=CC(SC%17=CC(C(C)(C)C)=CC(SC(C=C%15C(C)(C)C)=C%14O)=C%17O)=C%16O)=C%12)=C%10OCCCCN%18C=C(CCCCOC%19=C(C=C(C=C%19SC%20=C%21)C(C)(C)C)SC%22=CC(C(C)(C)C)=CC(SC%23=C(O)C(SC(C=C%21C(C)(C)C)=C%20O)=CC(C(C)(C)C)=C%23)=C%22O)N=N%18)=C9OCCCCN%24C=C(CCCCOC%25=C(SC(C=C%26C(C)(C)C)=C%27O)C=C(C(C)(C)C)C=C%25SC%28=C(O)C(SC%29=CC(C(C)(C)C)=CC(SC%27=C%26)=C%29O)=CC(C(C)(C)C)=C%28)N=N%24)=C1)(C)C
outer_cv,train,2,5,10,,,147,Group 11/144.log,Group 11,Group 11,144.log,CC(C1=CC2=C(OCCCCCN3N=NC(COC(C(SC(C=C4C(C)(C)C)=C5O)=C6)=C(C=C6C(C)(C)C)SC7=C(O)C(SC(C=C(C=C8SC5=C4)C(C)(C)C)=C8O)=CC(C(C)(C)C)=C7)=C3)C(SC9=CC(C(C)(C)C)=CC(SC%10=CC(C(C)(C)C)=CC(SC%11=CC(C(C)(C)C)=CC(S2)=C%11OCCCCCN%12N=NC(COC%13=C(SC%14=C%15)C=C(C(C)(C)C)C=C%13SC%16=CC(C(C)(C)C)=CC(SC%17=CC(C(C)(C)C)=CC(SC(C=C%15C(C)(C)C)=C%14O)=C%17O)=C%16O)=C%12)=C%10OCCCCCN%18C=C(COC%19=C(C=C(C=C%19SC%20=C%21)C(C)(C)C)SC%22=CC(C(C)(C)C)=CC(SC%23=C(O)C(SC(C=C%21C(C)(C)C)=C%20O)=CC(C(C)(C)C)=C%23)=C%22O)N=N%18)=C9OCCCCCN%24C=C(COC%25=C(SC(C=C%26C(C)(C)C)=C%27O)C=C(C(C)(C)C)C=C%25SC%28=C(O)C(SC%29=CC(C(C)(C)C)=CC(SC%27=C%26)=C%29O)=CC(C(C)(C)C)=C%28)N=N%24)=C1)(C)C
outer_cv,train,2,5,10,,,148,Group 11/145.log,Group 11,Group 11,145.log,CC(C1=CC2=C(OCCCCCN3N=NC(CCOC4=C(C=C5C(C)(C)C)SC6=C(O)C(SC7=C(O)C(SC8=CC(C(C)(C)C)=CC(SC4=C5)=C8O)=CC(C(C)(C)C)=C7)=CC(C(C)(C)C)=C6)=C3)C(SC9=CC(C(C)(C)C)=CC(SC%10=CC(C(C)(C)C)=CC(SC%11=CC(C(C)(C)C)=CC(S2)=C%11OCCCCCN%12N=NC(CCOC%13=C(SC%14=C%15)C=C(C(C)(C)C)C=C%13SC%16=CC(C(C)(C)C)=CC(SC%17=CC(C(C)(C)C)=CC(SC(C=C%15C(C)(C)C)=C%14O)=C%17O)=C%16O)=C%12)=C%10OCCCCCN%18C=C(CCOC%19=C(C=C(C=C%19SC%20=C%21)C(C)(C)C)SC%22=CC(C(C)(C)C)=CC(SC%23=C(O)C(SC(C=C%21C(C)(C)C)=C%20O)=CC(C(C)(C)C)=C%23)=C%22O)N=N%18)=C9OCCCCCN%24C=C(CCOC%25=C(SC(C=C%26C(C)(C)C)=C%27O)C=C(C(C)(C)C)C=C%25SC%28=C(O)C(SC%29=CC(C(C)(C)C)=CC(SC%27=C%26)=C%29O)=CC(C(C)(C)C)=C%28)N=N%24)=C1)(C)C
outer_cv,train,2,5,10,,,149,Group 11/146.log,Group 11,Group 11,146.log,CC(C1=CC2=C(OCCCCCN3N=NC(CCCOC4=C(C=C5C(C)(C)C)SC6=C(O)C(SC7=C(O)C(SC8=CC(C(C)(C)C)=CC(SC4=C5)=C8O)=CC(C(C)(C)C)=C7)=CC(C(C)(C)C)=C6)=C3)C(SC9=CC(C(C)(C)C)=CC(SC%10=CC(C(C)(C)C)=CC(SC%11=CC(C(C)(C)C)=CC(S2)=C%11OCCCCCN%12N=NC(CCCOC%13=C(SC%14=C%15)C=C(C(C)(C)C)C=C%13SC%16=CC(C(C)(C)C)=CC(SC%17=CC(C(C)(C)C)=CC(SC(C=C%15C(C)(C)C)=C%14O)=C%17O)=C%16O)=C%12)=C%10OCCCCCN%18C=C(CCCOC%19=C(C=C(C=C%19SC%20=C%21)C(C)(C)C)SC%22=CC(C(C)(C)C)=CC(SC%23=C(O)C(SC(C=C%21C(C)(C)C)=C%20O)=CC(C(C)(C)C)=C%23)=C%22O)N=N%18)=C9OCCCCCN%24C=C(CCCOC%25=C(SC(C=C%26C(C)(C)C)=C%27O)C=C(C(C)(C)C)C=C%25SC%28=C(O)C(SC%29=CC(C(C)(C)C)=CC(SC%27=C%26)=C%29O)=CC(C(C)(C)C)=C%28)N=N%24)=C1)(C)C
outer_cv,train,2,5,10,,,150,Group 11/147.log,Group 11,Group 11,147.log,OC1=C(SC2=C3)C=C(C(C)(C)C)C=C1SC4=CC(C(C)(C)C)=CC(SC5=CC(C(C)(C)C)=CC(SC(C=C3C(C)(C)C)=C2O)=C5OCCCCC(N=N6)=CN6CCCCCOC7=C(SC8=CC(C(C)(C)C)=CC(SC9=CC(C(C)(C)C)=CC(S%10)=C9OCCCCCN%11N=NC(CCCCOC%12=C(SC%13=C%14)C=C(C(C)(C)C)C=C%12SC%15=CC(C(C)(C)C)=CC(SC%16=CC(C(C)(C)C)=CC(SC(C=C%14C(C)(C)C)=C%13O)=C%16O)=C%15O)=C%11)=C8OCCCCCN%17C=C(CCCCOC%18=C(C=C(C=C%18SC%19=C%20)C(C)(C)C)SC%21=CC(C(C)(C)C)=CC(SC%22=C(O)C(SC(C=C%20C(C)(C)C)=C%19O)=CC(C(C)(C)C)=C%22)=C%21O)N=N%17)C=C(C(C)(C)C)C=C7SC%23=CC(C(C)(C)C)=CC%10=C%23OCCCCCN%24N=NC(CCCCOC%25=C(C=C%26C(C)(C)C)SC%27=C(O)C(SC%28=C(O)C(SC%29=CC(C(C)(C)C)=CC(SC%25=C%26)=C%29O)=CC(C(C)(C)C)=C%28)=CC(C(C)(C)C)=C%27)=C%24)=C4O
outer_cv,train,2,5,10,,,151,Group 12/148.log,Group 12,Group 12,148.log,OCC(N=N1)=CN1C2=CC(C3=NC=CC=C3)=NC(C4=CC=CC=N4)=C2
outer_cv,train,2,5,10,,,152,Group 12/149.log,Group 12,Group 12,149.log,CCCCCCC(N=N1)=CN1C2=CC(C3=NC=CC=C3)=NC(C4=CC=CC=N4)=C2
outer_cv,train,2,5,10,,,153,Group 12/150.log,Group 12,Group 12,150.log,OC1=C(SC2=C(C(SC3=C(O)C(SC4=CC(C(C)(C)C)=CC(SC1=C5)=C4OCCC6=CN(C7=CC(C8=NC=CC=C8)=NC(C9=CC=CC=N9)=C7)N=N6)=CC(C(C)(C)C)=C3)=CC(C(C)(C)C)=C2)OCCC%10=CN(C%11=CC(C%12=NC=CC=C%12)=NC(C%13=CC=CC=N%13)=C%11)N=N%10)C=C5C(C)(C)C
outer_cv,train,2,5,10,,,154,Group 12/151.log,Group 12,Group 12,151.log,OC1=C(SC2=C(C(SC3=C(O)C(SC4=CC(C(C)(C)C)=CC(SC1=C5)=C4OCCCC6=CN(C7=CC(C8=NC=CC=C8)=NC(C9=CC=CC=N9)=C7)N=N6)=CC(C(C)(C)C)=C3)=CC(C(C)(C)C)=C2)OCCCC%10=CN(C%11=CC(C%12=NC=CC=C%12)=NC(C%13=CC=CC=N%13)=C%11)N=N%10)C=C5C(C)(C)C
outer_cv,train,2,5,10,,,155,Group 12/152.log,Group 12,Group 12,152.log,OC1=C(SC2=C(C(SC3=C(O)C(SC4=CC(C(C)(C)C)=CC(SC1=C5)=C4OCCCCC6=CN(C7=CC(C8=NC=CC=C8)=NC(C9=CC=CC=N9)=C7)N=N6)=CC(C(C)(C)C)=C3)=CC(C(C)(C)C)=C2)OCCCCC%10=CN(C%11=CC(C%12=NC=CC=C%12)=NC(C%13=CC=CC=N%13)=C%11)N=N%10)C=C5C(C)(C)C
outer_cv,train,2,5,10,,,156,Group 12/153.log,Group 12,Group 12,153.log,CC(C1=CC2=C(OCCC3=CN(C4=CC(C5=NC=CC=C5)=NC(C6=CC=CC=N6)=C4)N=N3)C(SC7=CC(C(C)(C)C)=CC(SC8=CC(C(C)(C)C)=CC(SC9=CC(C(C)(C)C)=CC(S2)=C9OCCC%10=CN(C%11=CC(C%12=NC=CC=C%12)=NC(C%13=CC=CC=N%13)=C%11)N=N%10)=C8OCCC%14=CN(C%15=CC(C%16=NC=CC=C%16)=NC(C%17=CC=CC=N%17)=C%15)N=N%14)=C7OCCC%18=CN(C%19=CC(C%20=NC=CC=C%20)=NC(C%21=CC=CC=N%21)=C%19)N=N%18)=C1)(C)C
outer_cv,train,2,5,10,,,157,Group 12/154.log,Group 12,Group 12,154.log,CC(C1=CC2=C(OCCCCCCCCCCCC)C(SC3=CC(C(C)(C)C)=CC(SC4=CC(C(C)(C)C)=CC(SC5=CC(C(C)(C)C)=CC(S2)=C5OCCC6=CN(C7=CC(C8=NC=CC=C8)=NC(C9=CC=CC=N9)=C7)N=N6)=C4OCCCCCCCCCCCC)=C3OCCC%10=CN(C%11=CC(C%12=NC=CC=C%12)=NC(C%13=CC=CC=N%13)=C%11)N=N%10)=C1)(C)C
outer_cv,train,2,5,10,,,158,Group 12/155.log,Group 12,Group 12,155.log,CC(C1=CC2=C(OCCCCCCCCCCCC)C(SC3=CC(C(C)(C)C)=CC(SC4=CC(C(C)(C)C)=CC(SC5=CC(C(C)(C)C)=CC(S2)=C5OCCCC6=CN(C7=CC(C8=NC=CC=C8)=NC(C9=CC=CC=N9)=C7)N=N6)=C4OCCCCCCCCCCCC)=C3OCCCC%10=CN(C%11=CC(C%12=NC=CC=C%12)=NC(C%13=CC=CC=N%13)=C%11)N=N%10)=C1)(C)C
outer_cv,train,2,5,10,,,159,Group 12/156.log,Group 12,Group 12,156.log,CC(C1=CC2=C(OCCCCCCCCCCCC)C(SC3=CC(C(C)(C)C)=CC(SC4=CC(C(C)(C)C)=CC(SC5=CC(C(C)(C)C)=CC(S2)=C5OCCCCC6=CN(C7=CC(C8=NC=CC=C8)=NC(C9=CC=CC=N9)=C7)N=N6)=C4OCCCCCCCCCCCC)=C3OCCCCC%10=CN(C%11=CC(C%12=NC=CC=C%12)=NC(C%13=CC=CC=N%13)=C%11)N=N%10)=C1)(C)C
outer_cv,train,2,5,10,,,160,Group 12/157.log,Group 12,Group 12,157.log,CC(C1=CC2=C(OCCCCC3=CN(C4=CC(C5=NC=CC=C5)=NC(C6=CC=CC=N6)=C4)N=N3)C(SC7=CC(C(C)(C)C)=CC(SC8=CC(C(C)(C)C)=CC(SC9=CC(C(C)(C)C)=CC(S2)=C9OCCCCC%10=CN(C%11=CC(C%12=NC=CC=C%12)=NC(C%13=CC=CC=N%13)=C%11)N=N%10)=C8OCCCCC%14=CN(C%15=CC(C%16=NC=CC=C%16)=NC(C%17=CC=CC=N%17)=C%15)N=N%14)=C7OCCCCC%18=CN(C%19=CC(C%20=NC=CC=C%20)=NC(C%21=CC=CC=N%21)=C%19)N=N%18)=C1)(C)C
outer_cv,train,2,5,10,,,161,Group 13/158.log,Group 13,Group 13,158.log,CC(C1=CC2=C(OCCOCCO)C(SC3=CC(C(C)(C)C)=CC(SC4=CC(C(C)(C)C)=CC(SC5=CC(C(C)(C)C)=CC(S2)=C5OCCOCCO)=C4OCCOCCO)=C3OCCOCCO)=C1)(C)C
outer_cv,train,2,5,10,,,162,Group 13/159.log,Group 13,Group 13,159.log,CC(C1=CC2=C(OCCOCCO)C(SC3=CC(C(C)(C)C)=CC(SC4=CC(C(C)(C)C)=CC(SC5=CC(C(C)(C)C)=CC(S2)=C5OCCBr)=C4OCCOCCO)=C3OCCBr)=C1)(C)C
outer_cv,train,2,5,10,,,163,Group 13/160.log,Group 13,Group 13,160.log,OC1=C2C=C(C(C)(C)C)C=C1SC3=C(OCCOCCOC4=C(S2)C=C5C(C)(C)C)C(SC6=CC(C(C)(C)C)=CC(SC4=C5)=C6O)=CC(C(C)(C)C)=C3
outer_cv,train,2,5,10,,,164,Group 13/161.log,Group 13,Group 13,161.log,OC1=C2C=C(C(C)(C)C)C=C1SC3=C(OCCOCCOCCOC4=C(S2)C=C5C(C)(C)C)C(SC6=CC(C(C)(C)C)=CC(SC4=C5)=C6O)=CC(C(C)(C)C)=C3
outer_cv,train,2,5,10,,,165,Group 13/162.log,Group 13,Group 13,162.log,OC1=C2C=C(C(C)(C)C)C=C1SC3=C(OCCOCCOCCOCCOC4=C(S2)C=C5C(C)(C)C)C(SC6=CC(C(C)(C)C)=CC(SC4=C5)=C6O)=CC(C(C)(C)C)=C3.C
outer_cv,train,2,5,10,,,166,Group 13/163.log,Group 13,Group 13,163.log,OC1=C2C=C(C(C)(C)C)C=C1SC3=C(OCCOCCOCCOCCOCCOC4=C(S2)C=C5C(C)(C)C)C(SC6=CC(C(C)(C)C)=CC(SC4=C5)=C6O)=CC(C(C)(C)C)=C3.C
outer_cv,train,2,5,10,,,167,Group 13/164.log,Group 13,Group 13,164.log,O=[N+](C1=CC(S2)=C3OCCOCCOCCOCCOC4=C5SC6=C(C2=CC([N+]([O-])=O)=C6)OCCOCCOCCOCCOC7=C(SC3=C1)C=C([N+]([O-])=O)C=C7SC4=CC([N+]([O-])=O)=C5)[O-]
outer_cv,train,2,5,10,,,168,Group 13/165.log,Group 13,Group 13,165.log,CC(C1=CC2=C(OCCOCCOC3=C(SC4=CC(C(C)(C)C)=CC(S2)=C4OCCBr)C=C(C(C)(C)C)C=C3S5)C(SC6=CC(C(C)(C)C)=CC5=C6OCCBr)=C1)(C)C
outer_cv,train,2,5,10,,,169,Group 13/166.log,Group 13,Group 13,166.log,CC(C1=CC2=C(OCCOCCOC3=C(SC4=CC(C(C)(C)C)=CC(S2)=C4OCCCBr)C=C(C(C)(C)C)C=C3S5)C(SC6=CC(C(C)(C)C)=CC5=C6OCCCBr)=C1)(C)C
outer_cv,train,2,5,10,,,170,Group 13/167.log,Group 13,Group 13,167.log,CC(C1=CC2=C(OCCOCCOCCOC3=C(SC4=CC(C(C)(C)C)=CC(S2)=C4OCCBr)C=C(C(C)(C)C)C=C3S5)C(SC6=CC(C(C)(C)C)=CC5=C6OCCBr)=C1)(C)C
outer_cv,train,2,5,10,,,171,Group 13/168.log,Group 13,Group 13,168.log,CC(C1=CC2=C(OCCOCCOCCOC3=C(SC4=CC(C(C)(C)C)=CC(S2)=C4OCCCBr)C=C(C(C)(C)C)C=C3S5)C(SC6=CC(C(C)(C)C)=CC5=C6OCCCBr)=C1)(C)C
outer_cv,train,2,5,10,,,172,Group 13/169.log,Group 13,Group 13,169.log,CC(C1=CC2=C(OCCOCCOCCOCCOC3=C(SC4=CC(C(C)(C)C)=CC(S2)=C4OCCCBr)C=C(C(C)(C)C)C=C3S5)C(SC6=CC(C(C)(C)C)=CC5=C6OCCCBr)=C1)(C)C
outer_cv,train,2,5,10,,,173,Group 13/170.log,Group 13,Group 13,170.log,CC(C1=CC2=C(OCCOCCOCCOCCOCCOC3=C(SC4=CC(C(C)(C)C)=CC(S2)=C4OCCBr)C=C(C(C)(C)C)C=C3S5)C(SC6=CC(C(C)(C)C)=CC5=C6OCCBr)=C1)(C)C
outer_cv,train,2,5,10,,,174,Group 13/171.log,Group 13,Group 13,171.log,CC(C1=CC2=C(OCCOCCOCCOCCOCCOC3=C(SC4=CC(C(C)(C)C)=CC(S2)=C4OCCCBr)C=C(C(C)(C)C)C=C3S5)C(SC6=CC(C(C)(C)C)=CC5=C6OCCCBr)=C1)(C)C
outer_cv,train,2,5,10,,,175,Group 13/172.log,Group 13,Group 13,172.log,CC(C1=CC2=C(OCCOCCOCCOCCOCCOCCOC3=C(SC4=CC(C(C)(C)C)=CC(S2)=C4OCCBr)C=C(C(C)(C)C)C=C3S5)C(SC6=CC(C(C)(C)C)=CC5=C6OCCBr)=C1)(C)C
outer_cv,train,2,5,10,,,176,Group 13/173.log,Group 13,Group 13,173.log,CC(C1=CC2=C(OCCOCCOCCOCCOCCOCCOC3=C(SC4=CC(C(C)(C)C)=CC(S2)=C4OCCCBr)C=C(C(C)(C)C)C=C3S5)C(SC6=CC(C(C)(C)C)=CC5=C6OCCCBr)=C1)(C)C
outer_cv,train,2,5,10,,,177,Group 13/174.log,Group 13,Group 13,174.log,CC(C)(C)C1=CC(SC(C=C2C(C)(C)C)=C3OCCOCCOCCOCCOCCOC(C(S4)=CC(C(C)(C)C)=C5)=C5SC6=C(C7=CC(C(C)(C)C)=C6)OCCCBr)=C(OCCCBr)C(SC8=C(OCCOCCOCCOCCOCCOC9=C(S7)C=C(C(C)(C)C)C=C9SC%10=C(OCCCBr)C4=CC(C(C)(C)C)=C%10)C(SC(C=C(C=C%11SC3=C2)C(C)(C)C)=C%11OCCCBr)=CC(C(C)(C)C)=C8)=C1
outer_cv,train,2,5,10,,,178,Group 13/175.log,Group 13,Group 13,175.log,CC(C1=CC2=C(OCCOCCOCCOC3=C(SC4=CC(C(C)(C)C)=CC(S2)=C4OCCCCCCCCCCCC)C=C(C(C)(C)C)C=C3S5)C(SC6=CC(C(C)(C)C)=CC5=C6OCCCCCCCCCCCC)=C1)(C)C
outer_cv,train,2,5,10,,,179,Group 13/176.log,Group 13,Group 13,176.log,CC(C1=CC2=C(OCCOCCOCCOCCOC3=C(SC4=CC(C(C)(C)C)=CC(S2)=C4OCCCCCCCCCCCC)C=C(C(C)(C)C)C=C3S5)C(SC6=CC(C(C)(C)C)=CC5=C6OCCCCCCCCCCCC)=C1)(C)C
outer_cv,train,2,5,10,,,180,Group 13/177.log,Group 13,Group 13,177.log,CC(C1=CC2=C(OCCOCCOCCOCCOCCOC3=C(SC4=CC(C(C)(C)C)=CC(S2)=C4OCCCCCCCCCCCC)C=C(C(C)(C)C)C=C3S5)C(SC6=CC(C(C)(C)C)=CC5=C6OCCCCCCCCCCCC)=C1)(C)C
outer_cv,train,2,5,10,,,181,Group 13/178.log,Group 13,Group 13,178.log,CC(C1=CC2=C(OCCOCCOCCOC3=C(SC4=CC(C(C)(C)C)=CC(S2)=C4OC)C=C(C(C)(C)C)C=C3S5)C(SC6=CC(C(C)(C)C)=CC5=C6OC)=C1)(C)C
outer_cv,train,2,5,10,,,182,Group 13/179.log,Group 13,Group 13,179.log,CC(C1=CC2=C(OCCOCCOCCOCCOC3=C(SC4=CC(C(C)(C)C)=CC(S2)=C4OC)C=C(C(C)(C)C)C=C3S5)C(SC6=CC(C(C)(C)C)=CC5=C6OC)=C1)(C)C
outer_cv,train,2,5,10,,,183,Group 13/180.log,Group 13,Group 13,180.log,CC(C1=CC2=C(OCCOCCOCCOCCOCCOC3=C(SC4=CC(C(C)(C)C)=CC(S2)=C4OC)C=C(C(C)(C)C)C=C3S5)C(SC6=CC(C(C)(C)C)=CC5=C6OC)=C1)(C)C
outer_cv,train,2,5,10,,,184,Group 14/181.log,Group 14,Group 14,181.log,CC(C)(C1=CC(CC2=C(C(CC(C=C(C=C3C4)C(C)(C)C)=C3OCC#CC(C5=CC=CC=C5)=O)=CC(C(C)(C)C)=C2)OCC#CC(C6=CC=CC=C6)=O)=C(OCC#CC(C7=CC=CC=C7)=O)C(CC8=CC(C(C)(C)C)=CC4=C8OCC#CC(C9=CC=CC=C9)=O)=C1)C
outer_cv,train,2,5,10,,,185,Group 14/182.log,Group 14,Group 14,182.log,CC(C)(C1=CC(CC2=C(C(CC(C=C(C=C3C4)C(C)(C)C)=C3OCC#CC(C5=CC=C(C)C=C5)=O)=CC(C(C)(C)C)=C2)OCC#CC(C6=CC=C(C)C=C6)=O)=C(OCC#CC(C7=CC=C(C)C=C7)=O)C(CC8=CC(C(C)(C)C)=CC4=C8OCC#CC(C9=CC=C(C)C=C9)=O)=C1)C
outer_cv,train,2,5,10,,,186,Group 14/183.log,Group 14,Group 14,183.log,CC(C)(C1=CC(CC2=C(C(CC(C=C(C=C3C4)C(C)(C)C)=C3OCC#CC(C5=CC=C(Cl)C=C5)=O)=CC(C(C)(C)C)=C2)OCC#CC(C6=CC=C(Cl)C=C6)=O)=C(OCC#CC(C7=CC=C(Cl)C=C7)=O)C(CC8=CC(C(C)(C)C)=CC4=C8OCC#CC(C9=CC=C(Cl)C=C9)=O)=C1)C
outer_cv,train,2,5,10,,,187,Group 14/184.log,Group 14,Group 14,184.log,CC(C)(C1=CC(CC2=C(C(CC(C=C(C=C3C4)C(C)(C)C)=C3OCC#CC(C5=CC=C(OC)C=C5)=O)=CC(C(C)(C)C)=C2)OCC#CC(C6=CC=C(OC)C=C6)=O)=C(OCC#CC(C7=CC=C(OC)C=C7)=O)C(CC8=CC(C(C)(C)C)=CC4=C8OCC#CC(C9=CC=C(OC)C=C9)=O)=C1)C
outer_cv,train,2,5,10,,,188,Group 14/185.log,Group 14,Group 14,185.log,CC(C1=CC2=C(OCC#CC(C3=CC=CC=C3)=O)C(CC4=CC(C(C)(C)C)=CC(CC5=CC(C(C)(C)C)=CC(CC6=CC(C(C)(C)C)=CC(C2)=C6OCC#CC(C7=CC=CC=C7)=O)=C5OCC#CC(C8=CC=CC=C8)=O)=C4OCC#CC(C9=CC=CC=C9)=O)=C1)(C)C
outer_cv,train,2,5,10,,,189,Group 14/186.log,Group 14,Group 14,186.log,CC(C1=CC2=C(OCC#CC(C3=CC=C(C)C=C3)=O)C(CC4=CC(C(C)(C)C)=CC(CC5=CC(C(C)(C)C)=CC(CC6=CC(C(C)(C)C)=CC(C2)=C6OCC#CC(C7=CC=C(C)C=C7)=O)=C5OCC#CC(C8=CC=C(C)C=C8)=O)=C4OCC#CC(C9=CC=C(C)C=C9)=O)=C1)(C)C
outer_cv,train,2,5,10,,,190,Group 14/187.log,Group 14,Group 14,187.log,CC(C)(C)C1=CC(CC2=C3)=C(OCC#CC(C4=CC=CC=C4)=O)C(CC5=CC(C(C)(C)C)=CC(CC6=CC(C(C)(C)C)=CC(CC(C=C3C(C)(C)C)=C2OCC#CC(C7=CC=CC=C7)=O)=C6OCC#CC(C8=CC=CC=C8)=O)=C5OCC#CC(C9=CC=CC=C9)=O)=C1
outer_cv,train,2,5,10,,,191,Group 14/188.log,Group 14,Group 14,188.log,CC(C)(C)C1=CC(CC2=C3)=C(OCC#CC(C4=CC=C(C)C=C4)=O)C(CC5=CC(C(C)(C)C)=CC(CC6=CC(C(C)(C)C)=CC(CC(C=C3C(C)(C)C)=C2OCC#CC(C7=CC=C(C)C=C7)=O)=C6OCC#CC(C8=CC=C(C)C=C8)=O)=C5OCC#CC(C9=CC=C(C)C=C9)=O)=C1
outer_cv,train,2,5,10,,,192,Group 14/189.log,Group 14,Group 14,189.log,CC(C)(C)C1=CC(CC2=C3)=C(OCC#CC(C4=CC=C(Cl)C=C4)=O)C(CC5=CC(C(C)(C)C)=CC(CC6=CC(C(C)(C)C)=CC(CC(C=C3C(C)(C)C)=C2OCC#CC(C7=CC=C(Cl)C=C7)=O)=C6OCC#CC(C8=CC=C(Cl)C=C8)=O)=C5OCC#CC(C9=CC=C(Cl)C=C9)=O)=C1
outer_cv,train,2,5,10,,,193,Group 14/190.log,Group 14,Group 14,190.log,CC(C)(C)C1=CC(CC2=C3)=C(OCC#CC(C4=CC=C(OC)C=C4)=O)C(CC5=CC(C(C)(C)C)=CC(CC6=CC(C(C)(C)C)=CC(CC(C=C3C(C)(C)C)=C2OCC#CC(C7=CC=C(OC)C=C7)=O)=C6OCC#CC(C8=CC=C(OC)C=C8)=O)=C5OCC#CC(C9=CC=C(OC)C=C9)=O)=C1
outer_cv,train,2,5,10,,,194,Group 14/191.log,Group 14,Group 14,191.log,CC(C1=CC2=C(OCC#CC(C3=CC=C(Cl)C=C3)=O)C(CC4=CC(C(C)(C)C)=CC(CC5=CC(C(C)(C)C)=CC(CC6=CC(C(C)(C)C)=CC(C2)=C6OCC#CC(C7=CC=C(Cl)C=C7)=O)=C5OCC#CC(C8=CC=C(Cl)C=C8)=O)=C4OCC#CC(C9=CC=C(Cl)C=C9)=O)=C1)(C)C
outer_cv,train,2,5,10,,,195,Group 14/192.log,Group 14,Group 14,192.log,CC(C1=CC2=C(OCC#CC(C3=CC=C(OC)C=C3)=O)C(CC4=CC(C(C)(C)C)=CC(CC5=CC(C(C)(C)C)=CC(CC6=CC(C(C)(C)C)=CC(C2)=C6OCC#CC(C7=CC=C(OC)C=C7)=O)=C5OCC#CC(C8=CC=C(OC)C=C8)=O)=C4OCC#CC(C9=CC=C(OC)C=C9)=O)=C1)(C)C
outer_cv,train,2,5,10,,,196,Group 14/193.log,Group 14,Group 14,193.log,CC(C1=CC2=C(OCC#CC(C3=CC=CC=C3)=O)C(SC4=CC(C(C)(C)C)=CC(SC5=CC(C(C)(C)C)=CC(SC6=CC(C(C)(C)C)=CC(S2)=C6OCC#CC(C7=CC=CC=C7)=O)=C5OCC#CC(C8=CC=CC=C8)=O)=C4OCC#CC(C9=CC=CC=C9)=O)=C1)(C)C
outer_cv,train,2,5,10,,,197,Group 14/194.log,Group 14,Group 14,194.log,CC(C1=CC2=C(OCCC#CC(C3=CC=CC=C3)=O)C(SC4=CC(C(C)(C)C)=CC(SC5=CC(C(C)(C)C)=CC6=C5OCCC#C(C(C7=CC=CC=C7)=O)C(C(C=C8S6)=CC(S2)=C8OCCC#CC(C9=CC=CC=C9)=O)(C)C)=C4OCCC#CC(C%10=CC=CC=C%10)=O)=C1)(C)C
outer_cv,train,2,5,10,,,198,Group 14/195.log,Group 14,Group 14,195.log,CC(C1=CC2=C(OCCCC#CC(C3=CC=CC=C3)=O)C(CC4=CC(C(C)(C)C)=CC(CC5=CC(C(C)(C)C)=CC(CC6=CC(C(C)(C)C)=CC(C2)=C6OCCCC#CC(C7=CC=CC=C7)=O)=C5OCCCC#CC(C8=CC=CC=C8)=O)=C4OCCCC#CC(C9=CC=CC=C9)=O)=C1)(C)C
outer_cv,train,2,5,10,,,199,Group 14/196.log,Group 14,Group 14,196.log,CC(C1=CC2=C(OCCCC#CC(C3=CC=CC=C3)=O)C(SC4=CC(C(C)(C)C)=CC(SC5=CC(C(C)(C)C)=CC(SC6=CC(C(C)(C)C)=CC(S2)=C6OCCCC#CC(C7=CC=CC=C7)=O)=C5OCCCC#CC(C8=CC=CC=C8)=O)=C4OCCCC#CC(C9=CC=CC=C9)=O)=C1)(C)C
outer_cv,train,2,5,10,,,200,Group 14/197.log,Group 14,Group 14,197.log,CC(C1=CC2=C(OCCCCC#CC(C3=CC=CC=C3)=O)C(SC4=CC(C(C)(C)C)=CC(SC5=CC(C(C)(C)C)=CC(SC6=CC(C(C)(C)C)=CC(S2)=C6OCCCCC#CC(C7=CC=CC=C7)=O)=C5OCCCCC#CC(C8=CC=CC=C8)=O)=C4OCCCCC#CC(C9=CC=CC=C9)=O)=C1)(C)C
outer_cv,train,2,5,10,,,201,Group 15/198.log,Group 15,Group 15,198.log,CC(C)(C)C1=CC(SC2=C3)=C(OCO)C(SC4=CC(C(C)(C)C)=CC(SC5=CC(C(C)(C)C)=CC(SC(C=C3C(C)(C)C)=C2OCC(O)=O)=C5OCC(O)=O)=C4OCC(O)=O)=C1.O=[C]
outer_cv,train,2,5,10,,,202,Group 15/199.log,Group 15,Group 15,199.log,CC(C)(C)C1=CC(CC2=C3)=C(OCO)C(CC4=CC(C(C)(C)C)=CC(CC5=CC(C(C)(C)C)=CC(CC(C=C3C(C)(C)C)=C2OCC(O)=O)=C5OCC(O)=O)=C4OCC(O)=O)=C1.O=[C]
outer_cv,train,2,5,10,,,203,Group 15/200.log,Group 15,Group 15,200.log,CC(C)(C1=CC(CC2=C(C(CC(C=C(C=C3C4)C(C)(C)C)=C3OCC(O)=O)=CC(C(C)(C)C)=C2)OCC(O)=O)=C(OCC(O)=O)C(CC5=CC(C(C)(C)C)=CC4=C5OCC(O)=O)=C1)C
outer_cv,train,2,5,10,,,204,Group 15/201.log,Group 15,Group 15,201.log,CC(C)(C)C1=CC(CC2=C3)=C(OCC(OCC)=O)C(CC4=CC(C(C)(C)C)=CC(CC5=CC(C(C)(C)C)=CC(CC(C=C3C(C)(C)C)=C2OCC(OCC)=O)=C5OCC(OCC)=O)=C4OCC(OCC)=O)=C1
outer_cv,train,2,5,10,,,205,Group 15/202.log,Group 15,Group 15,202.log,OC1=C(SC2=C(C(SC3=C(O)C(SC4=CC(C(C)(C)C)=CC(SC1=C5)=C4OCCN6C(C(OC)=O)=C(C(OC)=O)N=N6)=CC(C(C)(C)C)=C3)=CC(C(C)(C)C)=C2)OCCN7N=NC(C(OC)=O)=C7C(OC)=O)C=C5C(C)(C)C
outer_cv,train,2,5,10,,,206,Group 15/203.log,Group 15,Group 15,203.log,CC(C1=CC2=C(OCCCCCCCCCCCC)C(SC3=CC(C(C)(C)C)=CC(SC4=CC(C(C)(C)C)=CC(SC5=CC(C(C)(C)C)=CC(S2)=C5OCCCN6C(C(OC)=O)=C(C(OC)=O)N=N6)=C4OCCCCCCCCCCCC)=C3OCCCN7N=NC(C(OC)=O)=C7C(OC)=O)=C1)(C)C
outer_cv,train,2,5,10,,,207,Group 15/204.log,Group 15,Group 15,204.log,CC(C1=CC2=C(OCC(OCC)=O)C(CC3=CC(C(C)(C)C)=CC(CC4=CC(C(C)(C)C)=CC(CC5=CC(C(C)(C)C)=CC(C2)=C5OCC(OCC)=O)=C4OCC(OCC)=O)=C3OCC(OCC)=O)=C1)(C)C
outer_cv,train,2,5,10,,,208,Group 15/205.log,Group 15,Group 15,205.log,CC(C)(C1=CC(CC2=C(C(CC(C=C(C=C3C4)C(C)(C)C)=C3OCC(OCC)=O)=CC(C(C)(C)C)=C2)OCC(OCC)=O)=C(OCC(OCC)=O)C(CC5=CC(C(C)(C)C)=CC4=C5OCC(OCC)=O)=C1)C
outer_cv,train,2,5,10,,,209,Group 15/206.log,Group 15,Group 15,206.log,CC(C1=CC2=C(OCC(OCC)=O)C(SC3=CC(C(C)(C)C)=CC(SC4=CC(C(C)(C)C)=CC(SC5=CC(C(C)(C)C)=CC(S2)=C5OCC(OCC)=O)=C4OCC(OCC)=O)=C3OCC(OCC)=O)=C1)(C)C
outer_cv,train,2,5,10,,,210,Group 15/207.log,Group 15,Group 15,207.log,CC(C1=CC2=C(OCC(OC(C)(C)C)=O)C(SC3=CC(C(C)(C)C)=CC(SC4=CC(C(C)(C)C)=CC(SC5=CC(C(C)(C)C)=CC(S2)=C5OCC(OC(C)(C)C)=O)=C4OCC(OC(C)(C)C)=O)=C3OCC(OC(C)(C)C)=O)=C1)(C)C
outer_cv,train,2,5,10,,,211,Group 16/208.log,Group 16,Group 16,208.log,OC1=C(SC2=C(C(SC3=C(O)C(SC4=CC(C(C)(C)C)=CC(SC1=C5)=C4OCCN6C(C(C=CC=C7)=C7C6=O)=O)=CC(C(C)(C)C)=C3)=CC(C(C)(C)C)=C2)OCCN8C(C(C=CC=C9)=C9C8=O)=O)C=C5C(C)(C)C
outer_cv,train,2,5,10,,,212,Group 16/209.log,Group 16,Group 16,209.log,OC1=C(SC2=C(C(SC3=C(O)C(SC4=CC(C(C)(C)C)=CC(SC1=C5)=C4OCCCN6C(C(C=CC=C7)=C7C6=O)=O)=CC(C(C)(C)C)=C3)=CC(C(C)(C)C)=C2)OCCCN8C(C(C=CC=C9)=C9C8=O)=O)C=C5C(C)(C)C
outer_cv,train,2,5,10,,,213,Group 16/210.log,Group 16,Group 16,210.log,OC1=C(CC2=C(C(CC3=C(O)C(CC4=CC(C(C)(C)C)=CC(CC1=C5)=C4OCC(N6CCOCC6)=O)=CC(C(C)(C)C)=C3)=CC(C(C)(C)C)=C2)OCC(N7CCOCC7)=O)C=C5C(C)(C)C
outer_cv,train,2,5,10,,,214,Group 16/211.log,Group 16,Group 16,211.log,CC(C1=CC2=C(OCCOCCOCCOCCOCCOC3=C(SC4=CC(C(C)(C)C)=CC(S2)=C4OCCN5C(C(C=CC=C6)C6C5=O)=O)C=C(C(C)(C)C)C=C3S7)C(SC8=CC(C(C)(C)C)=CC7=C8OCCN9C(C(C=CC=C%10)C%10C9=O)=O)=C1)(C)C
outer_cv,train,2,5,10,,,215,Group 16/212.log,Group 16,Group 16,212.log,CC(C1=CC2=C(OCCOCCOCCOCCOCCOC3=C(SC4=CC(C(C)(C)C)=CC(S2)=C4OCCCN5C(C(C=CC=C6)=C6C5=O)=O)C=C(C(C)(C)C)C=C3S7)C(SC8=CC(C(C)(C)C)=CC7=C8OCCCN9C(C(C=CC=C%10)=C%10C9=O)=O)=C1)(C)C
outer_cv,train,2,5,10,,,216,Group 16/213.log,Group 16,Group 16,213.log,OC1=C(CC2=C(C(CC3=C(O)C(CC4=CC(C(C)(C)C)=CC(CC1=C5)=C4OCC(N6CCOCCOCCOCC6)=O)=CC(C(C)(C)C)=C3)=CC(C(C)(C)C)=C2)OCC(N7CCOCCOCCOCC7)=O)C=C5C(C)(C)C
outer_cv,train,2,5,10,,,217,Group 16/214.log,Group 16,Group 16,214.log,OC1=C(CC2=C(C(CC3=C(O)C(CC4=CC(C(C)(C)C)=CC(CC1=C5)=C4OCC(N6CCOCCOCCOCCOCC6)=O)=CC(C(C)(C)C)=C3)=CC(C(C)(C)C)=C2)OCC(N7CCOCCOCCOCCOCC7)=O)C=C5C(C)(C)C
outer_cv,train,2,5,10,,,218,Group 16/215.log,Group 16,Group 16,215.log,OC1=C(CC2=C(C(CC3=C(O)C(CC4=CC(C(C)(C)C)=CC(CC1=C5)=C4OCC(N6CCOCCOCCOCCOCCOCC6)=O)=CC(C(C)(C)C)=C3)=CC(C(C)(C)C)=C2)OCC(N7CCOCCOCCOCCOCCOCC7)=O)C=C5C(C)(C)C
outer_cv,train,2,5,10,,,219,Group 16/216.log,Group 16,Group 16,216.log,OC1=C(CC2=CC(C(C)(C)C)=CC(CC(C=C3C(C)(C)C)=C4OCC(N5CCOCCOCCOCC5)=O)=C2OCC(N6CCOCCOCCOCC6)=O)C=C(C(C)(C)C)C=C1CC7=CC(C(C)(C)C)=CC(CC4=C3)=C7OCC(N8CCOCCOCCOCC8)=O
outer_cv,train,2,5,10,,,220,Group 16/217.log,Group 16,Group 16,217.log,CC(C)(C)C1=CC(CC2=C3)=C(OCC(N4CCOCCOCCOCC4)=O)C(CC5=CC(C(C)(C)C)=CC(CC6=CC(C(C)(C)C)=CC(CC(C=C3C(C)(C)C)=C2OCC(N7CCOCCOCCOCC7)=O)=C6OCC(N8CCOCCOCCOCC8)=O)=C5OCC(N9CCOCCOCCOCC9)=O)=C1
outer_cv,train,2,5,10,,,223,Group 18/220.log,Group 18,Group 18,220.log,C12=C(C(SC(C=CC=C3S4)=C3OCCOCCOCCOC(C(SC5=CC=CC4=C5OCCCOC6=CC(C7=NC=CC=C7)=NC(C8=CC=CC=N8)=C6)=CC=C9)=C9S2)=CC=C1)OCCCOC%10=CC(C%11=NC=CC=C%11)=NC(C%12=CC=CC=N%12)=C%10
outer_cv,train,2,5,10,,,224,Group 18/221.log,Group 18,Group 18,221.log,CC(C1=CC2=C(OCCOCCOCCOC3=C(SC4=CC(C(C)(C)C)=CC(S2)=C4OCCCOC5=CC(C6=NC=CC=C6)=NC(C7=CC=CC=N7)=C5)C=C(C(C)(C)C)C=C3S8)C(SC9=CC(C(C)(C)C)=CC8=C9OCCCOC%10=CC(C%11=NC=CC=C%11)=NC(C%12=CC=CC=N%12)=C%10)=C1)(C)C
outer_cv,train,2,5,10,,,225,Group 18/222.log,Group 18,Group 18,222.log,CC(C1=CC2=C(OCCOCCOCCOCCOC3=C(SC4=CC(C(C)(C)C)=CC(S2)=C4OCCCOC5=CC(C6=NC=CC=C6)=NC(C7=CC=CC=N7)=C5)C=C(C(C)(C)C)C=C3S8)C(SC9=CC(C(C)(C)C)=CC8=C9OCCCOC%10=CC(C%11=NC=CC=C%11)=NC(C%12=CC=CC=N%12)=C%10)=C1)(C)C
outer_cv,train,2,5,10,,,226,Group 18/223.log,Group 18,Group 18,223.log,CC(C1=CC2=C(OCCOCCOCCOCCOCCOC3=C(SC4=CC(C(C)(C)C)=CC(S2)=C4OCCCOC5=CC(C6=NC=CC=C6)=NC(C7=CC=CC=N7)=C5)C=C(C(C)(C)C)C=C3S8)C(SC9=CC(C(C)(C)C)=CC8=C9OCCCOC%10=CC(C%11=NC=CC=C%11)=NC(C%12=CC=CC=N%12)=C%10)=C1)(C)C
outer_cv,train,2,5,10,,,247,Group 20/244.log,Group 20,Group 20,244.log,BrCCCOC1=C2C=CC=C1SC3=CC=CC4=C3OCCSCCSCCOC5=C(SC6=CC=CC(S4)=C6OCCCBr)C=CC=C5S2
outer_cv,train,2,5,10,,,248,Group 20/245.log,Group 20,Group 20,245.log,CC(C1=CC2=C(OCCSCCSCCOC3=C(SC4=CC(C(C)(C)C)=CC(S2)=C4OCCCBr)C=C(C(C)(C)C)C=C3S5)C(SC6=CC(C(C)(C)C)=CC5=C6OCCCBr)=C1)(C)C
outer_cv,train,2,5,10,,,249,Group 20/246.log,Group 20,Group 20,246.log,CC(C1=CC2=C(OCCSCCSCCOC3=C(SC4=CC(C(C)(C)C)=CC(S2)=C4OCCCCCCCCCCCC)C=C(C(C)(C)C)C=C3S5)C(SC6=CC(C(C)(C)C)=CC5=C6OCCCCCCCCCCCC)=C1)(C)C
outer_cv,train,2,5,10,,,250,Group 20/247.log,Group 20,Group 20,247.log,CC(C1=CC2=C(OCCCSCCOCCSCCCOC3=C(SC4=CC(C(C)(C)C)=CC(S2)=C4OCCCCCCCCCCCC)C=C(C(C)(C)C)C=C3S5)C(SC6=CC(C(C)(C)C)=CC5=C6OCCCCCCCCCCCC)=C1)(C)C
outer_cv,train,2,5,10,,,251,Group 20/248.log,Group 20,Group 20,248.log,CC(C1=CC2=C(OCCCSCCSCCSCCCOC3=C(SC4=CC(C(C)(C)C)=CC(S2)=C4OCCCCCCCCCCCC)C=C(C(C)(C)C)C=C3S5)C(SC6=CC(C(C)(C)C)=CC5=C6OCCCCCCCCCCCC)=C1)(C)C
outer_cv,valid,2,5,10,,,79,Group 8/76.log,Group 8,Group 8,76.log,OC1=C(SC2=C(C(SC3=C(O)C(SC4=CC(C(C)(C)C)=CC(SC1=C5)=C4OCCN)=CC(C(C)(C)C)=C3)=CC(C(C)(C)C)=C2)OCCN)C=C5C(C)(C)C
outer_cv,valid,2,5,10,,,80,Group 8/77.log,Group 8,Group 8,77.log,OC1=C(SC2=C(C(SC3=C(O)C(SC4=CC(C(C)(C)C)=CC(SC1=C5)=C4OCCCN)=CC(C(C)(C)C)=C3)=CC(C(C)(C)C)=C2)OCCCN)C=C5C(C)(C)C
outer_cv,valid,2,5,10,,,81,Group 8/78.log,Group 8,Group 8,78.log,OC1=C(SC2=C(C(SC3=C(O)C(SC4=CC(C(C)(C)C)=CC(SC1=C5)=C4OCCN)=CC(C(C)(C)C)=C3)=CC(C(C)(C)C)=C2)O)C=C5C(C)(C)C
outer_cv,valid,2,5,10,,,82,Group 8/79.log,Group 8,Group 8,79.log,OC1=C(SC2=C(C(SC3=C(O)C(SC4=CC(C(C)(C)C)=CC(SC1=C5)=C4OCCCN)=CC(C(C)(C)C)=C3)=CC(C(C)(C)C)=C2)O)C=C5C(C)(C)C
outer_cv,valid,2,5,10,,,83,Group 8/80.log,Group 8,Group 8,80.log,OC1=C(SC2=C(C(SC3=C(O)C(SC4=CC(C(C)(C)C)=CC(SC1=C5)=C4OCCN(CC)CC6=CC=CC=C6)=CC(C(C)(C)C)=C3)=CC(C(C)(C)C)=C2)OCCN(CC)CC7=CC=CC=C7)C=C5C(C)(C)C
outer_cv,valid,2,5,10,,,84,Group 8/81.log,Group 8,Group 8,81.log,CC(C1=CC2=C(OCCCCCCCCCCCC)C(SC3=CC(C(C)(C)C)=CC(SC4=CC(C(C)(C)C)=CC(SC5=CC(C(C)(C)C)=CC(S2)=C5OCCN)=C4OCCCCCCCCCCCC)=C3OCCN)=C1)(C)C
outer_cv,valid,2,5,10,,,85,Group 8/82.log,Group 8,Group 8,82.log,CC(C1=CC2=C(OCCCCCCCCCCCC)C(SC3=CC(C(C)(C)C)=CC(SC4=CC(C(C)(C)C)=CC(SC5=CC(C(C)(C)C)=CC(S2)=C5OCCCN)=C4OCCCCCCCCCCCC)=C3OCCCN)=C1)(C)C
outer_cv,valid,2,5,10,,,86,Group 8/83.log,Group 8,Group 8,83.log,CC(C1=CC2=C(OCCCCCCCCCCCC)C(SC3=CC(C(C)(C)C)=CC(SC4=CC(C(C)(C)C)=CC(SC5=CC(C(C)(C)C)=CC(S2)=C5OCCCN=[N+]=[N-])=C4OCCCCCCCCCCCC)=C3OCCCN=[N+]=[N-])=C1)(C)C
outer_cv,valid,2,5,10,,,87,Group 8/84.log,Group 8,Group 8,84.log,CC(C1=CC2=C(OCCN=[N+]=[N-])C(SC3=CC(C(C)(C)C)=CC(SC4=CC(C(C)(C)C)=CC(SC5=CC(C(C)(C)C)=CC(S2)=C5OCCN=[N+]=[N-])=C4OCCN=[N+]=[N-])=C3OCCN=[N+]=[N-])=C1)(C)C
outer_cv,valid,2,5,10,,,88,Group 8/85.log,Group 8,Group 8,85.log,CC(C1=CC2=C(OCCCN=[N+]=[N-])C(SC3=CC(C(C)(C)C)=CC(SC4=CC(C(C)(C)C)=CC(SC5=CC(C(C)(C)C)=CC(S2)=C5OCCCN=[N+]=[N-])=C4OCCCN=[N+]=[N-])=C3OCCCN=[N+]=[N-])=C1)(C)C
outer_cv,valid,2,5,10,,,89,Group 8/86.log,Group 8,Group 8,86.log,CC(C1=CC2=C(OCCCCN=[N+]=[N-])C(SC3=CC(C(C)(C)C)=CC(SC4=CC(C(C)(C)C)=CC(SC5=CC(C(C)(C)C)=CC(S2)=C5OCCCCN=[N+]=[N-])=C4OCCCCN=[N+]=[N-])=C3OCCCCN=[N+]=[N-])=C1)(C)C
outer_cv,valid,2,5,10,,,90,Group 8/87.log,Group 8,Group 8,87.log,CC(C1=CC2=C(OCCCCCN=[N+]=[N-])C(SC3=CC(C(C)(C)C)=CC(SC4=CC(C(C)(C)C)=CC(SC5=CC(C(C)(C)C)=CC(S2)=C5OCCCCCN=[N+]=[N-])=C4OCCCCCN=[N+]=[N-])=C3OCCCCCN=[N+]=[N-])=C1)(C)C
outer_cv,valid,2,5,10,,,91,Group 8/88.log,Group 8,Group 8,88.log,OC1=C(SC2=C(C(SC3=C(O)C(SC4=CC(C(C)(C)C)=CC(SC1=C5)=C4OCCN=[N+]=[N-])=CC(C(C)(C)C)=C3)=CC(C(C)(C)C)=C2)OCCN=[N+]=[N-])C=C5C(C)(C)C
outer_cv,valid,2,5,10,,,92,Group 8/89.log,Group 8,Group 8,89.log,OC1=C(SC2=C(C(SC3=C(O)C(SC4=CC(C(C)(C)C)=CC(SC1=C5)=C4OCCN=[N+]=[N-])=CC(C(C)(C)C)=C3)=CC(C(C)(C)C)=C2)O)C=C5C(C)(C)C
outer_cv,valid,2,5,10,,,93,Group 8/90.log,Group 8,Group 8,90.log,OC1=C(SC2=C(C(SC3=C(O)C(SC4=CC(C(C)(C)C)=CC(SC1=C5)=C4OCCCN=[N+]=[N-])=CC(C(C)(C)C)=C3)=CC(C(C)(C)C)=C2)O)C=C5C(C)(C)C
outer_cv,valid,2,5,10,,,227,Group 19/224.log,Group 19,Group 19,224.log,OC1=C(SC2=C(C(SC3=C(O)C(SC4=CC(C(C)(C)C)=CC(SC1=C5)=C4OCCSCCCCCCCC)=CC(C(C)(C)C)=C3)=CC(C(C)(C)C)=C2)OCCSCCCCCCCC)C=C5C(C)(C)C
outer_cv,valid,2,5,10,,,228,Group 19/225.log,Group 19,Group 19,225.log,OC1=C(SC2=C(C(SC3=C(O)C(SC4=CC(C(C)(C)C)=CC(SC1=C5)=C4OCCSC)=CC(C(C)(C)C)=C3)=CC(C(C)(C)C)=C2)OCCSC)C=C5C(C)(C)C
outer_cv,valid,2,5,10,,,229,Group 19/226.log,Group 19,Group 19,226.log,OC1=C(SC2=C(C(SC3=C(O)C(SC4=CC(C(C)(C)C)=CC(SC1=C5)=C4OCCSCC6=CC=CC=C6)=CC(C(C)(C)C)=C3)=CC(C(C)(C)C)=C2)OCCSCC7=CC=CC=C7)C=C5C(C)(C)C
outer_cv,valid,2,5,10,,,230,Group 19/227.log,Group 19,Group 19,227.log,OC1=C(SC2=C(C(SC3=C(O)C(SC4=CC(C(C)(C)C)=CC(SC1=C5)=C4OCCCSCC)=CC(C(C)(C)C)=C3)=CC(C(C)(C)C)=C2)OCCCSCC)C=C5C(C)(C)C
outer_cv,valid,2,5,10,,,231,Group 19/228.log,Group 19,Group 19,228.log,OC1=C(CC2=C(C(CC3=C(O)C(C4)=CC=C3)=CC=C2)OCCCS)C=CC=C1CC5=C(OCCCS)C4=CC=C5
outer_cv,valid,2,5,10,,,232,Group 19/229.log,Group 19,Group 19,229.log,OC1=C(SC2=C(C(SC3=C(O)C(SC4=CC(C(C)(C)C)=CC(SC1=C5)=C4OCCCSCCSCCS)=CC(C(C)(C)C)=C3)=CC(C(C)(C)C)=C2)O)C=C5C(C)(C)C
outer_cv,valid,2,5,10,,,233,Group 19/230.log,Group 19,Group 19,230.log,CC(C1=CC2=C(OCCCS)C(SC3=CC(C(C)(C)C)=CC(SC4=CC(C(C)(C)C)=CC(SC5=CC(C(C)(C)C)=CC(S2)=C5OCCCS)=C4OCCCS)=C3OCCCS)=C1)(C)C
outer_cv,valid,2,5,10,,,234,Group 19/231.log,Group 19,Group 19,231.log,CC(C1=CC2=C(OCCCSCC(OC)=O)C(SC3=CC(C(C)(C)C)=CC(SC4=CC(C(C)(C)C)=CC(SC5=CC(C(C)(C)C)=CC(S2)=C5OCCCSCC(OC)=O)=C4OCCCSCC(OC)=O)=C3OCCCSCC(OC)=O)=C1)(C)C
outer_cv,valid,2,5,10,,,235,Group 19/232.log,Group 19,Group 19,232.log,CC(C1=CC2=C(OCCCCSCC(OC)=O)C(SC3=CC(C(C)(C)C)=CC(SC4=CC(C(C)(C)C)=CC(SC5=CC(C(C)(C)C)=CC(S2)=C5OCCCCSCC(OC)=O)=C4OCCCCSCC(OC)=O)=C3OCCCCSCC(OC)=O)=C1)(C)C
outer_cv,valid,2,5,10,,,236,Group 19/233.log,Group 19,Group 19,233.log,CC(C1=CC2=C(OCCCCCSCC(OC)=O)C(SC3=CC(C(C)(C)C)=CC(SC4=CC(C(C)(C)C)=CC(SC5=CC(C(C)(C)C)=CC(S2)=C5OCCCCCSCC(OC)=O)=C4OCCCCCSCC(OC)=O)=C3OCCCCCSCC(OC)=O)=C1)(C)C
outer_cv,valid,2,5,10,,,237,Group 19/234.log,Group 19,Group 19,234.log,CC(C1=CC2=C(OCCOCCO)C(SC3=CC(C(C)(C)C)=CC(SC4=CC(C(C)(C)C)=CC(SC5=CC(C(C)(C)C)=CC(S2)=C5OCCSCC(OC)=O)=C4OCCOCCO)=C3OCCSCC(OC)=O)=C1)(C)C
outer_cv,valid,2,5,10,,,238,Group 19/235.log,Group 19,Group 19,235.log,OC1=C(SC2=C(C(SC3=C(O)C(SC4=CC(C(C)(C)C)=CC(SC1=C5)=C4OCCSC(C)=O)=CC(C(C)(C)C)=C3)=CC(C(C)(C)C)=C2)OCCSC(C)=O)C=C5C(C)(C)C
outer_cv,valid,2,5,10,,,239,Group 19/236.log,Group 19,Group 19,236.log,OC1=C(SC2=C(C(SC3=C(O)C(SC4=CC(C(C)(C)C)=CC(SC1=C5)=C4OCCCSC(C)=O)=CC(C(C)(C)C)=C3)=CC(C(C)(C)C)=C2)OCCCSC(C)=O)C=C5C(C)(C)C
outer_cv,valid,2,5,10,,,240,Group 19/237.log,Group 19,Group 19,237.log,CC(C1=CC2=C(OCCSCCCCCCCC)C(SC3=CC(C(C)(C)C)=CC(SC4=CC(C(C)(C)C)=CC(SC5=CC(C(C)(C)C)=CC(S2)=C5OCCC#C)=C4OCCSCCCCCCCC)=C3OCCC#C)=C1)(C)C
outer_cv,valid,2,5,10,,,241,Group 19/238.log,Group 19,Group 19,238.log,CC(C1=CC2=C(OCCSCCCCCCCC)C(SC3=CC(C(C)(C)C)=CC(SC4=CC(C(C)(C)C)=CC(SC5=CC(C(C)(C)C)=CC(S2)=C5OCCCC#C)=C4OCCSCCCCCCCC)=C3OCCCC#C)=C1)(C)C
outer_cv,valid,2,5,10,,,242,Group 19/239.log,Group 19,Group 19,239.log,CC(C1=CC2=C(OCCSCCCCCCCC)C(SC3=CC(C(C)(C)C)=CC(SC4=CC(C(C)(C)C)=CC(SC5=CC(C(C)(C)C)=CC(S2)=C5OCCCCC#C)=C4OCCSCCCCCCCC)=C3OCCCCC#C)=C1)(C)C
outer_cv,valid,2,5,10,,,243,Group 19/240.log,Group 19,Group 19,240.log,CC(C1=CC2=C(OCCSCCCCCCCC)C(SC3=CC(C(C)(C)C)=CC(SC4=CC(C(C)(C)C)=CC(SC5=CC(C(C)(C)C)=CC(S2)=C5OCCCBr)=C4OCCSCCCCCCCC)=C3OCCCBr)=C1)(C)C
outer_cv,valid,2,5,10,,,244,Group 19/241.log,Group 19,Group 19,241.log,CC(C1=CC2=C(OCCSCCCCCCCC)C(SC3=CC(C(C)(C)C)=CC(SC4=CC(C(C)(C)C)=CC(SC5=CC(C(C)(C)C)=CC(S2)=C5OCCCN=[N+]=[N-])=C4OCCSCCCCCCCC)=C3OCCCN=[N+]=[N-])=C1)(C)C
outer_cv,valid,2,5,10,,,245,Group 19/242.log,Group 19,Group 19,242.log,CC(C1=CC2=C(OCCSCCCCCCCC)C(SC3=CC(C(C)(C)C)=CC(SC4=CC(C(C)(C)C)=CC(SC5=CC(C(C)(C)C)=CC(S2)=C5OCCCN6C(C(OC)=O)=C(C(OC)=O)N=N6)=C4OCCSCCCCCCCC)=C3OCCCN7N=NC(C(OC)=O)=C7C(OC)=O)=C1)(C)C
outer_cv,valid,2,5,10,,,246,Group 19/243.log,Group 19,Group 19,243.log,OC1=C(SC2=C(C(SC3=C(O)C(SC4=CC(C(C)(C)C)=CC(SC1=C5)=C4OCCCBr)=CC(C(C)(C)C)=C3)=CC(C(C)(C)C)=C2)OCCCSC(C)=O)C=C5C(C)(C)C
outer_cv,valid,2,5,10,,,258,Group 22/255.log,Group 22,Group 22,255.log,CC(C1=CC2=C(OCCOCCOCCOC3=C(SC4=CC(C(C)(C)C)=CC(S2)=C4OCCSC(C)=O)C=C(C(C)(C)C)C=C3S5)C(SC6=CC(C(C)(C)C)=CC5=C6OCCSC(C)=O)=C1)(C)C
outer_cv,valid,2,5,10,,,259,Group 22/256.log,Group 22,Group 22,256.log,CC(C1=CC2=C(OCCOCCOCCOC3=C(SC4=CC(C(C)(C)C)=CC(S2)=C4OCCCSC(C)=O)C=C(C(C)(C)C)C=C3S5)C(SC6=CC(C(C)(C)C)=CC5=C6OCCCSC(C)=O)=C1)(C)C
outer_cv,valid,2,5,10,,,260,Group 22/257.log,Group 22,Group 22,257.log,CC(C1=CC2=C(OCCOCCOCCOC3=C(SC4=CC(C(C)(C)C)=CC(S2)=C4OCCSC)C=C(C(C)(C)C)C=C3S5)C(SC6=CC(C(C)(C)C)=CC5=C6OCCSC)=C1)(C)C
outer_cv,valid,2,5,10,,,261,Group 22/258.log,Group 22,Group 22,258.log,CC(C1=CC2=C(OCCOCCOCCOC3=C(SC4=CC(C(C)(C)C)=CC(S2)=C4OCCSCC5=CC=CC=C5)C=C(C(C)(C)C)C=C3S6)C(SC7=CC(C(C)(C)C)=CC6=C7OCCSCC8=CC=CC=C8)=C1)(C)C
outer_cv,valid,2,5,10,,,262,Group 22/259.log,Group 22,Group 22,259.log,CC(C1=CC2=C(OCCOCCOCCOC3=C(SC4=CC(C(C)(C)C)=CC(S2)=C4OCCCSCC)C=C(C(C)(C)C)C=C3S5)C(SC6=CC(C(C)(C)C)=CC5=C6OCCCSCC)=C1)(C)C
outer_cv,valid,2,5,10,,,263,Group 22/260.log,Group 22,Group 22,260.log,CC(C1=CC2=C(OCCOCCOCCOCCOC3=C(SC4=CC(C(C)(C)C)=CC(S2)=C4OCCSCC5=CC=CC=C5)C=C(C(C)(C)C)C=C3S6)C(SC7=CC(C(C)(C)C)=CC6=C7OCCSCC8=CC=CC=C8)=C1)(C)C
outer_cv,valid,2,5,10,,,264,Group 22/261.log,Group 22,Group 22,261.log,CC(C1=CC2=C(OCCOCCOCCOCCOC3=C(SC4=CC(C(C)(C)C)=CC(S2)=C4OCCCSCC)C=C(C(C)(C)C)C=C3S5)C(SC6=CC(C(C)(C)C)=CC5=C6OCCCSCC)=C1)(C)C
outer_cv,valid,2,5,10,,,265,Group 22/262.log,Group 22,Group 22,262.log,CC(C1=CC2=C(OCCOCCOC3=C(SC4=CC(C(C)(C)C)=CC(S2)=C4OCCCSC(C)=O)C=C(C(C)(C)C)C=C3S5)C(SC6=CC(C(C)(C)C)=CC5=C6OCCCSC(C)=O)=C1)(C)C
outer_cv,train,3,1,11,,,11,Group 2/12.log,Group 2,Group 2,12.log,OC1=C(SC2=C(C(SC3=C(O)C(SC4=CC(C(C)(C)C)=CC(SC1=C5)=C4O[Si](C)(C(C)(C)C)C)=CC(C(C)(C)C)=C3)=CC(C(C)(C)C)=C2)O[Si](C)(C)C(C)(C)C)C=C5C(C)(C)C
outer_cv,train,3,1,11,,,12,Group 2/13.log,Group 2,Group 2,13.log,OC1=C(SC2=C(C(SC3=C(O)C(S4)=CC=C3)=CC=C2)O[Si](C)(C)C(C)(C)C)C=CC=C1SC5=C(O[Si](C)(C(C)(C)C)C)C4=CC=C5
outer_cv,train,3,1,11,,,13,Group 2/14.log,Group 2,Group 2,14.log,OC1=C(SC2=C(C(SC3=C(O)C(SC4=CC(Br)=CC(SC1=C5)=C4O[Si](C)(C(C)(C)C)C)=CC(Br)=C3)=CC(Br)=C2)O[Si](C)(C)C(C)(C)C)C=C5Br
outer_cv,train,3,1,11,,,14,Group 2/15.log,Group 2,Group 2,15.log,OC1=C(SC2=C(C(SC3=C(O)C(S4)=CC=C3)=CC=C2)OS(C(F)(F)F)(=O)=O)C=CC=C1SC5=C(OS(=O)(C(F)(F)F)=O)C4=CC=C5
outer_cv,train,3,1,11,,,58,Group 5/55.log,Group 5,Group 5,55.log,CC(C1=CC2=C(OCCC#C)C(SC3=CC(C(C)(C)C)=CC(SC4=CC(C(C)(C)C)=CC5=C4OCCC#CC(C(C=C6S5)=CC(S2)=C6OCCCCCCCCCCCC)(C)C)=C3OCCCCCCCCCCCC)=C1)(C)C
outer_cv,train,3,1,11,,,59,Group 5/56.log,Group 5,Group 5,56.log,CC(C1=CC2=C(OCCCC#C)C(SC3=CC(C(C)(C)C)=CC(SC4=CC(C(C)(C)C)=CC(SC5=CC(C(C)(C)C)=CC(S2)=C5OCCCCCCCCCCCC)=C4OCCCC#C)=C3OCCCCCCCCCCCC)=C1)(C)C
outer_cv,train,3,1,11,,,60,Group 5/57.log,Group 5,Group 5,57.log,CC(C1=CC2=C(OCCCCC#C)C(SC3=CC(C(C)(C)C)=CC(SC4=CC(C(C)(C)C)=CC(SC5=CC(C(C)(C)C)=CC(S2)=C5OCCCCCCCCCCCC)=C4OCCCCC#C)=C3OCCCCCCCCCCCC)=C1)(C)C
outer_cv,train,3,1,11,,,61,Group 6/58.log,Group 6,Group 6,58.log,OC1=C(CC2=C(C(CC3=C(O)C(CC4=CC(C(C)(C)C)=CC(CC1=C5)=C4OCCBr)=CC(C(C)(C)C)=C3)=CC(C(C)(C)C)=C2)OCCBr)C=C5C(C)(C)C
outer_cv,train,3,1,11,,,62,Group 6/59.log,Group 6,Group 6,59.log,OC1=C(CC2=C(C(CC3=C(O)C(CC4=CC(C(C)(C)C)=CC(CC1=C5)=C4OCCCBr)=CC(C(C)(C)C)=C3)=CC(C(C)(C)C)=C2)OCCCBr)C=C5C(C)(C)C
outer_cv,train,3,1,11,,,63,Group 6/60.log,Group 6,Group 6,60.log,OC1=C(CC2=C(C(CC3=C(O)C(CC4=CC(C(C)(C)C)=CC(CC1=C5)=C4OCCCCBr)=CC(C(C)(C)C)=C3)=CC(C(C)(C)C)=C2)OCCCCBr)C=C5C(C)(C)C
outer_cv,train,3,1,11,,,64,Group 6/61.log,Group 6,Group 6,61.log,OC1=C(SC2=C(C(SC3=C(O)C(SC4=CC([N+]([O-])=O)=CC(SC1=C5)=C4OCCCBr)=CC([N+]([O-])=O)=C3)=CC([N+]([O-])=O)=C2)OCCCBr)C=C5[N+]([O-])=O
outer_cv,train,3,1,11,,,65,Group 6/62.log,Group 6,Group 6,62.log,CC(C1=CC2=C(OCCCBr)C(SC3=CC(C(C)(C)C)=CC(SC4=CC(C(C)(C)C)=CC(SC5=CC(C(C)(C)C)=CC(S2)=C5OCCCBr)=C4OCCCBr)=C3OCCCBr)=C1)(C)C
outer_cv,train,3,1,11,,,66,Group 6/63.log,Group 6,Group 6,63.log,CC(C1=CC2=C(OCCCCBr)C(SC3=CC(C(C)(C)C)=CC(SC4=CC(C(C)(C)C)=CC(SC5=CC(C(C)(C)C)=CC(S2)=C5OCCCCBr)=C4OCCCCBr)=C3OCCCCBr)=C1)(C)C
outer_cv,train,3,1,11,,,67,Group 6/64.log,Group 6,Group 6,64.log,CC(C1=CC2=C(OCCCCCBr)C(SC3=CC(C(C)(C)C)=CC(SC4=CC(C(C)(C)C)=CC(SC5=CC(C(C)(C)C)=CC(S2)=C5OCCCCCBr)=C4OCCCCCBr)=C3OCCCCCBr)=C1)(C)C
outer_cv,train,3,1,11,,,68,Group 6/65.log,Group 6,Group 6,65.log,CC(C1=CC2=C(OCCCCCCBr)C(SC3=CC(C(C)(C)C)=CC(SC4=CC(C(C)(C)C)=CC(SC5=CC(C(C)(C)C)=CC(S2)=C5OCCCCCCBr)=C4OCCCCCCBr)=C3OCCCCCCBr)=C1)(C)C
outer_cv,train,3,1,11,,,69,Group 6/66.log,Group 6,Group 6,66.log,CC(C1=CC2=C(OCCCCCCCCCCCC)C(SC3=CC(C(C)(C)C)=CC(SC4=CC(C(C)(C)C)=CC(SC5=CC(C(C)(C)C)=CC(S2)=C5OCCCBr)=C4OCCCCCCCCCCCC)=C3OCCCBr)=C1)(C)C
outer_cv,train,3,1,11,,,70,Group 6/67.log,Group 6,Group 6,67.log,CC(C1=CC2=C(OCCCCCCOC3=C(SC4=CC(C(C)(C)C)=CC(S2)=C4OCCCCCCBr)C=C(C(C)(C)C)C=C3S5)C(SC6=CC(C(C)(C)C)=CC5=C6OCCCCCCBr)=C1)(C)C
outer_cv,train,3,1,11,,,71,Group 7/68.log,Group 7,Group 7,68.log,OC1=C(CC2=C(C(CC3=C(O)C(CC4=CC(/N=N/C5=CC=C([N+]([O-])=O)C=C5)=CC(CC1=C6)=C4O)=CC(/N=N/C7=CC=C([N+]([O-])=O)C=C7)=C3)=CC(/N=N/C8=CC=C([N+]([O-])=O)C=C8)=C2)O)C=C6/N=N/C9=CC=C([N+]([O-])=O)C=C9
outer_cv,train,3,1,11,,,72,Group 7/69.log,Group 7,Group 7,69.log,OC1=C(SC2=C(C(SC3=C(O)C(SC4=CC(/N=N/C5=CC=C([N+]([O-])=O)C=C5)=CC(SC1=C6)=C4O)=CC(/N=N/C7=CC=C([N+]([O-])=O)C=C7)=C3)=CC(/N=N/C8=CC=C([N+]([O-])=O)C=C8)=C2)O)C=C6/N=N/C9=CC=C([N+]([O-])=O)C=C9
outer_cv,train,3,1,11,,,73,Group 7/70.log,Group 7,Group 7,70.log,OC1=C(SC2=C(C(SC3=C(O)C(SC4=CC(/N=N/C5=CC=C([N+]([O-])=O)C=C5)=CC(SC1=C6)=C4OCCCBr)=CC(/N=N/C7=CC=C([N+]([O-])=O)C=C7)=C3)=CC(/N=N/C8=CC=C([N+]([O-])=O)C=C8)=C2)OCCCBr)C=C6/N=N/C9=CC=C([N+]([O-])=O)C=C9
outer_cv,train,3,1,11,,,74,Group 7/71.log,Group 7,Group 7,71.log,OC1=C(SC2=C(C(SC3=C(O)C(SC4=CC(C(C)(C)C)=CC(SC1=C5)=C4OCCCOC6=CC=C(/N=N/C7=CC=C([N+]([O-])=O)C=C7)C=C6)=CC(C(C)(C)C)=C3)=CC(C(C)(C)C)=C2)OCCCOC8=CC=C(/N=N/C9=CC=C([N+]([O-])=O)C=C9)C=C8)C=C5C(C)(C)C
outer_cv,train,3,1,11,,,75,Group 7/72.log,Group 7,Group 7,72.log,OC(C=C1)=CC=C1/N=N/C2=CC=C([N+]([O-])=O)C=C2
outer_cv,train,3,1,11,,,76,Group 7/73.log,Group 7,Group 7,73.log,OCCCOC(C=C1)=CC=C1/N=N/C2=CC=C([N+]([O-])=O)C=C2
outer_cv,train,3,1,11,,,77,Group 7/74.log,Group 7,Group 7,74.log,CCCCCCCCOC(C=C1)=CC=C1/N=N/C2=CC=C([N+]([O-])=O)C=C2
outer_cv,train,3,1,11,,,78,Group 7/75.log,Group 7,Group 7,75.log,OCCN(CC)C(C=C1)=CC=C1/N=N/C2=CC=C([N+]([O-])=O)C=C2
outer_cv,train,3,1,11,,,79,Group 8/76.log,Group 8,Group 8,76.log,OC1=C(SC2=C(C(SC3=C(O)C(SC4=CC(C(C)(C)C)=CC(SC1=C5)=C4OCCN)=CC(C(C)(C)C)=C3)=CC(C(C)(C)C)=C2)OCCN)C=C5C(C)(C)C
outer_cv,train,3,1,11,,,80,Group 8/77.log,Group 8,Group 8,77.log,OC1=C(SC2=C(C(SC3=C(O)C(SC4=CC(C(C)(C)C)=CC(SC1=C5)=C4OCCCN)=CC(C(C)(C)C)=C3)=CC(C(C)(C)C)=C2)OCCCN)C=C5C(C)(C)C
outer_cv,train,3,1,11,,,81,Group 8/78.log,Group 8,Group 8,78.log,OC1=C(SC2=C(C(SC3=C(O)C(SC4=CC(C(C)(C)C)=CC(SC1=C5)=C4OCCN)=CC(C(C)(C)C)=C3)=CC(C(C)(C)C)=C2)O)C=C5C(C)(C)C
outer_cv,train,3,1,11,,,82,Group 8/79.log,Group 8,Group 8,79.log,OC1=C(SC2=C(C(SC3=C(O)C(SC4=CC(C(C)(C)C)=CC(SC1=C5)=C4OCCCN)=CC(C(C)(C)C)=C3)=CC(C(C)(C)C)=C2)O)C=C5C(C)(C)C
outer_cv,train,3,1,11,,,83,Group 8/80.log,Group 8,Group 8,80.log,OC1=C(SC2=C(C(SC3=C(O)C(SC4=CC(C(C)(C)C)=CC(SC1=C5)=C4OCCN(CC)CC6=CC=CC=C6)=CC(C(C)(C)C)=C3)=CC(C(C)(C)C)=C2)OCCN(CC)CC7=CC=CC=C7)C=C5C(C)(C)C
outer_cv,train,3,1,11,,,84,Group 8/81.log,Group 8,Group 8,81.log,CC(C1=CC2=C(OCCCCCCCCCCCC)C(SC3=CC(C(C)(C)C)=CC(SC4=CC(C(C)(C)C)=CC(SC5=CC(C(C)(C)C)=CC(S2)=C5OCCN)=C4OCCCCCCCCCCCC)=C3OCCN)=C1)(C)C
outer_cv,train,3,1,11,,,85,Group 8/82.log,Group 8,Group 8,82.log,CC(C1=CC2=C(OCCCCCCCCCCCC)C(SC3=CC(C(C)(C)C)=CC(SC4=CC(C(C)(C)C)=CC(SC5=CC(C(C)(C)C)=CC(S2)=C5OCCCN)=C4OCCCCCCCCCCCC)=C3OCCCN)=C1)(C)C
outer_cv,train,3,1,11,,,86,Group 8/83.log,Group 8,Group 8,83.log,CC(C1=CC2=C(OCCCCCCCCCCCC)C(SC3=CC(C(C)(C)C)=CC(SC4=CC(C(C)(C)C)=CC(SC5=CC(C(C)(C)C)=CC(S2)=C5OCCCN=[N+]=[N-])=C4OCCCCCCCCCCCC)=C3OCCCN=[N+]=[N-])=C1)(C)C
outer_cv,train,3,1,11,,,87,Group 8/84.log,Group 8,Group 8,84.log,CC(C1=CC2=C(OCCN=[N+]=[N-])C(SC3=CC(C(C)(C)C)=CC(SC4=CC(C(C)(C)C)=CC(SC5=CC(C(C)(C)C)=CC(S2)=C5OCCN=[N+]=[N-])=C4OCCN=[N+]=[N-])=C3OCCN=[N+]=[N-])=C1)(C)C
outer_cv,train,3,1,11,,,88,Group 8/85.log,Group 8,Group 8,85.log,CC(C1=CC2=C(OCCCN=[N+]=[N-])C(SC3=CC(C(C)(C)C)=CC(SC4=CC(C(C)(C)C)=CC(SC5=CC(C(C)(C)C)=CC(S2)=C5OCCCN=[N+]=[N-])=C4OCCCN=[N+]=[N-])=C3OCCCN=[N+]=[N-])=C1)(C)C
outer_cv,train,3,1,11,,,89,Group 8/86.log,Group 8,Group 8,86.log,CC(C1=CC2=C(OCCCCN=[N+]=[N-])C(SC3=CC(C(C)(C)C)=CC(SC4=CC(C(C)(C)C)=CC(SC5=CC(C(C)(C)C)=CC(S2)=C5OCCCCN=[N+]=[N-])=C4OCCCCN=[N+]=[N-])=C3OCCCCN=[N+]=[N-])=C1)(C)C
outer_cv,train,3,1,11,,,90,Group 8/87.log,Group 8,Group 8,87.log,CC(C1=CC2=C(OCCCCCN=[N+]=[N-])C(SC3=CC(C(C)(C)C)=CC(SC4=CC(C(C)(C)C)=CC(SC5=CC(C(C)(C)C)=CC(S2)=C5OCCCCCN=[N+]=[N-])=C4OCCCCCN=[N+]=[N-])=C3OCCCCCN=[N+]=[N-])=C1)(C)C
outer_cv,train,3,1,11,,,91,Group 8/88.log,Group 8,Group 8,88.log,OC1=C(SC2=C(C(SC3=C(O)C(SC4=CC(C(C)(C)C)=CC(SC1=C5)=C4OCCN=[N+]=[N-])=CC(C(C)(C)C)=C3)=CC(C(C)(C)C)=C2)OCCN=[N+]=[N-])C=C5C(C)(C)C
outer_cv,train,3,1,11,,,92,Group 8/89.log,Group 8,Group 8,89.log,OC1=C(SC2=C(C(SC3=C(O)C(SC4=CC(C(C)(C)C)=CC(SC1=C5)=C4OCCN=[N+]=[N-])=CC(C(C)(C)C)=C3)=CC(C(C)(C)C)=C2)O)C=C5C(C)(C)C
outer_cv,train,3,1,11,,,93,Group 8/90.log,Group 8,Group 8,90.log,OC1=C(SC2=C(C(SC3=C(O)C(SC4=CC(C(C)(C)C)=CC(SC1=C5)=C4OCCCN=[N+]=[N-])=CC(C(C)(C)C)=C3)=CC(C(C)(C)C)=C2)O)C=C5C(C)(C)C
outer_cv,train,3,1,11,,,94,Group 9/91.log,Group 9,Group 9,91.log,CC(C)(C1=CC(CC2=C(C(CC(C=C(C=C3C4)C(C)(C)C)=C3OCC5=CC(C6=CC=CC=C6)=NN5)=CC(C(C)(C)C)=C2)OCC7=CC(C8=CC=CC=C8)=NN7)=C(OCC9=CC(C%10=CC=CC=C%10)=NN9)C(CC%11=CC(C(C)(C)C)=CC4=C%11OCC%12=CC(C%13=CC=CC=C%13)=NN%12)=C1)C
outer_cv,train,3,1,11,,,95,Group 9/92.log,Group 9,Group 9,92.log,CC(C)(C1=CC(CC2=C(C(CC(C=C(C=C3C4)C(C)(C)C)=C3OCC5=CC(C6=CC=C(C)C=C6)=NN5)=CC(C(C)(C)C)=C2)OCC7=CC(C8=CC=C(C)C=C8)=NN7)=C(OCC9=CC(C%10=CC=C(C)C=C%10)=NN9)C(CC%11=CC(C(C)(C)C)=CC4=C%11OCC%12=CC(C%13=CC=C(C)C=C%13)=NN%12)=C1)C
outer_cv,train,3,1,11,,,96,Group 9/93.log,Group 9,Group 9,93.log,CC(C)(C1=CC(CC2=C(C(CC(C=C(C=C3C4)C(C)(C)C)=C3OCC5=CC(C6=CC=C(Cl)C=C6)=NN5)=CC(C(C)(C)C)=C2)OCC7=CC(C8=CC=C(Cl)C=C8)=NN7)=C(OCC9=CC(C%10=CC=C(Cl)C=C%10)=NN9)C(CC%11=CC(C(C)(C)C)=CC4=C%11OCC%12=CC(C%13=CC=C(Cl)C=C%13)=NN%12)=C1)C
outer_cv,train,3,1,11,,,97,Group 9/94.log,Group 9,Group 9,94.log,CC(C)(C1=CC(CC2=C(C(CC(C=C(C=C3C4)C(C)(C)C)=C3OCC5=CC(C6=CC=C(OC)C=C6)=NN5)=CC(C(C)(C)C)=C2)OCC7=CC(C8=CC=C(OC)C=C8)=NN7)=C(OCC9=CC(C%10=CC=C(OC)C=C%10)=NN9)C(CC%11=CC(C(C)(C)C)=CC4=C%11OCC%12=CC(C%13=CC=C(OC)C=C%13)=NN%12)=C1)C
outer_cv,train,3,1,11,,,98,Group 9/95.log,Group 9,Group 9,95.log,CC(C)(C)C1=CC(CC2=C3)=C(OCC4=CC(C5=CC=C(C)C=C5)=NN4)C(CC6=CC(C(C)(C)C)=CC(CC7=CC(C(C)(C)C)=CC(CC(C=C3C(C)(C)C)=C2OCC8=CC(C9=CC=C(C)C=C9)=NN8)=C7OCC%10=CC(C%11=CC=C(C)C=C%11)=N[N]%10)=C6OCC%12=CC(C%13=CC=C(C)C=C%13)=NN%12)=C1
outer_cv,train,3,1,11,,,99,Group 9/96.log,Group 9,Group 9,96.log,CC(C)(C)C1=CC(CC2=C3)=C(OCC4=CC(C5=CC=C(Cl)C=C5)=NN4)C(CC6=CC(C(C)(C)C)=CC(CC7=CC(C(C)(C)C)=CC(CC(C=C3C(C)(C)C)=C2OCC8=CC(C9=CC=C(Cl)C=C9)=NN8)=C7OCC%10=CC(C%11=CC=C(Cl)C=C%11)=N[N]%10)=C6OCC%12=CC(C%13=CC=C(Cl)C=C%13)=NN%12)=C1
outer_cv,train,3,1,11,,,100,Group 9/97.log,Group 9,Group 9,97.log,CC(C)(C)C1=CC(CC2=C3)=C(OCC4=CC(C5=CC=C(OC)C=C5)=NN4)C(CC6=CC(C(C)(C)C)=CC(CC7=CC(C(C)(C)C)=CC(CC(C=C3C(C)(C)C)=C2OCC8=CC(C9=CC=C(OC)C=C9)=NN8)=C7OCC%10=CC(C%11=CC=C(OC)C=C%11)=NN%10)=C6OCC%12=CC(C%13=CC=C(OC)C=C%13)=NN%12)=C1
outer_cv,train,3,1,11,,,101,Group 9/98.log,Group 9,Group 9,98.log,CC(C)(C)C1=CC(CC2=C3)=C(OCC4=CC(C5=CC=CC=C5)=NN4)C(CC6=CC(C(C)(C)C)=CC(CC7=CC(C(C)(C)C)=CC(CC(C=C3C(C)(C)C)=C2OCC8=CC(C9=CC=CC=C9)=NN8)=C7OCC%10=CC(C%11=CC=CC=C%11)=NN%10)=C6OCC%12=CC(C%13=CC=CC=C%13)=NN%12)=C1
outer_cv,train,3,1,11,,,102,Group 9/99.log,Group 9,Group 9,99.log,CC(C1=CC2=C(OCC3=CC(C4=CC=CC=C4)=NN3)C(CC5=CC(C(C)(C)C)=CC(CC6=CC(C(C)(C)C)=CC(CC7=CC(C(C)(C)C)=CC(C2)=C7OCC8=CC(C9=CC=CC=C9)=NN8)=C6OCC%10=CC(C%11=CC=CC=C%11)=NN%10)=C5OCC%12=CC(C%13=CC=CC=C%13)=NN%12)=C1)(C)C
outer_cv,train,3,1,11,,,103,Group 9/100.log,Group 9,Group 9,100.log,CC(C1=CC2=C(OCC3=CC(C4=CC=C(C)C=C4)=NN3)C(CC5=CC(C(C)(C)C)=CC(CC6=CC(C(C)(C)C)=CC(CC7=CC(C(C)(C)C)=CC(C2)=C7OCC8=CC(C9=CC=C(C)C=C9)=NN8)=C6OCC%10=CC(C%11=CC=C(C)C=C%11)=NN%10)=C5OCC%12=CC(C%13=CC=C(C)C=C%13)=NN%12)=C1)(C)C
outer_cv,train,3,1,11,,,104,Group 9/101.log,Group 9,Group 9,101.log,CC(C1=CC2=C(OCC3=CC(C4=CC=C(Cl)C=C4)=NN3)C(CC5=CC(C(C)(C)C)=CC(CC6=CC(C(C)(C)C)=CC(CC7=CC(C(C)(C)C)=CC(C2)=C7OCC8=CC(C9=CC=C(Cl)C=C9)=NN8)=C6OCC%10=CC(C%11=CC=C(Cl)C=C%11)=NN%10)=C5OCC%12=CC(C%13=CC=C(Cl)C=C%13)=NN%12)=C1)(C)C
outer_cv,train,3,1,11,,,105,Group 9/102.log,Group 9,Group 9,102.log,CC(C1=CC2=C(OCC3=CC(C4=CC=C(OC)C=C4)=NN3)C(CC5=CC(C(C)(C)C)=CC(CC6=CC(C(C)(C)C)=CC(CC7=CC(C(C)(C)C)=CC(C2)=C7OCC8=CC(C9=CC=C(OC)C=C9)=NN8)=C6OCC%10=CC(C%11=CC=C(OC)C=C%11)=NN%10)=C5OCC%12=CC(C%13=CC=C(OC)C=C%13)=NN%12)=C1)(C)C
outer_cv,train,3,1,11,,,106,Group 9/103.log,Group 9,Group 9,103.log,C1(C2)=C(C(CC(C=CC=C3CC4=C(OCC5=CC(C6=CC=CC=C6)=NN5)C(CC7=CC=CC2=C7OCC8=CC(C9=CC=CC=C9)=NN8)=CC=C4)=C3OCC%10=CC(C%11=CC=CC=C%11)=NN%10)=CC=C1)OCC%12=CC(C%13=CC=CC=C%13)=NN%12
outer_cv,train,3,1,11,,,107,Group 9/104.log,Group 9,Group 9,104.log,CC(C1=CC2=C(OCCCC3=CC(C4=CC=CC=C4)=NN3)C(CC5=CC(C(C)(C)C)=CC(CC6=CC(C(C)(C)C)=CC(CC7=CC(C(C)(C)C)=CC(C2)=C7OCCCC8=CC(C9=CC=CC=C9)=NN8)=C6OCCCC%10=CC(C%11=CC=CC=C%11)=NN%10)=C5OCCCC%12=CC(C%13=CC=CC=C%13)=NN%12)=C1)(C)C
outer_cv,train,3,1,11,,,108,Group 9/105.log,Group 9,Group 9,105.log,CC(C1=CC2=C(OCC3=CC(C4=CC=CC=C4)=NN3)C(SC5=CC(C(C)(C)C)=CC(SC6=CC(C(C)(C)C)=CC(SC7=CC(C(C)(C)C)=CC(S2)=C7OCC8=CC(C9=CC=CC=C9)=NN8)=C6OCC%10=CC(C%11=CC=CC=C%11)=NN%10)=C5OCC%12=CC(C%13=CC=CC=C%13)=NN%12)=C1)(C)C
outer_cv,train,3,1,11,,,109,Group 9/106.log,Group 9,Group 9,106.log,CC(C1=CC2=C(OCCCC3=CC(C4=CC=CC=C4)=NN3)C(SC5=CC(C(C)(C)C)=CC(SC6=CC(C(C)(C)C)=CC(SC7=CC(C(C)(C)C)=CC(S2)=C7OCCCC8=CC(C9=CC=CC=C9)=NN8)=C6OCCCC%10=CC(C%11=CC=CC=C%11)=NN%10)=C5OCCCC%12=CC(C%13=CC=CC=C%13)=NN%12)=C1)(C)C
outer_cv,train,3,1,11,,,110,Group 9/107.log,Group 9,Group 9,107.log,CC(C1=CC2=C(OCCCCC3=CC(C4=CC=CC=C4)=NN3)C(SC5=CC(C(C)(C)C)=CC(SC6=CC(C(C)(C)C)=CC(SC7=CC(C(C)(C)C)=CC(S2)=C7OCCCCC8=CC(C9=CC=CC=C9)=NN8)=C6OCCCCC%10=CC(C%11=CC=CC=C%11)=NN%10)=C5OCCCCC%12=CC(C%13=CC=CC=C%13)=NN%12)=C1)(C)C
outer_cv,train,3,1,11,,,111,Group 9/108.log,Group 9,Group 9,108.log,CC(C1=CC2=C(OCCCCCN3C=CC=N3)C(SC4=CC(C(C)(C)C)=CC(SC5=CC(C(C)(C)C)=CC(SC6=CC(C(C)(C)C)=CC(S2)=C6OCCCCCN7C=CC=N7)=C5OCCCCCN8N=CC=C8)=C4OCCCCCN9N=CC=C9)=C1)(C)C
outer_cv,train,3,1,11,,,112,Group 9/109.log,Group 9,Group 9,109.log,CC(C)(C)C(C=C1)=CC=C1OCC2=N3N([H][N]4C(COC5=CC=C(C(C)(C)C)C=C5)=CC(C6=CC=CC=C6)=[N]4[H]N(N([H][N]7[N]([H]3)=C(C8=CC=CC=C8)C=C7COC9=CC=C(C(C)(C)C)C=C9)C(C%10=CC=CC=C%10)=C%11)=C%11COC%12=CC=C(C(C)(C)C)C=C%12)C(C%13=CC=CC=C%13)=C2
outer_cv,train,3,1,11,,,113,Group 9/110.log,Group 9,Group 9,110.log,CC(C)(C)C(C=C1)=CC=C1OCC2=CC(C3=CC=CC=C3)=N([H]N([N]([H][N]4N5=C(C6=CC=CC=C6)C=C4COC7=CC=C(C(C)(C)C)C=C7)C(COC8=CC=C(C(C)(C)C)C=C8)=C9)=C9C%10=CC=CC=C%10)[N]2[H][N]%11N([H]5)=C(C%12=CC=CC=C%12)C=C%11COC%13=CC=C(C(C)(C)C)C=C%13
outer_cv,train,3,1,11,,,127,Group 11/124.log,Group 11,Group 11,124.log,CC(C1=CC2=C(OCC3=CN(CCOC(C(SC(C=C4C(C)(C)C)=C5O)=C6)=C(C=C6C(C)(C)C)SC7=C(O)C(SC(C=C(C=C8SC5=C4)C(C)(C)C)=C8O)=CC(C(C)(C)C)=C7)N=N3)C(SC9=CC(C(C)(C)C)=CC(SC%10=CC(C(C)(C)C)=CC(SC%11=CC(C(C)(C)C)=CC(S2)=C%11OCC%12=CN(CCOC%13=C(SC%14=C%15)C=C(C(C)(C)C)C=C%13SC%16=CC(C(C)(C)C)=CC(SC%17=CC(C(C)(C)C)=CC(SC(C=C%15C(C)(C)C)=C%14O)=C%17O)=C%16O)N=N%12)=C%10OCC%18=CN(CCOC%19=C(C=C(C=C%19SC%20=C%21)C(C)(C)C)SC%22=CC(C(C)(C)C)=CC(SC%23=C(O)C(SC(C=C%21C(C)(C)C)=C%20O)=CC(C(C)(C)C)=C%23)=C%22O)N=N%18)=C9OCC%24=CN(CCOC%25=C(SC(C=C%26C(C)(C)C)=C%27O)C=C(C(C)(C)C)C=C%25SC%28=C(O)C(SC%29=CC(C(C)(C)C)=CC(SC%27=C%26)=C%29O)=CC(C(C)(C)C)=C%28)N=N%24)=C1)(C)C
outer_cv,train,3,1,11,,,128,Group 11/125.log,Group 11,Group 11,125.log,CC(C1=CC2=C(OCC3=CN(CCCOC(C(SC(C=C4C(C)(C)C)=C5O)=C6)=C(C=C6C(C)(C)C)SC7=C(O)C(SC(C=C(C=C8SC5=C4)C(C)(C)C)=C8O)=CC(C(C)(C)C)=C7)N=N3)C(SC9=CC(C(C)(C)C)=CC(SC%10=CC(C(C)(C)C)=CC(SC%11=CC(C(C)(C)C)=CC(S2)=C%11OCC%12=CN(CCCOC%13=C(SC%14=C%15)C=C(C(C)(C)C)C=C%13SC%16=CC(C(C)(C)C)=CC(SC%17=CC(C(C)(C)C)=CC(SC(C=C%15C(C)(C)C)=C%14O)=C%17O)=C%16O)N=N%12)=C%10OCC%18=CN(CCCOC%19=C(C=C(C=C%19SC%20=C%21)C(C)(C)C)SC%22=CC(C(C)(C)C)=CC(SC%23=C(O)C(SC(C=C%21C(C)(C)C)=C%20O)=CC(C(C)(C)C)=C%23)=C%22O)N=N%18)=C9OCC%24=CN(CCCOC%25=C(SC(C=C%26C(C)(C)C)=C%27O)C=C(C(C)(C)C)C=C%25SC%28=C(O)C(SC%29=CC(C(C)(C)C)=CC(SC%27=C%26)=C%29O)=CC(C(C)(C)C)=C%28)N=N%24)=C1)(C)C
outer_cv,train,3,1,11,,,129,Group 11/126.log,Group 11,Group 11,126.log,CC(C1=CC(SC2=C(O)C(SC(C=C(C=C3SC4=C5)C(C)(C)C)=C3O)=CC(C(C)(C)C)=C2)=C(OCCN6N=NC(CCOC(C(SC7=CC(C(C)(C)C)=CC(SC8=CC(C(C)(C)C)=CC(S9)=C8OCCC%10=CN(CCOC%11=C(C=C(C=C%11SC%12=C%13)C(C)(C)C)SC%14=CC(C(C)(C)C)=CC(SC%15=C(O)C(SC(C=C%13C(C)(C)C)=C%12O)=CC(C(C)(C)C)=C%15)=C%14O)N=N%10)=C7OCCC%16=CN(CCOC%17=C(SC(C=C%18C(C)(C)C)=C%19O)C=C(C(C)(C)C)C=C%17SC%20=C(O)C(SC%21=CC(C(C)(C)C)=CC(SC%19=C%18)=C%21O)=CC(C(C)(C)C)=C%20)N=N%16)=CC(C(C)(C)C)=C%22)=C%22SC%23=C(C9=CC(C(C)(C)C)=C%23)OCCC%24=CN(CCOC%25=C(SC%26=C%27)C=C(C(C)(C)C)C=C%25SC%28=CC(C(C)(C)C)=CC(SC%29=CC(C(C)(C)C)=CC(SC(C=C%27C(C)(C)C)=C%26O)=C%29O)=C%28O)N=N%24)=C6)C(SC(C=C5C(C)(C)C)=C4O)=C1)(C)C
outer_cv,train,3,1,11,,,130,Group 11/127.log,Group 11,Group 11,127.log,OC1=C(SC2=C3)C=C(C(C)(C)C)C=C1SC4=CC(C(C)(C)C)=CC(SC5=CC(C(C)(C)C)=CC(SC(C=C3C(C)(C)C)=C2O)=C5OCCCN(N=N6)C=C6CCOC7=C(SC8=CC(C(C)(C)C)=CC(SC9=CC(C(C)(C)C)=CC(S%10)=C9OCCC%11=CN(CCCOC%12=C(SC%13=C%14)C=C(C(C)(C)C)C=C%12SC%15=CC(C(C)(C)C)=CC(SC%16=CC(C(C)(C)C)=CC(SC(C=C%14C(C)(C)C)=C%13O)=C%16O)=C%15O)N=N%11)=C8OCCC%17=CN(CCCOC%18=C(C=C(C=C%18SC%19=C%20)C(C)(C)C)SC%21=CC(C(C)(C)C)=CC(SC%22=C(O)C(SC(C=C%20C(C)(C)C)=C%19O)=CC(C(C)(C)C)=C%22)=C%21O)N=N%17)C=C(C(C)(C)C)C=C7SC%23=CC(C(C)(C)C)=CC%10=C%23OCCC%24=CN(CCCOC%25=C(C=C%26C(C)(C)C)SC%27=C(O)C(SC%28=C(O)C(SC%29=CC(C(C)(C)C)=CC(SC%25=C%26)=C%29O)=CC(C(C)(C)C)=C%28)=CC(C(C)(C)C)=C%27)N=N%24)=C4O
outer_cv,train,3,1,11,,,131,Group 11/128.log,Group 11,Group 11,128.log,CC(C1=CC2=C(OCCCC3=CN(CCOC4=C(C=C5C(C)(C)C)SC6=C(O)C(SC7=C(O)C(SC8=CC(C(C)(C)C)=CC(SC4=C5)=C8O)=CC(C(C)(C)C)=C7)=CC(C(C)(C)C)=C6)N=N3)C(SC9=CC(C(C)(C)C)=CC(SC%10=CC(C(C)(C)C)=CC(SC%11=CC(C(C)(C)C)=CC(S2)=C%11OCCCC%12=CN(CCOC%13=C(SC%14=C%15)C=C(C(C)(C)C)C=C%13SC%16=CC(C(C)(C)C)=CC(SC%17=CC(C(C)(C)C)=CC(SC(C=C%15C(C)(C)C)=C%14O)=C%17O)=C%16O)N=N%12)=C%10OCCCC%18=CN(CCOC%19=C(C=C(C=C%19SC%20=C%21)C(C)(C)C)SC%22=CC(C(C)(C)C)=CC(SC%23=C(O)C(SC(C=C%21C(C)(C)C)=C%20O)=CC(C(C)(C)C)=C%23)=C%22O)N=N%18)=C9OCCCC%24=CN(CCOC%25=C(SC(C=C%26C(C)(C)C)=C%27O)C=C(C(C)(C)C)C=C%25SC%28=C(O)C(SC%29=CC(C(C)(C)C)=CC(SC%27=C%26)=C%29O)=CC(C(C)(C)C)=C%28)N=N%24)=C1)(C)C
outer_cv,train,3,1,11,,,132,Group 11/129.log,Group 11,Group 11,129.log,CC(C1=CC2=C(OCCCC3=CN(CCCOC4=C(C=C5C(C)(C)C)SC6=C(O)C(SC7=C(O)C(SC8=CC(C(C)(C)C)=CC(SC4=C5)=C8O)=CC(C(C)(C)C)=C7)=CC(C(C)(C)C)=C6)N=N3)C(SC9=CC(C(C)(C)C)=CC(SC%10=CC(C(C)(C)C)=CC(SC%11=CC(C(C)(C)C)=CC(S2)=C%11OCCCC%12=CN(CCCOC%13=C(SC%14=C%15)C=C(C(C)(C)C)C=C%13SC%16=CC(C(C)(C)C)=CC(SC%17=CC(C(C)(C)C)=CC(SC(C=C%15C(C)(C)C)=C%14O)=C%17O)=C%16O)N=N%12)=C%10OCCCC%18=CN(CCCOC%19=C(C=C(C=C%19SC%20=C%21)C(C)(C)C)SC%22=CC(C(C)(C)C)=CC(SC%23=C(O)C(SC(C=C%21C(C)(C)C)=C%20O)=CC(C(C)(C)C)=C%23)=C%22O)N=N%18)=C9OCCCC%24=CN(CCCOC%25=C(SC(C=C%26C(C)(C)C)=C%27O)C=C(C(C)(C)C)C=C%25SC%28=C(O)C(SC%29=CC(C(C)(C)C)=CC(SC%27=C%26)=C%29O)=CC(C(C)(C)C)=C%28)N=N%24)=C1)(C)C
outer_cv,train,3,1,11,,,133,Group 11/130.log,Group 11,Group 11,130.log,CC(C1=CC2=C(OCCCCC3=CN(CCOC(C(SC(C=C4C(C)(C)C)=C5O)=C6)=C(C=C6C(C)(C)C)SC7=C(O)C(SC(C=C(C=C8SC5=C4)C(C)(C)C)=C8O)=CC(C(C)(C)C)=C7)N=N3)C(SC9=CC(C(C)(C)C)=CC(SC%10=CC(C(C)(C)C)=CC(SC%11=CC(C(C)(C)C)=CC(S2)=C%11OCCCCC%12=CN(CCOC%13=C(SC%14=C%15)C=C(C(C)(C)C)C=C%13SC%16=CC(C(C)(C)C)=CC(SC%17=CC(C(C)(C)C)=CC(SC(C=C%15C(C)(C)C)=C%14O)=C%17O)=C%16O)N=N%12)=C%10OCCCCC%18=CN(CCOC%19=C(C=C(C=C%19SC%20=C%21)C(C)(C)C)SC%22=CC(C(C)(C)C)=CC(SC%23=C(O)C(SC(C=C%21C(C)(C)C)=C%20O)=CC(C(C)(C)C)=C%23)=C%22O)N=N%18)=C9OCCCCC%24=CN(CCOC%25=C(SC(C=C%26C(C)(C)C)=C%27O)C=C(C(C)(C)C)C=C%25SC%28=C(O)C(SC%29=CC(C(C)(C)C)=CC(SC%27=C%26)=C%29O)=CC(C(C)(C)C)=C%28)N=N%24)=C1)(C)C
outer_cv,train,3,1,11,,,134,Group 11/131.log,Group 11,Group 11,131.log,CC(C1=CC2=C(OCCCCC3=CN(CCCOC(C(SC(C=C4C(C)(C)C)=C5O)=C6)=C(C=C6C(C)(C)C)SC7=C(O)C(SC(C=C(C=C8SC5=C4)C(C)(C)C)=C8O)=CC(C(C)(C)C)=C7)N=N3)C(SC9=CC(C(C)(C)C)=CC(SC%10=CC(C(C)(C)C)=CC(SC%11=CC(C(C)(C)C)=CC(S2)=C%11OCCCCC%12=CN(CCCOC%13=C(SC%14=C%15)C=C(C(C)(C)C)C=C%13SC%16=CC(C(C)(C)C)=CC(SC%17=CC(C(C)(C)C)=CC(SC(C=C%15C(C)(C)C)=C%14O)=C%17O)=C%16O)N=N%12)=C%10OCCCCC%18=CN(CCCOC%19=C(C=C(C=C%19SC%20=C%21)C(C)(C)C)SC%22=CC(C(C)(C)C)=CC(SC%23=C(O)C(SC(C=C%21C(C)(C)C)=C%20O)=CC(C(C)(C)C)=C%23)=C%22O)N=N%18)=C9OCCCCC%24=CN(CCCOC%25=C(SC(C=C%26C(C)(C)C)=C%27O)C=C(C(C)(C)C)C=C%25SC%28=C(O)C(SC%29=CC(C(C)(C)C)=CC(SC%27=C%26)=C%29O)=CC(C(C)(C)C)=C%28)N=N%24)=C1)(C)C
outer_cv,train,3,1,11,,,135,Group 11/132.log,Group 11,Group 11,132.log,CC(C1=CC(SC2=C(O)C(SC(C=C(C=C3SC4=C5)C(C)(C)C)=C3O)=CC(C(C)(C)C)=C2)=C(OCC6=CN(N=N6)CCOC(C(SC7=CC(C(C)(C)C)=CC(SC8=CC(C(C)(C)C)=CC(S9)=C8OCCN%10C=C(COC%11=C(C=C(C=C%11SC%12=C%13)C(C)(C)C)SC%14=CC(C(C)(C)C)=CC(SC%15=C(O)C(SC(C=C%13C(C)(C)C)=C%12O)=CC(C(C)(C)C)=C%15)=C%14O)N=N%10)=C7OCCN%16C=C(COC%17=C(SC(C=C%18C(C)(C)C)=C%19O)C=C(C(C)(C)C)C=C%17SC%20=C(O)C(SC%21=CC(C(C)(C)C)=CC(SC%19=C%18)=C%21O)=CC(C(C)(C)C)=C%20)N=N%16)=CC(C(C)(C)C)=C%22)=C%22SC%23=C(C9=CC(C(C)(C)C)=C%23)OCCN%24N=NC(COC%25=C(SC%26=C%27)C=C(C(C)(C)C)C=C%25SC%28=CC(C(C)(C)C)=CC(SC%29=CC(C(C)(C)C)=CC(SC(C=C%27C(C)(C)C)=C%26O)=C%29O)=C%28O)=C%24)C(SC(C=C5C(C)(C)C)=C4O)=C1)(C)C
outer_cv,train,3,1,11,,,136,Group 11/133.log,Group 11,Group 11,133.log,CC(C1=CC(SC2=C(O)C(SC(C=C(C=C3SC4=C5)C(C)(C)C)=C3O)=CC(C(C)(C)C)=C2)=C(OCCC6=CN(N=N6)CCOC(C(SC7=CC(C(C)(C)C)=CC(SC8=CC(C(C)(C)C)=CC(S9)=C8OCCN%10C=C(CCOC%11=C(C=C(C=C%11SC%12=C%13)C(C)(C)C)SC%14=CC(C(C)(C)C)=CC(SC%15=C(O)C(SC(C=C%13C(C)(C)C)=C%12O)=CC(C(C)(C)C)=C%15)=C%14O)N=N%10)=C7OCCN%16C=C(CCOC%17=C(SC(C=C%18C(C)(C)C)=C%19O)C=C(C(C)(C)C)C=C%17SC%20=C(O)C(SC%21=CC(C(C)(C)C)=CC(SC%19=C%18)=C%21O)=CC(C(C)(C)C)=C%20)N=N%16)=CC(C(C)(C)C)=C%22)=C%22SC%23=C(C9=CC(C(C)(C)C)=C%23)OCCN%24N=NC(CCOC%25=C(SC%26=C%27)C=C(C(C)(C)C)C=C%25SC%28=CC(C(C)(C)C)=CC(SC%29=CC(C(C)(C)C)=CC(SC(C=C%27C(C)(C)C)=C%26O)=C%29O)=C%28O)=C%24)C(SC(C=C5C(C)(C)C)=C4O)=C1)(C)C
outer_cv,train,3,1,11,,,137,Group 11/134.log,Group 11,Group 11,134.log,OC1=C(SC2=C3)C=C(C(C)(C)C)C=C1SC4=CC(C(C)(C)C)=CC(SC5=CC(C(C)(C)C)=CC(SC(C=C3C(C)(C)C)=C2O)=C5OCCCC(N=N6)=CN6CCOC7=C(SC8=CC(C(C)(C)C)=CC(SC9=CC(C(C)(C)C)=CC(S%10)=C9OCCN%11N=NC(CCCOC%12=C(SC%13=C%14)C=C(C(C)(C)C)C=C%12SC%15=CC(C(C)(C)C)=CC(SC%16=CC(C(C)(C)C)=CC(SC(C=C%14C(C)(C)C)=C%13O)=C%16O)=C%15O)=C%11)=C8OCCN%17C=C(CCCOC%18=C(C=C(C=C%18SC%19=C%20)C(C)(C)C)SC%21=CC(C(C)(C)C)=CC(SC%22=C(O)C(SC(C=C%20C(C)(C)C)=C%19O)=CC(C(C)(C)C)=C%22)=C%21O)N=N%17)C=C(C(C)(C)C)C=C7SC%23=CC(C(C)(C)C)=CC%10=C%23OCCN%24N=NC(CCCOC%25=C(C=C%26C(C)(C)C)SC%27=C(O)C(SC%28=C(O)C(SC%29=CC(C(C)(C)C)=CC(SC%25=C%26)=C%29O)=CC(C(C)(C)C)=C%28)=CC(C(C)(C)C)=C%27)=C%24)=C4O
outer_cv,train,3,1,11,,,138,Group 11/135.log,Group 11,Group 11,135.log,OC1=C(SC2=C3)C=C(C(C)(C)C)C=C1SC4=CC(C(C)(C)C)=CC(SC5=CC(C(C)(C)C)=CC(SC(C=C3C(C)(C)C)=C2O)=C5OCCCCC(N=N6)=CN6CCOC7=C(SC8=CC(C(C)(C)C)=CC(SC9=CC(C(C)(C)C)=CC(S%10)=C9OCCN%11N=NC(CCCCOC%12=C(SC%13=C%14)C=C(C(C)(C)C)C=C%12SC%15=CC(C(C)(C)C)=CC(SC%16=CC(C(C)(C)C)=CC(SC(C=C%14C(C)(C)C)=C%13O)=C%16O)=C%15O)=C%11)=C8OCCN%17C=C(CCCCOC%18=C(C=C(C=C%18SC%19=C%20)C(C)(C)C)SC%21=CC(C(C)(C)C)=CC(SC%22=C(O)C(SC(C=C%20C(C)(C)C)=C%19O)=CC(C(C)(C)C)=C%22)=C%21O)N=N%17)C=C(C(C)(C)C)C=C7SC%23=CC(C(C)(C)C)=CC%10=C%23OCCN%24N=NC(CCCCOC%25=C(C=C%26C(C)(C)C)SC%27=C(O)C(SC%28=C(O)C(SC%29=CC(C(C)(C)C)=CC(SC%25=C%26)=C%29O)=CC(C(C)(C)C)=C%28)=CC(C(C)(C)C)=C%27)=C%24)=C4O
outer_cv,train,3,1,11,,,139,Group 11/136.log,Group 11,Group 11,136.log,CC(C1=CC2=C(OCCCN3C=C(COC4=C(C=C5C(C)(C)C)SC6=C(O)C(SC7=C(O)C(SC8=CC(C(C)(C)C)=CC(SC4=C5)=C8O)=CC(C(C)(C)C)=C7)=CC(C(C)(C)C)=C6)N=N3)C(SC9=CC(C(C)(C)C)=CC(SC%10=CC(C(C)(C)C)=CC(SC%11=CC(C(C)(C)C)=CC(S2)=C%11OCCCN%12C=C(COC%13=C(SC%14=C%15)C=C(C(C)(C)C)C=C%13SC%16=CC(C(C)(C)C)=CC(SC%17=CC(C(C)(C)C)=CC(SC(C=C%15C(C)(C)C)=C%14O)=C%17O)=C%16O)N=N%12)=C%10OCCCN%18N=NC(COC%19=C(C=C(C=C%19SC%20=C%21)C(C)(C)C)SC%22=CC(C(C)(C)C)=CC(SC%23=C(O)C(SC(C=C%21C(C)(C)C)=C%20O)=CC(C(C)(C)C)=C%23)=C%22O)=C%18)=C9OCCCN%24N=NC(COC%25=C(SC(C=C%26C(C)(C)C)=C%27O)C=C(C(C)(C)C)C=C%25SC%28=C(O)C(SC%29=CC(C(C)(C)C)=CC(SC%27=C%26)=C%29O)=CC(C(C)(C)C)=C%28)=C%24)=C1)(C)C
outer_cv,train,3,1,11,,,140,Group 11/137.log,Group 11,Group 11,137.log,CC(C1=CC2=C(OCCCN3C=C(CCOC4=C(C=C5C(C)(C)C)SC6=C(O)C(SC7=C(O)C(SC8=CC(C(C)(C)C)=CC(SC4=C5)=C8O)=CC(C(C)(C)C)=C7)=CC(C(C)(C)C)=C6)N=N3)C(SC9=CC(C(C)(C)C)=CC(SC%10=CC(C(C)(C)C)=CC(SC%11=CC(C(C)(C)C)=CC(S2)=C%11OCCCN%12C=C(CCOC%13=C(SC%14=C%15)C=C(C(C)(C)C)C=C%13SC%16=CC(C(C)(C)C)=CC(SC%17=CC(C(C)(C)C)=CC(SC(C=C%15C(C)(C)C)=C%14O)=C%17O)=C%16O)N=N%12)=C%10OCCCN%18N=NC(CCOC%19=C(C=C(C=C%19SC%20=C%21)C(C)(C)C)SC%22=CC(C(C)(C)C)=CC(SC%23=C(O)C(SC(C=C%21C(C)(C)C)=C%20O)=CC(C(C)(C)C)=C%23)=C%22O)=C%18)=C9OCCCN%24N=NC(CCOC%25=C(SC(C=C%26C(C)(C)C)=C%27O)C=C(C(C)(C)C)C=C%25SC%28=C(O)C(SC%29=CC(C(C)(C)C)=CC(SC%27=C%26)=C%29O)=CC(C(C)(C)C)=C%28)=C%24)=C1)(C)C
outer_cv,train,3,1,11,,,141,Group 11/138.log,Group 11,Group 11,138.log,CC(C1=CC2=C(OCCCN3C=C(CCCOC4=C(C=C5C(C)(C)C)SC6=C(O)C(SC7=C(O)C(SC8=CC(C(C)(C)C)=CC(SC4=C5)=C8O)=CC(C(C)(C)C)=C7)=CC(C(C)(C)C)=C6)N=N3)C(SC9=CC(C(C)(C)C)=CC(SC%10=CC(C(C)(C)C)=CC(SC%11=CC(C(C)(C)C)=CC(S2)=C%11OCCCN%12C=C(CCCOC%13=C(SC%14=C%15)C=C(C(C)(C)C)C=C%13SC%16=CC(C(C)(C)C)=CC(SC%17=CC(C(C)(C)C)=CC(SC(C=C%15C(C)(C)C)=C%14O)=C%17O)=C%16O)N=N%12)=C%10OCCCN%18N=NC(CCCOC%19=C(C=C(C=C%19SC%20=C%21)C(C)(C)C)SC%22=CC(C(C)(C)C)=CC(SC%23=C(O)C(SC(C=C%21C(C)(C)C)=C%20O)=CC(C(C)(C)C)=C%23)=C%22O)=C%18)=C9OCCCN%24N=NC(CCCOC%25=C(SC(C=C%26C(C)(C)C)=C%27O)C=C(C(C)(C)C)C=C%25SC%28=C(O)C(SC%29=CC(C(C)(C)C)=CC(SC%27=C%26)=C%29O)=CC(C(C)(C)C)=C%28)=C%24)=C1)(C)C
outer_cv,train,3,1,11,,,142,Group 11/139.log,Group 11,Group 11,139.log,CC(C1=CC2=C(OCCCN3C=C(CCCCOC4=C(C=C5C(C)(C)C)SC6=C(O)C(SC7=C(O)C(SC8=CC(C(C)(C)C)=CC(SC4=C5)=C8O)=CC(C(C)(C)C)=C7)=CC(C(C)(C)C)=C6)N=N3)C(SC9=CC(C(C)(C)C)=CC(SC%10=CC(C(C)(C)C)=CC(SC%11=CC(C(C)(C)C)=CC(S2)=C%11OCCCN%12C=C(CCCCOC%13=C(SC%14=C%15)C=C(C(C)(C)C)C=C%13SC%16=CC(C(C)(C)C)=CC(SC%17=CC(C(C)(C)C)=CC(SC(C=C%15C(C)(C)C)=C%14O)=C%17O)=C%16O)N=N%12)=C%10OCCCN%18N=NC(CCCCOC%19=C(C=C(C=C%19SC%20=C%21)C(C)(C)C)SC%22=CC(C(C)(C)C)=CC(SC%23=C(O)C(SC(C=C%21C(C)(C)C)=C%20O)=CC(C(C)(C)C)=C%23)=C%22O)=C%18)=C9OCCCN%24N=NC(CCCCOC%25=C(S)C=C(C(C)(C)C)C=C%25SC%26=C(O)C(SC%27=CC(C(C)(C)C)=CC(SC%28=CC(C(C)(C)C)=CC=C%28O)=C%27O)=CC(C(C)(C)C)=C%26)=C%24)=C1)(C)C
outer_cv,train,3,1,11,,,143,Group 11/140.log,Group 11,Group 11,140.log,CC(C1=CC2=C(OCCCCN3N=NC(COC(C(SC(C=C4C(C)(C)C)=C5O)=C6)=C(C=C6C(C)(C)C)SC7=C(O)C(SC(C=C(C=C8SC5=C4)C(C)(C)C)=C8O)=CC(C(C)(C)C)=C7)=C3)C(SC9=CC(C(C)(C)C)=CC(SC%10=CC(C(C)(C)C)=CC(SC%11=CC(C(C)(C)C)=CC(S2)=C%11OCCCCN%12N=NC(COC%13=C(SC%14=C%15)C=C(C(C)(C)C)C=C%13SC%16=CC(C(C)(C)C)=CC(SC%17=CC(C(C)(C)C)=CC(SC(C=C%15C(C)(C)C)=C%14O)=C%17O)=C%16O)=C%12)=C%10OCCCCN%18C=C(COC%19=C(C=C(C=C%19SC%20=C%21)C(C)(C)C)SC%22=CC(C(C)(C)C)=CC(SC%23=C(O)C(SC(C=C%21C(C)(C)C)=C%20O)=CC(C(C)(C)C)=C%23)=C%22O)N=N%18)=C9OCCCCN%24C=C(COC%25=C(SC(C=C%26C(C)(C)C)=C%27O)C=C(C(C)(C)C)C=C%25SC%28=C(O)C(SC%29=CC(C(C)(C)C)=CC(SC%27=C%26)=C%29O)=CC(C(C)(C)C)=C%28)N=N%24)=C1)(C)C
outer_cv,train,3,1,11,,,144,Group 11/141.log,Group 11,Group 11,141.log,CC(C1=CC2=C(OCCCCN3N=NC(CCOC(C(SC(C=C4C(C)(C)C)=C5O)=C6)=C(C=C6C(C)(C)C)SC7=C(O)C(SC(C=C(C=C8SC5=C4)C(C)(C)C)=C8O)=CC(C(C)(C)C)=C7)=C3)C(SC9=CC(C(C)(C)C)=CC(SC%10=CC(C(C)(C)C)=CC(SC%11=CC(C(C)(C)C)=CC(S2)=C%11OCCCCN%12N=NC(CCOC%13=C(SC%14=C%15)C=C(C(C)(C)C)C=C%13SC%16=CC(C(C)(C)C)=CC(SC%17=CC(C(C)(C)C)=CC(SC(C=C%15C(C)(C)C)=C%14O)=C%17O)=C%16O)=C%12)=C%10OCCCCN%18C=C(CCOC%19=C(C=C(C=C%19SC%20=C%21)C(C)(C)C)SC%22=CC(C(C)(C)C)=CC(SC%23=C(O)C(SC(C=C%21C(C)(C)C)=C%20O)=CC(C(C)(C)C)=C%23)=C%22O)N=N%18)=C9OCCCCN%24C=C(CCOC%25=C(SC(C=C%26C(C)(C)C)=C%27O)C=C(C(C)(C)C)C=C%25SC%28=C(O)C(SC%29=CC(C(C)(C)C)=CC(SC%27=C%26)=C%29O)=CC(C(C)(C)C)=C%28)N=N%24)=C1)(C)C
outer_cv,train,3,1,11,,,145,Group 11/142.log,Group 11,Group 11,142.log,CC(C1=CC2=C(OCCCCN3N=NC(CCCOC(C(SC(C=C4C(C)(C)C)=C5O)=C6)=C(C=C6C(C)(C)C)SC7=C(O)C(SC(C=C(C=C8SC5=C4)C(C)(C)C)=C8O)=CC(C(C)(C)C)=C7)=C3)C(SC9=CC(C(C)(C)C)=CC(SC%10=CC(C(C)(C)C)=CC(SC%11=CC(C(C)(C)C)=CC(S2)=C%11OCCCCN%12N=NC(CCCOC%13=C(SC%14=C%15)C=C(C(C)(C)C)C=C%13SC%16=CC(C(C)(C)C)=CC(SC%17=CC(C(C)(C)C)=CC(SC(C=C%15C(C)(C)C)=C%14O)=C%17O)=C%16O)=C%12)=C%10OCCCCN%18C=C(CCCOC%19=C(C=C(C=C%19SC%20=C%21)C(C)(C)C)SC%22=CC(C(C)(C)C)=CC(SC%23=C(O)C(SC(C=C%21C(C)(C)C)=C%20O)=CC(C(C)(C)C)=C%23)=C%22O)N=N%18)=C9OCCCCN%24C=C(CCCOC%25=C(SC(C=C%26C(C)(C)C)=C%27O)C=C(C(C)(C)C)C=C%25SC%28=C(O)C(SC%29=CC(C(C)(C)C)=CC(SC%27=C%26)=C%29O)=CC(C(C)(C)C)=C%28)N=N%24)=C1)(C)C
outer_cv,train,3,1,11,,,146,Group 11/143.log,Group 11,Group 11,143.log,CC(C1=CC2=C(OCCCCN3N=NC(CCCCOC(C(SC(C=C4C(C)(C)C)=C5O)=C6)=C(C=C6C(C)(C)C)SC7=C(O)C(SC(C=C(C=C8SC5=C4)C(C)(C)C)=C8O)=CC(C(C)(C)C)=C7)=C3)C(SC9=CC(C(C)(C)C)=CC(SC%10=CC(C(C)(C)C)=CC(SC%11=CC(C(C)(C)C)=CC(S2)=C%11OCCCCN%12N=NC(CCCCOC%13=C(SC%14=C%15)C=C(C(C)(C)C)C=C%13SC%16=CC(C(C)(C)C)=CC(SC%17=CC(C(C)(C)C)=CC(SC(C=C%15C(C)(C)C)=C%14O)=C%17O)=C%16O)=C%12)=C%10OCCCCN%18C=C(CCCCOC%19=C(C=C(C=C%19SC%20=C%21)C(C)(C)C)SC%22=CC(C(C)(C)C)=CC(SC%23=C(O)C(SC(C=C%21C(C)(C)C)=C%20O)=CC(C(C)(C)C)=C%23)=C%22O)N=N%18)=C9OCCCCN%24C=C(CCCCOC%25=C(SC(C=C%26C(C)(C)C)=C%27O)C=C(C(C)(C)C)C=C%25SC%28=C(O)C(SC%29=CC(C(C)(C)C)=CC(SC%27=C%26)=C%29O)=CC(C(C)(C)C)=C%28)N=N%24)=C1)(C)C
outer_cv,train,3,1,11,,,147,Group 11/144.log,Group 11,Group 11,144.log,CC(C1=CC2=C(OCCCCCN3N=NC(COC(C(SC(C=C4C(C)(C)C)=C5O)=C6)=C(C=C6C(C)(C)C)SC7=C(O)C(SC(C=C(C=C8SC5=C4)C(C)(C)C)=C8O)=CC(C(C)(C)C)=C7)=C3)C(SC9=CC(C(C)(C)C)=CC(SC%10=CC(C(C)(C)C)=CC(SC%11=CC(C(C)(C)C)=CC(S2)=C%11OCCCCCN%12N=NC(COC%13=C(SC%14=C%15)C=C(C(C)(C)C)C=C%13SC%16=CC(C(C)(C)C)=CC(SC%17=CC(C(C)(C)C)=CC(SC(C=C%15C(C)(C)C)=C%14O)=C%17O)=C%16O)=C%12)=C%10OCCCCCN%18C=C(COC%19=C(C=C(C=C%19SC%20=C%21)C(C)(C)C)SC%22=CC(C(C)(C)C)=CC(SC%23=C(O)C(SC(C=C%21C(C)(C)C)=C%20O)=CC(C(C)(C)C)=C%23)=C%22O)N=N%18)=C9OCCCCCN%24C=C(COC%25=C(SC(C=C%26C(C)(C)C)=C%27O)C=C(C(C)(C)C)C=C%25SC%28=C(O)C(SC%29=CC(C(C)(C)C)=CC(SC%27=C%26)=C%29O)=CC(C(C)(C)C)=C%28)N=N%24)=C1)(C)C
outer_cv,train,3,1,11,,,148,Group 11/145.log,Group 11,Group 11,145.log,CC(C1=CC2=C(OCCCCCN3N=NC(CCOC4=C(C=C5C(C)(C)C)SC6=C(O)C(SC7=C(O)C(SC8=CC(C(C)(C)C)=CC(SC4=C5)=C8O)=CC(C(C)(C)C)=C7)=CC(C(C)(C)C)=C6)=C3)C(SC9=CC(C(C)(C)C)=CC(SC%10=CC(C(C)(C)C)=CC(SC%11=CC(C(C)(C)C)=CC(S2)=C%11OCCCCCN%12N=NC(CCOC%13=C(SC%14=C%15)C=C(C(C)(C)C)C=C%13SC%16=CC(C(C)(C)C)=CC(SC%17=CC(C(C)(C)C)=CC(SC(C=C%15C(C)(C)C)=C%14O)=C%17O)=C%16O)=C%12)=C%10OCCCCCN%18C=C(CCOC%19=C(C=C(C=C%19SC%20=C%21)C(C)(C)C)SC%22=CC(C(C)(C)C)=CC(SC%23=C(O)C(SC(C=C%21C(C)(C)C)=C%20O)=CC(C(C)(C)C)=C%23)=C%22O)N=N%18)=C9OCCCCCN%24C=C(CCOC%25=C(SC(C=C%26C(C)(C)C)=C%27O)C=C(C(C)(C)C)C=C%25SC%28=C(O)C(SC%29=CC(C(C)(C)C)=CC(SC%27=C%26)=C%29O)=CC(C(C)(C)C)=C%28)N=N%24)=C1)(C)C
outer_cv,train,3,1,11,,,149,Group 11/146.log,Group 11,Group 11,146.log,CC(C1=CC2=C(OCCCCCN3N=NC(CCCOC4=C(C=C5C(C)(C)C)SC6=C(O)C(SC7=C(O)C(SC8=CC(C(C)(C)C)=CC(SC4=C5)=C8O)=CC(C(C)(C)C)=C7)=CC(C(C)(C)C)=C6)=C3)C(SC9=CC(C(C)(C)C)=CC(SC%10=CC(C(C)(C)C)=CC(SC%11=CC(C(C)(C)C)=CC(S2)=C%11OCCCCCN%12N=NC(CCCOC%13=C(SC%14=C%15)C=C(C(C)(C)C)C=C%13SC%16=CC(C(C)(C)C)=CC(SC%17=CC(C(C)(C)C)=CC(SC(C=C%15C(C)(C)C)=C%14O)=C%17O)=C%16O)=C%12)=C%10OCCCCCN%18C=C(CCCOC%19=C(C=C(C=C%19SC%20=C%21)C(C)(C)C)SC%22=CC(C(C)(C)C)=CC(SC%23=C(O)C(SC(C=C%21C(C)(C)C)=C%20O)=CC(C(C)(C)C)=C%23)=C%22O)N=N%18)=C9OCCCCCN%24C=C(CCCOC%25=C(SC(C=C%26C(C)(C)C)=C%27O)C=C(C(C)(C)C)C=C%25SC%28=C(O)C(SC%29=CC(C(C)(C)C)=CC(SC%27=C%26)=C%29O)=CC(C(C)(C)C)=C%28)N=N%24)=C1)(C)C
outer_cv,train,3,1,11,,,150,Group 11/147.log,Group 11,Group 11,147.log,OC1=C(SC2=C3)C=C(C(C)(C)C)C=C1SC4=CC(C(C)(C)C)=CC(SC5=CC(C(C)(C)C)=CC(SC(C=C3C(C)(C)C)=C2O)=C5OCCCCC(N=N6)=CN6CCCCCOC7=C(SC8=CC(C(C)(C)C)=CC(SC9=CC(C(C)(C)C)=CC(S%10)=C9OCCCCCN%11N=NC(CCCCOC%12=C(SC%13=C%14)C=C(C(C)(C)C)C=C%12SC%15=CC(C(C)(C)C)=CC(SC%16=CC(C(C)(C)C)=CC(SC(C=C%14C(C)(C)C)=C%13O)=C%16O)=C%15O)=C%11)=C8OCCCCCN%17C=C(CCCCOC%18=C(C=C(C=C%18SC%19=C%20)C(C)(C)C)SC%21=CC(C(C)(C)C)=CC(SC%22=C(O)C(SC(C=C%20C(C)(C)C)=C%19O)=CC(C(C)(C)C)=C%22)=C%21O)N=N%17)C=C(C(C)(C)C)C=C7SC%23=CC(C(C)(C)C)=CC%10=C%23OCCCCCN%24N=NC(CCCCOC%25=C(C=C%26C(C)(C)C)SC%27=C(O)C(SC%28=C(O)C(SC%29=CC(C(C)(C)C)=CC(SC%25=C%26)=C%29O)=CC(C(C)(C)C)=C%28)=CC(C(C)(C)C)=C%27)=C%24)=C4O
outer_cv,train,3,1,11,,,161,Group 13/158.log,Group 13,Group 13,158.log,CC(C1=CC2=C(OCCOCCO)C(SC3=CC(C(C)(C)C)=CC(SC4=CC(C(C)(C)C)=CC(SC5=CC(C(C)(C)C)=CC(S2)=C5OCCOCCO)=C4OCCOCCO)=C3OCCOCCO)=C1)(C)C
outer_cv,train,3,1,11,,,162,Group 13/159.log,Group 13,Group 13,159.log,CC(C1=CC2=C(OCCOCCO)C(SC3=CC(C(C)(C)C)=CC(SC4=CC(C(C)(C)C)=CC(SC5=CC(C(C)(C)C)=CC(S2)=C5OCCBr)=C4OCCOCCO)=C3OCCBr)=C1)(C)C
outer_cv,train,3,1,11,,,163,Group 13/160.log,Group 13,Group 13,160.log,OC1=C2C=C(C(C)(C)C)C=C1SC3=C(OCCOCCOC4=C(S2)C=C5C(C)(C)C)C(SC6=CC(C(C)(C)C)=CC(SC4=C5)=C6O)=CC(C(C)(C)C)=C3
outer_cv,train,3,1,11,,,164,Group 13/161.log,Group 13,Group 13,161.log,OC1=C2C=C(C(C)(C)C)C=C1SC3=C(OCCOCCOCCOC4=C(S2)C=C5C(C)(C)C)C(SC6=CC(C(C)(C)C)=CC(SC4=C5)=C6O)=CC(C(C)(C)C)=C3
outer_cv,train,3,1,11,,,165,Group 13/162.log,Group 13,Group 13,162.log,OC1=C2C=C(C(C)(C)C)C=C1SC3=C(OCCOCCOCCOCCOC4=C(S2)C=C5C(C)(C)C)C(SC6=CC(C(C)(C)C)=CC(SC4=C5)=C6O)=CC(C(C)(C)C)=C3.C
outer_cv,train,3,1,11,,,166,Group 13/163.log,Group 13,Group 13,163.log,OC1=C2C=C(C(C)(C)C)C=C1SC3=C(OCCOCCOCCOCCOCCOC4=C(S2)C=C5C(C)(C)C)C(SC6=CC(C(C)(C)C)=CC(SC4=C5)=C6O)=CC(C(C)(C)C)=C3.C
outer_cv,train,3,1,11,,,167,Group 13/164.log,Group 13,Group 13,164.log,O=[N+](C1=CC(S2)=C3OCCOCCOCCOCCOC4=C5SC6=C(C2=CC([N+]([O-])=O)=C6)OCCOCCOCCOCCOC7=C(SC3=C1)C=C([N+]([O-])=O)C=C7SC4=CC([N+]([O-])=O)=C5)[O-]
outer_cv,train,3,1,11,,,168,Group 13/165.log,Group 13,Group 13,165.log,CC(C1=CC2=C(OCCOCCOC3=C(SC4=CC(C(C)(C)C)=CC(S2)=C4OCCBr)C=C(C(C)(C)C)C=C3S5)C(SC6=CC(C(C)(C)C)=CC5=C6OCCBr)=C1)(C)C
outer_cv,train,3,1,11,,,169,Group 13/166.log,Group 13,Group 13,166.log,CC(C1=CC2=C(OCCOCCOC3=C(SC4=CC(C(C)(C)C)=CC(S2)=C4OCCCBr)C=C(C(C)(C)C)C=C3S5)C(SC6=CC(C(C)(C)C)=CC5=C6OCCCBr)=C1)(C)C
outer_cv,train,3,1,11,,,170,Group 13/167.log,Group 13,Group 13,167.log,CC(C1=CC2=C(OCCOCCOCCOC3=C(SC4=CC(C(C)(C)C)=CC(S2)=C4OCCBr)C=C(C(C)(C)C)C=C3S5)C(SC6=CC(C(C)(C)C)=CC5=C6OCCBr)=C1)(C)C
outer_cv,train,3,1,11,,,171,Group 13/168.log,Group 13,Group 13,168.log,CC(C1=CC2=C(OCCOCCOCCOC3=C(SC4=CC(C(C)(C)C)=CC(S2)=C4OCCCBr)C=C(C(C)(C)C)C=C3S5)C(SC6=CC(C(C)(C)C)=CC5=C6OCCCBr)=C1)(C)C
outer_cv,train,3,1,11,,,172,Group 13/169.log,Group 13,Group 13,169.log,CC(C1=CC2=C(OCCOCCOCCOCCOC3=C(SC4=CC(C(C)(C)C)=CC(S2)=C4OCCCBr)C=C(C(C)(C)C)C=C3S5)C(SC6=CC(C(C)(C)C)=CC5=C6OCCCBr)=C1)(C)C
outer_cv,train,3,1,11,,,173,Group 13/170.log,Group 13,Group 13,170.log,CC(C1=CC2=C(OCCOCCOCCOCCOCCOC3=C(SC4=CC(C(C)(C)C)=CC(S2)=C4OCCBr)C=C(C(C)(C)C)C=C3S5)C(SC6=CC(C(C)(C)C)=CC5=C6OCCBr)=C1)(C)C
outer_cv,train,3,1,11,,,174,Group 13/171.log,Group 13,Group 13,171.log,CC(C1=CC2=C(OCCOCCOCCOCCOCCOC3=C(SC4=CC(C(C)(C)C)=CC(S2)=C4OCCCBr)C=C(C(C)(C)C)C=C3S5)C(SC6=CC(C(C)(C)C)=CC5=C6OCCCBr)=C1)(C)C
outer_cv,train,3,1,11,,,175,Group 13/172.log,Group 13,Group 13,172.log,CC(C1=CC2=C(OCCOCCOCCOCCOCCOCCOC3=C(SC4=CC(C(C)(C)C)=CC(S2)=C4OCCBr)C=C(C(C)(C)C)C=C3S5)C(SC6=CC(C(C)(C)C)=CC5=C6OCCBr)=C1)(C)C
outer_cv,train,3,1,11,,,176,Group 13/173.log,Group 13,Group 13,173.log,CC(C1=CC2=C(OCCOCCOCCOCCOCCOCCOC3=C(SC4=CC(C(C)(C)C)=CC(S2)=C4OCCCBr)C=C(C(C)(C)C)C=C3S5)C(SC6=CC(C(C)(C)C)=CC5=C6OCCCBr)=C1)(C)C
outer_cv,train,3,1,11,,,177,Group 13/174.log,Group 13,Group 13,174.log,CC(C)(C)C1=CC(SC(C=C2C(C)(C)C)=C3OCCOCCOCCOCCOCCOC(C(S4)=CC(C(C)(C)C)=C5)=C5SC6=C(C7=CC(C(C)(C)C)=C6)OCCCBr)=C(OCCCBr)C(SC8=C(OCCOCCOCCOCCOCCOC9=C(S7)C=C(C(C)(C)C)C=C9SC%10=C(OCCCBr)C4=CC(C(C)(C)C)=C%10)C(SC(C=C(C=C%11SC3=C2)C(C)(C)C)=C%11OCCCBr)=CC(C(C)(C)C)=C8)=C1
outer_cv,train,3,1,11,,,178,Group 13/175.log,Group 13,Group 13,175.log,CC(C1=CC2=C(OCCOCCOCCOC3=C(SC4=CC(C(C)(C)C)=CC(S2)=C4OCCCCCCCCCCCC)C=C(C(C)(C)C)C=C3S5)C(SC6=CC(C(C)(C)C)=CC5=C6OCCCCCCCCCCCC)=C1)(C)C
outer_cv,train,3,1,11,,,179,Group 13/176.log,Group 13,Group 13,176.log,CC(C1=CC2=C(OCCOCCOCCOCCOC3=C(SC4=CC(C(C)(C)C)=CC(S2)=C4OCCCCCCCCCCCC)C=C(C(C)(C)C)C=C3S5)C(SC6=CC(C(C)(C)C)=CC5=C6OCCCCCCCCCCCC)=C1)(C)C
outer_cv,train,3,1,11,,,180,Group 13/177.log,Group 13,Group 13,177.log,CC(C1=CC2=C(OCCOCCOCCOCCOCCOC3=C(SC4=CC(C(C)(C)C)=CC(S2)=C4OCCCCCCCCCCCC)C=C(C(C)(C)C)C=C3S5)C(SC6=CC(C(C)(C)C)=CC5=C6OCCCCCCCCCCCC)=C1)(C)C
outer_cv,train,3,1,11,,,181,Group 13/178.log,Group 13,Group 13,178.log,CC(C1=CC2=C(OCCOCCOCCOC3=C(SC4=CC(C(C)(C)C)=CC(S2)=C4OC)C=C(C(C)(C)C)C=C3S5)C(SC6=CC(C(C)(C)C)=CC5=C6OC)=C1)(C)C
outer_cv,train,3,1,11,,,182,Group 13/179.log,Group 13,Group 13,179.log,CC(C1=CC2=C(OCCOCCOCCOCCOC3=C(SC4=CC(C(C)(C)C)=CC(S2)=C4OC)C=C(C(C)(C)C)C=C3S5)C(SC6=CC(C(C)(C)C)=CC5=C6OC)=C1)(C)C
outer_cv,train,3,1,11,,,183,Group 13/180.log,Group 13,Group 13,180.log,CC(C1=CC2=C(OCCOCCOCCOCCOCCOC3=C(SC4=CC(C(C)(C)C)=CC(S2)=C4OC)C=C(C(C)(C)C)C=C3S5)C(SC6=CC(C(C)(C)C)=CC5=C6OC)=C1)(C)C
outer_cv,train,3,1,11,,,184,Group 14/181.log,Group 14,Group 14,181.log,CC(C)(C1=CC(CC2=C(C(CC(C=C(C=C3C4)C(C)(C)C)=C3OCC#CC(C5=CC=CC=C5)=O)=CC(C(C)(C)C)=C2)OCC#CC(C6=CC=CC=C6)=O)=C(OCC#CC(C7=CC=CC=C7)=O)C(CC8=CC(C(C)(C)C)=CC4=C8OCC#CC(C9=CC=CC=C9)=O)=C1)C
outer_cv,train,3,1,11,,,185,Group 14/182.log,Group 14,Group 14,182.log,CC(C)(C1=CC(CC2=C(C(CC(C=C(C=C3C4)C(C)(C)C)=C3OCC#CC(C5=CC=C(C)C=C5)=O)=CC(C(C)(C)C)=C2)OCC#CC(C6=CC=C(C)C=C6)=O)=C(OCC#CC(C7=CC=C(C)C=C7)=O)C(CC8=CC(C(C)(C)C)=CC4=C8OCC#CC(C9=CC=C(C)C=C9)=O)=C1)C
outer_cv,train,3,1,11,,,186,Group 14/183.log,Group 14,Group 14,183.log,CC(C)(C1=CC(CC2=C(C(CC(C=C(C=C3C4)C(C)(C)C)=C3OCC#CC(C5=CC=C(Cl)C=C5)=O)=CC(C(C)(C)C)=C2)OCC#CC(C6=CC=C(Cl)C=C6)=O)=C(OCC#CC(C7=CC=C(Cl)C=C7)=O)C(CC8=CC(C(C)(C)C)=CC4=C8OCC#CC(C9=CC=C(Cl)C=C9)=O)=C1)C
outer_cv,train,3,1,11,,,187,Group 14/184.log,Group 14,Group 14,184.log,CC(C)(C1=CC(CC2=C(C(CC(C=C(C=C3C4)C(C)(C)C)=C3OCC#CC(C5=CC=C(OC)C=C5)=O)=CC(C(C)(C)C)=C2)OCC#CC(C6=CC=C(OC)C=C6)=O)=C(OCC#CC(C7=CC=C(OC)C=C7)=O)C(CC8=CC(C(C)(C)C)=CC4=C8OCC#CC(C9=CC=C(OC)C=C9)=O)=C1)C
outer_cv,train,3,1,11,,,188,Group 14/185.log,Group 14,Group 14,185.log,CC(C1=CC2=C(OCC#CC(C3=CC=CC=C3)=O)C(CC4=CC(C(C)(C)C)=CC(CC5=CC(C(C)(C)C)=CC(CC6=CC(C(C)(C)C)=CC(C2)=C6OCC#CC(C7=CC=CC=C7)=O)=C5OCC#CC(C8=CC=CC=C8)=O)=C4OCC#CC(C9=CC=CC=C9)=O)=C1)(C)C
outer_cv,train,3,1,11,,,189,Group 14/186.log,Group 14,Group 14,186.log,CC(C1=CC2=C(OCC#CC(C3=CC=C(C)C=C3)=O)C(CC4=CC(C(C)(C)C)=CC(CC5=CC(C(C)(C)C)=CC(CC6=CC(C(C)(C)C)=CC(C2)=C6OCC#CC(C7=CC=C(C)C=C7)=O)=C5OCC#CC(C8=CC=C(C)C=C8)=O)=C4OCC#CC(C9=CC=C(C)C=C9)=O)=C1)(C)C
outer_cv,train,3,1,11,,,190,Group 14/187.log,Group 14,Group 14,187.log,CC(C)(C)C1=CC(CC2=C3)=C(OCC#CC(C4=CC=CC=C4)=O)C(CC5=CC(C(C)(C)C)=CC(CC6=CC(C(C)(C)C)=CC(CC(C=C3C(C)(C)C)=C2OCC#CC(C7=CC=CC=C7)=O)=C6OCC#CC(C8=CC=CC=C8)=O)=C5OCC#CC(C9=CC=CC=C9)=O)=C1
outer_cv,train,3,1,11,,,191,Group 14/188.log,Group 14,Group 14,188.log,CC(C)(C)C1=CC(CC2=C3)=C(OCC#CC(C4=CC=C(C)C=C4)=O)C(CC5=CC(C(C)(C)C)=CC(CC6=CC(C(C)(C)C)=CC(CC(C=C3C(C)(C)C)=C2OCC#CC(C7=CC=C(C)C=C7)=O)=C6OCC#CC(C8=CC=C(C)C=C8)=O)=C5OCC#CC(C9=CC=C(C)C=C9)=O)=C1
outer_cv,train,3,1,11,,,192,Group 14/189.log,Group 14,Group 14,189.log,CC(C)(C)C1=CC(CC2=C3)=C(OCC#CC(C4=CC=C(Cl)C=C4)=O)C(CC5=CC(C(C)(C)C)=CC(CC6=CC(C(C)(C)C)=CC(CC(C=C3C(C)(C)C)=C2OCC#CC(C7=CC=C(Cl)C=C7)=O)=C6OCC#CC(C8=CC=C(Cl)C=C8)=O)=C5OCC#CC(C9=CC=C(Cl)C=C9)=O)=C1
outer_cv,train,3,1,11,,,193,Group 14/190.log,Group 14,Group 14,190.log,CC(C)(C)C1=CC(CC2=C3)=C(OCC#CC(C4=CC=C(OC)C=C4)=O)C(CC5=CC(C(C)(C)C)=CC(CC6=CC(C(C)(C)C)=CC(CC(C=C3C(C)(C)C)=C2OCC#CC(C7=CC=C(OC)C=C7)=O)=C6OCC#CC(C8=CC=C(OC)C=C8)=O)=C5OCC#CC(C9=CC=C(OC)C=C9)=O)=C1
outer_cv,train,3,1,11,,,194,Group 14/191.log,Group 14,Group 14,191.log,CC(C1=CC2=C(OCC#CC(C3=CC=C(Cl)C=C3)=O)C(CC4=CC(C(C)(C)C)=CC(CC5=CC(C(C)(C)C)=CC(CC6=CC(C(C)(C)C)=CC(C2)=C6OCC#CC(C7=CC=C(Cl)C=C7)=O)=C5OCC#CC(C8=CC=C(Cl)C=C8)=O)=C4OCC#CC(C9=CC=C(Cl)C=C9)=O)=C1)(C)C
outer_cv,train,3,1,11,,,195,Group 14/192.log,Group 14,Group 14,192.log,CC(C1=CC2=C(OCC#CC(C3=CC=C(OC)C=C3)=O)C(CC4=CC(C(C)(C)C)=CC(CC5=CC(C(C)(C)C)=CC(CC6=CC(C(C)(C)C)=CC(C2)=C6OCC#CC(C7=CC=C(OC)C=C7)=O)=C5OCC#CC(C8=CC=C(OC)C=C8)=O)=C4OCC#CC(C9=CC=C(OC)C=C9)=O)=C1)(C)C
outer_cv,train,3,1,11,,,196,Group 14/193.log,Group 14,Group 14,193.log,CC(C1=CC2=C(OCC#CC(C3=CC=CC=C3)=O)C(SC4=CC(C(C)(C)C)=CC(SC5=CC(C(C)(C)C)=CC(SC6=CC(C(C)(C)C)=CC(S2)=C6OCC#CC(C7=CC=CC=C7)=O)=C5OCC#CC(C8=CC=CC=C8)=O)=C4OCC#CC(C9=CC=CC=C9)=O)=C1)(C)C
outer_cv,train,3,1,11,,,197,Group 14/194.log,Group 14,Group 14,194.log,CC(C1=CC2=C(OCCC#CC(C3=CC=CC=C3)=O)C(SC4=CC(C(C)(C)C)=CC(SC5=CC(C(C)(C)C)=CC6=C5OCCC#C(C(C7=CC=CC=C7)=O)C(C(C=C8S6)=CC(S2)=C8OCCC#CC(C9=CC=CC=C9)=O)(C)C)=C4OCCC#CC(C%10=CC=CC=C%10)=O)=C1)(C)C
outer_cv,train,3,1,11,,,198,Group 14/195.log,Group 14,Group 14,195.log,CC(C1=CC2=C(OCCCC#CC(C3=CC=CC=C3)=O)C(CC4=CC(C(C)(C)C)=CC(CC5=CC(C(C)(C)C)=CC(CC6=CC(C(C)(C)C)=CC(C2)=C6OCCCC#CC(C7=CC=CC=C7)=O)=C5OCCCC#CC(C8=CC=CC=C8)=O)=C4OCCCC#CC(C9=CC=CC=C9)=O)=C1)(C)C
outer_cv,train,3,1,11,,,199,Group 14/196.log,Group 14,Group 14,196.log,CC(C1=CC2=C(OCCCC#CC(C3=CC=CC=C3)=O)C(SC4=CC(C(C)(C)C)=CC(SC5=CC(C(C)(C)C)=CC(SC6=CC(C(C)(C)C)=CC(S2)=C6OCCCC#CC(C7=CC=CC=C7)=O)=C5OCCCC#CC(C8=CC=CC=C8)=O)=C4OCCCC#CC(C9=CC=CC=C9)=O)=C1)(C)C
outer_cv,train,3,1,11,,,200,Group 14/197.log,Group 14,Group 14,197.log,CC(C1=CC2=C(OCCCCC#CC(C3=CC=CC=C3)=O)C(SC4=CC(C(C)(C)C)=CC(SC5=CC(C(C)(C)C)=CC(SC6=CC(C(C)(C)C)=CC(S2)=C6OCCCCC#CC(C7=CC=CC=C7)=O)=C5OCCCCC#CC(C8=CC=CC=C8)=O)=C4OCCCCC#CC(C9=CC=CC=C9)=O)=C1)(C)C
outer_cv,train,3,1,11,,,201,Group 15/198.log,Group 15,Group 15,198.log,CC(C)(C)C1=CC(SC2=C3)=C(OCO)C(SC4=CC(C(C)(C)C)=CC(SC5=CC(C(C)(C)C)=CC(SC(C=C3C(C)(C)C)=C2OCC(O)=O)=C5OCC(O)=O)=C4OCC(O)=O)=C1.O=[C]
outer_cv,train,3,1,11,,,202,Group 15/199.log,Group 15,Group 15,199.log,CC(C)(C)C1=CC(CC2=C3)=C(OCO)C(CC4=CC(C(C)(C)C)=CC(CC5=CC(C(C)(C)C)=CC(CC(C=C3C(C)(C)C)=C2OCC(O)=O)=C5OCC(O)=O)=C4OCC(O)=O)=C1.O=[C]
outer_cv,train,3,1,11,,,203,Group 15/200.log,Group 15,Group 15,200.log,CC(C)(C1=CC(CC2=C(C(CC(C=C(C=C3C4)C(C)(C)C)=C3OCC(O)=O)=CC(C(C)(C)C)=C2)OCC(O)=O)=C(OCC(O)=O)C(CC5=CC(C(C)(C)C)=CC4=C5OCC(O)=O)=C1)C
outer_cv,train,3,1,11,,,204,Group 15/201.log,Group 15,Group 15,201.log,CC(C)(C)C1=CC(CC2=C3)=C(OCC(OCC)=O)C(CC4=CC(C(C)(C)C)=CC(CC5=CC(C(C)(C)C)=CC(CC(C=C3C(C)(C)C)=C2OCC(OCC)=O)=C5OCC(OCC)=O)=C4OCC(OCC)=O)=C1
outer_cv,train,3,1,11,,,205,Group 15/202.log,Group 15,Group 15,202.log,OC1=C(SC2=C(C(SC3=C(O)C(SC4=CC(C(C)(C)C)=CC(SC1=C5)=C4OCCN6C(C(OC)=O)=C(C(OC)=O)N=N6)=CC(C(C)(C)C)=C3)=CC(C(C)(C)C)=C2)OCCN7N=NC(C(OC)=O)=C7C(OC)=O)C=C5C(C)(C)C
outer_cv,train,3,1,11,,,206,Group 15/203.log,Group 15,Group 15,203.log,CC(C1=CC2=C(OCCCCCCCCCCCC)C(SC3=CC(C(C)(C)C)=CC(SC4=CC(C(C)(C)C)=CC(SC5=CC(C(C)(C)C)=CC(S2)=C5OCCCN6C(C(OC)=O)=C(C(OC)=O)N=N6)=C4OCCCCCCCCCCCC)=C3OCCCN7N=NC(C(OC)=O)=C7C(OC)=O)=C1)(C)C
outer_cv,train,3,1,11,,,207,Group 15/204.log,Group 15,Group 15,204.log,CC(C1=CC2=C(OCC(OCC)=O)C(CC3=CC(C(C)(C)C)=CC(CC4=CC(C(C)(C)C)=CC(CC5=CC(C(C)(C)C)=CC(C2)=C5OCC(OCC)=O)=C4OCC(OCC)=O)=C3OCC(OCC)=O)=C1)(C)C
outer_cv,train,3,1,11,,,208,Group 15/205.log,Group 15,Group 15,205.log,CC(C)(C1=CC(CC2=C(C(CC(C=C(C=C3C4)C(C)(C)C)=C3OCC(OCC)=O)=CC(C(C)(C)C)=C2)OCC(OCC)=O)=C(OCC(OCC)=O)C(CC5=CC(C(C)(C)C)=CC4=C5OCC(OCC)=O)=C1)C
outer_cv,train,3,1,11,,,209,Group 15/206.log,Group 15,Group 15,206.log,CC(C1=CC2=C(OCC(OCC)=O)C(SC3=CC(C(C)(C)C)=CC(SC4=CC(C(C)(C)C)=CC(SC5=CC(C(C)(C)C)=CC(S2)=C5OCC(OCC)=O)=C4OCC(OCC)=O)=C3OCC(OCC)=O)=C1)(C)C
outer_cv,train,3,1,11,,,210,Group 15/207.log,Group 15,Group 15,207.log,CC(C1=CC2=C(OCC(OC(C)(C)C)=O)C(SC3=CC(C(C)(C)C)=CC(SC4=CC(C(C)(C)C)=CC(SC5=CC(C(C)(C)C)=CC(S2)=C5OCC(OC(C)(C)C)=O)=C4OCC(OC(C)(C)C)=O)=C3OCC(OC(C)(C)C)=O)=C1)(C)C
outer_cv,train,3,1,11,,,211,Group 16/208.log,Group 16,Group 16,208.log,OC1=C(SC2=C(C(SC3=C(O)C(SC4=CC(C(C)(C)C)=CC(SC1=C5)=C4OCCN6C(C(C=CC=C7)=C7C6=O)=O)=CC(C(C)(C)C)=C3)=CC(C(C)(C)C)=C2)OCCN8C(C(C=CC=C9)=C9C8=O)=O)C=C5C(C)(C)C
outer_cv,train,3,1,11,,,212,Group 16/209.log,Group 16,Group 16,209.log,OC1=C(SC2=C(C(SC3=C(O)C(SC4=CC(C(C)(C)C)=CC(SC1=C5)=C4OCCCN6C(C(C=CC=C7)=C7C6=O)=O)=CC(C(C)(C)C)=C3)=CC(C(C)(C)C)=C2)OCCCN8C(C(C=CC=C9)=C9C8=O)=O)C=C5C(C)(C)C
outer_cv,train,3,1,11,,,213,Group 16/210.log,Group 16,Group 16,210.log,OC1=C(CC2=C(C(CC3=C(O)C(CC4=CC(C(C)(C)C)=CC(CC1=C5)=C4OCC(N6CCOCC6)=O)=CC(C(C)(C)C)=C3)=CC(C(C)(C)C)=C2)OCC(N7CCOCC7)=O)C=C5C(C)(C)C
outer_cv,train,3,1,11,,,214,Group 16/211.log,Group 16,Group 16,211.log,CC(C1=CC2=C(OCCOCCOCCOCCOCCOC3=C(SC4=CC(C(C)(C)C)=CC(S2)=C4OCCN5C(C(C=CC=C6)C6C5=O)=O)C=C(C(C)(C)C)C=C3S7)C(SC8=CC(C(C)(C)C)=CC7=C8OCCN9C(C(C=CC=C%10)C%10C9=O)=O)=C1)(C)C
outer_cv,train,3,1,11,,,215,Group 16/212.log,Group 16,Group 16,212.log,CC(C1=CC2=C(OCCOCCOCCOCCOCCOC3=C(SC4=CC(C(C)(C)C)=CC(S2)=C4OCCCN5C(C(C=CC=C6)=C6C5=O)=O)C=C(C(C)(C)C)C=C3S7)C(SC8=CC(C(C)(C)C)=CC7=C8OCCCN9C(C(C=CC=C%10)=C%10C9=O)=O)=C1)(C)C
outer_cv,train,3,1,11,,,216,Group 16/213.log,Group 16,Group 16,213.log,OC1=C(CC2=C(C(CC3=C(O)C(CC4=CC(C(C)(C)C)=CC(CC1=C5)=C4OCC(N6CCOCCOCCOCC6)=O)=CC(C(C)(C)C)=C3)=CC(C(C)(C)C)=C2)OCC(N7CCOCCOCCOCC7)=O)C=C5C(C)(C)C
outer_cv,train,3,1,11,,,217,Group 16/214.log,Group 16,Group 16,214.log,OC1=C(CC2=C(C(CC3=C(O)C(CC4=CC(C(C)(C)C)=CC(CC1=C5)=C4OCC(N6CCOCCOCCOCCOCC6)=O)=CC(C(C)(C)C)=C3)=CC(C(C)(C)C)=C2)OCC(N7CCOCCOCCOCCOCC7)=O)C=C5C(C)(C)C
outer_cv,train,3,1,11,,,218,Group 16/215.log,Group 16,Group 16,215.log,OC1=C(CC2=C(C(CC3=C(O)C(CC4=CC(C(C)(C)C)=CC(CC1=C5)=C4OCC(N6CCOCCOCCOCCOCCOCC6)=O)=CC(C(C)(C)C)=C3)=CC(C(C)(C)C)=C2)OCC(N7CCOCCOCCOCCOCCOCC7)=O)C=C5C(C)(C)C
outer_cv,train,3,1,11,,,219,Group 16/216.log,Group 16,Group 16,216.log,OC1=C(CC2=CC(C(C)(C)C)=CC(CC(C=C3C(C)(C)C)=C4OCC(N5CCOCCOCCOCC5)=O)=C2OCC(N6CCOCCOCCOCC6)=O)C=C(C(C)(C)C)C=C1CC7=CC(C(C)(C)C)=CC(CC4=C3)=C7OCC(N8CCOCCOCCOCC8)=O
outer_cv,train,3,1,11,,,220,Group 16/217.log,Group 16,Group 16,217.log,CC(C)(C)C1=CC(CC2=C3)=C(OCC(N4CCOCCOCCOCC4)=O)C(CC5=CC(C(C)(C)C)=CC(CC6=CC(C(C)(C)C)=CC(CC(C=C3C(C)(C)C)=C2OCC(N7CCOCCOCCOCC7)=O)=C6OCC(N8CCOCCOCCOCC8)=O)=C5OCC(N9CCOCCOCCOCC9)=O)=C1
outer_cv,train,3,1,11,,,227,Group 19/224.log,Group 19,Group 19,224.log,OC1=C(SC2=C(C(SC3=C(O)C(SC4=CC(C(C)(C)C)=CC(SC1=C5)=C4OCCSCCCCCCCC)=CC(C(C)(C)C)=C3)=CC(C(C)(C)C)=C2)OCCSCCCCCCCC)C=C5C(C)(C)C
outer_cv,train,3,1,11,,,228,Group 19/225.log,Group 19,Group 19,225.log,OC1=C(SC2=C(C(SC3=C(O)C(SC4=CC(C(C)(C)C)=CC(SC1=C5)=C4OCCSC)=CC(C(C)(C)C)=C3)=CC(C(C)(C)C)=C2)OCCSC)C=C5C(C)(C)C
outer_cv,train,3,1,11,,,229,Group 19/226.log,Group 19,Group 19,226.log,OC1=C(SC2=C(C(SC3=C(O)C(SC4=CC(C(C)(C)C)=CC(SC1=C5)=C4OCCSCC6=CC=CC=C6)=CC(C(C)(C)C)=C3)=CC(C(C)(C)C)=C2)OCCSCC7=CC=CC=C7)C=C5C(C)(C)C
outer_cv,train,3,1,11,,,230,Group 19/227.log,Group 19,Group 19,227.log,OC1=C(SC2=C(C(SC3=C(O)C(SC4=CC(C(C)(C)C)=CC(SC1=C5)=C4OCCCSCC)=CC(C(C)(C)C)=C3)=CC(C(C)(C)C)=C2)OCCCSCC)C=C5C(C)(C)C
outer_cv,train,3,1,11,,,231,Group 19/228.log,Group 19,Group 19,228.log,OC1=C(CC2=C(C(CC3=C(O)C(C4)=CC=C3)=CC=C2)OCCCS)C=CC=C1CC5=C(OCCCS)C4=CC=C5
outer_cv,train,3,1,11,,,232,Group 19/229.log,Group 19,Group 19,229.log,OC1=C(SC2=C(C(SC3=C(O)C(SC4=CC(C(C)(C)C)=CC(SC1=C5)=C4OCCCSCCSCCS)=CC(C(C)(C)C)=C3)=CC(C(C)(C)C)=C2)O)C=C5C(C)(C)C
outer_cv,train,3,1,11,,,233,Group 19/230.log,Group 19,Group 19,230.log,CC(C1=CC2=C(OCCCS)C(SC3=CC(C(C)(C)C)=CC(SC4=CC(C(C)(C)C)=CC(SC5=CC(C(C)(C)C)=CC(S2)=C5OCCCS)=C4OCCCS)=C3OCCCS)=C1)(C)C
outer_cv,train,3,1,11,,,234,Group 19/231.log,Group 19,Group 19,231.log,CC(C1=CC2=C(OCCCSCC(OC)=O)C(SC3=CC(C(C)(C)C)=CC(SC4=CC(C(C)(C)C)=CC(SC5=CC(C(C)(C)C)=CC(S2)=C5OCCCSCC(OC)=O)=C4OCCCSCC(OC)=O)=C3OCCCSCC(OC)=O)=C1)(C)C
outer_cv,train,3,1,11,,,235,Group 19/232.log,Group 19,Group 19,232.log,CC(C1=CC2=C(OCCCCSCC(OC)=O)C(SC3=CC(C(C)(C)C)=CC(SC4=CC(C(C)(C)C)=CC(SC5=CC(C(C)(C)C)=CC(S2)=C5OCCCCSCC(OC)=O)=C4OCCCCSCC(OC)=O)=C3OCCCCSCC(OC)=O)=C1)(C)C
outer_cv,train,3,1,11,,,236,Group 19/233.log,Group 19,Group 19,233.log,CC(C1=CC2=C(OCCCCCSCC(OC)=O)C(SC3=CC(C(C)(C)C)=CC(SC4=CC(C(C)(C)C)=CC(SC5=CC(C(C)(C)C)=CC(S2)=C5OCCCCCSCC(OC)=O)=C4OCCCCCSCC(OC)=O)=C3OCCCCCSCC(OC)=O)=C1)(C)C
outer_cv,train,3,1,11,,,237,Group 19/234.log,Group 19,Group 19,234.log,CC(C1=CC2=C(OCCOCCO)C(SC3=CC(C(C)(C)C)=CC(SC4=CC(C(C)(C)C)=CC(SC5=CC(C(C)(C)C)=CC(S2)=C5OCCSCC(OC)=O)=C4OCCOCCO)=C3OCCSCC(OC)=O)=C1)(C)C
outer_cv,train,3,1,11,,,238,Group 19/235.log,Group 19,Group 19,235.log,OC1=C(SC2=C(C(SC3=C(O)C(SC4=CC(C(C)(C)C)=CC(SC1=C5)=C4OCCSC(C)=O)=CC(C(C)(C)C)=C3)=CC(C(C)(C)C)=C2)OCCSC(C)=O)C=C5C(C)(C)C
outer_cv,train,3,1,11,,,239,Group 19/236.log,Group 19,Group 19,236.log,OC1=C(SC2=C(C(SC3=C(O)C(SC4=CC(C(C)(C)C)=CC(SC1=C5)=C4OCCCSC(C)=O)=CC(C(C)(C)C)=C3)=CC(C(C)(C)C)=C2)OCCCSC(C)=O)C=C5C(C)(C)C
outer_cv,train,3,1,11,,,240,Group 19/237.log,Group 19,Group 19,237.log,CC(C1=CC2=C(OCCSCCCCCCCC)C(SC3=CC(C(C)(C)C)=CC(SC4=CC(C(C)(C)C)=CC(SC5=CC(C(C)(C)C)=CC(S2)=C5OCCC#C)=C4OCCSCCCCCCCC)=C3OCCC#C)=C1)(C)C
outer_cv,train,3,1,11,,,241,Group 19/238.log,Group 19,Group 19,238.log,CC(C1=CC2=C(OCCSCCCCCCCC)C(SC3=CC(C(C)(C)C)=CC(SC4=CC(C(C)(C)C)=CC(SC5=CC(C(C)(C)C)=CC(S2)=C5OCCCC#C)=C4OCCSCCCCCCCC)=C3OCCCC#C)=C1)(C)C
outer_cv,train,3,1,11,,,242,Group 19/239.log,Group 19,Group 19,239.log,CC(C1=CC2=C(OCCSCCCCCCCC)C(SC3=CC(C(C)(C)C)=CC(SC4=CC(C(C)(C)C)=CC(SC5=CC(C(C)(C)C)=CC(S2)=C5OCCCCC#C)=C4OCCSCCCCCCCC)=C3OCCCCC#C)=C1)(C)C
outer_cv,train,3,1,11,,,243,Group 19/240.log,Group 19,Group 19,240.log,CC(C1=CC2=C(OCCSCCCCCCCC)C(SC3=CC(C(C)(C)C)=CC(SC4=CC(C(C)(C)C)=CC(SC5=CC(C(C)(C)C)=CC(S2)=C5OCCCBr)=C4OCCSCCCCCCCC)=C3OCCCBr)=C1)(C)C
outer_cv,train,3,1,11,,,244,Group 19/241.log,Group 19,Group 19,241.log,CC(C1=CC2=C(OCCSCCCCCCCC)C(SC3=CC(C(C)(C)C)=CC(SC4=CC(C(C)(C)C)=CC(SC5=CC(C(C)(C)C)=CC(S2)=C5OCCCN=[N+]=[N-])=C4OCCSCCCCCCCC)=C3OCCCN=[N+]=[N-])=C1)(C)C
outer_cv,train,3,1,11,,,245,Group 19/242.log,Group 19,Group 19,242.log,CC(C1=CC2=C(OCCSCCCCCCCC)C(SC3=CC(C(C)(C)C)=CC(SC4=CC(C(C)(C)C)=CC(SC5=CC(C(C)(C)C)=CC(S2)=C5OCCCN6C(C(OC)=O)=C(C(OC)=O)N=N6)=C4OCCSCCCCCCCC)=C3OCCCN7N=NC(C(OC)=O)=C7C(OC)=O)=C1)(C)C
outer_cv,train,3,1,11,,,246,Group 19/243.log,Group 19,Group 19,243.log,OC1=C(SC2=C(C(SC3=C(O)C(SC4=CC(C(C)(C)C)=CC(SC1=C5)=C4OCCCBr)=CC(C(C)(C)C)=C3)=CC(C(C)(C)C)=C2)OCCCSC(C)=O)C=C5C(C)(C)C
outer_cv,train,3,1,11,,,247,Group 20/244.log,Group 20,Group 20,244.log,BrCCCOC1=C2C=CC=C1SC3=CC=CC4=C3OCCSCCSCCOC5=C(SC6=CC=CC(S4)=C6OCCCBr)C=CC=C5S2
outer_cv,train,3,1,11,,,248,Group 20/245.log,Group 20,Group 20,245.log,CC(C1=CC2=C(OCCSCCSCCOC3=C(SC4=CC(C(C)(C)C)=CC(S2)=C4OCCCBr)C=C(C(C)(C)C)C=C3S5)C(SC6=CC(C(C)(C)C)=CC5=C6OCCCBr)=C1)(C)C
outer_cv,train,3,1,11,,,249,Group 20/246.log,Group 20,Group 20,246.log,CC(C1=CC2=C(OCCSCCSCCOC3=C(SC4=CC(C(C)(C)C)=CC(S2)=C4OCCCCCCCCCCCC)C=C(C(C)(C)C)C=C3S5)C(SC6=CC(C(C)(C)C)=CC5=C6OCCCCCCCCCCCC)=C1)(C)C
outer_cv,train,3,1,11,,,250,Group 20/247.log,Group 20,Group 20,247.log,CC(C1=CC2=C(OCCCSCCOCCSCCCOC3=C(SC4=CC(C(C)(C)C)=CC(S2)=C4OCCCCCCCCCCCC)C=C(C(C)(C)C)C=C3S5)C(SC6=CC(C(C)(C)C)=CC5=C6OCCCCCCCCCCCC)=C1)(C)C
outer_cv,train,3,1,11,,,251,Group 20/248.log,Group 20,Group 20,248.log,CC(C1=CC2=C(OCCCSCCSCCSCCCOC3=C(SC4=CC(C(C)(C)C)=CC(S2)=C4OCCCCCCCCCCCC)C=C(C(C)(C)C)C=C3S5)C(SC6=CC(C(C)(C)C)=CC5=C6OCCCCCCCCCCCC)=C1)(C)C
outer_cv,train,3,1,11,,,258,Group 22/255.log,Group 22,Group 22,255.log,CC(C1=CC2=C(OCCOCCOCCOC3=C(SC4=CC(C(C)(C)C)=CC(S2)=C4OCCSC(C)=O)C=C(C(C)(C)C)C=C3S5)C(SC6=CC(C(C)(C)C)=CC5=C6OCCSC(C)=O)=C1)(C)C
outer_cv,train,3,1,11,,,259,Group 22/256.log,Group 22,Group 22,256.log,CC(C1=CC2=C(OCCOCCOCCOC3=C(SC4=CC(C(C)(C)C)=CC(S2)=C4OCCCSC(C)=O)C=C(C(C)(C)C)C=C3S5)C(SC6=CC(C(C)(C)C)=CC5=C6OCCCSC(C)=O)=C1)(C)C
outer_cv,train,3,1,11,,,260,Group 22/257.log,Group 22,Group 22,257.log,CC(C1=CC2=C(OCCOCCOCCOC3=C(SC4=CC(C(C)(C)C)=CC(S2)=C4OCCSC)C=C(C(C)(C)C)C=C3S5)C(SC6=CC(C(C)(C)C)=CC5=C6OCCSC)=C1)(C)C
outer_cv,train,3,1,11,,,261,Group 22/258.log,Group 22,Group 22,258.log,CC(C1=CC2=C(OCCOCCOCCOC3=C(SC4=CC(C(C)(C)C)=CC(S2)=C4OCCSCC5=CC=CC=C5)C=C(C(C)(C)C)C=C3S6)C(SC7=CC(C(C)(C)C)=CC6=C7OCCSCC8=CC=CC=C8)=C1)(C)C
outer_cv,train,3,1,11,,,262,Group 22/259.log,Group 22,Group 22,259.log,CC(C1=CC2=C(OCCOCCOCCOC3=C(SC4=CC(C(C)(C)C)=CC(S2)=C4OCCCSCC)C=C(C(C)(C)C)C=C3S5)C(SC6=CC(C(C)(C)C)=CC5=C6OCCCSCC)=C1)(C)C
outer_cv,train,3,1,11,,,263,Group 22/260.log,Group 22,Group 22,260.log,CC(C1=CC2=C(OCCOCCOCCOCCOC3=C(SC4=CC(C(C)(C)C)=CC(S2)=C4OCCSCC5=CC=CC=C5)C=C(C(C)(C)C)C=C3S6)C(SC7=CC(C(C)(C)C)=CC6=C7OCCSCC8=CC=CC=C8)=C1)(C)C
outer_cv,train,3,1,11,,,264,Group 22/261.log,Group 22,Group 22,261.log,CC(C1=CC2=C(OCCOCCOCCOCCOC3=C(SC4=CC(C(C)(C)C)=CC(S2)=C4OCCCSCC)C=C(C(C)(C)C)C=C3S5)C(SC6=CC(C(C)(C)C)=CC5=C6OCCCSCC)=C1)(C)C
outer_cv,train,3,1,11,,,265,Group 22/262.log,Group 22,Group 22,262.log,CC(C1=CC2=C(OCCOCCOC3=C(SC4=CC(C(C)(C)C)=CC(S2)=C4OCCCSC(C)=O)C=C(C(C)(C)C)C=C3S5)C(SC6=CC(C(C)(C)C)=CC5=C6OCCCSC(C)=O)=C1)(C)C
outer_cv,valid,3,1,11,,,26,Group 4/27.log,Group 4,Group 4,27.log,CC(C)(C)C1=CC(CC2=C3)=C(OCC#C)C(CC4=CC(C(C)(C)C)=CC(CC5=CC(C(C)(C)C)=CC(CC(C=C3C(C)(C)C)=C2OCC#C)=C5OCC#C)=C4OCC#C)=C1
outer_cv,valid,3,1,11,,,27,Group 4/28.log,Group 4,Group 4,28.log,CC(C)(C1=CC(CC2=C(C(CC(C=C(C=C3C4)C(C)(C)C)=C3OCC#C)=CC(C(C)(C)C)=C2)OCC#C)=C(OCC#C)C(CC5=CC(C(C)(C)C)=CC4=C5OCC#C)=C1)C
outer_cv,valid,3,1,11,,,28,Group 4/29.log,Group 4,Group 4,29.log,CC(C1=CC2=C(OCC#C)C(CC3=CC(C(C)(C)C)=CC(CC4=CC(C(C)(C)C)=CC(CC5=CC(C(C)(C)C)=CC(C2)=C5OCC#C)=C4OCC#C)=C3OCC#C)=C1)(C)C
outer_cv,valid,3,1,11,,,29,Group 4/30.log,Group 4,Group 4,30.log,C#CCOC1=C2C=CC=C1CC3=CC=CC(CC4=CC=CC(CC(C=CC=C5C2)=C5OCC#C)=C4OCC#C)=C3OCC#C
outer_cv,valid,3,1,11,,,30,Group 4/31.log,Group 4,Group 4,31.log,OC1=C(SC2=C(C(S3)=CC(C(C)(C)C)=C2)OCCC#CC#CCCOC4=C(SC1=C5)C=C(C(C)(C)C)C=C4SC6=CC(C(C)(C)C)=CC3=C6O)C=C5C(C)(C)C
outer_cv,valid,3,1,11,,,31,Group 4/32.log,Group 4,Group 4,32.log,OC1=C(CC2=C(C(CC3=C(O)C(CC4=CC(C(C)(C)C)=CC(CC1=C5)=C4OCC=C)=CC(C(C)(C)C)=C3)=CC(C(C)(C)C)=C2)OCC=C)C=C5C(C)(C)C
outer_cv,valid,3,1,11,,,32,Group 4/33.log,Group 4,Group 4,33.log,OC1=C(CC2=C(C(CC3=C(O)C(C4)=CC=C3)=CC=C2)OCC=C)C=CC=C1CC5=C(OCC=C)C4=CC=C5
outer_cv,valid,3,1,11,,,33,Group 4/34.log,Group 4,Group 4,34.log,OC1=C(SC2=C(C(SC3=C(O)C(SC4=CC(C(C)(C)C)=CC(SC1=C5)=C4OCC=C)=CC(C(C)(C)C)=C3)=CC(C(C)(C)C)=C2)OCC=C)C=C5C(C)(C)C
outer_cv,valid,3,1,11,,,34,Group 4/35.log,Group 4,Group 4,35.log,CC(C1=CC2=C(OCC=C)C(SC3=CC(C(C)(C)C)=CC(SC4=CC(C(C)(C)C)=CC(SC5=CC(C(C)(C)C)=CC(S2)=C5OCC=C)=C4OCC=C)=C3OCC=C)=C1)(C)C
outer_cv,valid,3,1,11,,,35,Group 4/36.log,Group 4,Group 4,36.log,CC(C1=CC2=C(OCC#C)C(SC3=CC(C(C)(C)C)=CC(SC4=CC(C(C)(C)C)=CC(SC5=CC(C(C)(C)C)=CC(S2)=C5OCC#C)=C4OCC#C)=C3OCC#C)=C1)(C)C
outer_cv,valid,3,1,11,,,36,Group 4/36_iso.log,Group 4,Group 4,36_iso.log,CC(C)(C1=CC(SC2=C(C(SC(C=C(C=C3S4)C(C)(C)C)=C3OCC#C)=CC(C(C)(C)C)=C2)OCC#C)=C(OCC#C)C(SC5=CC(C(C)(C)C)=CC4=C5OCC#C)=C1)C
outer_cv,valid,3,1,11,,,37,Group 4/37_iso.log,Group 4,Group 4,37_iso.log,C#CCOC1=C(SC2=CC=CC(S3)=C2OCC#C)C=CC=C1SC4=C(OCC#C)C(SC5=CC=CC3=C5OCC#C)=CC=C4
outer_cv,valid,3,1,11,,,38,Group 4/37.log,Group 4,Group 4,37.log,C#CCOC1=C(S2)C=CC=C1SC(C=CC=C3SC4=C(OCC#C)C(SC5=CC=CC2=C5OCC#C)=CC=C4)=C3OCC#C
outer_cv,valid,3,1,11,,,39,Group 4/38.log,Group 4,Group 4,38.log,BrC1=CC(SC2=CC(Br)=CC(SC3=C(OCC#C)C(SC4=CC(Br)=CC(SC5=C1)=C4OCC#C)=CC(Br)=C3)=C2OCC#C)=C5OCC#C
outer_cv,valid,3,1,11,,,40,Group 4/38_iso.log,Group 4,Group 4,38_iso.log,BrC(C=C1S2)=CC(SC3=CC(Br)=CC(SC4=C(OCC#C)C(SC5=CC(Br)=CC2=C5OCC#C)=CC(Br)=C4)=C3OCC#C)=C1OCC#C
outer_cv,valid,3,1,11,,,41,Group 4/39.log,Group 4,Group 4,39.log,OC1=C(SC2=C(C(SC3=C(O)C(SC4=CC(C(C)(C)C)=CC(SC1=C5)=C4OCC#C)=CC(C(C)(C)C)=C3)=CC(C(C)(C)C)=C2)OCC#C)C=C5C(C)(C)C
outer_cv,valid,3,1,11,,,42,Group 4/39_iso.log,Group 4,Group 4,39_iso.log,OC(C(SC1=CC(C(C)(C)C)=CC(SC2=CC(C(C)(C)C)=CC(S3)=C2O)=C1OCC#C)=CC(C(C)(C)C)=C4)=C4SC5=C(C3=CC(C(C)(C)C)=C5)OCC#C
outer_cv,valid,3,1,11,,,43,Group 4/40.log,Group 4,Group 4,40.log,CC(C)(C)C1=CC(CC2=C3)=C(OCCC#C)C(CC4=CC(C(C)(C)C)=CC(CC5=CC(C(C)(C)C)=CC(CC(C=C3C(C)(C)C)=C2OCCC#C)=C5OCCC#C)=C4OCCC#C)=C1
outer_cv,valid,3,1,11,,,44,Group 4/41.log,Group 4,Group 4,41.log,CC(C)(C1=CC(CC2=C(C(CC(C=C(C=C3C4)C(C)(C)C)=C3OCCCC#C)=CC(C(C)(C)C)=C2)OCCCC#C)=C(OCCCC#C)C(CC5=CC(C(C)(C)C)=CC4=C5OCCCC#C)=C1)C
outer_cv,valid,3,1,11,,,45,Group 4/42.log,Group 4,Group 4,42.log,CC(C1=CC2=C(OCCCC#C)C(CC3=CC(C(C)(C)C)=CC(CC4=CC(C(C)(C)C)=CC(CC5=CC(C(C)(C)C)=CC(C2)=C5OCCCC#C)=C4OCCCC#C)=C3OCCCC#C)=C1)(C)C
outer_cv,valid,3,1,11,,,46,Group 4/43.log,Group 4,Group 4,43.log,CC(C)(C)C1=CC(CC2=C3)=C(OCCCCC#C)C(CC4=CC(C(C)(C)C)=CC(CC5=CC(C(C)(C)C)=CC(CC(C=C3C(C)(C)C)=C2OCCCCC#C)=C5OCCCCC#C)=C4OCCCCC#C)=C1
outer_cv,valid,3,1,11,,,47,Group 4/44.log,Group 4,Group 4,44.log,CC(C1=CC2=C(OCCC#C)C(SC3=CC(C(C)(C)C)=CC(SC4=CC(C(C)(C)C)=CC5=C4OCCC#CC(C(C=C6S5)=CC(S2)=C6OCCC#C)(C)C)=C3OCCC#C)=C1)(C)C
outer_cv,valid,3,1,11,,,48,Group 4/45.log,Group 4,Group 4,45.log,CC(C1=CC2=C(OCCCC#C)C(SC3=CC(C(C)(C)C)=CC(SC4=CC(C(C)(C)C)=CC(SC5=CC(C(C)(C)C)=CC(S2)=C5OCCCC#C)=C4OCCCC#C)=C3OCCCC#C)=C1)(C)C
outer_cv,valid,3,1,11,,,49,Group 4/46.log,Group 4,Group 4,46.log,CC(C1=CC2=C(OCCCCC#C)C(SC3=CC(C(C)(C)C)=CC(SC4=CC(C(C)(C)C)=CC(SC5=CC(C(C)(C)C)=CC(S2)=C5OCCCCC#C)=C4OCCCCC#C)=C3OCCCCC#C)=C1)(C)C
outer_cv,valid,3,1,11,,,50,Group 4/47.log,Group 4,Group 4,47.log,OC1=C(SC2=C(C(SC3=C(O)C(SC4=CC(C(C)(C)C)=CC(SC1=C5)=C4OCCC#C)=CC(C(C)(C)C)=C3)=CC(C(C)(C)C)=C2)OCCC#C)C=C5C(C)(C)C
outer_cv,valid,3,1,11,,,51,Group 4/48.log,Group 4,Group 4,48.log,OC1=C(SC2=C(C(SC3=C(O)C(SC4=CC(C(C)(C)C)=CC(SC1=C5)=C4OCCCC#C)=CC(C(C)(C)C)=C3)=CC(C(C)(C)C)=C2)OCCCC#C)C=C5C(C)(C)C
outer_cv,valid,3,1,11,,,52,Group 4/49.log,Group 4,Group 4,49.log,OC1=C(SC2=C(C(SC3=C(O)C(SC4=CC(C(C)(C)C)=CC(SC1=C5)=C4OCCCCC#C)=CC(C(C)(C)C)=C3)=CC(C(C)(C)C)=C2)OCCCCC#C)C=C5C(C)(C)C
outer_cv,valid,3,1,11,,,53,Group 4/50.log,Group 4,Group 4,50.log,OC1=C(SC2=C(C(SC3=C(O)C(SC4=CC(C(C)(C)C)=CC(SC1=C5)=C4OCC#C)=CC(C(C)(C)C)=C3)=CC(C(C)(C)C)=C2)O)C=C5C(C)(C)C
outer_cv,valid,3,1,11,,,54,Group 4/51.log,Group 4,Group 4,51.log,OC1=C(SC2=C(C(SC3=C(O)C(SC4=CC(C(C)(C)C)=CC(SC1=C5)=C4OCCC#C)=CC(C(C)(C)C)=C3)=CC(C(C)(C)C)=C2)O)C=C5C(C)(C)C
outer_cv,valid,3,1,11,,,55,Group 4/52.log,Group 4,Group 4,52.log,OC1=C(SC2=C(C(SC3=C(O)C(SC4=CC(C(C)(C)C)=CC(SC1=C5)=C4OCCCC#C)=CC(C(C)(C)C)=C3)=CC(C(C)(C)C)=C2)O)C=C5C(C)(C)C
outer_cv,valid,3,1,11,,,56,Group 4/53.log,Group 4,Group 4,53.log,OC1=C(SC2=C(C(SC3=C(O)C(SC4=CC(C(C)(C)C)=CC(SC1=C5)=C4OCCCCC#C)=CC(C(C)(C)C)=C3)=CC(C(C)(C)C)=C2)O)C=C5C(C)(C)C
outer_cv,valid,3,1,11,,,57,Group 4/54.log,Group 4,Group 4,54.log,OC1=C(CC2=C(C(CC3=C(OCC#C)C(CC4=CC(C(C)(C)C)=CC(CC1=C5)=C4OCC#C)=CC(C(C)(C)C)=C3)=CC(C(C)(C)C)=C2)O)C=C5C(C)(C)C
outer_cv,valid,3,1,11,,,151,Group 12/148.log,Group 12,Group 12,148.log,OCC(N=N1)=CN1C2=CC(C3=NC=CC=C3)=NC(C4=CC=CC=N4)=C2
outer_cv,valid,3,1,11,,,152,Group 12/149.log,Group 12,Group 12,149.log,CCCCCCC(N=N1)=CN1C2=CC(C3=NC=CC=C3)=NC(C4=CC=CC=N4)=C2
outer_cv,valid,3,1,11,,,153,Group 12/150.log,Group 12,Group 12,150.log,OC1=C(SC2=C(C(SC3=C(O)C(SC4=CC(C(C)(C)C)=CC(SC1=C5)=C4OCCC6=CN(C7=CC(C8=NC=CC=C8)=NC(C9=CC=CC=N9)=C7)N=N6)=CC(C(C)(C)C)=C3)=CC(C(C)(C)C)=C2)OCCC%10=CN(C%11=CC(C%12=NC=CC=C%12)=NC(C%13=CC=CC=N%13)=C%11)N=N%10)C=C5C(C)(C)C
outer_cv,valid,3,1,11,,,154,Group 12/151.log,Group 12,Group 12,151.log,OC1=C(SC2=C(C(SC3=C(O)C(SC4=CC(C(C)(C)C)=CC(SC1=C5)=C4OCCCC6=CN(C7=CC(C8=NC=CC=C8)=NC(C9=CC=CC=N9)=C7)N=N6)=CC(C(C)(C)C)=C3)=CC(C(C)(C)C)=C2)OCCCC%10=CN(C%11=CC(C%12=NC=CC=C%12)=NC(C%13=CC=CC=N%13)=C%11)N=N%10)C=C5C(C)(C)C
outer_cv,valid,3,1,11,,,155,Group 12/152.log,Group 12,Group 12,152.log,OC1=C(SC2=C(C(SC3=C(O)C(SC4=CC(C(C)(C)C)=CC(SC1=C5)=C4OCCCCC6=CN(C7=CC(C8=NC=CC=C8)=NC(C9=CC=CC=N9)=C7)N=N6)=CC(C(C)(C)C)=C3)=CC(C(C)(C)C)=C2)OCCCCC%10=CN(C%11=CC(C%12=NC=CC=C%12)=NC(C%13=CC=CC=N%13)=C%11)N=N%10)C=C5C(C)(C)C
outer_cv,valid,3,1,11,,,156,Group 12/153.log,Group 12,Group 12,153.log,CC(C1=CC2=C(OCCC3=CN(C4=CC(C5=NC=CC=C5)=NC(C6=CC=CC=N6)=C4)N=N3)C(SC7=CC(C(C)(C)C)=CC(SC8=CC(C(C)(C)C)=CC(SC9=CC(C(C)(C)C)=CC(S2)=C9OCCC%10=CN(C%11=CC(C%12=NC=CC=C%12)=NC(C%13=CC=CC=N%13)=C%11)N=N%10)=C8OCCC%14=CN(C%15=CC(C%16=NC=CC=C%16)=NC(C%17=CC=CC=N%17)=C%15)N=N%14)=C7OCCC%18=CN(C%19=CC(C%20=NC=CC=C%20)=NC(C%21=CC=CC=N%21)=C%19)N=N%18)=C1)(C)C
outer_cv,valid,3,1,11,,,157,Group 12/154.log,Group 12,Group 12,154.log,CC(C1=CC2=C(OCCCCCCCCCCCC)C(SC3=CC(C(C)(C)C)=CC(SC4=CC(C(C)(C)C)=CC(SC5=CC(C(C)(C)C)=CC(S2)=C5OCCC6=CN(C7=CC(C8=NC=CC=C8)=NC(C9=CC=CC=N9)=C7)N=N6)=C4OCCCCCCCCCCCC)=C3OCCC%10=CN(C%11=CC(C%12=NC=CC=C%12)=NC(C%13=CC=CC=N%13)=C%11)N=N%10)=C1)(C)C
outer_cv,valid,3,1,11,,,158,Group 12/155.log,Group 12,Group 12,155.log,CC(C1=CC2=C(OCCCCCCCCCCCC)C(SC3=CC(C(C)(C)C)=CC(SC4=CC(C(C)(C)C)=CC(SC5=CC(C(C)(C)C)=CC(S2)=C5OCCCC6=CN(C7=CC(C8=NC=CC=C8)=NC(C9=CC=CC=N9)=C7)N=N6)=C4OCCCCCCCCCCCC)=C3OCCCC%10=CN(C%11=CC(C%12=NC=CC=C%12)=NC(C%13=CC=CC=N%13)=C%11)N=N%10)=C1)(C)C
outer_cv,valid,3,1,11,,,159,Group 12/156.log,Group 12,Group 12,156.log,CC(C1=CC2=C(OCCCCCCCCCCCC)C(SC3=CC(C(C)(C)C)=CC(SC4=CC(C(C)(C)C)=CC(SC5=CC(C(C)(C)C)=CC(S2)=C5OCCCCC6=CN(C7=CC(C8=NC=CC=C8)=NC(C9=CC=CC=N9)=C7)N=N6)=C4OCCCCCCCCCCCC)=C3OCCCCC%10=CN(C%11=CC(C%12=NC=CC=C%12)=NC(C%13=CC=CC=N%13)=C%11)N=N%10)=C1)(C)C
outer_cv,valid,3,1,11,,,160,Group 12/157.log,Group 12,Group 12,157.log,CC(C1=CC2=C(OCCCCC3=CN(C4=CC(C5=NC=CC=C5)=NC(C6=CC=CC=N6)=C4)N=N3)C(SC7=CC(C(C)(C)C)=CC(SC8=CC(C(C)(C)C)=CC(SC9=CC(C(C)(C)C)=CC(S2)=C9OCCCCC%10=CN(C%11=CC(C%12=NC=CC=C%12)=NC(C%13=CC=CC=N%13)=C%11)N=N%10)=C8OCCCCC%14=CN(C%15=CC(C%16=NC=CC=C%16)=NC(C%17=CC=CC=N%17)=C%15)N=N%14)=C7OCCCCC%18=CN(C%19=CC(C%20=NC=CC=C%20)=NC(C%21=CC=CC=N%21)=C%19)N=N%18)=C1)(C)C
outer_cv,valid,3,1,11,,,223,Group 18/220.log,Group 18,Group 18,220.log,C12=C(C(SC(C=CC=C3S4)=C3OCCOCCOCCOC(C(SC5=CC=CC4=C5OCCCOC6=CC(C7=NC=CC=C7)=NC(C8=CC=CC=N8)=C6)=CC=C9)=C9S2)=CC=C1)OCCCOC%10=CC(C%11=NC=CC=C%11)=NC(C%12=CC=CC=N%12)=C%10
outer_cv,valid,3,1,11,,,224,Group 18/221.log,Group 18,Group 18,221.log,CC(C1=CC2=C(OCCOCCOCCOC3=C(SC4=CC(C(C)(C)C)=CC(S2)=C4OCCCOC5=CC(C6=NC=CC=C6)=NC(C7=CC=CC=N7)=C5)C=C(C(C)(C)C)C=C3S8)C(SC9=CC(C(C)(C)C)=CC8=C9OCCCOC%10=CC(C%11=NC=CC=C%11)=NC(C%12=CC=CC=N%12)=C%10)=C1)(C)C
outer_cv,valid,3,1,11,,,225,Group 18/222.log,Group 18,Group 18,222.log,CC(C1=CC2=C(OCCOCCOCCOCCOC3=C(SC4=CC(C(C)(C)C)=CC(S2)=C4OCCCOC5=CC(C6=NC=CC=C6)=NC(C7=CC=CC=N7)=C5)C=C(C(C)(C)C)C=C3S8)C(SC9=CC(C(C)(C)C)=CC8=C9OCCCOC%10=CC(C%11=NC=CC=C%11)=NC(C%12=CC=CC=N%12)=C%10)=C1)(C)C
outer_cv,valid,3,1,11,,,226,Group 18/223.log,Group 18,Group 18,223.log,CC(C1=CC2=C(OCCOCCOCCOCCOCCOC3=C(SC4=CC(C(C)(C)C)=CC(S2)=C4OCCCOC5=CC(C6=NC=CC=C6)=NC(C7=CC=CC=N7)=C5)C=C(C(C)(C)C)C=C3S8)C(SC9=CC(C(C)(C)C)=CC8=C9OCCCOC%10=CC(C%11=NC=CC=C%11)=NC(C%12=CC=CC=N%12)=C%10)=C1)(C)C
outer_cv,train,3,2,12,,,26,Group 4/27.log,Group 4,Group 4,27.log,CC(C)(C)C1=CC(CC2=C3)=C(OCC#C)C(CC4=CC(C(C)(C)C)=CC(CC5=CC(C(C)(C)C)=CC(CC(C=C3C(C)(C)C)=C2OCC#C)=C5OCC#C)=C4OCC#C)=C1
outer_cv,train,3,2,12,,,27,Group 4/28.log,Group 4,Group 4,28.log,CC(C)(C1=CC(CC2=C(C(CC(C=C(C=C3C4)C(C)(C)C)=C3OCC#C)=CC(C(C)(C)C)=C2)OCC#C)=C(OCC#C)C(CC5=CC(C(C)(C)C)=CC4=C5OCC#C)=C1)C
outer_cv,train,3,2,12,,,28,Group 4/29.log,Group 4,Group 4,29.log,CC(C1=CC2=C(OCC#C)C(CC3=CC(C(C)(C)C)=CC(CC4=CC(C(C)(C)C)=CC(CC5=CC(C(C)(C)C)=CC(C2)=C5OCC#C)=C4OCC#C)=C3OCC#C)=C1)(C)C
outer_cv,train,3,2,12,,,29,Group 4/30.log,Group 4,Group 4,30.log,C#CCOC1=C2C=CC=C1CC3=CC=CC(CC4=CC=CC(CC(C=CC=C5C2)=C5OCC#C)=C4OCC#C)=C3OCC#C
outer_cv,train,3,2,12,,,30,Group 4/31.log,Group 4,Group 4,31.log,OC1=C(SC2=C(C(S3)=CC(C(C)(C)C)=C2)OCCC#CC#CCCOC4=C(SC1=C5)C=C(C(C)(C)C)C=C4SC6=CC(C(C)(C)C)=CC3=C6O)C=C5C(C)(C)C
outer_cv,train,3,2,12,,,31,Group 4/32.log,Group 4,Group 4,32.log,OC1=C(CC2=C(C(CC3=C(O)C(CC4=CC(C(C)(C)C)=CC(CC1=C5)=C4OCC=C)=CC(C(C)(C)C)=C3)=CC(C(C)(C)C)=C2)OCC=C)C=C5C(C)(C)C
outer_cv,train,3,2,12,,,32,Group 4/33.log,Group 4,Group 4,33.log,OC1=C(CC2=C(C(CC3=C(O)C(C4)=CC=C3)=CC=C2)OCC=C)C=CC=C1CC5=C(OCC=C)C4=CC=C5
outer_cv,train,3,2,12,,,33,Group 4/34.log,Group 4,Group 4,34.log,OC1=C(SC2=C(C(SC3=C(O)C(SC4=CC(C(C)(C)C)=CC(SC1=C5)=C4OCC=C)=CC(C(C)(C)C)=C3)=CC(C(C)(C)C)=C2)OCC=C)C=C5C(C)(C)C
outer_cv,train,3,2,12,,,34,Group 4/35.log,Group 4,Group 4,35.log,CC(C1=CC2=C(OCC=C)C(SC3=CC(C(C)(C)C)=CC(SC4=CC(C(C)(C)C)=CC(SC5=CC(C(C)(C)C)=CC(S2)=C5OCC=C)=C4OCC=C)=C3OCC=C)=C1)(C)C
outer_cv,train,3,2,12,,,35,Group 4/36.log,Group 4,Group 4,36.log,CC(C1=CC2=C(OCC#C)C(SC3=CC(C(C)(C)C)=CC(SC4=CC(C(C)(C)C)=CC(SC5=CC(C(C)(C)C)=CC(S2)=C5OCC#C)=C4OCC#C)=C3OCC#C)=C1)(C)C
outer_cv,train,3,2,12,,,36,Group 4/36_iso.log,Group 4,Group 4,36_iso.log,CC(C)(C1=CC(SC2=C(C(SC(C=C(C=C3S4)C(C)(C)C)=C3OCC#C)=CC(C(C)(C)C)=C2)OCC#C)=C(OCC#C)C(SC5=CC(C(C)(C)C)=CC4=C5OCC#C)=C1)C
outer_cv,train,3,2,12,,,37,Group 4/37_iso.log,Group 4,Group 4,37_iso.log,C#CCOC1=C(SC2=CC=CC(S3)=C2OCC#C)C=CC=C1SC4=C(OCC#C)C(SC5=CC=CC3=C5OCC#C)=CC=C4
outer_cv,train,3,2,12,,,38,Group 4/37.log,Group 4,Group 4,37.log,C#CCOC1=C(S2)C=CC=C1SC(C=CC=C3SC4=C(OCC#C)C(SC5=CC=CC2=C5OCC#C)=CC=C4)=C3OCC#C
outer_cv,train,3,2,12,,,39,Group 4/38.log,Group 4,Group 4,38.log,BrC1=CC(SC2=CC(Br)=CC(SC3=C(OCC#C)C(SC4=CC(Br)=CC(SC5=C1)=C4OCC#C)=CC(Br)=C3)=C2OCC#C)=C5OCC#C
outer_cv,train,3,2,12,,,40,Group 4/38_iso.log,Group 4,Group 4,38_iso.log,BrC(C=C1S2)=CC(SC3=CC(Br)=CC(SC4=C(OCC#C)C(SC5=CC(Br)=CC2=C5OCC#C)=CC(Br)=C4)=C3OCC#C)=C1OCC#C
outer_cv,train,3,2,12,,,41,Group 4/39.log,Group 4,Group 4,39.log,OC1=C(SC2=C(C(SC3=C(O)C(SC4=CC(C(C)(C)C)=CC(SC1=C5)=C4OCC#C)=CC(C(C)(C)C)=C3)=CC(C(C)(C)C)=C2)OCC#C)C=C5C(C)(C)C
outer_cv,train,3,2,12,,,42,Group 4/39_iso.log,Group 4,Group 4,39_iso.log,OC(C(SC1=CC(C(C)(C)C)=CC(SC2=CC(C(C)(C)C)=CC(S3)=C2O)=C1OCC#C)=CC(C(C)(C)C)=C4)=C4SC5=C(C3=CC(C(C)(C)C)=C5)OCC#C
outer_cv,train,3,2,12,,,43,Group 4/40.log,Group 4,Group 4,40.log,CC(C)(C)C1=CC(CC2=C3)=C(OCCC#C)C(CC4=CC(C(C)(C)C)=CC(CC5=CC(C(C)(C)C)=CC(CC(C=C3C(C)(C)C)=C2OCCC#C)=C5OCCC#C)=C4OCCC#C)=C1
outer_cv,train,3,2,12,,,44,Group 4/41.log,Group 4,Group 4,41.log,CC(C)(C1=CC(CC2=C(C(CC(C=C(C=C3C4)C(C)(C)C)=C3OCCCC#C)=CC(C(C)(C)C)=C2)OCCCC#C)=C(OCCCC#C)C(CC5=CC(C(C)(C)C)=CC4=C5OCCCC#C)=C1)C
outer_cv,train,3,2,12,,,45,Group 4/42.log,Group 4,Group 4,42.log,CC(C1=CC2=C(OCCCC#C)C(CC3=CC(C(C)(C)C)=CC(CC4=CC(C(C)(C)C)=CC(CC5=CC(C(C)(C)C)=CC(C2)=C5OCCCC#C)=C4OCCCC#C)=C3OCCCC#C)=C1)(C)C
outer_cv,train,3,2,12,,,46,Group 4/43.log,Group 4,Group 4,43.log,CC(C)(C)C1=CC(CC2=C3)=C(OCCCCC#C)C(CC4=CC(C(C)(C)C)=CC(CC5=CC(C(C)(C)C)=CC(CC(C=C3C(C)(C)C)=C2OCCCCC#C)=C5OCCCCC#C)=C4OCCCCC#C)=C1
outer_cv,train,3,2,12,,,47,Group 4/44.log,Group 4,Group 4,44.log,CC(C1=CC2=C(OCCC#C)C(SC3=CC(C(C)(C)C)=CC(SC4=CC(C(C)(C)C)=CC5=C4OCCC#CC(C(C=C6S5)=CC(S2)=C6OCCC#C)(C)C)=C3OCCC#C)=C1)(C)C
outer_cv,train,3,2,12,,,48,Group 4/45.log,Group 4,Group 4,45.log,CC(C1=CC2=C(OCCCC#C)C(SC3=CC(C(C)(C)C)=CC(SC4=CC(C(C)(C)C)=CC(SC5=CC(C(C)(C)C)=CC(S2)=C5OCCCC#C)=C4OCCCC#C)=C3OCCCC#C)=C1)(C)C
outer_cv,train,3,2,12,,,49,Group 4/46.log,Group 4,Group 4,46.log,CC(C1=CC2=C(OCCCCC#C)C(SC3=CC(C(C)(C)C)=CC(SC4=CC(C(C)(C)C)=CC(SC5=CC(C(C)(C)C)=CC(S2)=C5OCCCCC#C)=C4OCCCCC#C)=C3OCCCCC#C)=C1)(C)C
outer_cv,train,3,2,12,,,50,Group 4/47.log,Group 4,Group 4,47.log,OC1=C(SC2=C(C(SC3=C(O)C(SC4=CC(C(C)(C)C)=CC(SC1=C5)=C4OCCC#C)=CC(C(C)(C)C)=C3)=CC(C(C)(C)C)=C2)OCCC#C)C=C5C(C)(C)C
outer_cv,train,3,2,12,,,51,Group 4/48.log,Group 4,Group 4,48.log,OC1=C(SC2=C(C(SC3=C(O)C(SC4=CC(C(C)(C)C)=CC(SC1=C5)=C4OCCCC#C)=CC(C(C)(C)C)=C3)=CC(C(C)(C)C)=C2)OCCCC#C)C=C5C(C)(C)C
outer_cv,train,3,2,12,,,52,Group 4/49.log,Group 4,Group 4,49.log,OC1=C(SC2=C(C(SC3=C(O)C(SC4=CC(C(C)(C)C)=CC(SC1=C5)=C4OCCCCC#C)=CC(C(C)(C)C)=C3)=CC(C(C)(C)C)=C2)OCCCCC#C)C=C5C(C)(C)C
outer_cv,train,3,2,12,,,53,Group 4/50.log,Group 4,Group 4,50.log,OC1=C(SC2=C(C(SC3=C(O)C(SC4=CC(C(C)(C)C)=CC(SC1=C5)=C4OCC#C)=CC(C(C)(C)C)=C3)=CC(C(C)(C)C)=C2)O)C=C5C(C)(C)C
outer_cv,train,3,2,12,,,54,Group 4/51.log,Group 4,Group 4,51.log,OC1=C(SC2=C(C(SC3=C(O)C(SC4=CC(C(C)(C)C)=CC(SC1=C5)=C4OCCC#C)=CC(C(C)(C)C)=C3)=CC(C(C)(C)C)=C2)O)C=C5C(C)(C)C
outer_cv,train,3,2,12,,,55,Group 4/52.log,Group 4,Group 4,52.log,OC1=C(SC2=C(C(SC3=C(O)C(SC4=CC(C(C)(C)C)=CC(SC1=C5)=C4OCCCC#C)=CC(C(C)(C)C)=C3)=CC(C(C)(C)C)=C2)O)C=C5C(C)(C)C
outer_cv,train,3,2,12,,,56,Group 4/53.log,Group 4,Group 4,53.log,OC1=C(SC2=C(C(SC3=C(O)C(SC4=CC(C(C)(C)C)=CC(SC1=C5)=C4OCCCCC#C)=CC(C(C)(C)C)=C3)=CC(C(C)(C)C)=C2)O)C=C5C(C)(C)C
outer_cv,train,3,2,12,,,57,Group 4/54.log,Group 4,Group 4,54.log,OC1=C(CC2=C(C(CC3=C(OCC#C)C(CC4=CC(C(C)(C)C)=CC(CC1=C5)=C4OCC#C)=CC(C(C)(C)C)=C3)=CC(C(C)(C)C)=C2)O)C=C5C(C)(C)C
outer_cv,train,3,2,12,,,58,Group 5/55.log,Group 5,Group 5,55.log,CC(C1=CC2=C(OCCC#C)C(SC3=CC(C(C)(C)C)=CC(SC4=CC(C(C)(C)C)=CC5=C4OCCC#CC(C(C=C6S5)=CC(S2)=C6OCCCCCCCCCCCC)(C)C)=C3OCCCCCCCCCCCC)=C1)(C)C
outer_cv,train,3,2,12,,,59,Group 5/56.log,Group 5,Group 5,56.log,CC(C1=CC2=C(OCCCC#C)C(SC3=CC(C(C)(C)C)=CC(SC4=CC(C(C)(C)C)=CC(SC5=CC(C(C)(C)C)=CC(S2)=C5OCCCCCCCCCCCC)=C4OCCCC#C)=C3OCCCCCCCCCCCC)=C1)(C)C
outer_cv,train,3,2,12,,,60,Group 5/57.log,Group 5,Group 5,57.log,CC(C1=CC2=C(OCCCCC#C)C(SC3=CC(C(C)(C)C)=CC(SC4=CC(C(C)(C)C)=CC(SC5=CC(C(C)(C)C)=CC(S2)=C5OCCCCCCCCCCCC)=C4OCCCCC#C)=C3OCCCCCCCCCCCC)=C1)(C)C
outer_cv,train,3,2,12,,,61,Group 6/58.log,Group 6,Group 6,58.log,OC1=C(CC2=C(C(CC3=C(O)C(CC4=CC(C(C)(C)C)=CC(CC1=C5)=C4OCCBr)=CC(C(C)(C)C)=C3)=CC(C(C)(C)C)=C2)OCCBr)C=C5C(C)(C)C
outer_cv,train,3,2,12,,,62,Group 6/59.log,Group 6,Group 6,59.log,OC1=C(CC2=C(C(CC3=C(O)C(CC4=CC(C(C)(C)C)=CC(CC1=C5)=C4OCCCBr)=CC(C(C)(C)C)=C3)=CC(C(C)(C)C)=C2)OCCCBr)C=C5C(C)(C)C
outer_cv,train,3,2,12,,,63,Group 6/60.log,Group 6,Group 6,60.log,OC1=C(CC2=C(C(CC3=C(O)C(CC4=CC(C(C)(C)C)=CC(CC1=C5)=C4OCCCCBr)=CC(C(C)(C)C)=C3)=CC(C(C)(C)C)=C2)OCCCCBr)C=C5C(C)(C)C
outer_cv,train,3,2,12,,,64,Group 6/61.log,Group 6,Group 6,61.log,OC1=C(SC2=C(C(SC3=C(O)C(SC4=CC([N+]([O-])=O)=CC(SC1=C5)=C4OCCCBr)=CC([N+]([O-])=O)=C3)=CC([N+]([O-])=O)=C2)OCCCBr)C=C5[N+]([O-])=O
outer_cv,train,3,2,12,,,65,Group 6/62.log,Group 6,Group 6,62.log,CC(C1=CC2=C(OCCCBr)C(SC3=CC(C(C)(C)C)=CC(SC4=CC(C(C)(C)C)=CC(SC5=CC(C(C)(C)C)=CC(S2)=C5OCCCBr)=C4OCCCBr)=C3OCCCBr)=C1)(C)C
outer_cv,train,3,2,12,,,66,Group 6/63.log,Group 6,Group 6,63.log,CC(C1=CC2=C(OCCCCBr)C(SC3=CC(C(C)(C)C)=CC(SC4=CC(C(C)(C)C)=CC(SC5=CC(C(C)(C)C)=CC(S2)=C5OCCCCBr)=C4OCCCCBr)=C3OCCCCBr)=C1)(C)C
outer_cv,train,3,2,12,,,67,Group 6/64.log,Group 6,Group 6,64.log,CC(C1=CC2=C(OCCCCCBr)C(SC3=CC(C(C)(C)C)=CC(SC4=CC(C(C)(C)C)=CC(SC5=CC(C(C)(C)C)=CC(S2)=C5OCCCCCBr)=C4OCCCCCBr)=C3OCCCCCBr)=C1)(C)C
outer_cv,train,3,2,12,,,68,Group 6/65.log,Group 6,Group 6,65.log,CC(C1=CC2=C(OCCCCCCBr)C(SC3=CC(C(C)(C)C)=CC(SC4=CC(C(C)(C)C)=CC(SC5=CC(C(C)(C)C)=CC(S2)=C5OCCCCCCBr)=C4OCCCCCCBr)=C3OCCCCCCBr)=C1)(C)C
outer_cv,train,3,2,12,,,69,Group 6/66.log,Group 6,Group 6,66.log,CC(C1=CC2=C(OCCCCCCCCCCCC)C(SC3=CC(C(C)(C)C)=CC(SC4=CC(C(C)(C)C)=CC(SC5=CC(C(C)(C)C)=CC(S2)=C5OCCCBr)=C4OCCCCCCCCCCCC)=C3OCCCBr)=C1)(C)C
outer_cv,train,3,2,12,,,70,Group 6/67.log,Group 6,Group 6,67.log,CC(C1=CC2=C(OCCCCCCOC3=C(SC4=CC(C(C)(C)C)=CC(S2)=C4OCCCCCCBr)C=C(C(C)(C)C)C=C3S5)C(SC6=CC(C(C)(C)C)=CC5=C6OCCCCCCBr)=C1)(C)C
outer_cv,train,3,2,12,,,79,Group 8/76.log,Group 8,Group 8,76.log,OC1=C(SC2=C(C(SC3=C(O)C(SC4=CC(C(C)(C)C)=CC(SC1=C5)=C4OCCN)=CC(C(C)(C)C)=C3)=CC(C(C)(C)C)=C2)OCCN)C=C5C(C)(C)C
outer_cv,train,3,2,12,,,80,Group 8/77.log,Group 8,Group 8,77.log,OC1=C(SC2=C(C(SC3=C(O)C(SC4=CC(C(C)(C)C)=CC(SC1=C5)=C4OCCCN)=CC(C(C)(C)C)=C3)=CC(C(C)(C)C)=C2)OCCCN)C=C5C(C)(C)C
outer_cv,train,3,2,12,,,81,Group 8/78.log,Group 8,Group 8,78.log,OC1=C(SC2=C(C(SC3=C(O)C(SC4=CC(C(C)(C)C)=CC(SC1=C5)=C4OCCN)=CC(C(C)(C)C)=C3)=CC(C(C)(C)C)=C2)O)C=C5C(C)(C)C
outer_cv,train,3,2,12,,,82,Group 8/79.log,Group 8,Group 8,79.log,OC1=C(SC2=C(C(SC3=C(O)C(SC4=CC(C(C)(C)C)=CC(SC1=C5)=C4OCCCN)=CC(C(C)(C)C)=C3)=CC(C(C)(C)C)=C2)O)C=C5C(C)(C)C
outer_cv,train,3,2,12,,,83,Group 8/80.log,Group 8,Group 8,80.log,OC1=C(SC2=C(C(SC3=C(O)C(SC4=CC(C(C)(C)C)=CC(SC1=C5)=C4OCCN(CC)CC6=CC=CC=C6)=CC(C(C)(C)C)=C3)=CC(C(C)(C)C)=C2)OCCN(CC)CC7=CC=CC=C7)C=C5C(C)(C)C
outer_cv,train,3,2,12,,,84,Group 8/81.log,Group 8,Group 8,81.log,CC(C1=CC2=C(OCCCCCCCCCCCC)C(SC3=CC(C(C)(C)C)=CC(SC4=CC(C(C)(C)C)=CC(SC5=CC(C(C)(C)C)=CC(S2)=C5OCCN)=C4OCCCCCCCCCCCC)=C3OCCN)=C1)(C)C
outer_cv,train,3,2,12,,,85,Group 8/82.log,Group 8,Group 8,82.log,CC(C1=CC2=C(OCCCCCCCCCCCC)C(SC3=CC(C(C)(C)C)=CC(SC4=CC(C(C)(C)C)=CC(SC5=CC(C(C)(C)C)=CC(S2)=C5OCCCN)=C4OCCCCCCCCCCCC)=C3OCCCN)=C1)(C)C
outer_cv,train,3,2,12,,,86,Group 8/83.log,Group 8,Group 8,83.log,CC(C1=CC2=C(OCCCCCCCCCCCC)C(SC3=CC(C(C)(C)C)=CC(SC4=CC(C(C)(C)C)=CC(SC5=CC(C(C)(C)C)=CC(S2)=C5OCCCN=[N+]=[N-])=C4OCCCCCCCCCCCC)=C3OCCCN=[N+]=[N-])=C1)(C)C
outer_cv,train,3,2,12,,,87,Group 8/84.log,Group 8,Group 8,84.log,CC(C1=CC2=C(OCCN=[N+]=[N-])C(SC3=CC(C(C)(C)C)=CC(SC4=CC(C(C)(C)C)=CC(SC5=CC(C(C)(C)C)=CC(S2)=C5OCCN=[N+]=[N-])=C4OCCN=[N+]=[N-])=C3OCCN=[N+]=[N-])=C1)(C)C
outer_cv,train,3,2,12,,,88,Group 8/85.log,Group 8,Group 8,85.log,CC(C1=CC2=C(OCCCN=[N+]=[N-])C(SC3=CC(C(C)(C)C)=CC(SC4=CC(C(C)(C)C)=CC(SC5=CC(C(C)(C)C)=CC(S2)=C5OCCCN=[N+]=[N-])=C4OCCCN=[N+]=[N-])=C3OCCCN=[N+]=[N-])=C1)(C)C
outer_cv,train,3,2,12,,,89,Group 8/86.log,Group 8,Group 8,86.log,CC(C1=CC2=C(OCCCCN=[N+]=[N-])C(SC3=CC(C(C)(C)C)=CC(SC4=CC(C(C)(C)C)=CC(SC5=CC(C(C)(C)C)=CC(S2)=C5OCCCCN=[N+]=[N-])=C4OCCCCN=[N+]=[N-])=C3OCCCCN=[N+]=[N-])=C1)(C)C
outer_cv,train,3,2,12,,,90,Group 8/87.log,Group 8,Group 8,87.log,CC(C1=CC2=C(OCCCCCN=[N+]=[N-])C(SC3=CC(C(C)(C)C)=CC(SC4=CC(C(C)(C)C)=CC(SC5=CC(C(C)(C)C)=CC(S2)=C5OCCCCCN=[N+]=[N-])=C4OCCCCCN=[N+]=[N-])=C3OCCCCCN=[N+]=[N-])=C1)(C)C
outer_cv,train,3,2,12,,,91,Group 8/88.log,Group 8,Group 8,88.log,OC1=C(SC2=C(C(SC3=C(O)C(SC4=CC(C(C)(C)C)=CC(SC1=C5)=C4OCCN=[N+]=[N-])=CC(C(C)(C)C)=C3)=CC(C(C)(C)C)=C2)OCCN=[N+]=[N-])C=C5C(C)(C)C
outer_cv,train,3,2,12,,,92,Group 8/89.log,Group 8,Group 8,89.log,OC1=C(SC2=C(C(SC3=C(O)C(SC4=CC(C(C)(C)C)=CC(SC1=C5)=C4OCCN=[N+]=[N-])=CC(C(C)(C)C)=C3)=CC(C(C)(C)C)=C2)O)C=C5C(C)(C)C
outer_cv,train,3,2,12,,,93,Group 8/90.log,Group 8,Group 8,90.log,OC1=C(SC2=C(C(SC3=C(O)C(SC4=CC(C(C)(C)C)=CC(SC1=C5)=C4OCCCN=[N+]=[N-])=CC(C(C)(C)C)=C3)=CC(C(C)(C)C)=C2)O)C=C5C(C)(C)C
outer_cv,train,3,2,12,,,94,Group 9/91.log,Group 9,Group 9,91.log,CC(C)(C1=CC(CC2=C(C(CC(C=C(C=C3C4)C(C)(C)C)=C3OCC5=CC(C6=CC=CC=C6)=NN5)=CC(C(C)(C)C)=C2)OCC7=CC(C8=CC=CC=C8)=NN7)=C(OCC9=CC(C%10=CC=CC=C%10)=NN9)C(CC%11=CC(C(C)(C)C)=CC4=C%11OCC%12=CC(C%13=CC=CC=C%13)=NN%12)=C1)C
outer_cv,train,3,2,12,,,95,Group 9/92.log,Group 9,Group 9,92.log,CC(C)(C1=CC(CC2=C(C(CC(C=C(C=C3C4)C(C)(C)C)=C3OCC5=CC(C6=CC=C(C)C=C6)=NN5)=CC(C(C)(C)C)=C2)OCC7=CC(C8=CC=C(C)C=C8)=NN7)=C(OCC9=CC(C%10=CC=C(C)C=C%10)=NN9)C(CC%11=CC(C(C)(C)C)=CC4=C%11OCC%12=CC(C%13=CC=C(C)C=C%13)=NN%12)=C1)C
outer_cv,train,3,2,12,,,96,Group 9/93.log,Group 9,Group 9,93.log,CC(C)(C1=CC(CC2=C(C(CC(C=C(C=C3C4)C(C)(C)C)=C3OCC5=CC(C6=CC=C(Cl)C=C6)=NN5)=CC(C(C)(C)C)=C2)OCC7=CC(C8=CC=C(Cl)C=C8)=NN7)=C(OCC9=CC(C%10=CC=C(Cl)C=C%10)=NN9)C(CC%11=CC(C(C)(C)C)=CC4=C%11OCC%12=CC(C%13=CC=C(Cl)C=C%13)=NN%12)=C1)C
outer_cv,train,3,2,12,,,97,Group 9/94.log,Group 9,Group 9,94.log,CC(C)(C1=CC(CC2=C(C(CC(C=C(C=C3C4)C(C)(C)C)=C3OCC5=CC(C6=CC=C(OC)C=C6)=NN5)=CC(C(C)(C)C)=C2)OCC7=CC(C8=CC=C(OC)C=C8)=NN7)=C(OCC9=CC(C%10=CC=C(OC)C=C%10)=NN9)C(CC%11=CC(C(C)(C)C)=CC4=C%11OCC%12=CC(C%13=CC=C(OC)C=C%13)=NN%12)=C1)C
outer_cv,train,3,2,12,,,98,Group 9/95.log,Group 9,Group 9,95.log,CC(C)(C)C1=CC(CC2=C3)=C(OCC4=CC(C5=CC=C(C)C=C5)=NN4)C(CC6=CC(C(C)(C)C)=CC(CC7=CC(C(C)(C)C)=CC(CC(C=C3C(C)(C)C)=C2OCC8=CC(C9=CC=C(C)C=C9)=NN8)=C7OCC%10=CC(C%11=CC=C(C)C=C%11)=N[N]%10)=C6OCC%12=CC(C%13=CC=C(C)C=C%13)=NN%12)=C1
outer_cv,train,3,2,12,,,99,Group 9/96.log,Group 9,Group 9,96.log,CC(C)(C)C1=CC(CC2=C3)=C(OCC4=CC(C5=CC=C(Cl)C=C5)=NN4)C(CC6=CC(C(C)(C)C)=CC(CC7=CC(C(C)(C)C)=CC(CC(C=C3C(C)(C)C)=C2OCC8=CC(C9=CC=C(Cl)C=C9)=NN8)=C7OCC%10=CC(C%11=CC=C(Cl)C=C%11)=N[N]%10)=C6OCC%12=CC(C%13=CC=C(Cl)C=C%13)=NN%12)=C1
outer_cv,train,3,2,12,,,100,Group 9/97.log,Group 9,Group 9,97.log,CC(C)(C)C1=CC(CC2=C3)=C(OCC4=CC(C5=CC=C(OC)C=C5)=NN4)C(CC6=CC(C(C)(C)C)=CC(CC7=CC(C(C)(C)C)=CC(CC(C=C3C(C)(C)C)=C2OCC8=CC(C9=CC=C(OC)C=C9)=NN8)=C7OCC%10=CC(C%11=CC=C(OC)C=C%11)=NN%10)=C6OCC%12=CC(C%13=CC=C(OC)C=C%13)=NN%12)=C1
outer_cv,train,3,2,12,,,101,Group 9/98.log,Group 9,Group 9,98.log,CC(C)(C)C1=CC(CC2=C3)=C(OCC4=CC(C5=CC=CC=C5)=NN4)C(CC6=CC(C(C)(C)C)=CC(CC7=CC(C(C)(C)C)=CC(CC(C=C3C(C)(C)C)=C2OCC8=CC(C9=CC=CC=C9)=NN8)=C7OCC%10=CC(C%11=CC=CC=C%11)=NN%10)=C6OCC%12=CC(C%13=CC=CC=C%13)=NN%12)=C1
outer_cv,train,3,2,12,,,102,Group 9/99.log,Group 9,Group 9,99.log,CC(C1=CC2=C(OCC3=CC(C4=CC=CC=C4)=NN3)C(CC5=CC(C(C)(C)C)=CC(CC6=CC(C(C)(C)C)=CC(CC7=CC(C(C)(C)C)=CC(C2)=C7OCC8=CC(C9=CC=CC=C9)=NN8)=C6OCC%10=CC(C%11=CC=CC=C%11)=NN%10)=C5OCC%12=CC(C%13=CC=CC=C%13)=NN%12)=C1)(C)C
outer_cv,train,3,2,12,,,103,Group 9/100.log,Group 9,Group 9,100.log,CC(C1=CC2=C(OCC3=CC(C4=CC=C(C)C=C4)=NN3)C(CC5=CC(C(C)(C)C)=CC(CC6=CC(C(C)(C)C)=CC(CC7=CC(C(C)(C)C)=CC(C2)=C7OCC8=CC(C9=CC=C(C)C=C9)=NN8)=C6OCC%10=CC(C%11=CC=C(C)C=C%11)=NN%10)=C5OCC%12=CC(C%13=CC=C(C)C=C%13)=NN%12)=C1)(C)C
outer_cv,train,3,2,12,,,104,Group 9/101.log,Group 9,Group 9,101.log,CC(C1=CC2=C(OCC3=CC(C4=CC=C(Cl)C=C4)=NN3)C(CC5=CC(C(C)(C)C)=CC(CC6=CC(C(C)(C)C)=CC(CC7=CC(C(C)(C)C)=CC(C2)=C7OCC8=CC(C9=CC=C(Cl)C=C9)=NN8)=C6OCC%10=CC(C%11=CC=C(Cl)C=C%11)=NN%10)=C5OCC%12=CC(C%13=CC=C(Cl)C=C%13)=NN%12)=C1)(C)C
outer_cv,train,3,2,12,,,105,Group 9/102.log,Group 9,Group 9,102.log,CC(C1=CC2=C(OCC3=CC(C4=CC=C(OC)C=C4)=NN3)C(CC5=CC(C(C)(C)C)=CC(CC6=CC(C(C)(C)C)=CC(CC7=CC(C(C)(C)C)=CC(C2)=C7OCC8=CC(C9=CC=C(OC)C=C9)=NN8)=C6OCC%10=CC(C%11=CC=C(OC)C=C%11)=NN%10)=C5OCC%12=CC(C%13=CC=C(OC)C=C%13)=NN%12)=C1)(C)C
outer_cv,train,3,2,12,,,106,Group 9/103.log,Group 9,Group 9,103.log,C1(C2)=C(C(CC(C=CC=C3CC4=C(OCC5=CC(C6=CC=CC=C6)=NN5)C(CC7=CC=CC2=C7OCC8=CC(C9=CC=CC=C9)=NN8)=CC=C4)=C3OCC%10=CC(C%11=CC=CC=C%11)=NN%10)=CC=C1)OCC%12=CC(C%13=CC=CC=C%13)=NN%12
outer_cv,train,3,2,12,,,107,Group 9/104.log,Group 9,Group 9,104.log,CC(C1=CC2=C(OCCCC3=CC(C4=CC=CC=C4)=NN3)C(CC5=CC(C(C)(C)C)=CC(CC6=CC(C(C)(C)C)=CC(CC7=CC(C(C)(C)C)=CC(C2)=C7OCCCC8=CC(C9=CC=CC=C9)=NN8)=C6OCCCC%10=CC(C%11=CC=CC=C%11)=NN%10)=C5OCCCC%12=CC(C%13=CC=CC=C%13)=NN%12)=C1)(C)C
outer_cv,train,3,2,12,,,108,Group 9/105.log,Group 9,Group 9,105.log,CC(C1=CC2=C(OCC3=CC(C4=CC=CC=C4)=NN3)C(SC5=CC(C(C)(C)C)=CC(SC6=CC(C(C)(C)C)=CC(SC7=CC(C(C)(C)C)=CC(S2)=C7OCC8=CC(C9=CC=CC=C9)=NN8)=C6OCC%10=CC(C%11=CC=CC=C%11)=NN%10)=C5OCC%12=CC(C%13=CC=CC=C%13)=NN%12)=C1)(C)C
outer_cv,train,3,2,12,,,109,Group 9/106.log,Group 9,Group 9,106.log,CC(C1=CC2=C(OCCCC3=CC(C4=CC=CC=C4)=NN3)C(SC5=CC(C(C)(C)C)=CC(SC6=CC(C(C)(C)C)=CC(SC7=CC(C(C)(C)C)=CC(S2)=C7OCCCC8=CC(C9=CC=CC=C9)=NN8)=C6OCCCC%10=CC(C%11=CC=CC=C%11)=NN%10)=C5OCCCC%12=CC(C%13=CC=CC=C%13)=NN%12)=C1)(C)C
outer_cv,train,3,2,12,,,110,Group 9/107.log,Group 9,Group 9,107.log,CC(C1=CC2=C(OCCCCC3=CC(C4=CC=CC=C4)=NN3)C(SC5=CC(C(C)(C)C)=CC(SC6=CC(C(C)(C)C)=CC(SC7=CC(C(C)(C)C)=CC(S2)=C7OCCCCC8=CC(C9=CC=CC=C9)=NN8)=C6OCCCCC%10=CC(C%11=CC=CC=C%11)=NN%10)=C5OCCCCC%12=CC(C%13=CC=CC=C%13)=NN%12)=C1)(C)C
outer_cv,train,3,2,12,,,111,Group 9/108.log,Group 9,Group 9,108.log,CC(C1=CC2=C(OCCCCCN3C=CC=N3)C(SC4=CC(C(C)(C)C)=CC(SC5=CC(C(C)(C)C)=CC(SC6=CC(C(C)(C)C)=CC(S2)=C6OCCCCCN7C=CC=N7)=C5OCCCCCN8N=CC=C8)=C4OCCCCCN9N=CC=C9)=C1)(C)C
outer_cv,train,3,2,12,,,112,Group 9/109.log,Group 9,Group 9,109.log,CC(C)(C)C(C=C1)=CC=C1OCC2=N3N([H][N]4C(COC5=CC=C(C(C)(C)C)C=C5)=CC(C6=CC=CC=C6)=[N]4[H]N(N([H][N]7[N]([H]3)=C(C8=CC=CC=C8)C=C7COC9=CC=C(C(C)(C)C)C=C9)C(C%10=CC=CC=C%10)=C%11)=C%11COC%12=CC=C(C(C)(C)C)C=C%12)C(C%13=CC=CC=C%13)=C2
outer_cv,train,3,2,12,,,113,Group 9/110.log,Group 9,Group 9,110.log,CC(C)(C)C(C=C1)=CC=C1OCC2=CC(C3=CC=CC=C3)=N([H]N([N]([H][N]4N5=C(C6=CC=CC=C6)C=C4COC7=CC=C(C(C)(C)C)C=C7)C(COC8=CC=C(C(C)(C)C)C=C8)=C9)=C9C%10=CC=CC=C%10)[N]2[H][N]%11N([H]5)=C(C%12=CC=CC=C%12)C=C%11COC%13=CC=C(C(C)(C)C)C=C%13
outer_cv,train,3,2,12,,,151,Group 12/148.log,Group 12,Group 12,148.log,OCC(N=N1)=CN1C2=CC(C3=NC=CC=C3)=NC(C4=CC=CC=N4)=C2
outer_cv,train,3,2,12,,,152,Group 12/149.log,Group 12,Group 12,149.log,CCCCCCC(N=N1)=CN1C2=CC(C3=NC=CC=C3)=NC(C4=CC=CC=N4)=C2
outer_cv,train,3,2,12,,,153,Group 12/150.log,Group 12,Group 12,150.log,OC1=C(SC2=C(C(SC3=C(O)C(SC4=CC(C(C)(C)C)=CC(SC1=C5)=C4OCCC6=CN(C7=CC(C8=NC=CC=C8)=NC(C9=CC=CC=N9)=C7)N=N6)=CC(C(C)(C)C)=C3)=CC(C(C)(C)C)=C2)OCCC%10=CN(C%11=CC(C%12=NC=CC=C%12)=NC(C%13=CC=CC=N%13)=C%11)N=N%10)C=C5C(C)(C)C
outer_cv,train,3,2,12,,,154,Group 12/151.log,Group 12,Group 12,151.log,OC1=C(SC2=C(C(SC3=C(O)C(SC4=CC(C(C)(C)C)=CC(SC1=C5)=C4OCCCC6=CN(C7=CC(C8=NC=CC=C8)=NC(C9=CC=CC=N9)=C7)N=N6)=CC(C(C)(C)C)=C3)=CC(C(C)(C)C)=C2)OCCCC%10=CN(C%11=CC(C%12=NC=CC=C%12)=NC(C%13=CC=CC=N%13)=C%11)N=N%10)C=C5C(C)(C)C
outer_cv,train,3,2,12,,,155,Group 12/152.log,Group 12,Group 12,152.log,OC1=C(SC2=C(C(SC3=C(O)C(SC4=CC(C(C)(C)C)=CC(SC1=C5)=C4OCCCCC6=CN(C7=CC(C8=NC=CC=C8)=NC(C9=CC=CC=N9)=C7)N=N6)=CC(C(C)(C)C)=C3)=CC(C(C)(C)C)=C2)OCCCCC%10=CN(C%11=CC(C%12=NC=CC=C%12)=NC(C%13=CC=CC=N%13)=C%11)N=N%10)C=C5C(C)(C)C
outer_cv,train,3,2,12,,,156,Group 12/153.log,Group 12,Group 12,153.log,CC(C1=CC2=C(OCCC3=CN(C4=CC(C5=NC=CC=C5)=NC(C6=CC=CC=N6)=C4)N=N3)C(SC7=CC(C(C)(C)C)=CC(SC8=CC(C(C)(C)C)=CC(SC9=CC(C(C)(C)C)=CC(S2)=C9OCCC%10=CN(C%11=CC(C%12=NC=CC=C%12)=NC(C%13=CC=CC=N%13)=C%11)N=N%10)=C8OCCC%14=CN(C%15=CC(C%16=NC=CC=C%16)=NC(C%17=CC=CC=N%17)=C%15)N=N%14)=C7OCCC%18=CN(C%19=CC(C%20=NC=CC=C%20)=NC(C%21=CC=CC=N%21)=C%19)N=N%18)=C1)(C)C
outer_cv,train,3,2,12,,,157,Group 12/154.log,Group 12,Group 12,154.log,CC(C1=CC2=C(OCCCCCCCCCCCC)C(SC3=CC(C(C)(C)C)=CC(SC4=CC(C(C)(C)C)=CC(SC5=CC(C(C)(C)C)=CC(S2)=C5OCCC6=CN(C7=CC(C8=NC=CC=C8)=NC(C9=CC=CC=N9)=C7)N=N6)=C4OCCCCCCCCCCCC)=C3OCCC%10=CN(C%11=CC(C%12=NC=CC=C%12)=NC(C%13=CC=CC=N%13)=C%11)N=N%10)=C1)(C)C
outer_cv,train,3,2,12,,,158,Group 12/155.log,Group 12,Group 12,155.log,CC(C1=CC2=C(OCCCCCCCCCCCC)C(SC3=CC(C(C)(C)C)=CC(SC4=CC(C(C)(C)C)=CC(SC5=CC(C(C)(C)C)=CC(S2)=C5OCCCC6=CN(C7=CC(C8=NC=CC=C8)=NC(C9=CC=CC=N9)=C7)N=N6)=C4OCCCCCCCCCCCC)=C3OCCCC%10=CN(C%11=CC(C%12=NC=CC=C%12)=NC(C%13=CC=CC=N%13)=C%11)N=N%10)=C1)(C)C
outer_cv,train,3,2,12,,,159,Group 12/156.log,Group 12,Group 12,156.log,CC(C1=CC2=C(OCCCCCCCCCCCC)C(SC3=CC(C(C)(C)C)=CC(SC4=CC(C(C)(C)C)=CC(SC5=CC(C(C)(C)C)=CC(S2)=C5OCCCCC6=CN(C7=CC(C8=NC=CC=C8)=NC(C9=CC=CC=N9)=C7)N=N6)=C4OCCCCCCCCCCCC)=C3OCCCCC%10=CN(C%11=CC(C%12=NC=CC=C%12)=NC(C%13=CC=CC=N%13)=C%11)N=N%10)=C1)(C)C
outer_cv,train,3,2,12,,,160,Group 12/157.log,Group 12,Group 12,157.log,CC(C1=CC2=C(OCCCCC3=CN(C4=CC(C5=NC=CC=C5)=NC(C6=CC=CC=N6)=C4)N=N3)C(SC7=CC(C(C)(C)C)=CC(SC8=CC(C(C)(C)C)=CC(SC9=CC(C(C)(C)C)=CC(S2)=C9OCCCCC%10=CN(C%11=CC(C%12=NC=CC=C%12)=NC(C%13=CC=CC=N%13)=C%11)N=N%10)=C8OCCCCC%14=CN(C%15=CC(C%16=NC=CC=C%16)=NC(C%17=CC=CC=N%17)=C%15)N=N%14)=C7OCCCCC%18=CN(C%19=CC(C%20=NC=CC=C%20)=NC(C%21=CC=CC=N%21)=C%19)N=N%18)=C1)(C)C
outer_cv,train,3,2,12,,,161,Group 13/158.log,Group 13,Group 13,158.log,CC(C1=CC2=C(OCCOCCO)C(SC3=CC(C(C)(C)C)=CC(SC4=CC(C(C)(C)C)=CC(SC5=CC(C(C)(C)C)=CC(S2)=C5OCCOCCO)=C4OCCOCCO)=C3OCCOCCO)=C1)(C)C
outer_cv,train,3,2,12,,,162,Group 13/159.log,Group 13,Group 13,159.log,CC(C1=CC2=C(OCCOCCO)C(SC3=CC(C(C)(C)C)=CC(SC4=CC(C(C)(C)C)=CC(SC5=CC(C(C)(C)C)=CC(S2)=C5OCCBr)=C4OCCOCCO)=C3OCCBr)=C1)(C)C
outer_cv,train,3,2,12,,,163,Group 13/160.log,Group 13,Group 13,160.log,OC1=C2C=C(C(C)(C)C)C=C1SC3=C(OCCOCCOC4=C(S2)C=C5C(C)(C)C)C(SC6=CC(C(C)(C)C)=CC(SC4=C5)=C6O)=CC(C(C)(C)C)=C3
outer_cv,train,3,2,12,,,164,Group 13/161.log,Group 13,Group 13,161.log,OC1=C2C=C(C(C)(C)C)C=C1SC3=C(OCCOCCOCCOC4=C(S2)C=C5C(C)(C)C)C(SC6=CC(C(C)(C)C)=CC(SC4=C5)=C6O)=CC(C(C)(C)C)=C3
outer_cv,train,3,2,12,,,165,Group 13/162.log,Group 13,Group 13,162.log,OC1=C2C=C(C(C)(C)C)C=C1SC3=C(OCCOCCOCCOCCOC4=C(S2)C=C5C(C)(C)C)C(SC6=CC(C(C)(C)C)=CC(SC4=C5)=C6O)=CC(C(C)(C)C)=C3.C
outer_cv,train,3,2,12,,,166,Group 13/163.log,Group 13,Group 13,163.log,OC1=C2C=C(C(C)(C)C)C=C1SC3=C(OCCOCCOCCOCCOCCOC4=C(S2)C=C5C(C)(C)C)C(SC6=CC(C(C)(C)C)=CC(SC4=C5)=C6O)=CC(C(C)(C)C)=C3.C
outer_cv,train,3,2,12,,,167,Group 13/164.log,Group 13,Group 13,164.log,O=[N+](C1=CC(S2)=C3OCCOCCOCCOCCOC4=C5SC6=C(C2=CC([N+]([O-])=O)=C6)OCCOCCOCCOCCOC7=C(SC3=C1)C=C([N+]([O-])=O)C=C7SC4=CC([N+]([O-])=O)=C5)[O-]
outer_cv,train,3,2,12,,,168,Group 13/165.log,Group 13,Group 13,165.log,CC(C1=CC2=C(OCCOCCOC3=C(SC4=CC(C(C)(C)C)=CC(S2)=C4OCCBr)C=C(C(C)(C)C)C=C3S5)C(SC6=CC(C(C)(C)C)=CC5=C6OCCBr)=C1)(C)C
outer_cv,train,3,2,12,,,169,Group 13/166.log,Group 13,Group 13,166.log,CC(C1=CC2=C(OCCOCCOC3=C(SC4=CC(C(C)(C)C)=CC(S2)=C4OCCCBr)C=C(C(C)(C)C)C=C3S5)C(SC6=CC(C(C)(C)C)=CC5=C6OCCCBr)=C1)(C)C
outer_cv,train,3,2,12,,,170,Group 13/167.log,Group 13,Group 13,167.log,CC(C1=CC2=C(OCCOCCOCCOC3=C(SC4=CC(C(C)(C)C)=CC(S2)=C4OCCBr)C=C(C(C)(C)C)C=C3S5)C(SC6=CC(C(C)(C)C)=CC5=C6OCCBr)=C1)(C)C
outer_cv,train,3,2,12,,,171,Group 13/168.log,Group 13,Group 13,168.log,CC(C1=CC2=C(OCCOCCOCCOC3=C(SC4=CC(C(C)(C)C)=CC(S2)=C4OCCCBr)C=C(C(C)(C)C)C=C3S5)C(SC6=CC(C(C)(C)C)=CC5=C6OCCCBr)=C1)(C)C
outer_cv,train,3,2,12,,,172,Group 13/169.log,Group 13,Group 13,169.log,CC(C1=CC2=C(OCCOCCOCCOCCOC3=C(SC4=CC(C(C)(C)C)=CC(S2)=C4OCCCBr)C=C(C(C)(C)C)C=C3S5)C(SC6=CC(C(C)(C)C)=CC5=C6OCCCBr)=C1)(C)C
outer_cv,train,3,2,12,,,173,Group 13/170.log,Group 13,Group 13,170.log,CC(C1=CC2=C(OCCOCCOCCOCCOCCOC3=C(SC4=CC(C(C)(C)C)=CC(S2)=C4OCCBr)C=C(C(C)(C)C)C=C3S5)C(SC6=CC(C(C)(C)C)=CC5=C6OCCBr)=C1)(C)C
outer_cv,train,3,2,12,,,174,Group 13/171.log,Group 13,Group 13,171.log,CC(C1=CC2=C(OCCOCCOCCOCCOCCOC3=C(SC4=CC(C(C)(C)C)=CC(S2)=C4OCCCBr)C=C(C(C)(C)C)C=C3S5)C(SC6=CC(C(C)(C)C)=CC5=C6OCCCBr)=C1)(C)C
outer_cv,train,3,2,12,,,175,Group 13/172.log,Group 13,Group 13,172.log,CC(C1=CC2=C(OCCOCCOCCOCCOCCOCCOC3=C(SC4=CC(C(C)(C)C)=CC(S2)=C4OCCBr)C=C(C(C)(C)C)C=C3S5)C(SC6=CC(C(C)(C)C)=CC5=C6OCCBr)=C1)(C)C
outer_cv,train,3,2,12,,,176,Group 13/173.log,Group 13,Group 13,173.log,CC(C1=CC2=C(OCCOCCOCCOCCOCCOCCOC3=C(SC4=CC(C(C)(C)C)=CC(S2)=C4OCCCBr)C=C(C(C)(C)C)C=C3S5)C(SC6=CC(C(C)(C)C)=CC5=C6OCCCBr)=C1)(C)C
outer_cv,train,3,2,12,,,177,Group 13/174.log,Group 13,Group 13,174.log,CC(C)(C)C1=CC(SC(C=C2C(C)(C)C)=C3OCCOCCOCCOCCOCCOC(C(S4)=CC(C(C)(C)C)=C5)=C5SC6=C(C7=CC(C(C)(C)C)=C6)OCCCBr)=C(OCCCBr)C(SC8=C(OCCOCCOCCOCCOCCOC9=C(S7)C=C(C(C)(C)C)C=C9SC%10=C(OCCCBr)C4=CC(C(C)(C)C)=C%10)C(SC(C=C(C=C%11SC3=C2)C(C)(C)C)=C%11OCCCBr)=CC(C(C)(C)C)=C8)=C1
outer_cv,train,3,2,12,,,178,Group 13/175.log,Group 13,Group 13,175.log,CC(C1=CC2=C(OCCOCCOCCOC3=C(SC4=CC(C(C)(C)C)=CC(S2)=C4OCCCCCCCCCCCC)C=C(C(C)(C)C)C=C3S5)C(SC6=CC(C(C)(C)C)=CC5=C6OCCCCCCCCCCCC)=C1)(C)C
outer_cv,train,3,2,12,,,179,Group 13/176.log,Group 13,Group 13,176.log,CC(C1=CC2=C(OCCOCCOCCOCCOC3=C(SC4=CC(C(C)(C)C)=CC(S2)=C4OCCCCCCCCCCCC)C=C(C(C)(C)C)C=C3S5)C(SC6=CC(C(C)(C)C)=CC5=C6OCCCCCCCCCCCC)=C1)(C)C
outer_cv,train,3,2,12,,,180,Group 13/177.log,Group 13,Group 13,177.log,CC(C1=CC2=C(OCCOCCOCCOCCOCCOC3=C(SC4=CC(C(C)(C)C)=CC(S2)=C4OCCCCCCCCCCCC)C=C(C(C)(C)C)C=C3S5)C(SC6=CC(C(C)(C)C)=CC5=C6OCCCCCCCCCCCC)=C1)(C)C
outer_cv,train,3,2,12,,,181,Group 13/178.log,Group 13,Group 13,178.log,CC(C1=CC2=C(OCCOCCOCCOC3=C(SC4=CC(C(C)(C)C)=CC(S2)=C4OC)C=C(C(C)(C)C)C=C3S5)C(SC6=CC(C(C)(C)C)=CC5=C6OC)=C1)(C)C
outer_cv,train,3,2,12,,,182,Group 13/179.log,Group 13,Group 13,179.log,CC(C1=CC2=C(OCCOCCOCCOCCOC3=C(SC4=CC(C(C)(C)C)=CC(S2)=C4OC)C=C(C(C)(C)C)C=C3S5)C(SC6=CC(C(C)(C)C)=CC5=C6OC)=C1)(C)C
outer_cv,train,3,2,12,,,183,Group 13/180.log,Group 13,Group 13,180.log,CC(C1=CC2=C(OCCOCCOCCOCCOCCOC3=C(SC4=CC(C(C)(C)C)=CC(S2)=C4OC)C=C(C(C)(C)C)C=C3S5)C(SC6=CC(C(C)(C)C)=CC5=C6OC)=C1)(C)C
outer_cv,train,3,2,12,,,184,Group 14/181.log,Group 14,Group 14,181.log,CC(C)(C1=CC(CC2=C(C(CC(C=C(C=C3C4)C(C)(C)C)=C3OCC#CC(C5=CC=CC=C5)=O)=CC(C(C)(C)C)=C2)OCC#CC(C6=CC=CC=C6)=O)=C(OCC#CC(C7=CC=CC=C7)=O)C(CC8=CC(C(C)(C)C)=CC4=C8OCC#CC(C9=CC=CC=C9)=O)=C1)C
outer_cv,train,3,2,12,,,185,Group 14/182.log,Group 14,Group 14,182.log,CC(C)(C1=CC(CC2=C(C(CC(C=C(C=C3C4)C(C)(C)C)=C3OCC#CC(C5=CC=C(C)C=C5)=O)=CC(C(C)(C)C)=C2)OCC#CC(C6=CC=C(C)C=C6)=O)=C(OCC#CC(C7=CC=C(C)C=C7)=O)C(CC8=CC(C(C)(C)C)=CC4=C8OCC#CC(C9=CC=C(C)C=C9)=O)=C1)C
outer_cv,train,3,2,12,,,186,Group 14/183.log,Group 14,Group 14,183.log,CC(C)(C1=CC(CC2=C(C(CC(C=C(C=C3C4)C(C)(C)C)=C3OCC#CC(C5=CC=C(Cl)C=C5)=O)=CC(C(C)(C)C)=C2)OCC#CC(C6=CC=C(Cl)C=C6)=O)=C(OCC#CC(C7=CC=C(Cl)C=C7)=O)C(CC8=CC(C(C)(C)C)=CC4=C8OCC#CC(C9=CC=C(Cl)C=C9)=O)=C1)C
outer_cv,train,3,2,12,,,187,Group 14/184.log,Group 14,Group 14,184.log,CC(C)(C1=CC(CC2=C(C(CC(C=C(C=C3C4)C(C)(C)C)=C3OCC#CC(C5=CC=C(OC)C=C5)=O)=CC(C(C)(C)C)=C2)OCC#CC(C6=CC=C(OC)C=C6)=O)=C(OCC#CC(C7=CC=C(OC)C=C7)=O)C(CC8=CC(C(C)(C)C)=CC4=C8OCC#CC(C9=CC=C(OC)C=C9)=O)=C1)C
outer_cv,train,3,2,12,,,188,Group 14/185.log,Group 14,Group 14,185.log,CC(C1=CC2=C(OCC#CC(C3=CC=CC=C3)=O)C(CC4=CC(C(C)(C)C)=CC(CC5=CC(C(C)(C)C)=CC(CC6=CC(C(C)(C)C)=CC(C2)=C6OCC#CC(C7=CC=CC=C7)=O)=C5OCC#CC(C8=CC=CC=C8)=O)=C4OCC#CC(C9=CC=CC=C9)=O)=C1)(C)C
outer_cv,train,3,2,12,,,189,Group 14/186.log,Group 14,Group 14,186.log,CC(C1=CC2=C(OCC#CC(C3=CC=C(C)C=C3)=O)C(CC4=CC(C(C)(C)C)=CC(CC5=CC(C(C)(C)C)=CC(CC6=CC(C(C)(C)C)=CC(C2)=C6OCC#CC(C7=CC=C(C)C=C7)=O)=C5OCC#CC(C8=CC=C(C)C=C8)=O)=C4OCC#CC(C9=CC=C(C)C=C9)=O)=C1)(C)C
outer_cv,train,3,2,12,,,190,Group 14/187.log,Group 14,Group 14,187.log,CC(C)(C)C1=CC(CC2=C3)=C(OCC#CC(C4=CC=CC=C4)=O)C(CC5=CC(C(C)(C)C)=CC(CC6=CC(C(C)(C)C)=CC(CC(C=C3C(C)(C)C)=C2OCC#CC(C7=CC=CC=C7)=O)=C6OCC#CC(C8=CC=CC=C8)=O)=C5OCC#CC(C9=CC=CC=C9)=O)=C1
outer_cv,train,3,2,12,,,191,Group 14/188.log,Group 14,Group 14,188.log,CC(C)(C)C1=CC(CC2=C3)=C(OCC#CC(C4=CC=C(C)C=C4)=O)C(CC5=CC(C(C)(C)C)=CC(CC6=CC(C(C)(C)C)=CC(CC(C=C3C(C)(C)C)=C2OCC#CC(C7=CC=C(C)C=C7)=O)=C6OCC#CC(C8=CC=C(C)C=C8)=O)=C5OCC#CC(C9=CC=C(C)C=C9)=O)=C1
outer_cv,train,3,2,12,,,192,Group 14/189.log,Group 14,Group 14,189.log,CC(C)(C)C1=CC(CC2=C3)=C(OCC#CC(C4=CC=C(Cl)C=C4)=O)C(CC5=CC(C(C)(C)C)=CC(CC6=CC(C(C)(C)C)=CC(CC(C=C3C(C)(C)C)=C2OCC#CC(C7=CC=C(Cl)C=C7)=O)=C6OCC#CC(C8=CC=C(Cl)C=C8)=O)=C5OCC#CC(C9=CC=C(Cl)C=C9)=O)=C1
outer_cv,train,3,2,12,,,193,Group 14/190.log,Group 14,Group 14,190.log,CC(C)(C)C1=CC(CC2=C3)=C(OCC#CC(C4=CC=C(OC)C=C4)=O)C(CC5=CC(C(C)(C)C)=CC(CC6=CC(C(C)(C)C)=CC(CC(C=C3C(C)(C)C)=C2OCC#CC(C7=CC=C(OC)C=C7)=O)=C6OCC#CC(C8=CC=C(OC)C=C8)=O)=C5OCC#CC(C9=CC=C(OC)C=C9)=O)=C1
outer_cv,train,3,2,12,,,194,Group 14/191.log,Group 14,Group 14,191.log,CC(C1=CC2=C(OCC#CC(C3=CC=C(Cl)C=C3)=O)C(CC4=CC(C(C)(C)C)=CC(CC5=CC(C(C)(C)C)=CC(CC6=CC(C(C)(C)C)=CC(C2)=C6OCC#CC(C7=CC=C(Cl)C=C7)=O)=C5OCC#CC(C8=CC=C(Cl)C=C8)=O)=C4OCC#CC(C9=CC=C(Cl)C=C9)=O)=C1)(C)C
outer_cv,train,3,2,12,,,195,Group 14/192.log,Group 14,Group 14,192.log,CC(C1=CC2=C(OCC#CC(C3=CC=C(OC)C=C3)=O)C(CC4=CC(C(C)(C)C)=CC(CC5=CC(C(C)(C)C)=CC(CC6=CC(C(C)(C)C)=CC(C2)=C6OCC#CC(C7=CC=C(OC)C=C7)=O)=C5OCC#CC(C8=CC=C(OC)C=C8)=O)=C4OCC#CC(C9=CC=C(OC)C=C9)=O)=C1)(C)C
outer_cv,train,3,2,12,,,196,Group 14/193.log,Group 14,Group 14,193.log,CC(C1=CC2=C(OCC#CC(C3=CC=CC=C3)=O)C(SC4=CC(C(C)(C)C)=CC(SC5=CC(C(C)(C)C)=CC(SC6=CC(C(C)(C)C)=CC(S2)=C6OCC#CC(C7=CC=CC=C7)=O)=C5OCC#CC(C8=CC=CC=C8)=O)=C4OCC#CC(C9=CC=CC=C9)=O)=C1)(C)C
outer_cv,train,3,2,12,,,197,Group 14/194.log,Group 14,Group 14,194.log,CC(C1=CC2=C(OCCC#CC(C3=CC=CC=C3)=O)C(SC4=CC(C(C)(C)C)=CC(SC5=CC(C(C)(C)C)=CC6=C5OCCC#C(C(C7=CC=CC=C7)=O)C(C(C=C8S6)=CC(S2)=C8OCCC#CC(C9=CC=CC=C9)=O)(C)C)=C4OCCC#CC(C%10=CC=CC=C%10)=O)=C1)(C)C
outer_cv,train,3,2,12,,,198,Group 14/195.log,Group 14,Group 14,195.log,CC(C1=CC2=C(OCCCC#CC(C3=CC=CC=C3)=O)C(CC4=CC(C(C)(C)C)=CC(CC5=CC(C(C)(C)C)=CC(CC6=CC(C(C)(C)C)=CC(C2)=C6OCCCC#CC(C7=CC=CC=C7)=O)=C5OCCCC#CC(C8=CC=CC=C8)=O)=C4OCCCC#CC(C9=CC=CC=C9)=O)=C1)(C)C
outer_cv,train,3,2,12,,,199,Group 14/196.log,Group 14,Group 14,196.log,CC(C1=CC2=C(OCCCC#CC(C3=CC=CC=C3)=O)C(SC4=CC(C(C)(C)C)=CC(SC5=CC(C(C)(C)C)=CC(SC6=CC(C(C)(C)C)=CC(S2)=C6OCCCC#CC(C7=CC=CC=C7)=O)=C5OCCCC#CC(C8=CC=CC=C8)=O)=C4OCCCC#CC(C9=CC=CC=C9)=O)=C1)(C)C
outer_cv,train,3,2,12,,,200,Group 14/197.log,Group 14,Group 14,197.log,CC(C1=CC2=C(OCCCCC#CC(C3=CC=CC=C3)=O)C(SC4=CC(C(C)(C)C)=CC(SC5=CC(C(C)(C)C)=CC(SC6=CC(C(C)(C)C)=CC(S2)=C6OCCCCC#CC(C7=CC=CC=C7)=O)=C5OCCCCC#CC(C8=CC=CC=C8)=O)=C4OCCCCC#CC(C9=CC=CC=C9)=O)=C1)(C)C
outer_cv,train,3,2,12,,,211,Group 16/208.log,Group 16,Group 16,208.log,OC1=C(SC2=C(C(SC3=C(O)C(SC4=CC(C(C)(C)C)=CC(SC1=C5)=C4OCCN6C(C(C=CC=C7)=C7C6=O)=O)=CC(C(C)(C)C)=C3)=CC(C(C)(C)C)=C2)OCCN8C(C(C=CC=C9)=C9C8=O)=O)C=C5C(C)(C)C
outer_cv,train,3,2,12,,,212,Group 16/209.log,Group 16,Group 16,209.log,OC1=C(SC2=C(C(SC3=C(O)C(SC4=CC(C(C)(C)C)=CC(SC1=C5)=C4OCCCN6C(C(C=CC=C7)=C7C6=O)=O)=CC(C(C)(C)C)=C3)=CC(C(C)(C)C)=C2)OCCCN8C(C(C=CC=C9)=C9C8=O)=O)C=C5C(C)(C)C
outer_cv,train,3,2,12,,,213,Group 16/210.log,Group 16,Group 16,210.log,OC1=C(CC2=C(C(CC3=C(O)C(CC4=CC(C(C)(C)C)=CC(CC1=C5)=C4OCC(N6CCOCC6)=O)=CC(C(C)(C)C)=C3)=CC(C(C)(C)C)=C2)OCC(N7CCOCC7)=O)C=C5C(C)(C)C
outer_cv,train,3,2,12,,,214,Group 16/211.log,Group 16,Group 16,211.log,CC(C1=CC2=C(OCCOCCOCCOCCOCCOC3=C(SC4=CC(C(C)(C)C)=CC(S2)=C4OCCN5C(C(C=CC=C6)C6C5=O)=O)C=C(C(C)(C)C)C=C3S7)C(SC8=CC(C(C)(C)C)=CC7=C8OCCN9C(C(C=CC=C%10)C%10C9=O)=O)=C1)(C)C
outer_cv,train,3,2,12,,,215,Group 16/212.log,Group 16,Group 16,212.log,CC(C1=CC2=C(OCCOCCOCCOCCOCCOC3=C(SC4=CC(C(C)(C)C)=CC(S2)=C4OCCCN5C(C(C=CC=C6)=C6C5=O)=O)C=C(C(C)(C)C)C=C3S7)C(SC8=CC(C(C)(C)C)=CC7=C8OCCCN9C(C(C=CC=C%10)=C%10C9=O)=O)=C1)(C)C
outer_cv,train,3,2,12,,,216,Group 16/213.log,Group 16,Group 16,213.log,OC1=C(CC2=C(C(CC3=C(O)C(CC4=CC(C(C)(C)C)=CC(CC1=C5)=C4OCC(N6CCOCCOCCOCC6)=O)=CC(C(C)(C)C)=C3)=CC(C(C)(C)C)=C2)OCC(N7CCOCCOCCOCC7)=O)C=C5C(C)(C)C
outer_cv,train,3,2,12,,,217,Group 16/214.log,Group 16,Group 16,214.log,OC1=C(CC2=C(C(CC3=C(O)C(CC4=CC(C(C)(C)C)=CC(CC1=C5)=C4OCC(N6CCOCCOCCOCCOCC6)=O)=CC(C(C)(C)C)=C3)=CC(C(C)(C)C)=C2)OCC(N7CCOCCOCCOCCOCC7)=O)C=C5C(C)(C)C
outer_cv,train,3,2,12,,,218,Group 16/215.log,Group 16,Group 16,215.log,OC1=C(CC2=C(C(CC3=C(O)C(CC4=CC(C(C)(C)C)=CC(CC1=C5)=C4OCC(N6CCOCCOCCOCCOCCOCC6)=O)=CC(C(C)(C)C)=C3)=CC(C(C)(C)C)=C2)OCC(N7CCOCCOCCOCCOCCOCC7)=O)C=C5C(C)(C)C
outer_cv,train,3,2,12,,,219,Group 16/216.log,Group 16,Group 16,216.log,OC1=C(CC2=CC(C(C)(C)C)=CC(CC(C=C3C(C)(C)C)=C4OCC(N5CCOCCOCCOCC5)=O)=C2OCC(N6CCOCCOCCOCC6)=O)C=C(C(C)(C)C)C=C1CC7=CC(C(C)(C)C)=CC(CC4=C3)=C7OCC(N8CCOCCOCCOCC8)=O
outer_cv,train,3,2,12,,,220,Group 16/217.log,Group 16,Group 16,217.log,CC(C)(C)C1=CC(CC2=C3)=C(OCC(N4CCOCCOCCOCC4)=O)C(CC5=CC(C(C)(C)C)=CC(CC6=CC(C(C)(C)C)=CC(CC(C=C3C(C)(C)C)=C2OCC(N7CCOCCOCCOCC7)=O)=C6OCC(N8CCOCCOCCOCC8)=O)=C5OCC(N9CCOCCOCCOCC9)=O)=C1
outer_cv,train,3,2,12,,,223,Group 18/220.log,Group 18,Group 18,220.log,C12=C(C(SC(C=CC=C3S4)=C3OCCOCCOCCOC(C(SC5=CC=CC4=C5OCCCOC6=CC(C7=NC=CC=C7)=NC(C8=CC=CC=N8)=C6)=CC=C9)=C9S2)=CC=C1)OCCCOC%10=CC(C%11=NC=CC=C%11)=NC(C%12=CC=CC=N%12)=C%10
outer_cv,train,3,2,12,,,224,Group 18/221.log,Group 18,Group 18,221.log,CC(C1=CC2=C(OCCOCCOCCOC3=C(SC4=CC(C(C)(C)C)=CC(S2)=C4OCCCOC5=CC(C6=NC=CC=C6)=NC(C7=CC=CC=N7)=C5)C=C(C(C)(C)C)C=C3S8)C(SC9=CC(C(C)(C)C)=CC8=C9OCCCOC%10=CC(C%11=NC=CC=C%11)=NC(C%12=CC=CC=N%12)=C%10)=C1)(C)C
outer_cv,train,3,2,12,,,225,Group 18/222.log,Group 18,Group 18,222.log,CC(C1=CC2=C(OCCOCCOCCOCCOC3=C(SC4=CC(C(C)(C)C)=CC(S2)=C4OCCCOC5=CC(C6=NC=CC=C6)=NC(C7=CC=CC=N7)=C5)C=C(C(C)(C)C)C=C3S8)C(SC9=CC(C(C)(C)C)=CC8=C9OCCCOC%10=CC(C%11=NC=CC=C%11)=NC(C%12=CC=CC=N%12)=C%10)=C1)(C)C
outer_cv,train,3,2,12,,,226,Group 18/223.log,Group 18,Group 18,223.log,CC(C1=CC2=C(OCCOCCOCCOCCOCCOC3=C(SC4=CC(C(C)(C)C)=CC(S2)=C4OCCCOC5=CC(C6=NC=CC=C6)=NC(C7=CC=CC=N7)=C5)C=C(C(C)(C)C)C=C3S8)C(SC9=CC(C(C)(C)C)=CC8=C9OCCCOC%10=CC(C%11=NC=CC=C%11)=NC(C%12=CC=CC=N%12)=C%10)=C1)(C)C
outer_cv,train,3,2,12,,,227,Group 19/224.log,Group 19,Group 19,224.log,OC1=C(SC2=C(C(SC3=C(O)C(SC4=CC(C(C)(C)C)=CC(SC1=C5)=C4OCCSCCCCCCCC)=CC(C(C)(C)C)=C3)=CC(C(C)(C)C)=C2)OCCSCCCCCCCC)C=C5C(C)(C)C
outer_cv,train,3,2,12,,,228,Group 19/225.log,Group 19,Group 19,225.log,OC1=C(SC2=C(C(SC3=C(O)C(SC4=CC(C(C)(C)C)=CC(SC1=C5)=C4OCCSC)=CC(C(C)(C)C)=C3)=CC(C(C)(C)C)=C2)OCCSC)C=C5C(C)(C)C
outer_cv,train,3,2,12,,,229,Group 19/226.log,Group 19,Group 19,226.log,OC1=C(SC2=C(C(SC3=C(O)C(SC4=CC(C(C)(C)C)=CC(SC1=C5)=C4OCCSCC6=CC=CC=C6)=CC(C(C)(C)C)=C3)=CC(C(C)(C)C)=C2)OCCSCC7=CC=CC=C7)C=C5C(C)(C)C
outer_cv,train,3,2,12,,,230,Group 19/227.log,Group 19,Group 19,227.log,OC1=C(SC2=C(C(SC3=C(O)C(SC4=CC(C(C)(C)C)=CC(SC1=C5)=C4OCCCSCC)=CC(C(C)(C)C)=C3)=CC(C(C)(C)C)=C2)OCCCSCC)C=C5C(C)(C)C
outer_cv,train,3,2,12,,,231,Group 19/228.log,Group 19,Group 19,228.log,OC1=C(CC2=C(C(CC3=C(O)C(C4)=CC=C3)=CC=C2)OCCCS)C=CC=C1CC5=C(OCCCS)C4=CC=C5
outer_cv,train,3,2,12,,,232,Group 19/229.log,Group 19,Group 19,229.log,OC1=C(SC2=C(C(SC3=C(O)C(SC4=CC(C(C)(C)C)=CC(SC1=C5)=C4OCCCSCCSCCS)=CC(C(C)(C)C)=C3)=CC(C(C)(C)C)=C2)O)C=C5C(C)(C)C
outer_cv,train,3,2,12,,,233,Group 19/230.log,Group 19,Group 19,230.log,CC(C1=CC2=C(OCCCS)C(SC3=CC(C(C)(C)C)=CC(SC4=CC(C(C)(C)C)=CC(SC5=CC(C(C)(C)C)=CC(S2)=C5OCCCS)=C4OCCCS)=C3OCCCS)=C1)(C)C
outer_cv,train,3,2,12,,,234,Group 19/231.log,Group 19,Group 19,231.log,CC(C1=CC2=C(OCCCSCC(OC)=O)C(SC3=CC(C(C)(C)C)=CC(SC4=CC(C(C)(C)C)=CC(SC5=CC(C(C)(C)C)=CC(S2)=C5OCCCSCC(OC)=O)=C4OCCCSCC(OC)=O)=C3OCCCSCC(OC)=O)=C1)(C)C
outer_cv,train,3,2,12,,,235,Group 19/232.log,Group 19,Group 19,232.log,CC(C1=CC2=C(OCCCCSCC(OC)=O)C(SC3=CC(C(C)(C)C)=CC(SC4=CC(C(C)(C)C)=CC(SC5=CC(C(C)(C)C)=CC(S2)=C5OCCCCSCC(OC)=O)=C4OCCCCSCC(OC)=O)=C3OCCCCSCC(OC)=O)=C1)(C)C
outer_cv,train,3,2,12,,,236,Group 19/233.log,Group 19,Group 19,233.log,CC(C1=CC2=C(OCCCCCSCC(OC)=O)C(SC3=CC(C(C)(C)C)=CC(SC4=CC(C(C)(C)C)=CC(SC5=CC(C(C)(C)C)=CC(S2)=C5OCCCCCSCC(OC)=O)=C4OCCCCCSCC(OC)=O)=C3OCCCCCSCC(OC)=O)=C1)(C)C
outer_cv,train,3,2,12,,,237,Group 19/234.log,Group 19,Group 19,234.log,CC(C1=CC2=C(OCCOCCO)C(SC3=CC(C(C)(C)C)=CC(SC4=CC(C(C)(C)C)=CC(SC5=CC(C(C)(C)C)=CC(S2)=C5OCCSCC(OC)=O)=C4OCCOCCO)=C3OCCSCC(OC)=O)=C1)(C)C
outer_cv,train,3,2,12,,,238,Group 19/235.log,Group 19,Group 19,235.log,OC1=C(SC2=C(C(SC3=C(O)C(SC4=CC(C(C)(C)C)=CC(SC1=C5)=C4OCCSC(C)=O)=CC(C(C)(C)C)=C3)=CC(C(C)(C)C)=C2)OCCSC(C)=O)C=C5C(C)(C)C
outer_cv,train,3,2,12,,,239,Group 19/236.log,Group 19,Group 19,236.log,OC1=C(SC2=C(C(SC3=C(O)C(SC4=CC(C(C)(C)C)=CC(SC1=C5)=C4OCCCSC(C)=O)=CC(C(C)(C)C)=C3)=CC(C(C)(C)C)=C2)OCCCSC(C)=O)C=C5C(C)(C)C
outer_cv,train,3,2,12,,,240,Group 19/237.log,Group 19,Group 19,237.log,CC(C1=CC2=C(OCCSCCCCCCCC)C(SC3=CC(C(C)(C)C)=CC(SC4=CC(C(C)(C)C)=CC(SC5=CC(C(C)(C)C)=CC(S2)=C5OCCC#C)=C4OCCSCCCCCCCC)=C3OCCC#C)=C1)(C)C
outer_cv,train,3,2,12,,,241,Group 19/238.log,Group 19,Group 19,238.log,CC(C1=CC2=C(OCCSCCCCCCCC)C(SC3=CC(C(C)(C)C)=CC(SC4=CC(C(C)(C)C)=CC(SC5=CC(C(C)(C)C)=CC(S2)=C5OCCCC#C)=C4OCCSCCCCCCCC)=C3OCCCC#C)=C1)(C)C
outer_cv,train,3,2,12,,,242,Group 19/239.log,Group 19,Group 19,239.log,CC(C1=CC2=C(OCCSCCCCCCCC)C(SC3=CC(C(C)(C)C)=CC(SC4=CC(C(C)(C)C)=CC(SC5=CC(C(C)(C)C)=CC(S2)=C5OCCCCC#C)=C4OCCSCCCCCCCC)=C3OCCCCC#C)=C1)(C)C
outer_cv,train,3,2,12,,,243,Group 19/240.log,Group 19,Group 19,240.log,CC(C1=CC2=C(OCCSCCCCCCCC)C(SC3=CC(C(C)(C)C)=CC(SC4=CC(C(C)(C)C)=CC(SC5=CC(C(C)(C)C)=CC(S2)=C5OCCCBr)=C4OCCSCCCCCCCC)=C3OCCCBr)=C1)(C)C
outer_cv,train,3,2,12,,,244,Group 19/241.log,Group 19,Group 19,241.log,CC(C1=CC2=C(OCCSCCCCCCCC)C(SC3=CC(C(C)(C)C)=CC(SC4=CC(C(C)(C)C)=CC(SC5=CC(C(C)(C)C)=CC(S2)=C5OCCCN=[N+]=[N-])=C4OCCSCCCCCCCC)=C3OCCCN=[N+]=[N-])=C1)(C)C
outer_cv,train,3,2,12,,,245,Group 19/242.log,Group 19,Group 19,242.log,CC(C1=CC2=C(OCCSCCCCCCCC)C(SC3=CC(C(C)(C)C)=CC(SC4=CC(C(C)(C)C)=CC(SC5=CC(C(C)(C)C)=CC(S2)=C5OCCCN6C(C(OC)=O)=C(C(OC)=O)N=N6)=C4OCCSCCCCCCCC)=C3OCCCN7N=NC(C(OC)=O)=C7C(OC)=O)=C1)(C)C
outer_cv,train,3,2,12,,,246,Group 19/243.log,Group 19,Group 19,243.log,OC1=C(SC2=C(C(SC3=C(O)C(SC4=CC(C(C)(C)C)=CC(SC1=C5)=C4OCCCBr)=CC(C(C)(C)C)=C3)=CC(C(C)(C)C)=C2)OCCCSC(C)=O)C=C5C(C)(C)C
outer_cv,train,3,2,12,,,247,Group 20/244.log,Group 20,Group 20,244.log,BrCCCOC1=C2C=CC=C1SC3=CC=CC4=C3OCCSCCSCCOC5=C(SC6=CC=CC(S4)=C6OCCCBr)C=CC=C5S2
outer_cv,train,3,2,12,,,248,Group 20/245.log,Group 20,Group 20,245.log,CC(C1=CC2=C(OCCSCCSCCOC3=C(SC4=CC(C(C)(C)C)=CC(S2)=C4OCCCBr)C=C(C(C)(C)C)C=C3S5)C(SC6=CC(C(C)(C)C)=CC5=C6OCCCBr)=C1)(C)C
outer_cv,train,3,2,12,,,249,Group 20/246.log,Group 20,Group 20,246.log,CC(C1=CC2=C(OCCSCCSCCOC3=C(SC4=CC(C(C)(C)C)=CC(S2)=C4OCCCCCCCCCCCC)C=C(C(C)(C)C)C=C3S5)C(SC6=CC(C(C)(C)C)=CC5=C6OCCCCCCCCCCCC)=C1)(C)C
outer_cv,train,3,2,12,,,250,Group 20/247.log,Group 20,Group 20,247.log,CC(C1=CC2=C(OCCCSCCOCCSCCCOC3=C(SC4=CC(C(C)(C)C)=CC(S2)=C4OCCCCCCCCCCCC)C=C(C(C)(C)C)C=C3S5)C(SC6=CC(C(C)(C)C)=CC5=C6OCCCCCCCCCCCC)=C1)(C)C
outer_cv,train,3,2,12,,,251,Group 20/248.log,Group 20,Group 20,248.log,CC(C1=CC2=C(OCCCSCCSCCSCCCOC3=C(SC4=CC(C(C)(C)C)=CC(S2)=C4OCCCCCCCCCCCC)C=C(C(C)(C)C)C=C3S5)C(SC6=CC(C(C)(C)C)=CC5=C6OCCCCCCCCCCCC)=C1)(C)C
outer_cv,train,3,2,12,,,258,Group 22/255.log,Group 22,Group 22,255.log,CC(C1=CC2=C(OCCOCCOCCOC3=C(SC4=CC(C(C)(C)C)=CC(S2)=C4OCCSC(C)=O)C=C(C(C)(C)C)C=C3S5)C(SC6=CC(C(C)(C)C)=CC5=C6OCCSC(C)=O)=C1)(C)C
outer_cv,train,3,2,12,,,259,Group 22/256.log,Group 22,Group 22,256.log,CC(C1=CC2=C(OCCOCCOCCOC3=C(SC4=CC(C(C)(C)C)=CC(S2)=C4OCCCSC(C)=O)C=C(C(C)(C)C)C=C3S5)C(SC6=CC(C(C)(C)C)=CC5=C6OCCCSC(C)=O)=C1)(C)C
outer_cv,train,3,2,12,,,260,Group 22/257.log,Group 22,Group 22,257.log,CC(C1=CC2=C(OCCOCCOCCOC3=C(SC4=CC(C(C)(C)C)=CC(S2)=C4OCCSC)C=C(C(C)(C)C)C=C3S5)C(SC6=CC(C(C)(C)C)=CC5=C6OCCSC)=C1)(C)C
outer_cv,train,3,2,12,,,261,Group 22/258.log,Group 22,Group 22,258.log,CC(C1=CC2=C(OCCOCCOCCOC3=C(SC4=CC(C(C)(C)C)=CC(S2)=C4OCCSCC5=CC=CC=C5)C=C(C(C)(C)C)C=C3S6)C(SC7=CC(C(C)(C)C)=CC6=C7OCCSCC8=CC=CC=C8)=C1)(C)C
outer_cv,train,3,2,12,,,262,Group 22/259.log,Group 22,Group 22,259.log,CC(C1=CC2=C(OCCOCCOCCOC3=C(SC4=CC(C(C)(C)C)=CC(S2)=C4OCCCSCC)C=C(C(C)(C)C)C=C3S5)C(SC6=CC(C(C)(C)C)=CC5=C6OCCCSCC)=C1)(C)C
outer_cv,train,3,2,12,,,263,Group 22/260.log,Group 22,Group 22,260.log,CC(C1=CC2=C(OCCOCCOCCOCCOC3=C(SC4=CC(C(C)(C)C)=CC(S2)=C4OCCSCC5=CC=CC=C5)C=C(C(C)(C)C)C=C3S6)C(SC7=CC(C(C)(C)C)=CC6=C7OCCSCC8=CC=CC=C8)=C1)(C)C
outer_cv,train,3,2,12,,,264,Group 22/261.log,Group 22,Group 22,261.log,CC(C1=CC2=C(OCCOCCOCCOCCOC3=C(SC4=CC(C(C)(C)C)=CC(S2)=C4OCCCSCC)C=C(C(C)(C)C)C=C3S5)C(SC6=CC(C(C)(C)C)=CC5=C6OCCCSCC)=C1)(C)C
outer_cv,train,3,2,12,,,265,Group 22/262.log,Group 22,Group 22,262.log,CC(C1=CC2=C(OCCOCCOC3=C(SC4=CC(C(C)(C)C)=CC(S2)=C4OCCCSC(C)=O)C=C(C(C)(C)C)C=C3S5)C(SC6=CC(C(C)(C)C)=CC5=C6OCCCSC(C)=O)=C1)(C)C
outer_cv,valid,3,2,12,,,11,Group 2/12.log,Group 2,Group 2,12.log,OC1=C(SC2=C(C(SC3=C(O)C(SC4=CC(C(C)(C)C)=CC(SC1=C5)=C4O[Si](C)(C(C)(C)C)C)=CC(C(C)(C)C)=C3)=CC(C(C)(C)C)=C2)O[Si](C)(C)C(C)(C)C)C=C5C(C)(C)C
outer_cv,valid,3,2,12,,,12,Group 2/13.log,Group 2,Group 2,13.log,OC1=C(SC2=C(C(SC3=C(O)C(S4)=CC=C3)=CC=C2)O[Si](C)(C)C(C)(C)C)C=CC=C1SC5=C(O[Si](C)(C(C)(C)C)C)C4=CC=C5
outer_cv,valid,3,2,12,,,13,Group 2/14.log,Group 2,Group 2,14.log,OC1=C(SC2=C(C(SC3=C(O)C(SC4=CC(Br)=CC(SC1=C5)=C4O[Si](C)(C(C)(C)C)C)=CC(Br)=C3)=CC(Br)=C2)O[Si](C)(C)C(C)(C)C)C=C5Br
outer_cv,valid,3,2,12,,,14,Group 2/15.log,Group 2,Group 2,15.log,OC1=C(SC2=C(C(SC3=C(O)C(S4)=CC=C3)=CC=C2)OS(C(F)(F)F)(=O)=O)C=CC=C1SC5=C(OS(=O)(C(F)(F)F)=O)C4=CC=C5
outer_cv,valid,3,2,12,,,71,Group 7/68.log,Group 7,Group 7,68.log,OC1=C(CC2=C(C(CC3=C(O)C(CC4=CC(/N=N/C5=CC=C([N+]([O-])=O)C=C5)=CC(CC1=C6)=C4O)=CC(/N=N/C7=CC=C([N+]([O-])=O)C=C7)=C3)=CC(/N=N/C8=CC=C([N+]([O-])=O)C=C8)=C2)O)C=C6/N=N/C9=CC=C([N+]([O-])=O)C=C9
outer_cv,valid,3,2,12,,,72,Group 7/69.log,Group 7,Group 7,69.log,OC1=C(SC2=C(C(SC3=C(O)C(SC4=CC(/N=N/C5=CC=C([N+]([O-])=O)C=C5)=CC(SC1=C6)=C4O)=CC(/N=N/C7=CC=C([N+]([O-])=O)C=C7)=C3)=CC(/N=N/C8=CC=C([N+]([O-])=O)C=C8)=C2)O)C=C6/N=N/C9=CC=C([N+]([O-])=O)C=C9
outer_cv,valid,3,2,12,,,73,Group 7/70.log,Group 7,Group 7,70.log,OC1=C(SC2=C(C(SC3=C(O)C(SC4=CC(/N=N/C5=CC=C([N+]([O-])=O)C=C5)=CC(SC1=C6)=C4OCCCBr)=CC(/N=N/C7=CC=C([N+]([O-])=O)C=C7)=C3)=CC(/N=N/C8=CC=C([N+]([O-])=O)C=C8)=C2)OCCCBr)C=C6/N=N/C9=CC=C([N+]([O-])=O)C=C9
outer_cv,valid,3,2,12,,,74,Group 7/71.log,Group 7,Group 7,71.log,OC1=C(SC2=C(C(SC3=C(O)C(SC4=CC(C(C)(C)C)=CC(SC1=C5)=C4OCCCOC6=CC=C(/N=N/C7=CC=C([N+]([O-])=O)C=C7)C=C6)=CC(C(C)(C)C)=C3)=CC(C(C)(C)C)=C2)OCCCOC8=CC=C(/N=N/C9=CC=C([N+]([O-])=O)C=C9)C=C8)C=C5C(C)(C)C
outer_cv,valid,3,2,12,,,75,Group 7/72.log,Group 7,Group 7,72.log,OC(C=C1)=CC=C1/N=N/C2=CC=C([N+]([O-])=O)C=C2
outer_cv,valid,3,2,12,,,76,Group 7/73.log,Group 7,Group 7,73.log,OCCCOC(C=C1)=CC=C1/N=N/C2=CC=C([N+]([O-])=O)C=C2
outer_cv,valid,3,2,12,,,77,Group 7/74.log,Group 7,Group 7,74.log,CCCCCCCCOC(C=C1)=CC=C1/N=N/C2=CC=C([N+]([O-])=O)C=C2
outer_cv,valid,3,2,12,,,78,Group 7/75.log,Group 7,Group 7,75.log,OCCN(CC)C(C=C1)=CC=C1/N=N/C2=CC=C([N+]([O-])=O)C=C2
outer_cv,valid,3,2,12,,,127,Group 11/124.log,Group 11,Group 11,124.log,CC(C1=CC2=C(OCC3=CN(CCOC(C(SC(C=C4C(C)(C)C)=C5O)=C6)=C(C=C6C(C)(C)C)SC7=C(O)C(SC(C=C(C=C8SC5=C4)C(C)(C)C)=C8O)=CC(C(C)(C)C)=C7)N=N3)C(SC9=CC(C(C)(C)C)=CC(SC%10=CC(C(C)(C)C)=CC(SC%11=CC(C(C)(C)C)=CC(S2)=C%11OCC%12=CN(CCOC%13=C(SC%14=C%15)C=C(C(C)(C)C)C=C%13SC%16=CC(C(C)(C)C)=CC(SC%17=CC(C(C)(C)C)=CC(SC(C=C%15C(C)(C)C)=C%14O)=C%17O)=C%16O)N=N%12)=C%10OCC%18=CN(CCOC%19=C(C=C(C=C%19SC%20=C%21)C(C)(C)C)SC%22=CC(C(C)(C)C)=CC(SC%23=C(O)C(SC(C=C%21C(C)(C)C)=C%20O)=CC(C(C)(C)C)=C%23)=C%22O)N=N%18)=C9OCC%24=CN(CCOC%25=C(SC(C=C%26C(C)(C)C)=C%27O)C=C(C(C)(C)C)C=C%25SC%28=C(O)C(SC%29=CC(C(C)(C)C)=CC(SC%27=C%26)=C%29O)=CC(C(C)(C)C)=C%28)N=N%24)=C1)(C)C
outer_cv,valid,3,2,12,,,128,Group 11/125.log,Group 11,Group 11,125.log,CC(C1=CC2=C(OCC3=CN(CCCOC(C(SC(C=C4C(C)(C)C)=C5O)=C6)=C(C=C6C(C)(C)C)SC7=C(O)C(SC(C=C(C=C8SC5=C4)C(C)(C)C)=C8O)=CC(C(C)(C)C)=C7)N=N3)C(SC9=CC(C(C)(C)C)=CC(SC%10=CC(C(C)(C)C)=CC(SC%11=CC(C(C)(C)C)=CC(S2)=C%11OCC%12=CN(CCCOC%13=C(SC%14=C%15)C=C(C(C)(C)C)C=C%13SC%16=CC(C(C)(C)C)=CC(SC%17=CC(C(C)(C)C)=CC(SC(C=C%15C(C)(C)C)=C%14O)=C%17O)=C%16O)N=N%12)=C%10OCC%18=CN(CCCOC%19=C(C=C(C=C%19SC%20=C%21)C(C)(C)C)SC%22=CC(C(C)(C)C)=CC(SC%23=C(O)C(SC(C=C%21C(C)(C)C)=C%20O)=CC(C(C)(C)C)=C%23)=C%22O)N=N%18)=C9OCC%24=CN(CCCOC%25=C(SC(C=C%26C(C)(C)C)=C%27O)C=C(C(C)(C)C)C=C%25SC%28=C(O)C(SC%29=CC(C(C)(C)C)=CC(SC%27=C%26)=C%29O)=CC(C(C)(C)C)=C%28)N=N%24)=C1)(C)C
outer_cv,valid,3,2,12,,,129,Group 11/126.log,Group 11,Group 11,126.log,CC(C1=CC(SC2=C(O)C(SC(C=C(C=C3SC4=C5)C(C)(C)C)=C3O)=CC(C(C)(C)C)=C2)=C(OCCN6N=NC(CCOC(C(SC7=CC(C(C)(C)C)=CC(SC8=CC(C(C)(C)C)=CC(S9)=C8OCCC%10=CN(CCOC%11=C(C=C(C=C%11SC%12=C%13)C(C)(C)C)SC%14=CC(C(C)(C)C)=CC(SC%15=C(O)C(SC(C=C%13C(C)(C)C)=C%12O)=CC(C(C)(C)C)=C%15)=C%14O)N=N%10)=C7OCCC%16=CN(CCOC%17=C(SC(C=C%18C(C)(C)C)=C%19O)C=C(C(C)(C)C)C=C%17SC%20=C(O)C(SC%21=CC(C(C)(C)C)=CC(SC%19=C%18)=C%21O)=CC(C(C)(C)C)=C%20)N=N%16)=CC(C(C)(C)C)=C%22)=C%22SC%23=C(C9=CC(C(C)(C)C)=C%23)OCCC%24=CN(CCOC%25=C(SC%26=C%27)C=C(C(C)(C)C)C=C%25SC%28=CC(C(C)(C)C)=CC(SC%29=CC(C(C)(C)C)=CC(SC(C=C%27C(C)(C)C)=C%26O)=C%29O)=C%28O)N=N%24)=C6)C(SC(C=C5C(C)(C)C)=C4O)=C1)(C)C
outer_cv,valid,3,2,12,,,130,Group 11/127.log,Group 11,Group 11,127.log,OC1=C(SC2=C3)C=C(C(C)(C)C)C=C1SC4=CC(C(C)(C)C)=CC(SC5=CC(C(C)(C)C)=CC(SC(C=C3C(C)(C)C)=C2O)=C5OCCCN(N=N6)C=C6CCOC7=C(SC8=CC(C(C)(C)C)=CC(SC9=CC(C(C)(C)C)=CC(S%10)=C9OCCC%11=CN(CCCOC%12=C(SC%13=C%14)C=C(C(C)(C)C)C=C%12SC%15=CC(C(C)(C)C)=CC(SC%16=CC(C(C)(C)C)=CC(SC(C=C%14C(C)(C)C)=C%13O)=C%16O)=C%15O)N=N%11)=C8OCCC%17=CN(CCCOC%18=C(C=C(C=C%18SC%19=C%20)C(C)(C)C)SC%21=CC(C(C)(C)C)=CC(SC%22=C(O)C(SC(C=C%20C(C)(C)C)=C%19O)=CC(C(C)(C)C)=C%22)=C%21O)N=N%17)C=C(C(C)(C)C)C=C7SC%23=CC(C(C)(C)C)=CC%10=C%23OCCC%24=CN(CCCOC%25=C(C=C%26C(C)(C)C)SC%27=C(O)C(SC%28=C(O)C(SC%29=CC(C(C)(C)C)=CC(SC%25=C%26)=C%29O)=CC(C(C)(C)C)=C%28)=CC(C(C)(C)C)=C%27)N=N%24)=C4O
outer_cv,valid,3,2,12,,,131,Group 11/128.log,Group 11,Group 11,128.log,CC(C1=CC2=C(OCCCC3=CN(CCOC4=C(C=C5C(C)(C)C)SC6=C(O)C(SC7=C(O)C(SC8=CC(C(C)(C)C)=CC(SC4=C5)=C8O)=CC(C(C)(C)C)=C7)=CC(C(C)(C)C)=C6)N=N3)C(SC9=CC(C(C)(C)C)=CC(SC%10=CC(C(C)(C)C)=CC(SC%11=CC(C(C)(C)C)=CC(S2)=C%11OCCCC%12=CN(CCOC%13=C(SC%14=C%15)C=C(C(C)(C)C)C=C%13SC%16=CC(C(C)(C)C)=CC(SC%17=CC(C(C)(C)C)=CC(SC(C=C%15C(C)(C)C)=C%14O)=C%17O)=C%16O)N=N%12)=C%10OCCCC%18=CN(CCOC%19=C(C=C(C=C%19SC%20=C%21)C(C)(C)C)SC%22=CC(C(C)(C)C)=CC(SC%23=C(O)C(SC(C=C%21C(C)(C)C)=C%20O)=CC(C(C)(C)C)=C%23)=C%22O)N=N%18)=C9OCCCC%24=CN(CCOC%25=C(SC(C=C%26C(C)(C)C)=C%27O)C=C(C(C)(C)C)C=C%25SC%28=C(O)C(SC%29=CC(C(C)(C)C)=CC(SC%27=C%26)=C%29O)=CC(C(C)(C)C)=C%28)N=N%24)=C1)(C)C
outer_cv,valid,3,2,12,,,132,Group 11/129.log,Group 11,Group 11,129.log,CC(C1=CC2=C(OCCCC3=CN(CCCOC4=C(C=C5C(C)(C)C)SC6=C(O)C(SC7=C(O)C(SC8=CC(C(C)(C)C)=CC(SC4=C5)=C8O)=CC(C(C)(C)C)=C7)=CC(C(C)(C)C)=C6)N=N3)C(SC9=CC(C(C)(C)C)=CC(SC%10=CC(C(C)(C)C)=CC(SC%11=CC(C(C)(C)C)=CC(S2)=C%11OCCCC%12=CN(CCCOC%13=C(SC%14=C%15)C=C(C(C)(C)C)C=C%13SC%16=CC(C(C)(C)C)=CC(SC%17=CC(C(C)(C)C)=CC(SC(C=C%15C(C)(C)C)=C%14O)=C%17O)=C%16O)N=N%12)=C%10OCCCC%18=CN(CCCOC%19=C(C=C(C=C%19SC%20=C%21)C(C)(C)C)SC%22=CC(C(C)(C)C)=CC(SC%23=C(O)C(SC(C=C%21C(C)(C)C)=C%20O)=CC(C(C)(C)C)=C%23)=C%22O)N=N%18)=C9OCCCC%24=CN(CCCOC%25=C(SC(C=C%26C(C)(C)C)=C%27O)C=C(C(C)(C)C)C=C%25SC%28=C(O)C(SC%29=CC(C(C)(C)C)=CC(SC%27=C%26)=C%29O)=CC(C(C)(C)C)=C%28)N=N%24)=C1)(C)C
outer_cv,valid,3,2,12,,,133,Group 11/130.log,Group 11,Group 11,130.log,CC(C1=CC2=C(OCCCCC3=CN(CCOC(C(SC(C=C4C(C)(C)C)=C5O)=C6)=C(C=C6C(C)(C)C)SC7=C(O)C(SC(C=C(C=C8SC5=C4)C(C)(C)C)=C8O)=CC(C(C)(C)C)=C7)N=N3)C(SC9=CC(C(C)(C)C)=CC(SC%10=CC(C(C)(C)C)=CC(SC%11=CC(C(C)(C)C)=CC(S2)=C%11OCCCCC%12=CN(CCOC%13=C(SC%14=C%15)C=C(C(C)(C)C)C=C%13SC%16=CC(C(C)(C)C)=CC(SC%17=CC(C(C)(C)C)=CC(SC(C=C%15C(C)(C)C)=C%14O)=C%17O)=C%16O)N=N%12)=C%10OCCCCC%18=CN(CCOC%19=C(C=C(C=C%19SC%20=C%21)C(C)(C)C)SC%22=CC(C(C)(C)C)=CC(SC%23=C(O)C(SC(C=C%21C(C)(C)C)=C%20O)=CC(C(C)(C)C)=C%23)=C%22O)N=N%18)=C9OCCCCC%24=CN(CCOC%25=C(SC(C=C%26C(C)(C)C)=C%27O)C=C(C(C)(C)C)C=C%25SC%28=C(O)C(SC%29=CC(C(C)(C)C)=CC(SC%27=C%26)=C%29O)=CC(C(C)(C)C)=C%28)N=N%24)=C1)(C)C
outer_cv,valid,3,2,12,,,134,Group 11/131.log,Group 11,Group 11,131.log,CC(C1=CC2=C(OCCCCC3=CN(CCCOC(C(SC(C=C4C(C)(C)C)=C5O)=C6)=C(C=C6C(C)(C)C)SC7=C(O)C(SC(C=C(C=C8SC5=C4)C(C)(C)C)=C8O)=CC(C(C)(C)C)=C7)N=N3)C(SC9=CC(C(C)(C)C)=CC(SC%10=CC(C(C)(C)C)=CC(SC%11=CC(C(C)(C)C)=CC(S2)=C%11OCCCCC%12=CN(CCCOC%13=C(SC%14=C%15)C=C(C(C)(C)C)C=C%13SC%16=CC(C(C)(C)C)=CC(SC%17=CC(C(C)(C)C)=CC(SC(C=C%15C(C)(C)C)=C%14O)=C%17O)=C%16O)N=N%12)=C%10OCCCCC%18=CN(CCCOC%19=C(C=C(C=C%19SC%20=C%21)C(C)(C)C)SC%22=CC(C(C)(C)C)=CC(SC%23=C(O)C(SC(C=C%21C(C)(C)C)=C%20O)=CC(C(C)(C)C)=C%23)=C%22O)N=N%18)=C9OCCCCC%24=CN(CCCOC%25=C(SC(C=C%26C(C)(C)C)=C%27O)C=C(C(C)(C)C)C=C%25SC%28=C(O)C(SC%29=CC(C(C)(C)C)=CC(SC%27=C%26)=C%29O)=CC(C(C)(C)C)=C%28)N=N%24)=C1)(C)C
outer_cv,valid,3,2,12,,,135,Group 11/132.log,Group 11,Group 11,132.log,CC(C1=CC(SC2=C(O)C(SC(C=C(C=C3SC4=C5)C(C)(C)C)=C3O)=CC(C(C)(C)C)=C2)=C(OCC6=CN(N=N6)CCOC(C(SC7=CC(C(C)(C)C)=CC(SC8=CC(C(C)(C)C)=CC(S9)=C8OCCN%10C=C(COC%11=C(C=C(C=C%11SC%12=C%13)C(C)(C)C)SC%14=CC(C(C)(C)C)=CC(SC%15=C(O)C(SC(C=C%13C(C)(C)C)=C%12O)=CC(C(C)(C)C)=C%15)=C%14O)N=N%10)=C7OCCN%16C=C(COC%17=C(SC(C=C%18C(C)(C)C)=C%19O)C=C(C(C)(C)C)C=C%17SC%20=C(O)C(SC%21=CC(C(C)(C)C)=CC(SC%19=C%18)=C%21O)=CC(C(C)(C)C)=C%20)N=N%16)=CC(C(C)(C)C)=C%22)=C%22SC%23=C(C9=CC(C(C)(C)C)=C%23)OCCN%24N=NC(COC%25=C(SC%26=C%27)C=C(C(C)(C)C)C=C%25SC%28=CC(C(C)(C)C)=CC(SC%29=CC(C(C)(C)C)=CC(SC(C=C%27C(C)(C)C)=C%26O)=C%29O)=C%28O)=C%24)C(SC(C=C5C(C)(C)C)=C4O)=C1)(C)C
outer_cv,valid,3,2,12,,,136,Group 11/133.log,Group 11,Group 11,133.log,CC(C1=CC(SC2=C(O)C(SC(C=C(C=C3SC4=C5)C(C)(C)C)=C3O)=CC(C(C)(C)C)=C2)=C(OCCC6=CN(N=N6)CCOC(C(SC7=CC(C(C)(C)C)=CC(SC8=CC(C(C)(C)C)=CC(S9)=C8OCCN%10C=C(CCOC%11=C(C=C(C=C%11SC%12=C%13)C(C)(C)C)SC%14=CC(C(C)(C)C)=CC(SC%15=C(O)C(SC(C=C%13C(C)(C)C)=C%12O)=CC(C(C)(C)C)=C%15)=C%14O)N=N%10)=C7OCCN%16C=C(CCOC%17=C(SC(C=C%18C(C)(C)C)=C%19O)C=C(C(C)(C)C)C=C%17SC%20=C(O)C(SC%21=CC(C(C)(C)C)=CC(SC%19=C%18)=C%21O)=CC(C(C)(C)C)=C%20)N=N%16)=CC(C(C)(C)C)=C%22)=C%22SC%23=C(C9=CC(C(C)(C)C)=C%23)OCCN%24N=NC(CCOC%25=C(SC%26=C%27)C=C(C(C)(C)C)C=C%25SC%28=CC(C(C)(C)C)=CC(SC%29=CC(C(C)(C)C)=CC(SC(C=C%27C(C)(C)C)=C%26O)=C%29O)=C%28O)=C%24)C(SC(C=C5C(C)(C)C)=C4O)=C1)(C)C
outer_cv,valid,3,2,12,,,137,Group 11/134.log,Group 11,Group 11,134.log,OC1=C(SC2=C3)C=C(C(C)(C)C)C=C1SC4=CC(C(C)(C)C)=CC(SC5=CC(C(C)(C)C)=CC(SC(C=C3C(C)(C)C)=C2O)=C5OCCCC(N=N6)=CN6CCOC7=C(SC8=CC(C(C)(C)C)=CC(SC9=CC(C(C)(C)C)=CC(S%10)=C9OCCN%11N=NC(CCCOC%12=C(SC%13=C%14)C=C(C(C)(C)C)C=C%12SC%15=CC(C(C)(C)C)=CC(SC%16=CC(C(C)(C)C)=CC(SC(C=C%14C(C)(C)C)=C%13O)=C%16O)=C%15O)=C%11)=C8OCCN%17C=C(CCCOC%18=C(C=C(C=C%18SC%19=C%20)C(C)(C)C)SC%21=CC(C(C)(C)C)=CC(SC%22=C(O)C(SC(C=C%20C(C)(C)C)=C%19O)=CC(C(C)(C)C)=C%22)=C%21O)N=N%17)C=C(C(C)(C)C)C=C7SC%23=CC(C(C)(C)C)=CC%10=C%23OCCN%24N=NC(CCCOC%25=C(C=C%26C(C)(C)C)SC%27=C(O)C(SC%28=C(O)C(SC%29=CC(C(C)(C)C)=CC(SC%25=C%26)=C%29O)=CC(C(C)(C)C)=C%28)=CC(C(C)(C)C)=C%27)=C%24)=C4O
outer_cv,valid,3,2,12,,,138,Group 11/135.log,Group 11,Group 11,135.log,OC1=C(SC2=C3)C=C(C(C)(C)C)C=C1SC4=CC(C(C)(C)C)=CC(SC5=CC(C(C)(C)C)=CC(SC(C=C3C(C)(C)C)=C2O)=C5OCCCCC(N=N6)=CN6CCOC7=C(SC8=CC(C(C)(C)C)=CC(SC9=CC(C(C)(C)C)=CC(S%10)=C9OCCN%11N=NC(CCCCOC%12=C(SC%13=C%14)C=C(C(C)(C)C)C=C%12SC%15=CC(C(C)(C)C)=CC(SC%16=CC(C(C)(C)C)=CC(SC(C=C%14C(C)(C)C)=C%13O)=C%16O)=C%15O)=C%11)=C8OCCN%17C=C(CCCCOC%18=C(C=C(C=C%18SC%19=C%20)C(C)(C)C)SC%21=CC(C(C)(C)C)=CC(SC%22=C(O)C(SC(C=C%20C(C)(C)C)=C%19O)=CC(C(C)(C)C)=C%22)=C%21O)N=N%17)C=C(C(C)(C)C)C=C7SC%23=CC(C(C)(C)C)=CC%10=C%23OCCN%24N=NC(CCCCOC%25=C(C=C%26C(C)(C)C)SC%27=C(O)C(SC%28=C(O)C(SC%29=CC(C(C)(C)C)=CC(SC%25=C%26)=C%29O)=CC(C(C)(C)C)=C%28)=CC(C(C)(C)C)=C%27)=C%24)=C4O
outer_cv,valid,3,2,12,,,139,Group 11/136.log,Group 11,Group 11,136.log,CC(C1=CC2=C(OCCCN3C=C(COC4=C(C=C5C(C)(C)C)SC6=C(O)C(SC7=C(O)C(SC8=CC(C(C)(C)C)=CC(SC4=C5)=C8O)=CC(C(C)(C)C)=C7)=CC(C(C)(C)C)=C6)N=N3)C(SC9=CC(C(C)(C)C)=CC(SC%10=CC(C(C)(C)C)=CC(SC%11=CC(C(C)(C)C)=CC(S2)=C%11OCCCN%12C=C(COC%13=C(SC%14=C%15)C=C(C(C)(C)C)C=C%13SC%16=CC(C(C)(C)C)=CC(SC%17=CC(C(C)(C)C)=CC(SC(C=C%15C(C)(C)C)=C%14O)=C%17O)=C%16O)N=N%12)=C%10OCCCN%18N=NC(COC%19=C(C=C(C=C%19SC%20=C%21)C(C)(C)C)SC%22=CC(C(C)(C)C)=CC(SC%23=C(O)C(SC(C=C%21C(C)(C)C)=C%20O)=CC(C(C)(C)C)=C%23)=C%22O)=C%18)=C9OCCCN%24N=NC(COC%25=C(SC(C=C%26C(C)(C)C)=C%27O)C=C(C(C)(C)C)C=C%25SC%28=C(O)C(SC%29=CC(C(C)(C)C)=CC(SC%27=C%26)=C%29O)=CC(C(C)(C)C)=C%28)=C%24)=C1)(C)C
outer_cv,valid,3,2,12,,,140,Group 11/137.log,Group 11,Group 11,137.log,CC(C1=CC2=C(OCCCN3C=C(CCOC4=C(C=C5C(C)(C)C)SC6=C(O)C(SC7=C(O)C(SC8=CC(C(C)(C)C)=CC(SC4=C5)=C8O)=CC(C(C)(C)C)=C7)=CC(C(C)(C)C)=C6)N=N3)C(SC9=CC(C(C)(C)C)=CC(SC%10=CC(C(C)(C)C)=CC(SC%11=CC(C(C)(C)C)=CC(S2)=C%11OCCCN%12C=C(CCOC%13=C(SC%14=C%15)C=C(C(C)(C)C)C=C%13SC%16=CC(C(C)(C)C)=CC(SC%17=CC(C(C)(C)C)=CC(SC(C=C%15C(C)(C)C)=C%14O)=C%17O)=C%16O)N=N%12)=C%10OCCCN%18N=NC(CCOC%19=C(C=C(C=C%19SC%20=C%21)C(C)(C)C)SC%22=CC(C(C)(C)C)=CC(SC%23=C(O)C(SC(C=C%21C(C)(C)C)=C%20O)=CC(C(C)(C)C)=C%23)=C%22O)=C%18)=C9OCCCN%24N=NC(CCOC%25=C(SC(C=C%26C(C)(C)C)=C%27O)C=C(C(C)(C)C)C=C%25SC%28=C(O)C(SC%29=CC(C(C)(C)C)=CC(SC%27=C%26)=C%29O)=CC(C(C)(C)C)=C%28)=C%24)=C1)(C)C
outer_cv,valid,3,2,12,,,141,Group 11/138.log,Group 11,Group 11,138.log,CC(C1=CC2=C(OCCCN3C=C(CCCOC4=C(C=C5C(C)(C)C)SC6=C(O)C(SC7=C(O)C(SC8=CC(C(C)(C)C)=CC(SC4=C5)=C8O)=CC(C(C)(C)C)=C7)=CC(C(C)(C)C)=C6)N=N3)C(SC9=CC(C(C)(C)C)=CC(SC%10=CC(C(C)(C)C)=CC(SC%11=CC(C(C)(C)C)=CC(S2)=C%11OCCCN%12C=C(CCCOC%13=C(SC%14=C%15)C=C(C(C)(C)C)C=C%13SC%16=CC(C(C)(C)C)=CC(SC%17=CC(C(C)(C)C)=CC(SC(C=C%15C(C)(C)C)=C%14O)=C%17O)=C%16O)N=N%12)=C%10OCCCN%18N=NC(CCCOC%19=C(C=C(C=C%19SC%20=C%21)C(C)(C)C)SC%22=CC(C(C)(C)C)=CC(SC%23=C(O)C(SC(C=C%21C(C)(C)C)=C%20O)=CC(C(C)(C)C)=C%23)=C%22O)=C%18)=C9OCCCN%24N=NC(CCCOC%25=C(SC(C=C%26C(C)(C)C)=C%27O)C=C(C(C)(C)C)C=C%25SC%28=C(O)C(SC%29=CC(C(C)(C)C)=CC(SC%27=C%26)=C%29O)=CC(C(C)(C)C)=C%28)=C%24)=C1)(C)C
outer_cv,valid,3,2,12,,,142,Group 11/139.log,Group 11,Group 11,139.log,CC(C1=CC2=C(OCCCN3C=C(CCCCOC4=C(C=C5C(C)(C)C)SC6=C(O)C(SC7=C(O)C(SC8=CC(C(C)(C)C)=CC(SC4=C5)=C8O)=CC(C(C)(C)C)=C7)=CC(C(C)(C)C)=C6)N=N3)C(SC9=CC(C(C)(C)C)=CC(SC%10=CC(C(C)(C)C)=CC(SC%11=CC(C(C)(C)C)=CC(S2)=C%11OCCCN%12C=C(CCCCOC%13=C(SC%14=C%15)C=C(C(C)(C)C)C=C%13SC%16=CC(C(C)(C)C)=CC(SC%17=CC(C(C)(C)C)=CC(SC(C=C%15C(C)(C)C)=C%14O)=C%17O)=C%16O)N=N%12)=C%10OCCCN%18N=NC(CCCCOC%19=C(C=C(C=C%19SC%20=C%21)C(C)(C)C)SC%22=CC(C(C)(C)C)=CC(SC%23=C(O)C(SC(C=C%21C(C)(C)C)=C%20O)=CC(C(C)(C)C)=C%23)=C%22O)=C%18)=C9OCCCN%24N=NC(CCCCOC%25=C(S)C=C(C(C)(C)C)C=C%25SC%26=C(O)C(SC%27=CC(C(C)(C)C)=CC(SC%28=CC(C(C)(C)C)=CC=C%28O)=C%27O)=CC(C(C)(C)C)=C%26)=C%24)=C1)(C)C
outer_cv,valid,3,2,12,,,143,Group 11/140.log,Group 11,Group 11,140.log,CC(C1=CC2=C(OCCCCN3N=NC(COC(C(SC(C=C4C(C)(C)C)=C5O)=C6)=C(C=C6C(C)(C)C)SC7=C(O)C(SC(C=C(C=C8SC5=C4)C(C)(C)C)=C8O)=CC(C(C)(C)C)=C7)=C3)C(SC9=CC(C(C)(C)C)=CC(SC%10=CC(C(C)(C)C)=CC(SC%11=CC(C(C)(C)C)=CC(S2)=C%11OCCCCN%12N=NC(COC%13=C(SC%14=C%15)C=C(C(C)(C)C)C=C%13SC%16=CC(C(C)(C)C)=CC(SC%17=CC(C(C)(C)C)=CC(SC(C=C%15C(C)(C)C)=C%14O)=C%17O)=C%16O)=C%12)=C%10OCCCCN%18C=C(COC%19=C(C=C(C=C%19SC%20=C%21)C(C)(C)C)SC%22=CC(C(C)(C)C)=CC(SC%23=C(O)C(SC(C=C%21C(C)(C)C)=C%20O)=CC(C(C)(C)C)=C%23)=C%22O)N=N%18)=C9OCCCCN%24C=C(COC%25=C(SC(C=C%26C(C)(C)C)=C%27O)C=C(C(C)(C)C)C=C%25SC%28=C(O)C(SC%29=CC(C(C)(C)C)=CC(SC%27=C%26)=C%29O)=CC(C(C)(C)C)=C%28)N=N%24)=C1)(C)C
outer_cv,valid,3,2,12,,,144,Group 11/141.log,Group 11,Group 11,141.log,CC(C1=CC2=C(OCCCCN3N=NC(CCOC(C(SC(C=C4C(C)(C)C)=C5O)=C6)=C(C=C6C(C)(C)C)SC7=C(O)C(SC(C=C(C=C8SC5=C4)C(C)(C)C)=C8O)=CC(C(C)(C)C)=C7)=C3)C(SC9=CC(C(C)(C)C)=CC(SC%10=CC(C(C)(C)C)=CC(SC%11=CC(C(C)(C)C)=CC(S2)=C%11OCCCCN%12N=NC(CCOC%13=C(SC%14=C%15)C=C(C(C)(C)C)C=C%13SC%16=CC(C(C)(C)C)=CC(SC%17=CC(C(C)(C)C)=CC(SC(C=C%15C(C)(C)C)=C%14O)=C%17O)=C%16O)=C%12)=C%10OCCCCN%18C=C(CCOC%19=C(C=C(C=C%19SC%20=C%21)C(C)(C)C)SC%22=CC(C(C)(C)C)=CC(SC%23=C(O)C(SC(C=C%21C(C)(C)C)=C%20O)=CC(C(C)(C)C)=C%23)=C%22O)N=N%18)=C9OCCCCN%24C=C(CCOC%25=C(SC(C=C%26C(C)(C)C)=C%27O)C=C(C(C)(C)C)C=C%25SC%28=C(O)C(SC%29=CC(C(C)(C)C)=CC(SC%27=C%26)=C%29O)=CC(C(C)(C)C)=C%28)N=N%24)=C1)(C)C
outer_cv,valid,3,2,12,,,145,Group 11/142.log,Group 11,Group 11,142.log,CC(C1=CC2=C(OCCCCN3N=NC(CCCOC(C(SC(C=C4C(C)(C)C)=C5O)=C6)=C(C=C6C(C)(C)C)SC7=C(O)C(SC(C=C(C=C8SC5=C4)C(C)(C)C)=C8O)=CC(C(C)(C)C)=C7)=C3)C(SC9=CC(C(C)(C)C)=CC(SC%10=CC(C(C)(C)C)=CC(SC%11=CC(C(C)(C)C)=CC(S2)=C%11OCCCCN%12N=NC(CCCOC%13=C(SC%14=C%15)C=C(C(C)(C)C)C=C%13SC%16=CC(C(C)(C)C)=CC(SC%17=CC(C(C)(C)C)=CC(SC(C=C%15C(C)(C)C)=C%14O)=C%17O)=C%16O)=C%12)=C%10OCCCCN%18C=C(CCCOC%19=C(C=C(C=C%19SC%20=C%21)C(C)(C)C)SC%22=CC(C(C)(C)C)=CC(SC%23=C(O)C(SC(C=C%21C(C)(C)C)=C%20O)=CC(C(C)(C)C)=C%23)=C%22O)N=N%18)=C9OCCCCN%24C=C(CCCOC%25=C(SC(C=C%26C(C)(C)C)=C%27O)C=C(C(C)(C)C)C=C%25SC%28=C(O)C(SC%29=CC(C(C)(C)C)=CC(SC%27=C%26)=C%29O)=CC(C(C)(C)C)=C%28)N=N%24)=C1)(C)C
outer_cv,valid,3,2,12,,,146,Group 11/143.log,Group 11,Group 11,143.log,CC(C1=CC2=C(OCCCCN3N=NC(CCCCOC(C(SC(C=C4C(C)(C)C)=C5O)=C6)=C(C=C6C(C)(C)C)SC7=C(O)C(SC(C=C(C=C8SC5=C4)C(C)(C)C)=C8O)=CC(C(C)(C)C)=C7)=C3)C(SC9=CC(C(C)(C)C)=CC(SC%10=CC(C(C)(C)C)=CC(SC%11=CC(C(C)(C)C)=CC(S2)=C%11OCCCCN%12N=NC(CCCCOC%13=C(SC%14=C%15)C=C(C(C)(C)C)C=C%13SC%16=CC(C(C)(C)C)=CC(SC%17=CC(C(C)(C)C)=CC(SC(C=C%15C(C)(C)C)=C%14O)=C%17O)=C%16O)=C%12)=C%10OCCCCN%18C=C(CCCCOC%19=C(C=C(C=C%19SC%20=C%21)C(C)(C)C)SC%22=CC(C(C)(C)C)=CC(SC%23=C(O)C(SC(C=C%21C(C)(C)C)=C%20O)=CC(C(C)(C)C)=C%23)=C%22O)N=N%18)=C9OCCCCN%24C=C(CCCCOC%25=C(SC(C=C%26C(C)(C)C)=C%27O)C=C(C(C)(C)C)C=C%25SC%28=C(O)C(SC%29=CC(C(C)(C)C)=CC(SC%27=C%26)=C%29O)=CC(C(C)(C)C)=C%28)N=N%24)=C1)(C)C
outer_cv,valid,3,2,12,,,147,Group 11/144.log,Group 11,Group 11,144.log,CC(C1=CC2=C(OCCCCCN3N=NC(COC(C(SC(C=C4C(C)(C)C)=C5O)=C6)=C(C=C6C(C)(C)C)SC7=C(O)C(SC(C=C(C=C8SC5=C4)C(C)(C)C)=C8O)=CC(C(C)(C)C)=C7)=C3)C(SC9=CC(C(C)(C)C)=CC(SC%10=CC(C(C)(C)C)=CC(SC%11=CC(C(C)(C)C)=CC(S2)=C%11OCCCCCN%12N=NC(COC%13=C(SC%14=C%15)C=C(C(C)(C)C)C=C%13SC%16=CC(C(C)(C)C)=CC(SC%17=CC(C(C)(C)C)=CC(SC(C=C%15C(C)(C)C)=C%14O)=C%17O)=C%16O)=C%12)=C%10OCCCCCN%18C=C(COC%19=C(C=C(C=C%19SC%20=C%21)C(C)(C)C)SC%22=CC(C(C)(C)C)=CC(SC%23=C(O)C(SC(C=C%21C(C)(C)C)=C%20O)=CC(C(C)(C)C)=C%23)=C%22O)N=N%18)=C9OCCCCCN%24C=C(COC%25=C(SC(C=C%26C(C)(C)C)=C%27O)C=C(C(C)(C)C)C=C%25SC%28=C(O)C(SC%29=CC(C(C)(C)C)=CC(SC%27=C%26)=C%29O)=CC(C(C)(C)C)=C%28)N=N%24)=C1)(C)C
outer_cv,valid,3,2,12,,,148,Group 11/145.log,Group 11,Group 11,145.log,CC(C1=CC2=C(OCCCCCN3N=NC(CCOC4=C(C=C5C(C)(C)C)SC6=C(O)C(SC7=C(O)C(SC8=CC(C(C)(C)C)=CC(SC4=C5)=C8O)=CC(C(C)(C)C)=C7)=CC(C(C)(C)C)=C6)=C3)C(SC9=CC(C(C)(C)C)=CC(SC%10=CC(C(C)(C)C)=CC(SC%11=CC(C(C)(C)C)=CC(S2)=C%11OCCCCCN%12N=NC(CCOC%13=C(SC%14=C%15)C=C(C(C)(C)C)C=C%13SC%16=CC(C(C)(C)C)=CC(SC%17=CC(C(C)(C)C)=CC(SC(C=C%15C(C)(C)C)=C%14O)=C%17O)=C%16O)=C%12)=C%10OCCCCCN%18C=C(CCOC%19=C(C=C(C=C%19SC%20=C%21)C(C)(C)C)SC%22=CC(C(C)(C)C)=CC(SC%23=C(O)C(SC(C=C%21C(C)(C)C)=C%20O)=CC(C(C)(C)C)=C%23)=C%22O)N=N%18)=C9OCCCCCN%24C=C(CCOC%25=C(SC(C=C%26C(C)(C)C)=C%27O)C=C(C(C)(C)C)C=C%25SC%28=C(O)C(SC%29=CC(C(C)(C)C)=CC(SC%27=C%26)=C%29O)=CC(C(C)(C)C)=C%28)N=N%24)=C1)(C)C
outer_cv,valid,3,2,12,,,149,Group 11/146.log,Group 11,Group 11,146.log,CC(C1=CC2=C(OCCCCCN3N=NC(CCCOC4=C(C=C5C(C)(C)C)SC6=C(O)C(SC7=C(O)C(SC8=CC(C(C)(C)C)=CC(SC4=C5)=C8O)=CC(C(C)(C)C)=C7)=CC(C(C)(C)C)=C6)=C3)C(SC9=CC(C(C)(C)C)=CC(SC%10=CC(C(C)(C)C)=CC(SC%11=CC(C(C)(C)C)=CC(S2)=C%11OCCCCCN%12N=NC(CCCOC%13=C(SC%14=C%15)C=C(C(C)(C)C)C=C%13SC%16=CC(C(C)(C)C)=CC(SC%17=CC(C(C)(C)C)=CC(SC(C=C%15C(C)(C)C)=C%14O)=C%17O)=C%16O)=C%12)=C%10OCCCCCN%18C=C(CCCOC%19=C(C=C(C=C%19SC%20=C%21)C(C)(C)C)SC%22=CC(C(C)(C)C)=CC(SC%23=C(O)C(SC(C=C%21C(C)(C)C)=C%20O)=CC(C(C)(C)C)=C%23)=C%22O)N=N%18)=C9OCCCCCN%24C=C(CCCOC%25=C(SC(C=C%26C(C)(C)C)=C%27O)C=C(C(C)(C)C)C=C%25SC%28=C(O)C(SC%29=CC(C(C)(C)C)=CC(SC%27=C%26)=C%29O)=CC(C(C)(C)C)=C%28)N=N%24)=C1)(C)C
outer_cv,valid,3,2,12,,,150,Group 11/147.log,Group 11,Group 11,147.log,OC1=C(SC2=C3)C=C(C(C)(C)C)C=C1SC4=CC(C(C)(C)C)=CC(SC5=CC(C(C)(C)C)=CC(SC(C=C3C(C)(C)C)=C2O)=C5OCCCCC(N=N6)=CN6CCCCCOC7=C(SC8=CC(C(C)(C)C)=CC(SC9=CC(C(C)(C)C)=CC(S%10)=C9OCCCCCN%11N=NC(CCCCOC%12=C(SC%13=C%14)C=C(C(C)(C)C)C=C%12SC%15=CC(C(C)(C)C)=CC(SC%16=CC(C(C)(C)C)=CC(SC(C=C%14C(C)(C)C)=C%13O)=C%16O)=C%15O)=C%11)=C8OCCCCCN%17C=C(CCCCOC%18=C(C=C(C=C%18SC%19=C%20)C(C)(C)C)SC%21=CC(C(C)(C)C)=CC(SC%22=C(O)C(SC(C=C%20C(C)(C)C)=C%19O)=CC(C(C)(C)C)=C%22)=C%21O)N=N%17)C=C(C(C)(C)C)C=C7SC%23=CC(C(C)(C)C)=CC%10=C%23OCCCCCN%24N=NC(CCCCOC%25=C(C=C%26C(C)(C)C)SC%27=C(O)C(SC%28=C(O)C(SC%29=CC(C(C)(C)C)=CC(SC%25=C%26)=C%29O)=CC(C(C)(C)C)=C%28)=CC(C(C)(C)C)=C%27)=C%24)=C4O
outer_cv,valid,3,2,12,,,201,Group 15/198.log,Group 15,Group 15,198.log,CC(C)(C)C1=CC(SC2=C3)=C(OCO)C(SC4=CC(C(C)(C)C)=CC(SC5=CC(C(C)(C)C)=CC(SC(C=C3C(C)(C)C)=C2OCC(O)=O)=C5OCC(O)=O)=C4OCC(O)=O)=C1.O=[C]
outer_cv,valid,3,2,12,,,202,Group 15/199.log,Group 15,Group 15,199.log,CC(C)(C)C1=CC(CC2=C3)=C(OCO)C(CC4=CC(C(C)(C)C)=CC(CC5=CC(C(C)(C)C)=CC(CC(C=C3C(C)(C)C)=C2OCC(O)=O)=C5OCC(O)=O)=C4OCC(O)=O)=C1.O=[C]
outer_cv,valid,3,2,12,,,203,Group 15/200.log,Group 15,Group 15,200.log,CC(C)(C1=CC(CC2=C(C(CC(C=C(C=C3C4)C(C)(C)C)=C3OCC(O)=O)=CC(C(C)(C)C)=C2)OCC(O)=O)=C(OCC(O)=O)C(CC5=CC(C(C)(C)C)=CC4=C5OCC(O)=O)=C1)C
outer_cv,valid,3,2,12,,,204,Group 15/201.log,Group 15,Group 15,201.log,CC(C)(C)C1=CC(CC2=C3)=C(OCC(OCC)=O)C(CC4=CC(C(C)(C)C)=CC(CC5=CC(C(C)(C)C)=CC(CC(C=C3C(C)(C)C)=C2OCC(OCC)=O)=C5OCC(OCC)=O)=C4OCC(OCC)=O)=C1
outer_cv,valid,3,2,12,,,205,Group 15/202.log,Group 15,Group 15,202.log,OC1=C(SC2=C(C(SC3=C(O)C(SC4=CC(C(C)(C)C)=CC(SC1=C5)=C4OCCN6C(C(OC)=O)=C(C(OC)=O)N=N6)=CC(C(C)(C)C)=C3)=CC(C(C)(C)C)=C2)OCCN7N=NC(C(OC)=O)=C7C(OC)=O)C=C5C(C)(C)C
outer_cv,valid,3,2,12,,,206,Group 15/203.log,Group 15,Group 15,203.log,CC(C1=CC2=C(OCCCCCCCCCCCC)C(SC3=CC(C(C)(C)C)=CC(SC4=CC(C(C)(C)C)=CC(SC5=CC(C(C)(C)C)=CC(S2)=C5OCCCN6C(C(OC)=O)=C(C(OC)=O)N=N6)=C4OCCCCCCCCCCCC)=C3OCCCN7N=NC(C(OC)=O)=C7C(OC)=O)=C1)(C)C
outer_cv,valid,3,2,12,,,207,Group 15/204.log,Group 15,Group 15,204.log,CC(C1=CC2=C(OCC(OCC)=O)C(CC3=CC(C(C)(C)C)=CC(CC4=CC(C(C)(C)C)=CC(CC5=CC(C(C)(C)C)=CC(C2)=C5OCC(OCC)=O)=C4OCC(OCC)=O)=C3OCC(OCC)=O)=C1)(C)C
outer_cv,valid,3,2,12,,,208,Group 15/205.log,Group 15,Group 15,205.log,CC(C)(C1=CC(CC2=C(C(CC(C=C(C=C3C4)C(C)(C)C)=C3OCC(OCC)=O)=CC(C(C)(C)C)=C2)OCC(OCC)=O)=C(OCC(OCC)=O)C(CC5=CC(C(C)(C)C)=CC4=C5OCC(OCC)=O)=C1)C
outer_cv,valid,3,2,12,,,209,Group 15/206.log,Group 15,Group 15,206.log,CC(C1=CC2=C(OCC(OCC)=O)C(SC3=CC(C(C)(C)C)=CC(SC4=CC(C(C)(C)C)=CC(SC5=CC(C(C)(C)C)=CC(S2)=C5OCC(OCC)=O)=C4OCC(OCC)=O)=C3OCC(OCC)=O)=C1)(C)C
outer_cv,valid,3,2,12,,,210,Group 15/207.log,Group 15,Group 15,207.log,CC(C1=CC2=C(OCC(OC(C)(C)C)=O)C(SC3=CC(C(C)(C)C)=CC(SC4=CC(C(C)(C)C)=CC(SC5=CC(C(C)(C)C)=CC(S2)=C5OCC(OC(C)(C)C)=O)=C4OCC(OC(C)(C)C)=O)=C3OCC(OC(C)(C)C)=O)=C1)(C)C
outer_cv,train,3,3,13,,,11,Group 2/12.log,Group 2,Group 2,12.log,OC1=C(SC2=C(C(SC3=C(O)C(SC4=CC(C(C)(C)C)=CC(SC1=C5)=C4O[Si](C)(C(C)(C)C)C)=CC(C(C)(C)C)=C3)=CC(C(C)(C)C)=C2)O[Si](C)(C)C(C)(C)C)C=C5C(C)(C)C
outer_cv,train,3,3,13,,,12,Group 2/13.log,Group 2,Group 2,13.log,OC1=C(SC2=C(C(SC3=C(O)C(S4)=CC=C3)=CC=C2)O[Si](C)(C)C(C)(C)C)C=CC=C1SC5=C(O[Si](C)(C(C)(C)C)C)C4=CC=C5
outer_cv,train,3,3,13,,,13,Group 2/14.log,Group 2,Group 2,14.log,OC1=C(SC2=C(C(SC3=C(O)C(SC4=CC(Br)=CC(SC1=C5)=C4O[Si](C)(C(C)(C)C)C)=CC(Br)=C3)=CC(Br)=C2)O[Si](C)(C)C(C)(C)C)C=C5Br
outer_cv,train,3,3,13,,,14,Group 2/15.log,Group 2,Group 2,15.log,OC1=C(SC2=C(C(SC3=C(O)C(S4)=CC=C3)=CC=C2)OS(C(F)(F)F)(=O)=O)C=CC=C1SC5=C(OS(=O)(C(F)(F)F)=O)C4=CC=C5
outer_cv,train,3,3,13,,,26,Group 4/27.log,Group 4,Group 4,27.log,CC(C)(C)C1=CC(CC2=C3)=C(OCC#C)C(CC4=CC(C(C)(C)C)=CC(CC5=CC(C(C)(C)C)=CC(CC(C=C3C(C)(C)C)=C2OCC#C)=C5OCC#C)=C4OCC#C)=C1
outer_cv,train,3,3,13,,,27,Group 4/28.log,Group 4,Group 4,28.log,CC(C)(C1=CC(CC2=C(C(CC(C=C(C=C3C4)C(C)(C)C)=C3OCC#C)=CC(C(C)(C)C)=C2)OCC#C)=C(OCC#C)C(CC5=CC(C(C)(C)C)=CC4=C5OCC#C)=C1)C
outer_cv,train,3,3,13,,,28,Group 4/29.log,Group 4,Group 4,29.log,CC(C1=CC2=C(OCC#C)C(CC3=CC(C(C)(C)C)=CC(CC4=CC(C(C)(C)C)=CC(CC5=CC(C(C)(C)C)=CC(C2)=C5OCC#C)=C4OCC#C)=C3OCC#C)=C1)(C)C
outer_cv,train,3,3,13,,,29,Group 4/30.log,Group 4,Group 4,30.log,C#CCOC1=C2C=CC=C1CC3=CC=CC(CC4=CC=CC(CC(C=CC=C5C2)=C5OCC#C)=C4OCC#C)=C3OCC#C
outer_cv,train,3,3,13,,,30,Group 4/31.log,Group 4,Group 4,31.log,OC1=C(SC2=C(C(S3)=CC(C(C)(C)C)=C2)OCCC#CC#CCCOC4=C(SC1=C5)C=C(C(C)(C)C)C=C4SC6=CC(C(C)(C)C)=CC3=C6O)C=C5C(C)(C)C
outer_cv,train,3,3,13,,,31,Group 4/32.log,Group 4,Group 4,32.log,OC1=C(CC2=C(C(CC3=C(O)C(CC4=CC(C(C)(C)C)=CC(CC1=C5)=C4OCC=C)=CC(C(C)(C)C)=C3)=CC(C(C)(C)C)=C2)OCC=C)C=C5C(C)(C)C
outer_cv,train,3,3,13,,,32,Group 4/33.log,Group 4,Group 4,33.log,OC1=C(CC2=C(C(CC3=C(O)C(C4)=CC=C3)=CC=C2)OCC=C)C=CC=C1CC5=C(OCC=C)C4=CC=C5
outer_cv,train,3,3,13,,,33,Group 4/34.log,Group 4,Group 4,34.log,OC1=C(SC2=C(C(SC3=C(O)C(SC4=CC(C(C)(C)C)=CC(SC1=C5)=C4OCC=C)=CC(C(C)(C)C)=C3)=CC(C(C)(C)C)=C2)OCC=C)C=C5C(C)(C)C
outer_cv,train,3,3,13,,,34,Group 4/35.log,Group 4,Group 4,35.log,CC(C1=CC2=C(OCC=C)C(SC3=CC(C(C)(C)C)=CC(SC4=CC(C(C)(C)C)=CC(SC5=CC(C(C)(C)C)=CC(S2)=C5OCC=C)=C4OCC=C)=C3OCC=C)=C1)(C)C
outer_cv,train,3,3,13,,,35,Group 4/36.log,Group 4,Group 4,36.log,CC(C1=CC2=C(OCC#C)C(SC3=CC(C(C)(C)C)=CC(SC4=CC(C(C)(C)C)=CC(SC5=CC(C(C)(C)C)=CC(S2)=C5OCC#C)=C4OCC#C)=C3OCC#C)=C1)(C)C
outer_cv,train,3,3,13,,,36,Group 4/36_iso.log,Group 4,Group 4,36_iso.log,CC(C)(C1=CC(SC2=C(C(SC(C=C(C=C3S4)C(C)(C)C)=C3OCC#C)=CC(C(C)(C)C)=C2)OCC#C)=C(OCC#C)C(SC5=CC(C(C)(C)C)=CC4=C5OCC#C)=C1)C
outer_cv,train,3,3,13,,,37,Group 4/37_iso.log,Group 4,Group 4,37_iso.log,C#CCOC1=C(SC2=CC=CC(S3)=C2OCC#C)C=CC=C1SC4=C(OCC#C)C(SC5=CC=CC3=C5OCC#C)=CC=C4
outer_cv,train,3,3,13,,,38,Group 4/37.log,Group 4,Group 4,37.log,C#CCOC1=C(S2)C=CC=C1SC(C=CC=C3SC4=C(OCC#C)C(SC5=CC=CC2=C5OCC#C)=CC=C4)=C3OCC#C
outer_cv,train,3,3,13,,,39,Group 4/38.log,Group 4,Group 4,38.log,BrC1=CC(SC2=CC(Br)=CC(SC3=C(OCC#C)C(SC4=CC(Br)=CC(SC5=C1)=C4OCC#C)=CC(Br)=C3)=C2OCC#C)=C5OCC#C
outer_cv,train,3,3,13,,,40,Group 4/38_iso.log,Group 4,Group 4,38_iso.log,BrC(C=C1S2)=CC(SC3=CC(Br)=CC(SC4=C(OCC#C)C(SC5=CC(Br)=CC2=C5OCC#C)=CC(Br)=C4)=C3OCC#C)=C1OCC#C
outer_cv,train,3,3,13,,,41,Group 4/39.log,Group 4,Group 4,39.log,OC1=C(SC2=C(C(SC3=C(O)C(SC4=CC(C(C)(C)C)=CC(SC1=C5)=C4OCC#C)=CC(C(C)(C)C)=C3)=CC(C(C)(C)C)=C2)OCC#C)C=C5C(C)(C)C
outer_cv,train,3,3,13,,,42,Group 4/39_iso.log,Group 4,Group 4,39_iso.log,OC(C(SC1=CC(C(C)(C)C)=CC(SC2=CC(C(C)(C)C)=CC(S3)=C2O)=C1OCC#C)=CC(C(C)(C)C)=C4)=C4SC5=C(C3=CC(C(C)(C)C)=C5)OCC#C
outer_cv,train,3,3,13,,,43,Group 4/40.log,Group 4,Group 4,40.log,CC(C)(C)C1=CC(CC2=C3)=C(OCCC#C)C(CC4=CC(C(C)(C)C)=CC(CC5=CC(C(C)(C)C)=CC(CC(C=C3C(C)(C)C)=C2OCCC#C)=C5OCCC#C)=C4OCCC#C)=C1
outer_cv,train,3,3,13,,,44,Group 4/41.log,Group 4,Group 4,41.log,CC(C)(C1=CC(CC2=C(C(CC(C=C(C=C3C4)C(C)(C)C)=C3OCCCC#C)=CC(C(C)(C)C)=C2)OCCCC#C)=C(OCCCC#C)C(CC5=CC(C(C)(C)C)=CC4=C5OCCCC#C)=C1)C
outer_cv,train,3,3,13,,,45,Group 4/42.log,Group 4,Group 4,42.log,CC(C1=CC2=C(OCCCC#C)C(CC3=CC(C(C)(C)C)=CC(CC4=CC(C(C)(C)C)=CC(CC5=CC(C(C)(C)C)=CC(C2)=C5OCCCC#C)=C4OCCCC#C)=C3OCCCC#C)=C1)(C)C
outer_cv,train,3,3,13,,,46,Group 4/43.log,Group 4,Group 4,43.log,CC(C)(C)C1=CC(CC2=C3)=C(OCCCCC#C)C(CC4=CC(C(C)(C)C)=CC(CC5=CC(C(C)(C)C)=CC(CC(C=C3C(C)(C)C)=C2OCCCCC#C)=C5OCCCCC#C)=C4OCCCCC#C)=C1
outer_cv,train,3,3,13,,,47,Group 4/44.log,Group 4,Group 4,44.log,CC(C1=CC2=C(OCCC#C)C(SC3=CC(C(C)(C)C)=CC(SC4=CC(C(C)(C)C)=CC5=C4OCCC#CC(C(C=C6S5)=CC(S2)=C6OCCC#C)(C)C)=C3OCCC#C)=C1)(C)C
outer_cv,train,3,3,13,,,48,Group 4/45.log,Group 4,Group 4,45.log,CC(C1=CC2=C(OCCCC#C)C(SC3=CC(C(C)(C)C)=CC(SC4=CC(C(C)(C)C)=CC(SC5=CC(C(C)(C)C)=CC(S2)=C5OCCCC#C)=C4OCCCC#C)=C3OCCCC#C)=C1)(C)C
outer_cv,train,3,3,13,,,49,Group 4/46.log,Group 4,Group 4,46.log,CC(C1=CC2=C(OCCCCC#C)C(SC3=CC(C(C)(C)C)=CC(SC4=CC(C(C)(C)C)=CC(SC5=CC(C(C)(C)C)=CC(S2)=C5OCCCCC#C)=C4OCCCCC#C)=C3OCCCCC#C)=C1)(C)C
outer_cv,train,3,3,13,,,50,Group 4/47.log,Group 4,Group 4,47.log,OC1=C(SC2=C(C(SC3=C(O)C(SC4=CC(C(C)(C)C)=CC(SC1=C5)=C4OCCC#C)=CC(C(C)(C)C)=C3)=CC(C(C)(C)C)=C2)OCCC#C)C=C5C(C)(C)C
outer_cv,train,3,3,13,,,51,Group 4/48.log,Group 4,Group 4,48.log,OC1=C(SC2=C(C(SC3=C(O)C(SC4=CC(C(C)(C)C)=CC(SC1=C5)=C4OCCCC#C)=CC(C(C)(C)C)=C3)=CC(C(C)(C)C)=C2)OCCCC#C)C=C5C(C)(C)C
outer_cv,train,3,3,13,,,52,Group 4/49.log,Group 4,Group 4,49.log,OC1=C(SC2=C(C(SC3=C(O)C(SC4=CC(C(C)(C)C)=CC(SC1=C5)=C4OCCCCC#C)=CC(C(C)(C)C)=C3)=CC(C(C)(C)C)=C2)OCCCCC#C)C=C5C(C)(C)C
outer_cv,train,3,3,13,,,53,Group 4/50.log,Group 4,Group 4,50.log,OC1=C(SC2=C(C(SC3=C(O)C(SC4=CC(C(C)(C)C)=CC(SC1=C5)=C4OCC#C)=CC(C(C)(C)C)=C3)=CC(C(C)(C)C)=C2)O)C=C5C(C)(C)C
outer_cv,train,3,3,13,,,54,Group 4/51.log,Group 4,Group 4,51.log,OC1=C(SC2=C(C(SC3=C(O)C(SC4=CC(C(C)(C)C)=CC(SC1=C5)=C4OCCC#C)=CC(C(C)(C)C)=C3)=CC(C(C)(C)C)=C2)O)C=C5C(C)(C)C
outer_cv,train,3,3,13,,,55,Group 4/52.log,Group 4,Group 4,52.log,OC1=C(SC2=C(C(SC3=C(O)C(SC4=CC(C(C)(C)C)=CC(SC1=C5)=C4OCCCC#C)=CC(C(C)(C)C)=C3)=CC(C(C)(C)C)=C2)O)C=C5C(C)(C)C
outer_cv,train,3,3,13,,,56,Group 4/53.log,Group 4,Group 4,53.log,OC1=C(SC2=C(C(SC3=C(O)C(SC4=CC(C(C)(C)C)=CC(SC1=C5)=C4OCCCCC#C)=CC(C(C)(C)C)=C3)=CC(C(C)(C)C)=C2)O)C=C5C(C)(C)C
outer_cv,train,3,3,13,,,57,Group 4/54.log,Group 4,Group 4,54.log,OC1=C(CC2=C(C(CC3=C(OCC#C)C(CC4=CC(C(C)(C)C)=CC(CC1=C5)=C4OCC#C)=CC(C(C)(C)C)=C3)=CC(C(C)(C)C)=C2)O)C=C5C(C)(C)C
outer_cv,train,3,3,13,,,58,Group 5/55.log,Group 5,Group 5,55.log,CC(C1=CC2=C(OCCC#C)C(SC3=CC(C(C)(C)C)=CC(SC4=CC(C(C)(C)C)=CC5=C4OCCC#CC(C(C=C6S5)=CC(S2)=C6OCCCCCCCCCCCC)(C)C)=C3OCCCCCCCCCCCC)=C1)(C)C
outer_cv,train,3,3,13,,,59,Group 5/56.log,Group 5,Group 5,56.log,CC(C1=CC2=C(OCCCC#C)C(SC3=CC(C(C)(C)C)=CC(SC4=CC(C(C)(C)C)=CC(SC5=CC(C(C)(C)C)=CC(S2)=C5OCCCCCCCCCCCC)=C4OCCCC#C)=C3OCCCCCCCCCCCC)=C1)(C)C
outer_cv,train,3,3,13,,,60,Group 5/57.log,Group 5,Group 5,57.log,CC(C1=CC2=C(OCCCCC#C)C(SC3=CC(C(C)(C)C)=CC(SC4=CC(C(C)(C)C)=CC(SC5=CC(C(C)(C)C)=CC(S2)=C5OCCCCCCCCCCCC)=C4OCCCCC#C)=C3OCCCCCCCCCCCC)=C1)(C)C
outer_cv,train,3,3,13,,,71,Group 7/68.log,Group 7,Group 7,68.log,OC1=C(CC2=C(C(CC3=C(O)C(CC4=CC(/N=N/C5=CC=C([N+]([O-])=O)C=C5)=CC(CC1=C6)=C4O)=CC(/N=N/C7=CC=C([N+]([O-])=O)C=C7)=C3)=CC(/N=N/C8=CC=C([N+]([O-])=O)C=C8)=C2)O)C=C6/N=N/C9=CC=C([N+]([O-])=O)C=C9
outer_cv,train,3,3,13,,,72,Group 7/69.log,Group 7,Group 7,69.log,OC1=C(SC2=C(C(SC3=C(O)C(SC4=CC(/N=N/C5=CC=C([N+]([O-])=O)C=C5)=CC(SC1=C6)=C4O)=CC(/N=N/C7=CC=C([N+]([O-])=O)C=C7)=C3)=CC(/N=N/C8=CC=C([N+]([O-])=O)C=C8)=C2)O)C=C6/N=N/C9=CC=C([N+]([O-])=O)C=C9
outer_cv,train,3,3,13,,,73,Group 7/70.log,Group 7,Group 7,70.log,OC1=C(SC2=C(C(SC3=C(O)C(SC4=CC(/N=N/C5=CC=C([N+]([O-])=O)C=C5)=CC(SC1=C6)=C4OCCCBr)=CC(/N=N/C7=CC=C([N+]([O-])=O)C=C7)=C3)=CC(/N=N/C8=CC=C([N+]([O-])=O)C=C8)=C2)OCCCBr)C=C6/N=N/C9=CC=C([N+]([O-])=O)C=C9
outer_cv,train,3,3,13,,,74,Group 7/71.log,Group 7,Group 7,71.log,OC1=C(SC2=C(C(SC3=C(O)C(SC4=CC(C(C)(C)C)=CC(SC1=C5)=C4OCCCOC6=CC=C(/N=N/C7=CC=C([N+]([O-])=O)C=C7)C=C6)=CC(C(C)(C)C)=C3)=CC(C(C)(C)C)=C2)OCCCOC8=CC=C(/N=N/C9=CC=C([N+]([O-])=O)C=C9)C=C8)C=C5C(C)(C)C
outer_cv,train,3,3,13,,,75,Group 7/72.log,Group 7,Group 7,72.log,OC(C=C1)=CC=C1/N=N/C2=CC=C([N+]([O-])=O)C=C2
outer_cv,train,3,3,13,,,76,Group 7/73.log,Group 7,Group 7,73.log,OCCCOC(C=C1)=CC=C1/N=N/C2=CC=C([N+]([O-])=O)C=C2
outer_cv,train,3,3,13,,,77,Group 7/74.log,Group 7,Group 7,74.log,CCCCCCCCOC(C=C1)=CC=C1/N=N/C2=CC=C([N+]([O-])=O)C=C2
outer_cv,train,3,3,13,,,78,Group 7/75.log,Group 7,Group 7,75.log,OCCN(CC)C(C=C1)=CC=C1/N=N/C2=CC=C([N+]([O-])=O)C=C2
outer_cv,train,3,3,13,,,79,Group 8/76.log,Group 8,Group 8,76.log,OC1=C(SC2=C(C(SC3=C(O)C(SC4=CC(C(C)(C)C)=CC(SC1=C5)=C4OCCN)=CC(C(C)(C)C)=C3)=CC(C(C)(C)C)=C2)OCCN)C=C5C(C)(C)C
outer_cv,train,3,3,13,,,80,Group 8/77.log,Group 8,Group 8,77.log,OC1=C(SC2=C(C(SC3=C(O)C(SC4=CC(C(C)(C)C)=CC(SC1=C5)=C4OCCCN)=CC(C(C)(C)C)=C3)=CC(C(C)(C)C)=C2)OCCCN)C=C5C(C)(C)C
outer_cv,train,3,3,13,,,81,Group 8/78.log,Group 8,Group 8,78.log,OC1=C(SC2=C(C(SC3=C(O)C(SC4=CC(C(C)(C)C)=CC(SC1=C5)=C4OCCN)=CC(C(C)(C)C)=C3)=CC(C(C)(C)C)=C2)O)C=C5C(C)(C)C
outer_cv,train,3,3,13,,,82,Group 8/79.log,Group 8,Group 8,79.log,OC1=C(SC2=C(C(SC3=C(O)C(SC4=CC(C(C)(C)C)=CC(SC1=C5)=C4OCCCN)=CC(C(C)(C)C)=C3)=CC(C(C)(C)C)=C2)O)C=C5C(C)(C)C
outer_cv,train,3,3,13,,,83,Group 8/80.log,Group 8,Group 8,80.log,OC1=C(SC2=C(C(SC3=C(O)C(SC4=CC(C(C)(C)C)=CC(SC1=C5)=C4OCCN(CC)CC6=CC=CC=C6)=CC(C(C)(C)C)=C3)=CC(C(C)(C)C)=C2)OCCN(CC)CC7=CC=CC=C7)C=C5C(C)(C)C
outer_cv,train,3,3,13,,,84,Group 8/81.log,Group 8,Group 8,81.log,CC(C1=CC2=C(OCCCCCCCCCCCC)C(SC3=CC(C(C)(C)C)=CC(SC4=CC(C(C)(C)C)=CC(SC5=CC(C(C)(C)C)=CC(S2)=C5OCCN)=C4OCCCCCCCCCCCC)=C3OCCN)=C1)(C)C
outer_cv,train,3,3,13,,,85,Group 8/82.log,Group 8,Group 8,82.log,CC(C1=CC2=C(OCCCCCCCCCCCC)C(SC3=CC(C(C)(C)C)=CC(SC4=CC(C(C)(C)C)=CC(SC5=CC(C(C)(C)C)=CC(S2)=C5OCCCN)=C4OCCCCCCCCCCCC)=C3OCCCN)=C1)(C)C
outer_cv,train,3,3,13,,,86,Group 8/83.log,Group 8,Group 8,83.log,CC(C1=CC2=C(OCCCCCCCCCCCC)C(SC3=CC(C(C)(C)C)=CC(SC4=CC(C(C)(C)C)=CC(SC5=CC(C(C)(C)C)=CC(S2)=C5OCCCN=[N+]=[N-])=C4OCCCCCCCCCCCC)=C3OCCCN=[N+]=[N-])=C1)(C)C
outer_cv,train,3,3,13,,,87,Group 8/84.log,Group 8,Group 8,84.log,CC(C1=CC2=C(OCCN=[N+]=[N-])C(SC3=CC(C(C)(C)C)=CC(SC4=CC(C(C)(C)C)=CC(SC5=CC(C(C)(C)C)=CC(S2)=C5OCCN=[N+]=[N-])=C4OCCN=[N+]=[N-])=C3OCCN=[N+]=[N-])=C1)(C)C
outer_cv,train,3,3,13,,,88,Group 8/85.log,Group 8,Group 8,85.log,CC(C1=CC2=C(OCCCN=[N+]=[N-])C(SC3=CC(C(C)(C)C)=CC(SC4=CC(C(C)(C)C)=CC(SC5=CC(C(C)(C)C)=CC(S2)=C5OCCCN=[N+]=[N-])=C4OCCCN=[N+]=[N-])=C3OCCCN=[N+]=[N-])=C1)(C)C
outer_cv,train,3,3,13,,,89,Group 8/86.log,Group 8,Group 8,86.log,CC(C1=CC2=C(OCCCCN=[N+]=[N-])C(SC3=CC(C(C)(C)C)=CC(SC4=CC(C(C)(C)C)=CC(SC5=CC(C(C)(C)C)=CC(S2)=C5OCCCCN=[N+]=[N-])=C4OCCCCN=[N+]=[N-])=C3OCCCCN=[N+]=[N-])=C1)(C)C
outer_cv,train,3,3,13,,,90,Group 8/87.log,Group 8,Group 8,87.log,CC(C1=CC2=C(OCCCCCN=[N+]=[N-])C(SC3=CC(C(C)(C)C)=CC(SC4=CC(C(C)(C)C)=CC(SC5=CC(C(C)(C)C)=CC(S2)=C5OCCCCCN=[N+]=[N-])=C4OCCCCCN=[N+]=[N-])=C3OCCCCCN=[N+]=[N-])=C1)(C)C
outer_cv,train,3,3,13,,,91,Group 8/88.log,Group 8,Group 8,88.log,OC1=C(SC2=C(C(SC3=C(O)C(SC4=CC(C(C)(C)C)=CC(SC1=C5)=C4OCCN=[N+]=[N-])=CC(C(C)(C)C)=C3)=CC(C(C)(C)C)=C2)OCCN=[N+]=[N-])C=C5C(C)(C)C
outer_cv,train,3,3,13,,,92,Group 8/89.log,Group 8,Group 8,89.log,OC1=C(SC2=C(C(SC3=C(O)C(SC4=CC(C(C)(C)C)=CC(SC1=C5)=C4OCCN=[N+]=[N-])=CC(C(C)(C)C)=C3)=CC(C(C)(C)C)=C2)O)C=C5C(C)(C)C
outer_cv,train,3,3,13,,,93,Group 8/90.log,Group 8,Group 8,90.log,OC1=C(SC2=C(C(SC3=C(O)C(SC4=CC(C(C)(C)C)=CC(SC1=C5)=C4OCCCN=[N+]=[N-])=CC(C(C)(C)C)=C3)=CC(C(C)(C)C)=C2)O)C=C5C(C)(C)C
outer_cv,train,3,3,13,,,94,Group 9/91.log,Group 9,Group 9,91.log,CC(C)(C1=CC(CC2=C(C(CC(C=C(C=C3C4)C(C)(C)C)=C3OCC5=CC(C6=CC=CC=C6)=NN5)=CC(C(C)(C)C)=C2)OCC7=CC(C8=CC=CC=C8)=NN7)=C(OCC9=CC(C%10=CC=CC=C%10)=NN9)C(CC%11=CC(C(C)(C)C)=CC4=C%11OCC%12=CC(C%13=CC=CC=C%13)=NN%12)=C1)C
outer_cv,train,3,3,13,,,95,Group 9/92.log,Group 9,Group 9,92.log,CC(C)(C1=CC(CC2=C(C(CC(C=C(C=C3C4)C(C)(C)C)=C3OCC5=CC(C6=CC=C(C)C=C6)=NN5)=CC(C(C)(C)C)=C2)OCC7=CC(C8=CC=C(C)C=C8)=NN7)=C(OCC9=CC(C%10=CC=C(C)C=C%10)=NN9)C(CC%11=CC(C(C)(C)C)=CC4=C%11OCC%12=CC(C%13=CC=C(C)C=C%13)=NN%12)=C1)C
outer_cv,train,3,3,13,,,96,Group 9/93.log,Group 9,Group 9,93.log,CC(C)(C1=CC(CC2=C(C(CC(C=C(C=C3C4)C(C)(C)C)=C3OCC5=CC(C6=CC=C(Cl)C=C6)=NN5)=CC(C(C)(C)C)=C2)OCC7=CC(C8=CC=C(Cl)C=C8)=NN7)=C(OCC9=CC(C%10=CC=C(Cl)C=C%10)=NN9)C(CC%11=CC(C(C)(C)C)=CC4=C%11OCC%12=CC(C%13=CC=C(Cl)C=C%13)=NN%12)=C1)C
outer_cv,train,3,3,13,,,97,Group 9/94.log,Group 9,Group 9,94.log,CC(C)(C1=CC(CC2=C(C(CC(C=C(C=C3C4)C(C)(C)C)=C3OCC5=CC(C6=CC=C(OC)C=C6)=NN5)=CC(C(C)(C)C)=C2)OCC7=CC(C8=CC=C(OC)C=C8)=NN7)=C(OCC9=CC(C%10=CC=C(OC)C=C%10)=NN9)C(CC%11=CC(C(C)(C)C)=CC4=C%11OCC%12=CC(C%13=CC=C(OC)C=C%13)=NN%12)=C1)C
outer_cv,train,3,3,13,,,98,Group 9/95.log,Group 9,Group 9,95.log,CC(C)(C)C1=CC(CC2=C3)=C(OCC4=CC(C5=CC=C(C)C=C5)=NN4)C(CC6=CC(C(C)(C)C)=CC(CC7=CC(C(C)(C)C)=CC(CC(C=C3C(C)(C)C)=C2OCC8=CC(C9=CC=C(C)C=C9)=NN8)=C7OCC%10=CC(C%11=CC=C(C)C=C%11)=N[N]%10)=C6OCC%12=CC(C%13=CC=C(C)C=C%13)=NN%12)=C1
outer_cv,train,3,3,13,,,99,Group 9/96.log,Group 9,Group 9,96.log,CC(C)(C)C1=CC(CC2=C3)=C(OCC4=CC(C5=CC=C(Cl)C=C5)=NN4)C(CC6=CC(C(C)(C)C)=CC(CC7=CC(C(C)(C)C)=CC(CC(C=C3C(C)(C)C)=C2OCC8=CC(C9=CC=C(Cl)C=C9)=NN8)=C7OCC%10=CC(C%11=CC=C(Cl)C=C%11)=N[N]%10)=C6OCC%12=CC(C%13=CC=C(Cl)C=C%13)=NN%12)=C1
outer_cv,train,3,3,13,,,100,Group 9/97.log,Group 9,Group 9,97.log,CC(C)(C)C1=CC(CC2=C3)=C(OCC4=CC(C5=CC=C(OC)C=C5)=NN4)C(CC6=CC(C(C)(C)C)=CC(CC7=CC(C(C)(C)C)=CC(CC(C=C3C(C)(C)C)=C2OCC8=CC(C9=CC=C(OC)C=C9)=NN8)=C7OCC%10=CC(C%11=CC=C(OC)C=C%11)=NN%10)=C6OCC%12=CC(C%13=CC=C(OC)C=C%13)=NN%12)=C1
outer_cv,train,3,3,13,,,101,Group 9/98.log,Group 9,Group 9,98.log,CC(C)(C)C1=CC(CC2=C3)=C(OCC4=CC(C5=CC=CC=C5)=NN4)C(CC6=CC(C(C)(C)C)=CC(CC7=CC(C(C)(C)C)=CC(CC(C=C3C(C)(C)C)=C2OCC8=CC(C9=CC=CC=C9)=NN8)=C7OCC%10=CC(C%11=CC=CC=C%11)=NN%10)=C6OCC%12=CC(C%13=CC=CC=C%13)=NN%12)=C1
outer_cv,train,3,3,13,,,102,Group 9/99.log,Group 9,Group 9,99.log,CC(C1=CC2=C(OCC3=CC(C4=CC=CC=C4)=NN3)C(CC5=CC(C(C)(C)C)=CC(CC6=CC(C(C)(C)C)=CC(CC7=CC(C(C)(C)C)=CC(C2)=C7OCC8=CC(C9=CC=CC=C9)=NN8)=C6OCC%10=CC(C%11=CC=CC=C%11)=NN%10)=C5OCC%12=CC(C%13=CC=CC=C%13)=NN%12)=C1)(C)C
outer_cv,train,3,3,13,,,103,Group 9/100.log,Group 9,Group 9,100.log,CC(C1=CC2=C(OCC3=CC(C4=CC=C(C)C=C4)=NN3)C(CC5=CC(C(C)(C)C)=CC(CC6=CC(C(C)(C)C)=CC(CC7=CC(C(C)(C)C)=CC(C2)=C7OCC8=CC(C9=CC=C(C)C=C9)=NN8)=C6OCC%10=CC(C%11=CC=C(C)C=C%11)=NN%10)=C5OCC%12=CC(C%13=CC=C(C)C=C%13)=NN%12)=C1)(C)C
outer_cv,train,3,3,13,,,104,Group 9/101.log,Group 9,Group 9,101.log,CC(C1=CC2=C(OCC3=CC(C4=CC=C(Cl)C=C4)=NN3)C(CC5=CC(C(C)(C)C)=CC(CC6=CC(C(C)(C)C)=CC(CC7=CC(C(C)(C)C)=CC(C2)=C7OCC8=CC(C9=CC=C(Cl)C=C9)=NN8)=C6OCC%10=CC(C%11=CC=C(Cl)C=C%11)=NN%10)=C5OCC%12=CC(C%13=CC=C(Cl)C=C%13)=NN%12)=C1)(C)C
outer_cv,train,3,3,13,,,105,Group 9/102.log,Group 9,Group 9,102.log,CC(C1=CC2=C(OCC3=CC(C4=CC=C(OC)C=C4)=NN3)C(CC5=CC(C(C)(C)C)=CC(CC6=CC(C(C)(C)C)=CC(CC7=CC(C(C)(C)C)=CC(C2)=C7OCC8=CC(C9=CC=C(OC)C=C9)=NN8)=C6OCC%10=CC(C%11=CC=C(OC)C=C%11)=NN%10)=C5OCC%12=CC(C%13=CC=C(OC)C=C%13)=NN%12)=C1)(C)C
outer_cv,train,3,3,13,,,106,Group 9/103.log,Group 9,Group 9,103.log,C1(C2)=C(C(CC(C=CC=C3CC4=C(OCC5=CC(C6=CC=CC=C6)=NN5)C(CC7=CC=CC2=C7OCC8=CC(C9=CC=CC=C9)=NN8)=CC=C4)=C3OCC%10=CC(C%11=CC=CC=C%11)=NN%10)=CC=C1)OCC%12=CC(C%13=CC=CC=C%13)=NN%12
outer_cv,train,3,3,13,,,107,Group 9/104.log,Group 9,Group 9,104.log,CC(C1=CC2=C(OCCCC3=CC(C4=CC=CC=C4)=NN3)C(CC5=CC(C(C)(C)C)=CC(CC6=CC(C(C)(C)C)=CC(CC7=CC(C(C)(C)C)=CC(C2)=C7OCCCC8=CC(C9=CC=CC=C9)=NN8)=C6OCCCC%10=CC(C%11=CC=CC=C%11)=NN%10)=C5OCCCC%12=CC(C%13=CC=CC=C%13)=NN%12)=C1)(C)C
outer_cv,train,3,3,13,,,108,Group 9/105.log,Group 9,Group 9,105.log,CC(C1=CC2=C(OCC3=CC(C4=CC=CC=C4)=NN3)C(SC5=CC(C(C)(C)C)=CC(SC6=CC(C(C)(C)C)=CC(SC7=CC(C(C)(C)C)=CC(S2)=C7OCC8=CC(C9=CC=CC=C9)=NN8)=C6OCC%10=CC(C%11=CC=CC=C%11)=NN%10)=C5OCC%12=CC(C%13=CC=CC=C%13)=NN%12)=C1)(C)C
outer_cv,train,3,3,13,,,109,Group 9/106.log,Group 9,Group 9,106.log,CC(C1=CC2=C(OCCCC3=CC(C4=CC=CC=C4)=NN3)C(SC5=CC(C(C)(C)C)=CC(SC6=CC(C(C)(C)C)=CC(SC7=CC(C(C)(C)C)=CC(S2)=C7OCCCC8=CC(C9=CC=CC=C9)=NN8)=C6OCCCC%10=CC(C%11=CC=CC=C%11)=NN%10)=C5OCCCC%12=CC(C%13=CC=CC=C%13)=NN%12)=C1)(C)C
outer_cv,train,3,3,13,,,110,Group 9/107.log,Group 9,Group 9,107.log,CC(C1=CC2=C(OCCCCC3=CC(C4=CC=CC=C4)=NN3)C(SC5=CC(C(C)(C)C)=CC(SC6=CC(C(C)(C)C)=CC(SC7=CC(C(C)(C)C)=CC(S2)=C7OCCCCC8=CC(C9=CC=CC=C9)=NN8)=C6OCCCCC%10=CC(C%11=CC=CC=C%11)=NN%10)=C5OCCCCC%12=CC(C%13=CC=CC=C%13)=NN%12)=C1)(C)C
outer_cv,train,3,3,13,,,111,Group 9/108.log,Group 9,Group 9,108.log,CC(C1=CC2=C(OCCCCCN3C=CC=N3)C(SC4=CC(C(C)(C)C)=CC(SC5=CC(C(C)(C)C)=CC(SC6=CC(C(C)(C)C)=CC(S2)=C6OCCCCCN7C=CC=N7)=C5OCCCCCN8N=CC=C8)=C4OCCCCCN9N=CC=C9)=C1)(C)C
outer_cv,train,3,3,13,,,112,Group 9/109.log,Group 9,Group 9,109.log,CC(C)(C)C(C=C1)=CC=C1OCC2=N3N([H][N]4C(COC5=CC=C(C(C)(C)C)C=C5)=CC(C6=CC=CC=C6)=[N]4[H]N(N([H][N]7[N]([H]3)=C(C8=CC=CC=C8)C=C7COC9=CC=C(C(C)(C)C)C=C9)C(C%10=CC=CC=C%10)=C%11)=C%11COC%12=CC=C(C(C)(C)C)C=C%12)C(C%13=CC=CC=C%13)=C2
outer_cv,train,3,3,13,,,113,Group 9/110.log,Group 9,Group 9,110.log,CC(C)(C)C(C=C1)=CC=C1OCC2=CC(C3=CC=CC=C3)=N([H]N([N]([H][N]4N5=C(C6=CC=CC=C6)C=C4COC7=CC=C(C(C)(C)C)C=C7)C(COC8=CC=C(C(C)(C)C)C=C8)=C9)=C9C%10=CC=CC=C%10)[N]2[H][N]%11N([H]5)=C(C%12=CC=CC=C%12)C=C%11COC%13=CC=C(C(C)(C)C)C=C%13
outer_cv,train,3,3,13,,,127,Group 11/124.log,Group 11,Group 11,124.log,CC(C1=CC2=C(OCC3=CN(CCOC(C(SC(C=C4C(C)(C)C)=C5O)=C6)=C(C=C6C(C)(C)C)SC7=C(O)C(SC(C=C(C=C8SC5=C4)C(C)(C)C)=C8O)=CC(C(C)(C)C)=C7)N=N3)C(SC9=CC(C(C)(C)C)=CC(SC%10=CC(C(C)(C)C)=CC(SC%11=CC(C(C)(C)C)=CC(S2)=C%11OCC%12=CN(CCOC%13=C(SC%14=C%15)C=C(C(C)(C)C)C=C%13SC%16=CC(C(C)(C)C)=CC(SC%17=CC(C(C)(C)C)=CC(SC(C=C%15C(C)(C)C)=C%14O)=C%17O)=C%16O)N=N%12)=C%10OCC%18=CN(CCOC%19=C(C=C(C=C%19SC%20=C%21)C(C)(C)C)SC%22=CC(C(C)(C)C)=CC(SC%23=C(O)C(SC(C=C%21C(C)(C)C)=C%20O)=CC(C(C)(C)C)=C%23)=C%22O)N=N%18)=C9OCC%24=CN(CCOC%25=C(SC(C=C%26C(C)(C)C)=C%27O)C=C(C(C)(C)C)C=C%25SC%28=C(O)C(SC%29=CC(C(C)(C)C)=CC(SC%27=C%26)=C%29O)=CC(C(C)(C)C)=C%28)N=N%24)=C1)(C)C
outer_cv,train,3,3,13,,,128,Group 11/125.log,Group 11,Group 11,125.log,CC(C1=CC2=C(OCC3=CN(CCCOC(C(SC(C=C4C(C)(C)C)=C5O)=C6)=C(C=C6C(C)(C)C)SC7=C(O)C(SC(C=C(C=C8SC5=C4)C(C)(C)C)=C8O)=CC(C(C)(C)C)=C7)N=N3)C(SC9=CC(C(C)(C)C)=CC(SC%10=CC(C(C)(C)C)=CC(SC%11=CC(C(C)(C)C)=CC(S2)=C%11OCC%12=CN(CCCOC%13=C(SC%14=C%15)C=C(C(C)(C)C)C=C%13SC%16=CC(C(C)(C)C)=CC(SC%17=CC(C(C)(C)C)=CC(SC(C=C%15C(C)(C)C)=C%14O)=C%17O)=C%16O)N=N%12)=C%10OCC%18=CN(CCCOC%19=C(C=C(C=C%19SC%20=C%21)C(C)(C)C)SC%22=CC(C(C)(C)C)=CC(SC%23=C(O)C(SC(C=C%21C(C)(C)C)=C%20O)=CC(C(C)(C)C)=C%23)=C%22O)N=N%18)=C9OCC%24=CN(CCCOC%25=C(SC(C=C%26C(C)(C)C)=C%27O)C=C(C(C)(C)C)C=C%25SC%28=C(O)C(SC%29=CC(C(C)(C)C)=CC(SC%27=C%26)=C%29O)=CC(C(C)(C)C)=C%28)N=N%24)=C1)(C)C
outer_cv,train,3,3,13,,,129,Group 11/126.log,Group 11,Group 11,126.log,CC(C1=CC(SC2=C(O)C(SC(C=C(C=C3SC4=C5)C(C)(C)C)=C3O)=CC(C(C)(C)C)=C2)=C(OCCN6N=NC(CCOC(C(SC7=CC(C(C)(C)C)=CC(SC8=CC(C(C)(C)C)=CC(S9)=C8OCCC%10=CN(CCOC%11=C(C=C(C=C%11SC%12=C%13)C(C)(C)C)SC%14=CC(C(C)(C)C)=CC(SC%15=C(O)C(SC(C=C%13C(C)(C)C)=C%12O)=CC(C(C)(C)C)=C%15)=C%14O)N=N%10)=C7OCCC%16=CN(CCOC%17=C(SC(C=C%18C(C)(C)C)=C%19O)C=C(C(C)(C)C)C=C%17SC%20=C(O)C(SC%21=CC(C(C)(C)C)=CC(SC%19=C%18)=C%21O)=CC(C(C)(C)C)=C%20)N=N%16)=CC(C(C)(C)C)=C%22)=C%22SC%23=C(C9=CC(C(C)(C)C)=C%23)OCCC%24=CN(CCOC%25=C(SC%26=C%27)C=C(C(C)(C)C)C=C%25SC%28=CC(C(C)(C)C)=CC(SC%29=CC(C(C)(C)C)=CC(SC(C=C%27C(C)(C)C)=C%26O)=C%29O)=C%28O)N=N%24)=C6)C(SC(C=C5C(C)(C)C)=C4O)=C1)(C)C
outer_cv,train,3,3,13,,,130,Group 11/127.log,Group 11,Group 11,127.log,OC1=C(SC2=C3)C=C(C(C)(C)C)C=C1SC4=CC(C(C)(C)C)=CC(SC5=CC(C(C)(C)C)=CC(SC(C=C3C(C)(C)C)=C2O)=C5OCCCN(N=N6)C=C6CCOC7=C(SC8=CC(C(C)(C)C)=CC(SC9=CC(C(C)(C)C)=CC(S%10)=C9OCCC%11=CN(CCCOC%12=C(SC%13=C%14)C=C(C(C)(C)C)C=C%12SC%15=CC(C(C)(C)C)=CC(SC%16=CC(C(C)(C)C)=CC(SC(C=C%14C(C)(C)C)=C%13O)=C%16O)=C%15O)N=N%11)=C8OCCC%17=CN(CCCOC%18=C(C=C(C=C%18SC%19=C%20)C(C)(C)C)SC%21=CC(C(C)(C)C)=CC(SC%22=C(O)C(SC(C=C%20C(C)(C)C)=C%19O)=CC(C(C)(C)C)=C%22)=C%21O)N=N%17)C=C(C(C)(C)C)C=C7SC%23=CC(C(C)(C)C)=CC%10=C%23OCCC%24=CN(CCCOC%25=C(C=C%26C(C)(C)C)SC%27=C(O)C(SC%28=C(O)C(SC%29=CC(C(C)(C)C)=CC(SC%25=C%26)=C%29O)=CC(C(C)(C)C)=C%28)=CC(C(C)(C)C)=C%27)N=N%24)=C4O
outer_cv,train,3,3,13,,,131,Group 11/128.log,Group 11,Group 11,128.log,CC(C1=CC2=C(OCCCC3=CN(CCOC4=C(C=C5C(C)(C)C)SC6=C(O)C(SC7=C(O)C(SC8=CC(C(C)(C)C)=CC(SC4=C5)=C8O)=CC(C(C)(C)C)=C7)=CC(C(C)(C)C)=C6)N=N3)C(SC9=CC(C(C)(C)C)=CC(SC%10=CC(C(C)(C)C)=CC(SC%11=CC(C(C)(C)C)=CC(S2)=C%11OCCCC%12=CN(CCOC%13=C(SC%14=C%15)C=C(C(C)(C)C)C=C%13SC%16=CC(C(C)(C)C)=CC(SC%17=CC(C(C)(C)C)=CC(SC(C=C%15C(C)(C)C)=C%14O)=C%17O)=C%16O)N=N%12)=C%10OCCCC%18=CN(CCOC%19=C(C=C(C=C%19SC%20=C%21)C(C)(C)C)SC%22=CC(C(C)(C)C)=CC(SC%23=C(O)C(SC(C=C%21C(C)(C)C)=C%20O)=CC(C(C)(C)C)=C%23)=C%22O)N=N%18)=C9OCCCC%24=CN(CCOC%25=C(SC(C=C%26C(C)(C)C)=C%27O)C=C(C(C)(C)C)C=C%25SC%28=C(O)C(SC%29=CC(C(C)(C)C)=CC(SC%27=C%26)=C%29O)=CC(C(C)(C)C)=C%28)N=N%24)=C1)(C)C
outer_cv,train,3,3,13,,,132,Group 11/129.log,Group 11,Group 11,129.log,CC(C1=CC2=C(OCCCC3=CN(CCCOC4=C(C=C5C(C)(C)C)SC6=C(O)C(SC7=C(O)C(SC8=CC(C(C)(C)C)=CC(SC4=C5)=C8O)=CC(C(C)(C)C)=C7)=CC(C(C)(C)C)=C6)N=N3)C(SC9=CC(C(C)(C)C)=CC(SC%10=CC(C(C)(C)C)=CC(SC%11=CC(C(C)(C)C)=CC(S2)=C%11OCCCC%12=CN(CCCOC%13=C(SC%14=C%15)C=C(C(C)(C)C)C=C%13SC%16=CC(C(C)(C)C)=CC(SC%17=CC(C(C)(C)C)=CC(SC(C=C%15C(C)(C)C)=C%14O)=C%17O)=C%16O)N=N%12)=C%10OCCCC%18=CN(CCCOC%19=C(C=C(C=C%19SC%20=C%21)C(C)(C)C)SC%22=CC(C(C)(C)C)=CC(SC%23=C(O)C(SC(C=C%21C(C)(C)C)=C%20O)=CC(C(C)(C)C)=C%23)=C%22O)N=N%18)=C9OCCCC%24=CN(CCCOC%25=C(SC(C=C%26C(C)(C)C)=C%27O)C=C(C(C)(C)C)C=C%25SC%28=C(O)C(SC%29=CC(C(C)(C)C)=CC(SC%27=C%26)=C%29O)=CC(C(C)(C)C)=C%28)N=N%24)=C1)(C)C
outer_cv,train,3,3,13,,,133,Group 11/130.log,Group 11,Group 11,130.log,CC(C1=CC2=C(OCCCCC3=CN(CCOC(C(SC(C=C4C(C)(C)C)=C5O)=C6)=C(C=C6C(C)(C)C)SC7=C(O)C(SC(C=C(C=C8SC5=C4)C(C)(C)C)=C8O)=CC(C(C)(C)C)=C7)N=N3)C(SC9=CC(C(C)(C)C)=CC(SC%10=CC(C(C)(C)C)=CC(SC%11=CC(C(C)(C)C)=CC(S2)=C%11OCCCCC%12=CN(CCOC%13=C(SC%14=C%15)C=C(C(C)(C)C)C=C%13SC%16=CC(C(C)(C)C)=CC(SC%17=CC(C(C)(C)C)=CC(SC(C=C%15C(C)(C)C)=C%14O)=C%17O)=C%16O)N=N%12)=C%10OCCCCC%18=CN(CCOC%19=C(C=C(C=C%19SC%20=C%21)C(C)(C)C)SC%22=CC(C(C)(C)C)=CC(SC%23=C(O)C(SC(C=C%21C(C)(C)C)=C%20O)=CC(C(C)(C)C)=C%23)=C%22O)N=N%18)=C9OCCCCC%24=CN(CCOC%25=C(SC(C=C%26C(C)(C)C)=C%27O)C=C(C(C)(C)C)C=C%25SC%28=C(O)C(SC%29=CC(C(C)(C)C)=CC(SC%27=C%26)=C%29O)=CC(C(C)(C)C)=C%28)N=N%24)=C1)(C)C
outer_cv,train,3,3,13,,,134,Group 11/131.log,Group 11,Group 11,131.log,CC(C1=CC2=C(OCCCCC3=CN(CCCOC(C(SC(C=C4C(C)(C)C)=C5O)=C6)=C(C=C6C(C)(C)C)SC7=C(O)C(SC(C=C(C=C8SC5=C4)C(C)(C)C)=C8O)=CC(C(C)(C)C)=C7)N=N3)C(SC9=CC(C(C)(C)C)=CC(SC%10=CC(C(C)(C)C)=CC(SC%11=CC(C(C)(C)C)=CC(S2)=C%11OCCCCC%12=CN(CCCOC%13=C(SC%14=C%15)C=C(C(C)(C)C)C=C%13SC%16=CC(C(C)(C)C)=CC(SC%17=CC(C(C)(C)C)=CC(SC(C=C%15C(C)(C)C)=C%14O)=C%17O)=C%16O)N=N%12)=C%10OCCCCC%18=CN(CCCOC%19=C(C=C(C=C%19SC%20=C%21)C(C)(C)C)SC%22=CC(C(C)(C)C)=CC(SC%23=C(O)C(SC(C=C%21C(C)(C)C)=C%20O)=CC(C(C)(C)C)=C%23)=C%22O)N=N%18)=C9OCCCCC%24=CN(CCCOC%25=C(SC(C=C%26C(C)(C)C)=C%27O)C=C(C(C)(C)C)C=C%25SC%28=C(O)C(SC%29=CC(C(C)(C)C)=CC(SC%27=C%26)=C%29O)=CC(C(C)(C)C)=C%28)N=N%24)=C1)(C)C
outer_cv,train,3,3,13,,,135,Group 11/132.log,Group 11,Group 11,132.log,CC(C1=CC(SC2=C(O)C(SC(C=C(C=C3SC4=C5)C(C)(C)C)=C3O)=CC(C(C)(C)C)=C2)=C(OCC6=CN(N=N6)CCOC(C(SC7=CC(C(C)(C)C)=CC(SC8=CC(C(C)(C)C)=CC(S9)=C8OCCN%10C=C(COC%11=C(C=C(C=C%11SC%12=C%13)C(C)(C)C)SC%14=CC(C(C)(C)C)=CC(SC%15=C(O)C(SC(C=C%13C(C)(C)C)=C%12O)=CC(C(C)(C)C)=C%15)=C%14O)N=N%10)=C7OCCN%16C=C(COC%17=C(SC(C=C%18C(C)(C)C)=C%19O)C=C(C(C)(C)C)C=C%17SC%20=C(O)C(SC%21=CC(C(C)(C)C)=CC(SC%19=C%18)=C%21O)=CC(C(C)(C)C)=C%20)N=N%16)=CC(C(C)(C)C)=C%22)=C%22SC%23=C(C9=CC(C(C)(C)C)=C%23)OCCN%24N=NC(COC%25=C(SC%26=C%27)C=C(C(C)(C)C)C=C%25SC%28=CC(C(C)(C)C)=CC(SC%29=CC(C(C)(C)C)=CC(SC(C=C%27C(C)(C)C)=C%26O)=C%29O)=C%28O)=C%24)C(SC(C=C5C(C)(C)C)=C4O)=C1)(C)C
outer_cv,train,3,3,13,,,136,Group 11/133.log,Group 11,Group 11,133.log,CC(C1=CC(SC2=C(O)C(SC(C=C(C=C3SC4=C5)C(C)(C)C)=C3O)=CC(C(C)(C)C)=C2)=C(OCCC6=CN(N=N6)CCOC(C(SC7=CC(C(C)(C)C)=CC(SC8=CC(C(C)(C)C)=CC(S9)=C8OCCN%10C=C(CCOC%11=C(C=C(C=C%11SC%12=C%13)C(C)(C)C)SC%14=CC(C(C)(C)C)=CC(SC%15=C(O)C(SC(C=C%13C(C)(C)C)=C%12O)=CC(C(C)(C)C)=C%15)=C%14O)N=N%10)=C7OCCN%16C=C(CCOC%17=C(SC(C=C%18C(C)(C)C)=C%19O)C=C(C(C)(C)C)C=C%17SC%20=C(O)C(SC%21=CC(C(C)(C)C)=CC(SC%19=C%18)=C%21O)=CC(C(C)(C)C)=C%20)N=N%16)=CC(C(C)(C)C)=C%22)=C%22SC%23=C(C9=CC(C(C)(C)C)=C%23)OCCN%24N=NC(CCOC%25=C(SC%26=C%27)C=C(C(C)(C)C)C=C%25SC%28=CC(C(C)(C)C)=CC(SC%29=CC(C(C)(C)C)=CC(SC(C=C%27C(C)(C)C)=C%26O)=C%29O)=C%28O)=C%24)C(SC(C=C5C(C)(C)C)=C4O)=C1)(C)C
outer_cv,train,3,3,13,,,137,Group 11/134.log,Group 11,Group 11,134.log,OC1=C(SC2=C3)C=C(C(C)(C)C)C=C1SC4=CC(C(C)(C)C)=CC(SC5=CC(C(C)(C)C)=CC(SC(C=C3C(C)(C)C)=C2O)=C5OCCCC(N=N6)=CN6CCOC7=C(SC8=CC(C(C)(C)C)=CC(SC9=CC(C(C)(C)C)=CC(S%10)=C9OCCN%11N=NC(CCCOC%12=C(SC%13=C%14)C=C(C(C)(C)C)C=C%12SC%15=CC(C(C)(C)C)=CC(SC%16=CC(C(C)(C)C)=CC(SC(C=C%14C(C)(C)C)=C%13O)=C%16O)=C%15O)=C%11)=C8OCCN%17C=C(CCCOC%18=C(C=C(C=C%18SC%19=C%20)C(C)(C)C)SC%21=CC(C(C)(C)C)=CC(SC%22=C(O)C(SC(C=C%20C(C)(C)C)=C%19O)=CC(C(C)(C)C)=C%22)=C%21O)N=N%17)C=C(C(C)(C)C)C=C7SC%23=CC(C(C)(C)C)=CC%10=C%23OCCN%24N=NC(CCCOC%25=C(C=C%26C(C)(C)C)SC%27=C(O)C(SC%28=C(O)C(SC%29=CC(C(C)(C)C)=CC(SC%25=C%26)=C%29O)=CC(C(C)(C)C)=C%28)=CC(C(C)(C)C)=C%27)=C%24)=C4O
outer_cv,train,3,3,13,,,138,Group 11/135.log,Group 11,Group 11,135.log,OC1=C(SC2=C3)C=C(C(C)(C)C)C=C1SC4=CC(C(C)(C)C)=CC(SC5=CC(C(C)(C)C)=CC(SC(C=C3C(C)(C)C)=C2O)=C5OCCCCC(N=N6)=CN6CCOC7=C(SC8=CC(C(C)(C)C)=CC(SC9=CC(C(C)(C)C)=CC(S%10)=C9OCCN%11N=NC(CCCCOC%12=C(SC%13=C%14)C=C(C(C)(C)C)C=C%12SC%15=CC(C(C)(C)C)=CC(SC%16=CC(C(C)(C)C)=CC(SC(C=C%14C(C)(C)C)=C%13O)=C%16O)=C%15O)=C%11)=C8OCCN%17C=C(CCCCOC%18=C(C=C(C=C%18SC%19=C%20)C(C)(C)C)SC%21=CC(C(C)(C)C)=CC(SC%22=C(O)C(SC(C=C%20C(C)(C)C)=C%19O)=CC(C(C)(C)C)=C%22)=C%21O)N=N%17)C=C(C(C)(C)C)C=C7SC%23=CC(C(C)(C)C)=CC%10=C%23OCCN%24N=NC(CCCCOC%25=C(C=C%26C(C)(C)C)SC%27=C(O)C(SC%28=C(O)C(SC%29=CC(C(C)(C)C)=CC(SC%25=C%26)=C%29O)=CC(C(C)(C)C)=C%28)=CC(C(C)(C)C)=C%27)=C%24)=C4O
outer_cv,train,3,3,13,,,139,Group 11/136.log,Group 11,Group 11,136.log,CC(C1=CC2=C(OCCCN3C=C(COC4=C(C=C5C(C)(C)C)SC6=C(O)C(SC7=C(O)C(SC8=CC(C(C)(C)C)=CC(SC4=C5)=C8O)=CC(C(C)(C)C)=C7)=CC(C(C)(C)C)=C6)N=N3)C(SC9=CC(C(C)(C)C)=CC(SC%10=CC(C(C)(C)C)=CC(SC%11=CC(C(C)(C)C)=CC(S2)=C%11OCCCN%12C=C(COC%13=C(SC%14=C%15)C=C(C(C)(C)C)C=C%13SC%16=CC(C(C)(C)C)=CC(SC%17=CC(C(C)(C)C)=CC(SC(C=C%15C(C)(C)C)=C%14O)=C%17O)=C%16O)N=N%12)=C%10OCCCN%18N=NC(COC%19=C(C=C(C=C%19SC%20=C%21)C(C)(C)C)SC%22=CC(C(C)(C)C)=CC(SC%23=C(O)C(SC(C=C%21C(C)(C)C)=C%20O)=CC(C(C)(C)C)=C%23)=C%22O)=C%18)=C9OCCCN%24N=NC(COC%25=C(SC(C=C%26C(C)(C)C)=C%27O)C=C(C(C)(C)C)C=C%25SC%28=C(O)C(SC%29=CC(C(C)(C)C)=CC(SC%27=C%26)=C%29O)=CC(C(C)(C)C)=C%28)=C%24)=C1)(C)C
outer_cv,train,3,3,13,,,140,Group 11/137.log,Group 11,Group 11,137.log,CC(C1=CC2=C(OCCCN3C=C(CCOC4=C(C=C5C(C)(C)C)SC6=C(O)C(SC7=C(O)C(SC8=CC(C(C)(C)C)=CC(SC4=C5)=C8O)=CC(C(C)(C)C)=C7)=CC(C(C)(C)C)=C6)N=N3)C(SC9=CC(C(C)(C)C)=CC(SC%10=CC(C(C)(C)C)=CC(SC%11=CC(C(C)(C)C)=CC(S2)=C%11OCCCN%12C=C(CCOC%13=C(SC%14=C%15)C=C(C(C)(C)C)C=C%13SC%16=CC(C(C)(C)C)=CC(SC%17=CC(C(C)(C)C)=CC(SC(C=C%15C(C)(C)C)=C%14O)=C%17O)=C%16O)N=N%12)=C%10OCCCN%18N=NC(CCOC%19=C(C=C(C=C%19SC%20=C%21)C(C)(C)C)SC%22=CC(C(C)(C)C)=CC(SC%23=C(O)C(SC(C=C%21C(C)(C)C)=C%20O)=CC(C(C)(C)C)=C%23)=C%22O)=C%18)=C9OCCCN%24N=NC(CCOC%25=C(SC(C=C%26C(C)(C)C)=C%27O)C=C(C(C)(C)C)C=C%25SC%28=C(O)C(SC%29=CC(C(C)(C)C)=CC(SC%27=C%26)=C%29O)=CC(C(C)(C)C)=C%28)=C%24)=C1)(C)C
outer_cv,train,3,3,13,,,141,Group 11/138.log,Group 11,Group 11,138.log,CC(C1=CC2=C(OCCCN3C=C(CCCOC4=C(C=C5C(C)(C)C)SC6=C(O)C(SC7=C(O)C(SC8=CC(C(C)(C)C)=CC(SC4=C5)=C8O)=CC(C(C)(C)C)=C7)=CC(C(C)(C)C)=C6)N=N3)C(SC9=CC(C(C)(C)C)=CC(SC%10=CC(C(C)(C)C)=CC(SC%11=CC(C(C)(C)C)=CC(S2)=C%11OCCCN%12C=C(CCCOC%13=C(SC%14=C%15)C=C(C(C)(C)C)C=C%13SC%16=CC(C(C)(C)C)=CC(SC%17=CC(C(C)(C)C)=CC(SC(C=C%15C(C)(C)C)=C%14O)=C%17O)=C%16O)N=N%12)=C%10OCCCN%18N=NC(CCCOC%19=C(C=C(C=C%19SC%20=C%21)C(C)(C)C)SC%22=CC(C(C)(C)C)=CC(SC%23=C(O)C(SC(C=C%21C(C)(C)C)=C%20O)=CC(C(C)(C)C)=C%23)=C%22O)=C%18)=C9OCCCN%24N=NC(CCCOC%25=C(SC(C=C%26C(C)(C)C)=C%27O)C=C(C(C)(C)C)C=C%25SC%28=C(O)C(SC%29=CC(C(C)(C)C)=CC(SC%27=C%26)=C%29O)=CC(C(C)(C)C)=C%28)=C%24)=C1)(C)C
outer_cv,train,3,3,13,,,142,Group 11/139.log,Group 11,Group 11,139.log,CC(C1=CC2=C(OCCCN3C=C(CCCCOC4=C(C=C5C(C)(C)C)SC6=C(O)C(SC7=C(O)C(SC8=CC(C(C)(C)C)=CC(SC4=C5)=C8O)=CC(C(C)(C)C)=C7)=CC(C(C)(C)C)=C6)N=N3)C(SC9=CC(C(C)(C)C)=CC(SC%10=CC(C(C)(C)C)=CC(SC%11=CC(C(C)(C)C)=CC(S2)=C%11OCCCN%12C=C(CCCCOC%13=C(SC%14=C%15)C=C(C(C)(C)C)C=C%13SC%16=CC(C(C)(C)C)=CC(SC%17=CC(C(C)(C)C)=CC(SC(C=C%15C(C)(C)C)=C%14O)=C%17O)=C%16O)N=N%12)=C%10OCCCN%18N=NC(CCCCOC%19=C(C=C(C=C%19SC%20=C%21)C(C)(C)C)SC%22=CC(C(C)(C)C)=CC(SC%23=C(O)C(SC(C=C%21C(C)(C)C)=C%20O)=CC(C(C)(C)C)=C%23)=C%22O)=C%18)=C9OCCCN%24N=NC(CCCCOC%25=C(S)C=C(C(C)(C)C)C=C%25SC%26=C(O)C(SC%27=CC(C(C)(C)C)=CC(SC%28=CC(C(C)(C)C)=CC=C%28O)=C%27O)=CC(C(C)(C)C)=C%26)=C%24)=C1)(C)C
outer_cv,train,3,3,13,,,143,Group 11/140.log,Group 11,Group 11,140.log,CC(C1=CC2=C(OCCCCN3N=NC(COC(C(SC(C=C4C(C)(C)C)=C5O)=C6)=C(C=C6C(C)(C)C)SC7=C(O)C(SC(C=C(C=C8SC5=C4)C(C)(C)C)=C8O)=CC(C(C)(C)C)=C7)=C3)C(SC9=CC(C(C)(C)C)=CC(SC%10=CC(C(C)(C)C)=CC(SC%11=CC(C(C)(C)C)=CC(S2)=C%11OCCCCN%12N=NC(COC%13=C(SC%14=C%15)C=C(C(C)(C)C)C=C%13SC%16=CC(C(C)(C)C)=CC(SC%17=CC(C(C)(C)C)=CC(SC(C=C%15C(C)(C)C)=C%14O)=C%17O)=C%16O)=C%12)=C%10OCCCCN%18C=C(COC%19=C(C=C(C=C%19SC%20=C%21)C(C)(C)C)SC%22=CC(C(C)(C)C)=CC(SC%23=C(O)C(SC(C=C%21C(C)(C)C)=C%20O)=CC(C(C)(C)C)=C%23)=C%22O)N=N%18)=C9OCCCCN%24C=C(COC%25=C(SC(C=C%26C(C)(C)C)=C%27O)C=C(C(C)(C)C)C=C%25SC%28=C(O)C(SC%29=CC(C(C)(C)C)=CC(SC%27=C%26)=C%29O)=CC(C(C)(C)C)=C%28)N=N%24)=C1)(C)C
outer_cv,train,3,3,13,,,144,Group 11/141.log,Group 11,Group 11,141.log,CC(C1=CC2=C(OCCCCN3N=NC(CCOC(C(SC(C=C4C(C)(C)C)=C5O)=C6)=C(C=C6C(C)(C)C)SC7=C(O)C(SC(C=C(C=C8SC5=C4)C(C)(C)C)=C8O)=CC(C(C)(C)C)=C7)=C3)C(SC9=CC(C(C)(C)C)=CC(SC%10=CC(C(C)(C)C)=CC(SC%11=CC(C(C)(C)C)=CC(S2)=C%11OCCCCN%12N=NC(CCOC%13=C(SC%14=C%15)C=C(C(C)(C)C)C=C%13SC%16=CC(C(C)(C)C)=CC(SC%17=CC(C(C)(C)C)=CC(SC(C=C%15C(C)(C)C)=C%14O)=C%17O)=C%16O)=C%12)=C%10OCCCCN%18C=C(CCOC%19=C(C=C(C=C%19SC%20=C%21)C(C)(C)C)SC%22=CC(C(C)(C)C)=CC(SC%23=C(O)C(SC(C=C%21C(C)(C)C)=C%20O)=CC(C(C)(C)C)=C%23)=C%22O)N=N%18)=C9OCCCCN%24C=C(CCOC%25=C(SC(C=C%26C(C)(C)C)=C%27O)C=C(C(C)(C)C)C=C%25SC%28=C(O)C(SC%29=CC(C(C)(C)C)=CC(SC%27=C%26)=C%29O)=CC(C(C)(C)C)=C%28)N=N%24)=C1)(C)C
outer_cv,train,3,3,13,,,145,Group 11/142.log,Group 11,Group 11,142.log,CC(C1=CC2=C(OCCCCN3N=NC(CCCOC(C(SC(C=C4C(C)(C)C)=C5O)=C6)=C(C=C6C(C)(C)C)SC7=C(O)C(SC(C=C(C=C8SC5=C4)C(C)(C)C)=C8O)=CC(C(C)(C)C)=C7)=C3)C(SC9=CC(C(C)(C)C)=CC(SC%10=CC(C(C)(C)C)=CC(SC%11=CC(C(C)(C)C)=CC(S2)=C%11OCCCCN%12N=NC(CCCOC%13=C(SC%14=C%15)C=C(C(C)(C)C)C=C%13SC%16=CC(C(C)(C)C)=CC(SC%17=CC(C(C)(C)C)=CC(SC(C=C%15C(C)(C)C)=C%14O)=C%17O)=C%16O)=C%12)=C%10OCCCCN%18C=C(CCCOC%19=C(C=C(C=C%19SC%20=C%21)C(C)(C)C)SC%22=CC(C(C)(C)C)=CC(SC%23=C(O)C(SC(C=C%21C(C)(C)C)=C%20O)=CC(C(C)(C)C)=C%23)=C%22O)N=N%18)=C9OCCCCN%24C=C(CCCOC%25=C(SC(C=C%26C(C)(C)C)=C%27O)C=C(C(C)(C)C)C=C%25SC%28=C(O)C(SC%29=CC(C(C)(C)C)=CC(SC%27=C%26)=C%29O)=CC(C(C)(C)C)=C%28)N=N%24)=C1)(C)C
outer_cv,train,3,3,13,,,146,Group 11/143.log,Group 11,Group 11,143.log,CC(C1=CC2=C(OCCCCN3N=NC(CCCCOC(C(SC(C=C4C(C)(C)C)=C5O)=C6)=C(C=C6C(C)(C)C)SC7=C(O)C(SC(C=C(C=C8SC5=C4)C(C)(C)C)=C8O)=CC(C(C)(C)C)=C7)=C3)C(SC9=CC(C(C)(C)C)=CC(SC%10=CC(C(C)(C)C)=CC(SC%11=CC(C(C)(C)C)=CC(S2)=C%11OCCCCN%12N=NC(CCCCOC%13=C(SC%14=C%15)C=C(C(C)(C)C)C=C%13SC%16=CC(C(C)(C)C)=CC(SC%17=CC(C(C)(C)C)=CC(SC(C=C%15C(C)(C)C)=C%14O)=C%17O)=C%16O)=C%12)=C%10OCCCCN%18C=C(CCCCOC%19=C(C=C(C=C%19SC%20=C%21)C(C)(C)C)SC%22=CC(C(C)(C)C)=CC(SC%23=C(O)C(SC(C=C%21C(C)(C)C)=C%20O)=CC(C(C)(C)C)=C%23)=C%22O)N=N%18)=C9OCCCCN%24C=C(CCCCOC%25=C(SC(C=C%26C(C)(C)C)=C%27O)C=C(C(C)(C)C)C=C%25SC%28=C(O)C(SC%29=CC(C(C)(C)C)=CC(SC%27=C%26)=C%29O)=CC(C(C)(C)C)=C%28)N=N%24)=C1)(C)C
outer_cv,train,3,3,13,,,147,Group 11/144.log,Group 11,Group 11,144.log,CC(C1=CC2=C(OCCCCCN3N=NC(COC(C(SC(C=C4C(C)(C)C)=C5O)=C6)=C(C=C6C(C)(C)C)SC7=C(O)C(SC(C=C(C=C8SC5=C4)C(C)(C)C)=C8O)=CC(C(C)(C)C)=C7)=C3)C(SC9=CC(C(C)(C)C)=CC(SC%10=CC(C(C)(C)C)=CC(SC%11=CC(C(C)(C)C)=CC(S2)=C%11OCCCCCN%12N=NC(COC%13=C(SC%14=C%15)C=C(C(C)(C)C)C=C%13SC%16=CC(C(C)(C)C)=CC(SC%17=CC(C(C)(C)C)=CC(SC(C=C%15C(C)(C)C)=C%14O)=C%17O)=C%16O)=C%12)=C%10OCCCCCN%18C=C(COC%19=C(C=C(C=C%19SC%20=C%21)C(C)(C)C)SC%22=CC(C(C)(C)C)=CC(SC%23=C(O)C(SC(C=C%21C(C)(C)C)=C%20O)=CC(C(C)(C)C)=C%23)=C%22O)N=N%18)=C9OCCCCCN%24C=C(COC%25=C(SC(C=C%26C(C)(C)C)=C%27O)C=C(C(C)(C)C)C=C%25SC%28=C(O)C(SC%29=CC(C(C)(C)C)=CC(SC%27=C%26)=C%29O)=CC(C(C)(C)C)=C%28)N=N%24)=C1)(C)C
outer_cv,train,3,3,13,,,148,Group 11/145.log,Group 11,Group 11,145.log,CC(C1=CC2=C(OCCCCCN3N=NC(CCOC4=C(C=C5C(C)(C)C)SC6=C(O)C(SC7=C(O)C(SC8=CC(C(C)(C)C)=CC(SC4=C5)=C8O)=CC(C(C)(C)C)=C7)=CC(C(C)(C)C)=C6)=C3)C(SC9=CC(C(C)(C)C)=CC(SC%10=CC(C(C)(C)C)=CC(SC%11=CC(C(C)(C)C)=CC(S2)=C%11OCCCCCN%12N=NC(CCOC%13=C(SC%14=C%15)C=C(C(C)(C)C)C=C%13SC%16=CC(C(C)(C)C)=CC(SC%17=CC(C(C)(C)C)=CC(SC(C=C%15C(C)(C)C)=C%14O)=C%17O)=C%16O)=C%12)=C%10OCCCCCN%18C=C(CCOC%19=C(C=C(C=C%19SC%20=C%21)C(C)(C)C)SC%22=CC(C(C)(C)C)=CC(SC%23=C(O)C(SC(C=C%21C(C)(C)C)=C%20O)=CC(C(C)(C)C)=C%23)=C%22O)N=N%18)=C9OCCCCCN%24C=C(CCOC%25=C(SC(C=C%26C(C)(C)C)=C%27O)C=C(C(C)(C)C)C=C%25SC%28=C(O)C(SC%29=CC(C(C)(C)C)=CC(SC%27=C%26)=C%29O)=CC(C(C)(C)C)=C%28)N=N%24)=C1)(C)C
outer_cv,train,3,3,13,,,149,Group 11/146.log,Group 11,Group 11,146.log,CC(C1=CC2=C(OCCCCCN3N=NC(CCCOC4=C(C=C5C(C)(C)C)SC6=C(O)C(SC7=C(O)C(SC8=CC(C(C)(C)C)=CC(SC4=C5)=C8O)=CC(C(C)(C)C)=C7)=CC(C(C)(C)C)=C6)=C3)C(SC9=CC(C(C)(C)C)=CC(SC%10=CC(C(C)(C)C)=CC(SC%11=CC(C(C)(C)C)=CC(S2)=C%11OCCCCCN%12N=NC(CCCOC%13=C(SC%14=C%15)C=C(C(C)(C)C)C=C%13SC%16=CC(C(C)(C)C)=CC(SC%17=CC(C(C)(C)C)=CC(SC(C=C%15C(C)(C)C)=C%14O)=C%17O)=C%16O)=C%12)=C%10OCCCCCN%18C=C(CCCOC%19=C(C=C(C=C%19SC%20=C%21)C(C)(C)C)SC%22=CC(C(C)(C)C)=CC(SC%23=C(O)C(SC(C=C%21C(C)(C)C)=C%20O)=CC(C(C)(C)C)=C%23)=C%22O)N=N%18)=C9OCCCCCN%24C=C(CCCOC%25=C(SC(C=C%26C(C)(C)C)=C%27O)C=C(C(C)(C)C)C=C%25SC%28=C(O)C(SC%29=CC(C(C)(C)C)=CC(SC%27=C%26)=C%29O)=CC(C(C)(C)C)=C%28)N=N%24)=C1)(C)C
outer_cv,train,3,3,13,,,150,Group 11/147.log,Group 11,Group 11,147.log,OC1=C(SC2=C3)C=C(C(C)(C)C)C=C1SC4=CC(C(C)(C)C)=CC(SC5=CC(C(C)(C)C)=CC(SC(C=C3C(C)(C)C)=C2O)=C5OCCCCC(N=N6)=CN6CCCCCOC7=C(SC8=CC(C(C)(C)C)=CC(SC9=CC(C(C)(C)C)=CC(S%10)=C9OCCCCCN%11N=NC(CCCCOC%12=C(SC%13=C%14)C=C(C(C)(C)C)C=C%12SC%15=CC(C(C)(C)C)=CC(SC%16=CC(C(C)(C)C)=CC(SC(C=C%14C(C)(C)C)=C%13O)=C%16O)=C%15O)=C%11)=C8OCCCCCN%17C=C(CCCCOC%18=C(C=C(C=C%18SC%19=C%20)C(C)(C)C)SC%21=CC(C(C)(C)C)=CC(SC%22=C(O)C(SC(C=C%20C(C)(C)C)=C%19O)=CC(C(C)(C)C)=C%22)=C%21O)N=N%17)C=C(C(C)(C)C)C=C7SC%23=CC(C(C)(C)C)=CC%10=C%23OCCCCCN%24N=NC(CCCCOC%25=C(C=C%26C(C)(C)C)SC%27=C(O)C(SC%28=C(O)C(SC%29=CC(C(C)(C)C)=CC(SC%25=C%26)=C%29O)=CC(C(C)(C)C)=C%28)=CC(C(C)(C)C)=C%27)=C%24)=C4O
outer_cv,train,3,3,13,,,151,Group 12/148.log,Group 12,Group 12,148.log,OCC(N=N1)=CN1C2=CC(C3=NC=CC=C3)=NC(C4=CC=CC=N4)=C2
outer_cv,train,3,3,13,,,152,Group 12/149.log,Group 12,Group 12,149.log,CCCCCCC(N=N1)=CN1C2=CC(C3=NC=CC=C3)=NC(C4=CC=CC=N4)=C2
outer_cv,train,3,3,13,,,153,Group 12/150.log,Group 12,Group 12,150.log,OC1=C(SC2=C(C(SC3=C(O)C(SC4=CC(C(C)(C)C)=CC(SC1=C5)=C4OCCC6=CN(C7=CC(C8=NC=CC=C8)=NC(C9=CC=CC=N9)=C7)N=N6)=CC(C(C)(C)C)=C3)=CC(C(C)(C)C)=C2)OCCC%10=CN(C%11=CC(C%12=NC=CC=C%12)=NC(C%13=CC=CC=N%13)=C%11)N=N%10)C=C5C(C)(C)C
outer_cv,train,3,3,13,,,154,Group 12/151.log,Group 12,Group 12,151.log,OC1=C(SC2=C(C(SC3=C(O)C(SC4=CC(C(C)(C)C)=CC(SC1=C5)=C4OCCCC6=CN(C7=CC(C8=NC=CC=C8)=NC(C9=CC=CC=N9)=C7)N=N6)=CC(C(C)(C)C)=C3)=CC(C(C)(C)C)=C2)OCCCC%10=CN(C%11=CC(C%12=NC=CC=C%12)=NC(C%13=CC=CC=N%13)=C%11)N=N%10)C=C5C(C)(C)C
outer_cv,train,3,3,13,,,155,Group 12/152.log,Group 12,Group 12,152.log,OC1=C(SC2=C(C(SC3=C(O)C(SC4=CC(C(C)(C)C)=CC(SC1=C5)=C4OCCCCC6=CN(C7=CC(C8=NC=CC=C8)=NC(C9=CC=CC=N9)=C7)N=N6)=CC(C(C)(C)C)=C3)=CC(C(C)(C)C)=C2)OCCCCC%10=CN(C%11=CC(C%12=NC=CC=C%12)=NC(C%13=CC=CC=N%13)=C%11)N=N%10)C=C5C(C)(C)C
outer_cv,train,3,3,13,,,156,Group 12/153.log,Group 12,Group 12,153.log,CC(C1=CC2=C(OCCC3=CN(C4=CC(C5=NC=CC=C5)=NC(C6=CC=CC=N6)=C4)N=N3)C(SC7=CC(C(C)(C)C)=CC(SC8=CC(C(C)(C)C)=CC(SC9=CC(C(C)(C)C)=CC(S2)=C9OCCC%10=CN(C%11=CC(C%12=NC=CC=C%12)=NC(C%13=CC=CC=N%13)=C%11)N=N%10)=C8OCCC%14=CN(C%15=CC(C%16=NC=CC=C%16)=NC(C%17=CC=CC=N%17)=C%15)N=N%14)=C7OCCC%18=CN(C%19=CC(C%20=NC=CC=C%20)=NC(C%21=CC=CC=N%21)=C%19)N=N%18)=C1)(C)C
outer_cv,train,3,3,13,,,157,Group 12/154.log,Group 12,Group 12,154.log,CC(C1=CC2=C(OCCCCCCCCCCCC)C(SC3=CC(C(C)(C)C)=CC(SC4=CC(C(C)(C)C)=CC(SC5=CC(C(C)(C)C)=CC(S2)=C5OCCC6=CN(C7=CC(C8=NC=CC=C8)=NC(C9=CC=CC=N9)=C7)N=N6)=C4OCCCCCCCCCCCC)=C3OCCC%10=CN(C%11=CC(C%12=NC=CC=C%12)=NC(C%13=CC=CC=N%13)=C%11)N=N%10)=C1)(C)C
outer_cv,train,3,3,13,,,158,Group 12/155.log,Group 12,Group 12,155.log,CC(C1=CC2=C(OCCCCCCCCCCCC)C(SC3=CC(C(C)(C)C)=CC(SC4=CC(C(C)(C)C)=CC(SC5=CC(C(C)(C)C)=CC(S2)=C5OCCCC6=CN(C7=CC(C8=NC=CC=C8)=NC(C9=CC=CC=N9)=C7)N=N6)=C4OCCCCCCCCCCCC)=C3OCCCC%10=CN(C%11=CC(C%12=NC=CC=C%12)=NC(C%13=CC=CC=N%13)=C%11)N=N%10)=C1)(C)C
outer_cv,train,3,3,13,,,159,Group 12/156.log,Group 12,Group 12,156.log,CC(C1=CC2=C(OCCCCCCCCCCCC)C(SC3=CC(C(C)(C)C)=CC(SC4=CC(C(C)(C)C)=CC(SC5=CC(C(C)(C)C)=CC(S2)=C5OCCCCC6=CN(C7=CC(C8=NC=CC=C8)=NC(C9=CC=CC=N9)=C7)N=N6)=C4OCCCCCCCCCCCC)=C3OCCCCC%10=CN(C%11=CC(C%12=NC=CC=C%12)=NC(C%13=CC=CC=N%13)=C%11)N=N%10)=C1)(C)C
outer_cv,train,3,3,13,,,160,Group 12/157.log,Group 12,Group 12,157.log,CC(C1=CC2=C(OCCCCC3=CN(C4=CC(C5=NC=CC=C5)=NC(C6=CC=CC=N6)=C4)N=N3)C(SC7=CC(C(C)(C)C)=CC(SC8=CC(C(C)(C)C)=CC(SC9=CC(C(C)(C)C)=CC(S2)=C9OCCCCC%10=CN(C%11=CC(C%12=NC=CC=C%12)=NC(C%13=CC=CC=N%13)=C%11)N=N%10)=C8OCCCCC%14=CN(C%15=CC(C%16=NC=CC=C%16)=NC(C%17=CC=CC=N%17)=C%15)N=N%14)=C7OCCCCC%18=CN(C%19=CC(C%20=NC=CC=C%20)=NC(C%21=CC=CC=N%21)=C%19)N=N%18)=C1)(C)C
outer_cv,train,3,3,13,,,184,Group 14/181.log,Group 14,Group 14,181.log,CC(C)(C1=CC(CC2=C(C(CC(C=C(C=C3C4)C(C)(C)C)=C3OCC#CC(C5=CC=CC=C5)=O)=CC(C(C)(C)C)=C2)OCC#CC(C6=CC=CC=C6)=O)=C(OCC#CC(C7=CC=CC=C7)=O)C(CC8=CC(C(C)(C)C)=CC4=C8OCC#CC(C9=CC=CC=C9)=O)=C1)C
outer_cv,train,3,3,13,,,185,Group 14/182.log,Group 14,Group 14,182.log,CC(C)(C1=CC(CC2=C(C(CC(C=C(C=C3C4)C(C)(C)C)=C3OCC#CC(C5=CC=C(C)C=C5)=O)=CC(C(C)(C)C)=C2)OCC#CC(C6=CC=C(C)C=C6)=O)=C(OCC#CC(C7=CC=C(C)C=C7)=O)C(CC8=CC(C(C)(C)C)=CC4=C8OCC#CC(C9=CC=C(C)C=C9)=O)=C1)C
outer_cv,train,3,3,13,,,186,Group 14/183.log,Group 14,Group 14,183.log,CC(C)(C1=CC(CC2=C(C(CC(C=C(C=C3C4)C(C)(C)C)=C3OCC#CC(C5=CC=C(Cl)C=C5)=O)=CC(C(C)(C)C)=C2)OCC#CC(C6=CC=C(Cl)C=C6)=O)=C(OCC#CC(C7=CC=C(Cl)C=C7)=O)C(CC8=CC(C(C)(C)C)=CC4=C8OCC#CC(C9=CC=C(Cl)C=C9)=O)=C1)C
outer_cv,train,3,3,13,,,187,Group 14/184.log,Group 14,Group 14,184.log,CC(C)(C1=CC(CC2=C(C(CC(C=C(C=C3C4)C(C)(C)C)=C3OCC#CC(C5=CC=C(OC)C=C5)=O)=CC(C(C)(C)C)=C2)OCC#CC(C6=CC=C(OC)C=C6)=O)=C(OCC#CC(C7=CC=C(OC)C=C7)=O)C(CC8=CC(C(C)(C)C)=CC4=C8OCC#CC(C9=CC=C(OC)C=C9)=O)=C1)C
outer_cv,train,3,3,13,,,188,Group 14/185.log,Group 14,Group 14,185.log,CC(C1=CC2=C(OCC#CC(C3=CC=CC=C3)=O)C(CC4=CC(C(C)(C)C)=CC(CC5=CC(C(C)(C)C)=CC(CC6=CC(C(C)(C)C)=CC(C2)=C6OCC#CC(C7=CC=CC=C7)=O)=C5OCC#CC(C8=CC=CC=C8)=O)=C4OCC#CC(C9=CC=CC=C9)=O)=C1)(C)C
outer_cv,train,3,3,13,,,189,Group 14/186.log,Group 14,Group 14,186.log,CC(C1=CC2=C(OCC#CC(C3=CC=C(C)C=C3)=O)C(CC4=CC(C(C)(C)C)=CC(CC5=CC(C(C)(C)C)=CC(CC6=CC(C(C)(C)C)=CC(C2)=C6OCC#CC(C7=CC=C(C)C=C7)=O)=C5OCC#CC(C8=CC=C(C)C=C8)=O)=C4OCC#CC(C9=CC=C(C)C=C9)=O)=C1)(C)C
outer_cv,train,3,3,13,,,190,Group 14/187.log,Group 14,Group 14,187.log,CC(C)(C)C1=CC(CC2=C3)=C(OCC#CC(C4=CC=CC=C4)=O)C(CC5=CC(C(C)(C)C)=CC(CC6=CC(C(C)(C)C)=CC(CC(C=C3C(C)(C)C)=C2OCC#CC(C7=CC=CC=C7)=O)=C6OCC#CC(C8=CC=CC=C8)=O)=C5OCC#CC(C9=CC=CC=C9)=O)=C1
outer_cv,train,3,3,13,,,191,Group 14/188.log,Group 14,Group 14,188.log,CC(C)(C)C1=CC(CC2=C3)=C(OCC#CC(C4=CC=C(C)C=C4)=O)C(CC5=CC(C(C)(C)C)=CC(CC6=CC(C(C)(C)C)=CC(CC(C=C3C(C)(C)C)=C2OCC#CC(C7=CC=C(C)C=C7)=O)=C6OCC#CC(C8=CC=C(C)C=C8)=O)=C5OCC#CC(C9=CC=C(C)C=C9)=O)=C1
outer_cv,train,3,3,13,,,192,Group 14/189.log,Group 14,Group 14,189.log,CC(C)(C)C1=CC(CC2=C3)=C(OCC#CC(C4=CC=C(Cl)C=C4)=O)C(CC5=CC(C(C)(C)C)=CC(CC6=CC(C(C)(C)C)=CC(CC(C=C3C(C)(C)C)=C2OCC#CC(C7=CC=C(Cl)C=C7)=O)=C6OCC#CC(C8=CC=C(Cl)C=C8)=O)=C5OCC#CC(C9=CC=C(Cl)C=C9)=O)=C1
outer_cv,train,3,3,13,,,193,Group 14/190.log,Group 14,Group 14,190.log,CC(C)(C)C1=CC(CC2=C3)=C(OCC#CC(C4=CC=C(OC)C=C4)=O)C(CC5=CC(C(C)(C)C)=CC(CC6=CC(C(C)(C)C)=CC(CC(C=C3C(C)(C)C)=C2OCC#CC(C7=CC=C(OC)C=C7)=O)=C6OCC#CC(C8=CC=C(OC)C=C8)=O)=C5OCC#CC(C9=CC=C(OC)C=C9)=O)=C1
outer_cv,train,3,3,13,,,194,Group 14/191.log,Group 14,Group 14,191.log,CC(C1=CC2=C(OCC#CC(C3=CC=C(Cl)C=C3)=O)C(CC4=CC(C(C)(C)C)=CC(CC5=CC(C(C)(C)C)=CC(CC6=CC(C(C)(C)C)=CC(C2)=C6OCC#CC(C7=CC=C(Cl)C=C7)=O)=C5OCC#CC(C8=CC=C(Cl)C=C8)=O)=C4OCC#CC(C9=CC=C(Cl)C=C9)=O)=C1)(C)C
outer_cv,train,3,3,13,,,195,Group 14/192.log,Group 14,Group 14,192.log,CC(C1=CC2=C(OCC#CC(C3=CC=C(OC)C=C3)=O)C(CC4=CC(C(C)(C)C)=CC(CC5=CC(C(C)(C)C)=CC(CC6=CC(C(C)(C)C)=CC(C2)=C6OCC#CC(C7=CC=C(OC)C=C7)=O)=C5OCC#CC(C8=CC=C(OC)C=C8)=O)=C4OCC#CC(C9=CC=C(OC)C=C9)=O)=C1)(C)C
outer_cv,train,3,3,13,,,196,Group 14/193.log,Group 14,Group 14,193.log,CC(C1=CC2=C(OCC#CC(C3=CC=CC=C3)=O)C(SC4=CC(C(C)(C)C)=CC(SC5=CC(C(C)(C)C)=CC(SC6=CC(C(C)(C)C)=CC(S2)=C6OCC#CC(C7=CC=CC=C7)=O)=C5OCC#CC(C8=CC=CC=C8)=O)=C4OCC#CC(C9=CC=CC=C9)=O)=C1)(C)C
outer_cv,train,3,3,13,,,197,Group 14/194.log,Group 14,Group 14,194.log,CC(C1=CC2=C(OCCC#CC(C3=CC=CC=C3)=O)C(SC4=CC(C(C)(C)C)=CC(SC5=CC(C(C)(C)C)=CC6=C5OCCC#C(C(C7=CC=CC=C7)=O)C(C(C=C8S6)=CC(S2)=C8OCCC#CC(C9=CC=CC=C9)=O)(C)C)=C4OCCC#CC(C%10=CC=CC=C%10)=O)=C1)(C)C
outer_cv,train,3,3,13,,,198,Group 14/195.log,Group 14,Group 14,195.log,CC(C1=CC2=C(OCCCC#CC(C3=CC=CC=C3)=O)C(CC4=CC(C(C)(C)C)=CC(CC5=CC(C(C)(C)C)=CC(CC6=CC(C(C)(C)C)=CC(C2)=C6OCCCC#CC(C7=CC=CC=C7)=O)=C5OCCCC#CC(C8=CC=CC=C8)=O)=C4OCCCC#CC(C9=CC=CC=C9)=O)=C1)(C)C
outer_cv,train,3,3,13,,,199,Group 14/196.log,Group 14,Group 14,196.log,CC(C1=CC2=C(OCCCC#CC(C3=CC=CC=C3)=O)C(SC4=CC(C(C)(C)C)=CC(SC5=CC(C(C)(C)C)=CC(SC6=CC(C(C)(C)C)=CC(S2)=C6OCCCC#CC(C7=CC=CC=C7)=O)=C5OCCCC#CC(C8=CC=CC=C8)=O)=C4OCCCC#CC(C9=CC=CC=C9)=O)=C1)(C)C
outer_cv,train,3,3,13,,,200,Group 14/197.log,Group 14,Group 14,197.log,CC(C1=CC2=C(OCCCCC#CC(C3=CC=CC=C3)=O)C(SC4=CC(C(C)(C)C)=CC(SC5=CC(C(C)(C)C)=CC(SC6=CC(C(C)(C)C)=CC(S2)=C6OCCCCC#CC(C7=CC=CC=C7)=O)=C5OCCCCC#CC(C8=CC=CC=C8)=O)=C4OCCCCC#CC(C9=CC=CC=C9)=O)=C1)(C)C
outer_cv,train,3,3,13,,,201,Group 15/198.log,Group 15,Group 15,198.log,CC(C)(C)C1=CC(SC2=C3)=C(OCO)C(SC4=CC(C(C)(C)C)=CC(SC5=CC(C(C)(C)C)=CC(SC(C=C3C(C)(C)C)=C2OCC(O)=O)=C5OCC(O)=O)=C4OCC(O)=O)=C1.O=[C]
outer_cv,train,3,3,13,,,202,Group 15/199.log,Group 15,Group 15,199.log,CC(C)(C)C1=CC(CC2=C3)=C(OCO)C(CC4=CC(C(C)(C)C)=CC(CC5=CC(C(C)(C)C)=CC(CC(C=C3C(C)(C)C)=C2OCC(O)=O)=C5OCC(O)=O)=C4OCC(O)=O)=C1.O=[C]
outer_cv,train,3,3,13,,,203,Group 15/200.log,Group 15,Group 15,200.log,CC(C)(C1=CC(CC2=C(C(CC(C=C(C=C3C4)C(C)(C)C)=C3OCC(O)=O)=CC(C(C)(C)C)=C2)OCC(O)=O)=C(OCC(O)=O)C(CC5=CC(C(C)(C)C)=CC4=C5OCC(O)=O)=C1)C
outer_cv,train,3,3,13,,,204,Group 15/201.log,Group 15,Group 15,201.log,CC(C)(C)C1=CC(CC2=C3)=C(OCC(OCC)=O)C(CC4=CC(C(C)(C)C)=CC(CC5=CC(C(C)(C)C)=CC(CC(C=C3C(C)(C)C)=C2OCC(OCC)=O)=C5OCC(OCC)=O)=C4OCC(OCC)=O)=C1
outer_cv,train,3,3,13,,,205,Group 15/202.log,Group 15,Group 15,202.log,OC1=C(SC2=C(C(SC3=C(O)C(SC4=CC(C(C)(C)C)=CC(SC1=C5)=C4OCCN6C(C(OC)=O)=C(C(OC)=O)N=N6)=CC(C(C)(C)C)=C3)=CC(C(C)(C)C)=C2)OCCN7N=NC(C(OC)=O)=C7C(OC)=O)C=C5C(C)(C)C
outer_cv,train,3,3,13,,,206,Group 15/203.log,Group 15,Group 15,203.log,CC(C1=CC2=C(OCCCCCCCCCCCC)C(SC3=CC(C(C)(C)C)=CC(SC4=CC(C(C)(C)C)=CC(SC5=CC(C(C)(C)C)=CC(S2)=C5OCCCN6C(C(OC)=O)=C(C(OC)=O)N=N6)=C4OCCCCCCCCCCCC)=C3OCCCN7N=NC(C(OC)=O)=C7C(OC)=O)=C1)(C)C
outer_cv,train,3,3,13,,,207,Group 15/204.log,Group 15,Group 15,204.log,CC(C1=CC2=C(OCC(OCC)=O)C(CC3=CC(C(C)(C)C)=CC(CC4=CC(C(C)(C)C)=CC(CC5=CC(C(C)(C)C)=CC(C2)=C5OCC(OCC)=O)=C4OCC(OCC)=O)=C3OCC(OCC)=O)=C1)(C)C
outer_cv,train,3,3,13,,,208,Group 15/205.log,Group 15,Group 15,205.log,CC(C)(C1=CC(CC2=C(C(CC(C=C(C=C3C4)C(C)(C)C)=C3OCC(OCC)=O)=CC(C(C)(C)C)=C2)OCC(OCC)=O)=C(OCC(OCC)=O)C(CC5=CC(C(C)(C)C)=CC4=C5OCC(OCC)=O)=C1)C
outer_cv,train,3,3,13,,,209,Group 15/206.log,Group 15,Group 15,206.log,CC(C1=CC2=C(OCC(OCC)=O)C(SC3=CC(C(C)(C)C)=CC(SC4=CC(C(C)(C)C)=CC(SC5=CC(C(C)(C)C)=CC(S2)=C5OCC(OCC)=O)=C4OCC(OCC)=O)=C3OCC(OCC)=O)=C1)(C)C
outer_cv,train,3,3,13,,,210,Group 15/207.log,Group 15,Group 15,207.log,CC(C1=CC2=C(OCC(OC(C)(C)C)=O)C(SC3=CC(C(C)(C)C)=CC(SC4=CC(C(C)(C)C)=CC(SC5=CC(C(C)(C)C)=CC(S2)=C5OCC(OC(C)(C)C)=O)=C4OCC(OC(C)(C)C)=O)=C3OCC(OC(C)(C)C)=O)=C1)(C)C
outer_cv,train,3,3,13,,,223,Group 18/220.log,Group 18,Group 18,220.log,C12=C(C(SC(C=CC=C3S4)=C3OCCOCCOCCOC(C(SC5=CC=CC4=C5OCCCOC6=CC(C7=NC=CC=C7)=NC(C8=CC=CC=N8)=C6)=CC=C9)=C9S2)=CC=C1)OCCCOC%10=CC(C%11=NC=CC=C%11)=NC(C%12=CC=CC=N%12)=C%10
outer_cv,train,3,3,13,,,224,Group 18/221.log,Group 18,Group 18,221.log,CC(C1=CC2=C(OCCOCCOCCOC3=C(SC4=CC(C(C)(C)C)=CC(S2)=C4OCCCOC5=CC(C6=NC=CC=C6)=NC(C7=CC=CC=N7)=C5)C=C(C(C)(C)C)C=C3S8)C(SC9=CC(C(C)(C)C)=CC8=C9OCCCOC%10=CC(C%11=NC=CC=C%11)=NC(C%12=CC=CC=N%12)=C%10)=C1)(C)C
outer_cv,train,3,3,13,,,225,Group 18/222.log,Group 18,Group 18,222.log,CC(C1=CC2=C(OCCOCCOCCOCCOC3=C(SC4=CC(C(C)(C)C)=CC(S2)=C4OCCCOC5=CC(C6=NC=CC=C6)=NC(C7=CC=CC=N7)=C5)C=C(C(C)(C)C)C=C3S8)C(SC9=CC(C(C)(C)C)=CC8=C9OCCCOC%10=CC(C%11=NC=CC=C%11)=NC(C%12=CC=CC=N%12)=C%10)=C1)(C)C
outer_cv,train,3,3,13,,,226,Group 18/223.log,Group 18,Group 18,223.log,CC(C1=CC2=C(OCCOCCOCCOCCOCCOC3=C(SC4=CC(C(C)(C)C)=CC(S2)=C4OCCCOC5=CC(C6=NC=CC=C6)=NC(C7=CC=CC=N7)=C5)C=C(C(C)(C)C)C=C3S8)C(SC9=CC(C(C)(C)C)=CC8=C9OCCCOC%10=CC(C%11=NC=CC=C%11)=NC(C%12=CC=CC=N%12)=C%10)=C1)(C)C
outer_cv,train,3,3,13,,,227,Group 19/224.log,Group 19,Group 19,224.log,OC1=C(SC2=C(C(SC3=C(O)C(SC4=CC(C(C)(C)C)=CC(SC1=C5)=C4OCCSCCCCCCCC)=CC(C(C)(C)C)=C3)=CC(C(C)(C)C)=C2)OCCSCCCCCCCC)C=C5C(C)(C)C
outer_cv,train,3,3,13,,,228,Group 19/225.log,Group 19,Group 19,225.log,OC1=C(SC2=C(C(SC3=C(O)C(SC4=CC(C(C)(C)C)=CC(SC1=C5)=C4OCCSC)=CC(C(C)(C)C)=C3)=CC(C(C)(C)C)=C2)OCCSC)C=C5C(C)(C)C
outer_cv,train,3,3,13,,,229,Group 19/226.log,Group 19,Group 19,226.log,OC1=C(SC2=C(C(SC3=C(O)C(SC4=CC(C(C)(C)C)=CC(SC1=C5)=C4OCCSCC6=CC=CC=C6)=CC(C(C)(C)C)=C3)=CC(C(C)(C)C)=C2)OCCSCC7=CC=CC=C7)C=C5C(C)(C)C
outer_cv,train,3,3,13,,,230,Group 19/227.log,Group 19,Group 19,227.log,OC1=C(SC2=C(C(SC3=C(O)C(SC4=CC(C(C)(C)C)=CC(SC1=C5)=C4OCCCSCC)=CC(C(C)(C)C)=C3)=CC(C(C)(C)C)=C2)OCCCSCC)C=C5C(C)(C)C
outer_cv,train,3,3,13,,,231,Group 19/228.log,Group 19,Group 19,228.log,OC1=C(CC2=C(C(CC3=C(O)C(C4)=CC=C3)=CC=C2)OCCCS)C=CC=C1CC5=C(OCCCS)C4=CC=C5
outer_cv,train,3,3,13,,,232,Group 19/229.log,Group 19,Group 19,229.log,OC1=C(SC2=C(C(SC3=C(O)C(SC4=CC(C(C)(C)C)=CC(SC1=C5)=C4OCCCSCCSCCS)=CC(C(C)(C)C)=C3)=CC(C(C)(C)C)=C2)O)C=C5C(C)(C)C
outer_cv,train,3,3,13,,,233,Group 19/230.log,Group 19,Group 19,230.log,CC(C1=CC2=C(OCCCS)C(SC3=CC(C(C)(C)C)=CC(SC4=CC(C(C)(C)C)=CC(SC5=CC(C(C)(C)C)=CC(S2)=C5OCCCS)=C4OCCCS)=C3OCCCS)=C1)(C)C
outer_cv,train,3,3,13,,,234,Group 19/231.log,Group 19,Group 19,231.log,CC(C1=CC2=C(OCCCSCC(OC)=O)C(SC3=CC(C(C)(C)C)=CC(SC4=CC(C(C)(C)C)=CC(SC5=CC(C(C)(C)C)=CC(S2)=C5OCCCSCC(OC)=O)=C4OCCCSCC(OC)=O)=C3OCCCSCC(OC)=O)=C1)(C)C
outer_cv,train,3,3,13,,,235,Group 19/232.log,Group 19,Group 19,232.log,CC(C1=CC2=C(OCCCCSCC(OC)=O)C(SC3=CC(C(C)(C)C)=CC(SC4=CC(C(C)(C)C)=CC(SC5=CC(C(C)(C)C)=CC(S2)=C5OCCCCSCC(OC)=O)=C4OCCCCSCC(OC)=O)=C3OCCCCSCC(OC)=O)=C1)(C)C
outer_cv,train,3,3,13,,,236,Group 19/233.log,Group 19,Group 19,233.log,CC(C1=CC2=C(OCCCCCSCC(OC)=O)C(SC3=CC(C(C)(C)C)=CC(SC4=CC(C(C)(C)C)=CC(SC5=CC(C(C)(C)C)=CC(S2)=C5OCCCCCSCC(OC)=O)=C4OCCCCCSCC(OC)=O)=C3OCCCCCSCC(OC)=O)=C1)(C)C
outer_cv,train,3,3,13,,,237,Group 19/234.log,Group 19,Group 19,234.log,CC(C1=CC2=C(OCCOCCO)C(SC3=CC(C(C)(C)C)=CC(SC4=CC(C(C)(C)C)=CC(SC5=CC(C(C)(C)C)=CC(S2)=C5OCCSCC(OC)=O)=C4OCCOCCO)=C3OCCSCC(OC)=O)=C1)(C)C
outer_cv,train,3,3,13,,,238,Group 19/235.log,Group 19,Group 19,235.log,OC1=C(SC2=C(C(SC3=C(O)C(SC4=CC(C(C)(C)C)=CC(SC1=C5)=C4OCCSC(C)=O)=CC(C(C)(C)C)=C3)=CC(C(C)(C)C)=C2)OCCSC(C)=O)C=C5C(C)(C)C
outer_cv,train,3,3,13,,,239,Group 19/236.log,Group 19,Group 19,236.log,OC1=C(SC2=C(C(SC3=C(O)C(SC4=CC(C(C)(C)C)=CC(SC1=C5)=C4OCCCSC(C)=O)=CC(C(C)(C)C)=C3)=CC(C(C)(C)C)=C2)OCCCSC(C)=O)C=C5C(C)(C)C
outer_cv,train,3,3,13,,,240,Group 19/237.log,Group 19,Group 19,237.log,CC(C1=CC2=C(OCCSCCCCCCCC)C(SC3=CC(C(C)(C)C)=CC(SC4=CC(C(C)(C)C)=CC(SC5=CC(C(C)(C)C)=CC(S2)=C5OCCC#C)=C4OCCSCCCCCCCC)=C3OCCC#C)=C1)(C)C
outer_cv,train,3,3,13,,,241,Group 19/238.log,Group 19,Group 19,238.log,CC(C1=CC2=C(OCCSCCCCCCCC)C(SC3=CC(C(C)(C)C)=CC(SC4=CC(C(C)(C)C)=CC(SC5=CC(C(C)(C)C)=CC(S2)=C5OCCCC#C)=C4OCCSCCCCCCCC)=C3OCCCC#C)=C1)(C)C
outer_cv,train,3,3,13,,,242,Group 19/239.log,Group 19,Group 19,239.log,CC(C1=CC2=C(OCCSCCCCCCCC)C(SC3=CC(C(C)(C)C)=CC(SC4=CC(C(C)(C)C)=CC(SC5=CC(C(C)(C)C)=CC(S2)=C5OCCCCC#C)=C4OCCSCCCCCCCC)=C3OCCCCC#C)=C1)(C)C
outer_cv,train,3,3,13,,,243,Group 19/240.log,Group 19,Group 19,240.log,CC(C1=CC2=C(OCCSCCCCCCCC)C(SC3=CC(C(C)(C)C)=CC(SC4=CC(C(C)(C)C)=CC(SC5=CC(C(C)(C)C)=CC(S2)=C5OCCCBr)=C4OCCSCCCCCCCC)=C3OCCCBr)=C1)(C)C
outer_cv,train,3,3,13,,,244,Group 19/241.log,Group 19,Group 19,241.log,CC(C1=CC2=C(OCCSCCCCCCCC)C(SC3=CC(C(C)(C)C)=CC(SC4=CC(C(C)(C)C)=CC(SC5=CC(C(C)(C)C)=CC(S2)=C5OCCCN=[N+]=[N-])=C4OCCSCCCCCCCC)=C3OCCCN=[N+]=[N-])=C1)(C)C
outer_cv,train,3,3,13,,,245,Group 19/242.log,Group 19,Group 19,242.log,CC(C1=CC2=C(OCCSCCCCCCCC)C(SC3=CC(C(C)(C)C)=CC(SC4=CC(C(C)(C)C)=CC(SC5=CC(C(C)(C)C)=CC(S2)=C5OCCCN6C(C(OC)=O)=C(C(OC)=O)N=N6)=C4OCCSCCCCCCCC)=C3OCCCN7N=NC(C(OC)=O)=C7C(OC)=O)=C1)(C)C
outer_cv,train,3,3,13,,,246,Group 19/243.log,Group 19,Group 19,243.log,OC1=C(SC2=C(C(SC3=C(O)C(SC4=CC(C(C)(C)C)=CC(SC1=C5)=C4OCCCBr)=CC(C(C)(C)C)=C3)=CC(C(C)(C)C)=C2)OCCCSC(C)=O)C=C5C(C)(C)C
outer_cv,train,3,3,13,,,247,Group 20/244.log,Group 20,Group 20,244.log,BrCCCOC1=C2C=CC=C1SC3=CC=CC4=C3OCCSCCSCCOC5=C(SC6=CC=CC(S4)=C6OCCCBr)C=CC=C5S2
outer_cv,train,3,3,13,,,248,Group 20/245.log,Group 20,Group 20,245.log,CC(C1=CC2=C(OCCSCCSCCOC3=C(SC4=CC(C(C)(C)C)=CC(S2)=C4OCCCBr)C=C(C(C)(C)C)C=C3S5)C(SC6=CC(C(C)(C)C)=CC5=C6OCCCBr)=C1)(C)C
outer_cv,train,3,3,13,,,249,Group 20/246.log,Group 20,Group 20,246.log,CC(C1=CC2=C(OCCSCCSCCOC3=C(SC4=CC(C(C)(C)C)=CC(S2)=C4OCCCCCCCCCCCC)C=C(C(C)(C)C)C=C3S5)C(SC6=CC(C(C)(C)C)=CC5=C6OCCCCCCCCCCCC)=C1)(C)C
outer_cv,train,3,3,13,,,250,Group 20/247.log,Group 20,Group 20,247.log,CC(C1=CC2=C(OCCCSCCOCCSCCCOC3=C(SC4=CC(C(C)(C)C)=CC(S2)=C4OCCCCCCCCCCCC)C=C(C(C)(C)C)C=C3S5)C(SC6=CC(C(C)(C)C)=CC5=C6OCCCCCCCCCCCC)=C1)(C)C
outer_cv,train,3,3,13,,,251,Group 20/248.log,Group 20,Group 20,248.log,CC(C1=CC2=C(OCCCSCCSCCSCCCOC3=C(SC4=CC(C(C)(C)C)=CC(S2)=C4OCCCCCCCCCCCC)C=C(C(C)(C)C)C=C3S5)C(SC6=CC(C(C)(C)C)=CC5=C6OCCCCCCCCCCCC)=C1)(C)C
outer_cv,train,3,3,13,,,258,Group 22/255.log,Group 22,Group 22,255.log,CC(C1=CC2=C(OCCOCCOCCOC3=C(SC4=CC(C(C)(C)C)=CC(S2)=C4OCCSC(C)=O)C=C(C(C)(C)C)C=C3S5)C(SC6=CC(C(C)(C)C)=CC5=C6OCCSC(C)=O)=C1)(C)C
outer_cv,train,3,3,13,,,259,Group 22/256.log,Group 22,Group 22,256.log,CC(C1=CC2=C(OCCOCCOCCOC3=C(SC4=CC(C(C)(C)C)=CC(S2)=C4OCCCSC(C)=O)C=C(C(C)(C)C)C=C3S5)C(SC6=CC(C(C)(C)C)=CC5=C6OCCCSC(C)=O)=C1)(C)C
outer_cv,train,3,3,13,,,260,Group 22/257.log,Group 22,Group 22,257.log,CC(C1=CC2=C(OCCOCCOCCOC3=C(SC4=CC(C(C)(C)C)=CC(S2)=C4OCCSC)C=C(C(C)(C)C)C=C3S5)C(SC6=CC(C(C)(C)C)=CC5=C6OCCSC)=C1)(C)C
outer_cv,train,3,3,13,,,261,Group 22/258.log,Group 22,Group 22,258.log,CC(C1=CC2=C(OCCOCCOCCOC3=C(SC4=CC(C(C)(C)C)=CC(S2)=C4OCCSCC5=CC=CC=C5)C=C(C(C)(C)C)C=C3S6)C(SC7=CC(C(C)(C)C)=CC6=C7OCCSCC8=CC=CC=C8)=C1)(C)C
outer_cv,train,3,3,13,,,262,Group 22/259.log,Group 22,Group 22,259.log,CC(C1=CC2=C(OCCOCCOCCOC3=C(SC4=CC(C(C)(C)C)=CC(S2)=C4OCCCSCC)C=C(C(C)(C)C)C=C3S5)C(SC6=CC(C(C)(C)C)=CC5=C6OCCCSCC)=C1)(C)C
outer_cv,train,3,3,13,,,263,Group 22/260.log,Group 22,Group 22,260.log,CC(C1=CC2=C(OCCOCCOCCOCCOC3=C(SC4=CC(C(C)(C)C)=CC(S2)=C4OCCSCC5=CC=CC=C5)C=C(C(C)(C)C)C=C3S6)C(SC7=CC(C(C)(C)C)=CC6=C7OCCSCC8=CC=CC=C8)=C1)(C)C
outer_cv,train,3,3,13,,,264,Group 22/261.log,Group 22,Group 22,261.log,CC(C1=CC2=C(OCCOCCOCCOCCOC3=C(SC4=CC(C(C)(C)C)=CC(S2)=C4OCCCSCC)C=C(C(C)(C)C)C=C3S5)C(SC6=CC(C(C)(C)C)=CC5=C6OCCCSCC)=C1)(C)C
outer_cv,train,3,3,13,,,265,Group 22/262.log,Group 22,Group 22,262.log,CC(C1=CC2=C(OCCOCCOC3=C(SC4=CC(C(C)(C)C)=CC(S2)=C4OCCCSC(C)=O)C=C(C(C)(C)C)C=C3S5)C(SC6=CC(C(C)(C)C)=CC5=C6OCCCSC(C)=O)=C1)(C)C
outer_cv,valid,3,3,13,,,61,Group 6/58.log,Group 6,Group 6,58.log,OC1=C(CC2=C(C(CC3=C(O)C(CC4=CC(C(C)(C)C)=CC(CC1=C5)=C4OCCBr)=CC(C(C)(C)C)=C3)=CC(C(C)(C)C)=C2)OCCBr)C=C5C(C)(C)C
outer_cv,valid,3,3,13,,,62,Group 6/59.log,Group 6,Group 6,59.log,OC1=C(CC2=C(C(CC3=C(O)C(CC4=CC(C(C)(C)C)=CC(CC1=C5)=C4OCCCBr)=CC(C(C)(C)C)=C3)=CC(C(C)(C)C)=C2)OCCCBr)C=C5C(C)(C)C
outer_cv,valid,3,3,13,,,63,Group 6/60.log,Group 6,Group 6,60.log,OC1=C(CC2=C(C(CC3=C(O)C(CC4=CC(C(C)(C)C)=CC(CC1=C5)=C4OCCCCBr)=CC(C(C)(C)C)=C3)=CC(C(C)(C)C)=C2)OCCCCBr)C=C5C(C)(C)C
outer_cv,valid,3,3,13,,,64,Group 6/61.log,Group 6,Group 6,61.log,OC1=C(SC2=C(C(SC3=C(O)C(SC4=CC([N+]([O-])=O)=CC(SC1=C5)=C4OCCCBr)=CC([N+]([O-])=O)=C3)=CC([N+]([O-])=O)=C2)OCCCBr)C=C5[N+]([O-])=O
outer_cv,valid,3,3,13,,,65,Group 6/62.log,Group 6,Group 6,62.log,CC(C1=CC2=C(OCCCBr)C(SC3=CC(C(C)(C)C)=CC(SC4=CC(C(C)(C)C)=CC(SC5=CC(C(C)(C)C)=CC(S2)=C5OCCCBr)=C4OCCCBr)=C3OCCCBr)=C1)(C)C
outer_cv,valid,3,3,13,,,66,Group 6/63.log,Group 6,Group 6,63.log,CC(C1=CC2=C(OCCCCBr)C(SC3=CC(C(C)(C)C)=CC(SC4=CC(C(C)(C)C)=CC(SC5=CC(C(C)(C)C)=CC(S2)=C5OCCCCBr)=C4OCCCCBr)=C3OCCCCBr)=C1)(C)C
outer_cv,valid,3,3,13,,,67,Group 6/64.log,Group 6,Group 6,64.log,CC(C1=CC2=C(OCCCCCBr)C(SC3=CC(C(C)(C)C)=CC(SC4=CC(C(C)(C)C)=CC(SC5=CC(C(C)(C)C)=CC(S2)=C5OCCCCCBr)=C4OCCCCCBr)=C3OCCCCCBr)=C1)(C)C
outer_cv,valid,3,3,13,,,68,Group 6/65.log,Group 6,Group 6,65.log,CC(C1=CC2=C(OCCCCCCBr)C(SC3=CC(C(C)(C)C)=CC(SC4=CC(C(C)(C)C)=CC(SC5=CC(C(C)(C)C)=CC(S2)=C5OCCCCCCBr)=C4OCCCCCCBr)=C3OCCCCCCBr)=C1)(C)C
outer_cv,valid,3,3,13,,,69,Group 6/66.log,Group 6,Group 6,66.log,CC(C1=CC2=C(OCCCCCCCCCCCC)C(SC3=CC(C(C)(C)C)=CC(SC4=CC(C(C)(C)C)=CC(SC5=CC(C(C)(C)C)=CC(S2)=C5OCCCBr)=C4OCCCCCCCCCCCC)=C3OCCCBr)=C1)(C)C
outer_cv,valid,3,3,13,,,70,Group 6/67.log,Group 6,Group 6,67.log,CC(C1=CC2=C(OCCCCCCOC3=C(SC4=CC(C(C)(C)C)=CC(S2)=C4OCCCCCCBr)C=C(C(C)(C)C)C=C3S5)C(SC6=CC(C(C)(C)C)=CC5=C6OCCCCCCBr)=C1)(C)C
outer_cv,valid,3,3,13,,,161,Group 13/158.log,Group 13,Group 13,158.log,CC(C1=CC2=C(OCCOCCO)C(SC3=CC(C(C)(C)C)=CC(SC4=CC(C(C)(C)C)=CC(SC5=CC(C(C)(C)C)=CC(S2)=C5OCCOCCO)=C4OCCOCCO)=C3OCCOCCO)=C1)(C)C
outer_cv,valid,3,3,13,,,162,Group 13/159.log,Group 13,Group 13,159.log,CC(C1=CC2=C(OCCOCCO)C(SC3=CC(C(C)(C)C)=CC(SC4=CC(C(C)(C)C)=CC(SC5=CC(C(C)(C)C)=CC(S2)=C5OCCBr)=C4OCCOCCO)=C3OCCBr)=C1)(C)C
outer_cv,valid,3,3,13,,,163,Group 13/160.log,Group 13,Group 13,160.log,OC1=C2C=C(C(C)(C)C)C=C1SC3=C(OCCOCCOC4=C(S2)C=C5C(C)(C)C)C(SC6=CC(C(C)(C)C)=CC(SC4=C5)=C6O)=CC(C(C)(C)C)=C3
outer_cv,valid,3,3,13,,,164,Group 13/161.log,Group 13,Group 13,161.log,OC1=C2C=C(C(C)(C)C)C=C1SC3=C(OCCOCCOCCOC4=C(S2)C=C5C(C)(C)C)C(SC6=CC(C(C)(C)C)=CC(SC4=C5)=C6O)=CC(C(C)(C)C)=C3
outer_cv,valid,3,3,13,,,165,Group 13/162.log,Group 13,Group 13,162.log,OC1=C2C=C(C(C)(C)C)C=C1SC3=C(OCCOCCOCCOCCOC4=C(S2)C=C5C(C)(C)C)C(SC6=CC(C(C)(C)C)=CC(SC4=C5)=C6O)=CC(C(C)(C)C)=C3.C
outer_cv,valid,3,3,13,,,166,Group 13/163.log,Group 13,Group 13,163.log,OC1=C2C=C(C(C)(C)C)C=C1SC3=C(OCCOCCOCCOCCOCCOC4=C(S2)C=C5C(C)(C)C)C(SC6=CC(C(C)(C)C)=CC(SC4=C5)=C6O)=CC(C(C)(C)C)=C3.C
outer_cv,valid,3,3,13,,,167,Group 13/164.log,Group 13,Group 13,164.log,O=[N+](C1=CC(S2)=C3OCCOCCOCCOCCOC4=C5SC6=C(C2=CC([N+]([O-])=O)=C6)OCCOCCOCCOCCOC7=C(SC3=C1)C=C([N+]([O-])=O)C=C7SC4=CC([N+]([O-])=O)=C5)[O-]
outer_cv,valid,3,3,13,,,168,Group 13/165.log,Group 13,Group 13,165.log,CC(C1=CC2=C(OCCOCCOC3=C(SC4=CC(C(C)(C)C)=CC(S2)=C4OCCBr)C=C(C(C)(C)C)C=C3S5)C(SC6=CC(C(C)(C)C)=CC5=C6OCCBr)=C1)(C)C
outer_cv,valid,3,3,13,,,169,Group 13/166.log,Group 13,Group 13,166.log,CC(C1=CC2=C(OCCOCCOC3=C(SC4=CC(C(C)(C)C)=CC(S2)=C4OCCCBr)C=C(C(C)(C)C)C=C3S5)C(SC6=CC(C(C)(C)C)=CC5=C6OCCCBr)=C1)(C)C
outer_cv,valid,3,3,13,,,170,Group 13/167.log,Group 13,Group 13,167.log,CC(C1=CC2=C(OCCOCCOCCOC3=C(SC4=CC(C(C)(C)C)=CC(S2)=C4OCCBr)C=C(C(C)(C)C)C=C3S5)C(SC6=CC(C(C)(C)C)=CC5=C6OCCBr)=C1)(C)C
outer_cv,valid,3,3,13,,,171,Group 13/168.log,Group 13,Group 13,168.log,CC(C1=CC2=C(OCCOCCOCCOC3=C(SC4=CC(C(C)(C)C)=CC(S2)=C4OCCCBr)C=C(C(C)(C)C)C=C3S5)C(SC6=CC(C(C)(C)C)=CC5=C6OCCCBr)=C1)(C)C
outer_cv,valid,3,3,13,,,172,Group 13/169.log,Group 13,Group 13,169.log,CC(C1=CC2=C(OCCOCCOCCOCCOC3=C(SC4=CC(C(C)(C)C)=CC(S2)=C4OCCCBr)C=C(C(C)(C)C)C=C3S5)C(SC6=CC(C(C)(C)C)=CC5=C6OCCCBr)=C1)(C)C
outer_cv,valid,3,3,13,,,173,Group 13/170.log,Group 13,Group 13,170.log,CC(C1=CC2=C(OCCOCCOCCOCCOCCOC3=C(SC4=CC(C(C)(C)C)=CC(S2)=C4OCCBr)C=C(C(C)(C)C)C=C3S5)C(SC6=CC(C(C)(C)C)=CC5=C6OCCBr)=C1)(C)C
outer_cv,valid,3,3,13,,,174,Group 13/171.log,Group 13,Group 13,171.log,CC(C1=CC2=C(OCCOCCOCCOCCOCCOC3=C(SC4=CC(C(C)(C)C)=CC(S2)=C4OCCCBr)C=C(C(C)(C)C)C=C3S5)C(SC6=CC(C(C)(C)C)=CC5=C6OCCCBr)=C1)(C)C
outer_cv,valid,3,3,13,,,175,Group 13/172.log,Group 13,Group 13,172.log,CC(C1=CC2=C(OCCOCCOCCOCCOCCOCCOC3=C(SC4=CC(C(C)(C)C)=CC(S2)=C4OCCBr)C=C(C(C)(C)C)C=C3S5)C(SC6=CC(C(C)(C)C)=CC5=C6OCCBr)=C1)(C)C
outer_cv,valid,3,3,13,,,176,Group 13/173.log,Group 13,Group 13,173.log,CC(C1=CC2=C(OCCOCCOCCOCCOCCOCCOC3=C(SC4=CC(C(C)(C)C)=CC(S2)=C4OCCCBr)C=C(C(C)(C)C)C=C3S5)C(SC6=CC(C(C)(C)C)=CC5=C6OCCCBr)=C1)(C)C
outer_cv,valid,3,3,13,,,177,Group 13/174.log,Group 13,Group 13,174.log,CC(C)(C)C1=CC(SC(C=C2C(C)(C)C)=C3OCCOCCOCCOCCOCCOC(C(S4)=CC(C(C)(C)C)=C5)=C5SC6=C(C7=CC(C(C)(C)C)=C6)OCCCBr)=C(OCCCBr)C(SC8=C(OCCOCCOCCOCCOCCOC9=C(S7)C=C(C(C)(C)C)C=C9SC%10=C(OCCCBr)C4=CC(C(C)(C)C)=C%10)C(SC(C=C(C=C%11SC3=C2)C(C)(C)C)=C%11OCCCBr)=CC(C(C)(C)C)=C8)=C1
outer_cv,valid,3,3,13,,,178,Group 13/175.log,Group 13,Group 13,175.log,CC(C1=CC2=C(OCCOCCOCCOC3=C(SC4=CC(C(C)(C)C)=CC(S2)=C4OCCCCCCCCCCCC)C=C(C(C)(C)C)C=C3S5)C(SC6=CC(C(C)(C)C)=CC5=C6OCCCCCCCCCCCC)=C1)(C)C
outer_cv,valid,3,3,13,,,179,Group 13/176.log,Group 13,Group 13,176.log,CC(C1=CC2=C(OCCOCCOCCOCCOC3=C(SC4=CC(C(C)(C)C)=CC(S2)=C4OCCCCCCCCCCCC)C=C(C(C)(C)C)C=C3S5)C(SC6=CC(C(C)(C)C)=CC5=C6OCCCCCCCCCCCC)=C1)(C)C
outer_cv,valid,3,3,13,,,180,Group 13/177.log,Group 13,Group 13,177.log,CC(C1=CC2=C(OCCOCCOCCOCCOCCOC3=C(SC4=CC(C(C)(C)C)=CC(S2)=C4OCCCCCCCCCCCC)C=C(C(C)(C)C)C=C3S5)C(SC6=CC(C(C)(C)C)=CC5=C6OCCCCCCCCCCCC)=C1)(C)C
outer_cv,valid,3,3,13,,,181,Group 13/178.log,Group 13,Group 13,178.log,CC(C1=CC2=C(OCCOCCOCCOC3=C(SC4=CC(C(C)(C)C)=CC(S2)=C4OC)C=C(C(C)(C)C)C=C3S5)C(SC6=CC(C(C)(C)C)=CC5=C6OC)=C1)(C)C
outer_cv,valid,3,3,13,,,182,Group 13/179.log,Group 13,Group 13,179.log,CC(C1=CC2=C(OCCOCCOCCOCCOC3=C(SC4=CC(C(C)(C)C)=CC(S2)=C4OC)C=C(C(C)(C)C)C=C3S5)C(SC6=CC(C(C)(C)C)=CC5=C6OC)=C1)(C)C
outer_cv,valid,3,3,13,,,183,Group 13/180.log,Group 13,Group 13,180.log,CC(C1=CC2=C(OCCOCCOCCOCCOCCOC3=C(SC4=CC(C(C)(C)C)=CC(S2)=C4OC)C=C(C(C)(C)C)C=C3S5)C(SC6=CC(C(C)(C)C)=CC5=C6OC)=C1)(C)C
outer_cv,valid,3,3,13,,,211,Group 16/208.log,Group 16,Group 16,208.log,OC1=C(SC2=C(C(SC3=C(O)C(SC4=CC(C(C)(C)C)=CC(SC1=C5)=C4OCCN6C(C(C=CC=C7)=C7C6=O)=O)=CC(C(C)(C)C)=C3)=CC(C(C)(C)C)=C2)OCCN8C(C(C=CC=C9)=C9C8=O)=O)C=C5C(C)(C)C
outer_cv,valid,3,3,13,,,212,Group 16/209.log,Group 16,Group 16,209.log,OC1=C(SC2=C(C(SC3=C(O)C(SC4=CC(C(C)(C)C)=CC(SC1=C5)=C4OCCCN6C(C(C=CC=C7)=C7C6=O)=O)=CC(C(C)(C)C)=C3)=CC(C(C)(C)C)=C2)OCCCN8C(C(C=CC=C9)=C9C8=O)=O)C=C5C(C)(C)C
outer_cv,valid,3,3,13,,,213,Group 16/210.log,Group 16,Group 16,210.log,OC1=C(CC2=C(C(CC3=C(O)C(CC4=CC(C(C)(C)C)=CC(CC1=C5)=C4OCC(N6CCOCC6)=O)=CC(C(C)(C)C)=C3)=CC(C(C)(C)C)=C2)OCC(N7CCOCC7)=O)C=C5C(C)(C)C
outer_cv,valid,3,3,13,,,214,Group 16/211.log,Group 16,Group 16,211.log,CC(C1=CC2=C(OCCOCCOCCOCCOCCOC3=C(SC4=CC(C(C)(C)C)=CC(S2)=C4OCCN5C(C(C=CC=C6)C6C5=O)=O)C=C(C(C)(C)C)C=C3S7)C(SC8=CC(C(C)(C)C)=CC7=C8OCCN9C(C(C=CC=C%10)C%10C9=O)=O)=C1)(C)C
outer_cv,valid,3,3,13,,,215,Group 16/212.log,Group 16,Group 16,212.log,CC(C1=CC2=C(OCCOCCOCCOCCOCCOC3=C(SC4=CC(C(C)(C)C)=CC(S2)=C4OCCCN5C(C(C=CC=C6)=C6C5=O)=O)C=C(C(C)(C)C)C=C3S7)C(SC8=CC(C(C)(C)C)=CC7=C8OCCCN9C(C(C=CC=C%10)=C%10C9=O)=O)=C1)(C)C
outer_cv,valid,3,3,13,,,216,Group 16/213.log,Group 16,Group 16,213.log,OC1=C(CC2=C(C(CC3=C(O)C(CC4=CC(C(C)(C)C)=CC(CC1=C5)=C4OCC(N6CCOCCOCCOCC6)=O)=CC(C(C)(C)C)=C3)=CC(C(C)(C)C)=C2)OCC(N7CCOCCOCCOCC7)=O)C=C5C(C)(C)C
outer_cv,valid,3,3,13,,,217,Group 16/214.log,Group 16,Group 16,214.log,OC1=C(CC2=C(C(CC3=C(O)C(CC4=CC(C(C)(C)C)=CC(CC1=C5)=C4OCC(N6CCOCCOCCOCCOCC6)=O)=CC(C(C)(C)C)=C3)=CC(C(C)(C)C)=C2)OCC(N7CCOCCOCCOCCOCC7)=O)C=C5C(C)(C)C
outer_cv,valid,3,3,13,,,218,Group 16/215.log,Group 16,Group 16,215.log,OC1=C(CC2=C(C(CC3=C(O)C(CC4=CC(C(C)(C)C)=CC(CC1=C5)=C4OCC(N6CCOCCOCCOCCOCCOCC6)=O)=CC(C(C)(C)C)=C3)=CC(C(C)(C)C)=C2)OCC(N7CCOCCOCCOCCOCCOCC7)=O)C=C5C(C)(C)C
outer_cv,valid,3,3,13,,,219,Group 16/216.log,Group 16,Group 16,216.log,OC1=C(CC2=CC(C(C)(C)C)=CC(CC(C=C3C(C)(C)C)=C4OCC(N5CCOCCOCCOCC5)=O)=C2OCC(N6CCOCCOCCOCC6)=O)C=C(C(C)(C)C)C=C1CC7=CC(C(C)(C)C)=CC(CC4=C3)=C7OCC(N8CCOCCOCCOCC8)=O
outer_cv,valid,3,3,13,,,220,Group 16/217.log,Group 16,Group 16,217.log,CC(C)(C)C1=CC(CC2=C3)=C(OCC(N4CCOCCOCCOCC4)=O)C(CC5=CC(C(C)(C)C)=CC(CC6=CC(C(C)(C)C)=CC(CC(C=C3C(C)(C)C)=C2OCC(N7CCOCCOCCOCC7)=O)=C6OCC(N8CCOCCOCCOCC8)=O)=C5OCC(N9CCOCCOCCOCC9)=O)=C1
outer_cv,train,3,4,14,,,11,Group 2/12.log,Group 2,Group 2,12.log,OC1=C(SC2=C(C(SC3=C(O)C(SC4=CC(C(C)(C)C)=CC(SC1=C5)=C4O[Si](C)(C(C)(C)C)C)=CC(C(C)(C)C)=C3)=CC(C(C)(C)C)=C2)O[Si](C)(C)C(C)(C)C)C=C5C(C)(C)C
outer_cv,train,3,4,14,,,12,Group 2/13.log,Group 2,Group 2,13.log,OC1=C(SC2=C(C(SC3=C(O)C(S4)=CC=C3)=CC=C2)O[Si](C)(C)C(C)(C)C)C=CC=C1SC5=C(O[Si](C)(C(C)(C)C)C)C4=CC=C5
outer_cv,train,3,4,14,,,13,Group 2/14.log,Group 2,Group 2,14.log,OC1=C(SC2=C(C(SC3=C(O)C(SC4=CC(Br)=CC(SC1=C5)=C4O[Si](C)(C(C)(C)C)C)=CC(Br)=C3)=CC(Br)=C2)O[Si](C)(C)C(C)(C)C)C=C5Br
outer_cv,train,3,4,14,,,14,Group 2/15.log,Group 2,Group 2,15.log,OC1=C(SC2=C(C(SC3=C(O)C(S4)=CC=C3)=CC=C2)OS(C(F)(F)F)(=O)=O)C=CC=C1SC5=C(OS(=O)(C(F)(F)F)=O)C4=CC=C5
outer_cv,train,3,4,14,,,26,Group 4/27.log,Group 4,Group 4,27.log,CC(C)(C)C1=CC(CC2=C3)=C(OCC#C)C(CC4=CC(C(C)(C)C)=CC(CC5=CC(C(C)(C)C)=CC(CC(C=C3C(C)(C)C)=C2OCC#C)=C5OCC#C)=C4OCC#C)=C1
outer_cv,train,3,4,14,,,27,Group 4/28.log,Group 4,Group 4,28.log,CC(C)(C1=CC(CC2=C(C(CC(C=C(C=C3C4)C(C)(C)C)=C3OCC#C)=CC(C(C)(C)C)=C2)OCC#C)=C(OCC#C)C(CC5=CC(C(C)(C)C)=CC4=C5OCC#C)=C1)C
outer_cv,train,3,4,14,,,28,Group 4/29.log,Group 4,Group 4,29.log,CC(C1=CC2=C(OCC#C)C(CC3=CC(C(C)(C)C)=CC(CC4=CC(C(C)(C)C)=CC(CC5=CC(C(C)(C)C)=CC(C2)=C5OCC#C)=C4OCC#C)=C3OCC#C)=C1)(C)C
outer_cv,train,3,4,14,,,29,Group 4/30.log,Group 4,Group 4,30.log,C#CCOC1=C2C=CC=C1CC3=CC=CC(CC4=CC=CC(CC(C=CC=C5C2)=C5OCC#C)=C4OCC#C)=C3OCC#C
outer_cv,train,3,4,14,,,30,Group 4/31.log,Group 4,Group 4,31.log,OC1=C(SC2=C(C(S3)=CC(C(C)(C)C)=C2)OCCC#CC#CCCOC4=C(SC1=C5)C=C(C(C)(C)C)C=C4SC6=CC(C(C)(C)C)=CC3=C6O)C=C5C(C)(C)C
outer_cv,train,3,4,14,,,31,Group 4/32.log,Group 4,Group 4,32.log,OC1=C(CC2=C(C(CC3=C(O)C(CC4=CC(C(C)(C)C)=CC(CC1=C5)=C4OCC=C)=CC(C(C)(C)C)=C3)=CC(C(C)(C)C)=C2)OCC=C)C=C5C(C)(C)C
outer_cv,train,3,4,14,,,32,Group 4/33.log,Group 4,Group 4,33.log,OC1=C(CC2=C(C(CC3=C(O)C(C4)=CC=C3)=CC=C2)OCC=C)C=CC=C1CC5=C(OCC=C)C4=CC=C5
outer_cv,train,3,4,14,,,33,Group 4/34.log,Group 4,Group 4,34.log,OC1=C(SC2=C(C(SC3=C(O)C(SC4=CC(C(C)(C)C)=CC(SC1=C5)=C4OCC=C)=CC(C(C)(C)C)=C3)=CC(C(C)(C)C)=C2)OCC=C)C=C5C(C)(C)C
outer_cv,train,3,4,14,,,34,Group 4/35.log,Group 4,Group 4,35.log,CC(C1=CC2=C(OCC=C)C(SC3=CC(C(C)(C)C)=CC(SC4=CC(C(C)(C)C)=CC(SC5=CC(C(C)(C)C)=CC(S2)=C5OCC=C)=C4OCC=C)=C3OCC=C)=C1)(C)C
outer_cv,train,3,4,14,,,35,Group 4/36.log,Group 4,Group 4,36.log,CC(C1=CC2=C(OCC#C)C(SC3=CC(C(C)(C)C)=CC(SC4=CC(C(C)(C)C)=CC(SC5=CC(C(C)(C)C)=CC(S2)=C5OCC#C)=C4OCC#C)=C3OCC#C)=C1)(C)C
outer_cv,train,3,4,14,,,36,Group 4/36_iso.log,Group 4,Group 4,36_iso.log,CC(C)(C1=CC(SC2=C(C(SC(C=C(C=C3S4)C(C)(C)C)=C3OCC#C)=CC(C(C)(C)C)=C2)OCC#C)=C(OCC#C)C(SC5=CC(C(C)(C)C)=CC4=C5OCC#C)=C1)C
outer_cv,train,3,4,14,,,37,Group 4/37_iso.log,Group 4,Group 4,37_iso.log,C#CCOC1=C(SC2=CC=CC(S3)=C2OCC#C)C=CC=C1SC4=C(OCC#C)C(SC5=CC=CC3=C5OCC#C)=CC=C4
outer_cv,train,3,4,14,,,38,Group 4/37.log,Group 4,Group 4,37.log,C#CCOC1=C(S2)C=CC=C1SC(C=CC=C3SC4=C(OCC#C)C(SC5=CC=CC2=C5OCC#C)=CC=C4)=C3OCC#C
outer_cv,train,3,4,14,,,39,Group 4/38.log,Group 4,Group 4,38.log,BrC1=CC(SC2=CC(Br)=CC(SC3=C(OCC#C)C(SC4=CC(Br)=CC(SC5=C1)=C4OCC#C)=CC(Br)=C3)=C2OCC#C)=C5OCC#C
outer_cv,train,3,4,14,,,40,Group 4/38_iso.log,Group 4,Group 4,38_iso.log,BrC(C=C1S2)=CC(SC3=CC(Br)=CC(SC4=C(OCC#C)C(SC5=CC(Br)=CC2=C5OCC#C)=CC(Br)=C4)=C3OCC#C)=C1OCC#C
outer_cv,train,3,4,14,,,41,Group 4/39.log,Group 4,Group 4,39.log,OC1=C(SC2=C(C(SC3=C(O)C(SC4=CC(C(C)(C)C)=CC(SC1=C5)=C4OCC#C)=CC(C(C)(C)C)=C3)=CC(C(C)(C)C)=C2)OCC#C)C=C5C(C)(C)C
outer_cv,train,3,4,14,,,42,Group 4/39_iso.log,Group 4,Group 4,39_iso.log,OC(C(SC1=CC(C(C)(C)C)=CC(SC2=CC(C(C)(C)C)=CC(S3)=C2O)=C1OCC#C)=CC(C(C)(C)C)=C4)=C4SC5=C(C3=CC(C(C)(C)C)=C5)OCC#C
outer_cv,train,3,4,14,,,43,Group 4/40.log,Group 4,Group 4,40.log,CC(C)(C)C1=CC(CC2=C3)=C(OCCC#C)C(CC4=CC(C(C)(C)C)=CC(CC5=CC(C(C)(C)C)=CC(CC(C=C3C(C)(C)C)=C2OCCC#C)=C5OCCC#C)=C4OCCC#C)=C1
outer_cv,train,3,4,14,,,44,Group 4/41.log,Group 4,Group 4,41.log,CC(C)(C1=CC(CC2=C(C(CC(C=C(C=C3C4)C(C)(C)C)=C3OCCCC#C)=CC(C(C)(C)C)=C2)OCCCC#C)=C(OCCCC#C)C(CC5=CC(C(C)(C)C)=CC4=C5OCCCC#C)=C1)C
outer_cv,train,3,4,14,,,45,Group 4/42.log,Group 4,Group 4,42.log,CC(C1=CC2=C(OCCCC#C)C(CC3=CC(C(C)(C)C)=CC(CC4=CC(C(C)(C)C)=CC(CC5=CC(C(C)(C)C)=CC(C2)=C5OCCCC#C)=C4OCCCC#C)=C3OCCCC#C)=C1)(C)C
outer_cv,train,3,4,14,,,46,Group 4/43.log,Group 4,Group 4,43.log,CC(C)(C)C1=CC(CC2=C3)=C(OCCCCC#C)C(CC4=CC(C(C)(C)C)=CC(CC5=CC(C(C)(C)C)=CC(CC(C=C3C(C)(C)C)=C2OCCCCC#C)=C5OCCCCC#C)=C4OCCCCC#C)=C1
outer_cv,train,3,4,14,,,47,Group 4/44.log,Group 4,Group 4,44.log,CC(C1=CC2=C(OCCC#C)C(SC3=CC(C(C)(C)C)=CC(SC4=CC(C(C)(C)C)=CC5=C4OCCC#CC(C(C=C6S5)=CC(S2)=C6OCCC#C)(C)C)=C3OCCC#C)=C1)(C)C
outer_cv,train,3,4,14,,,48,Group 4/45.log,Group 4,Group 4,45.log,CC(C1=CC2=C(OCCCC#C)C(SC3=CC(C(C)(C)C)=CC(SC4=CC(C(C)(C)C)=CC(SC5=CC(C(C)(C)C)=CC(S2)=C5OCCCC#C)=C4OCCCC#C)=C3OCCCC#C)=C1)(C)C
outer_cv,train,3,4,14,,,49,Group 4/46.log,Group 4,Group 4,46.log,CC(C1=CC2=C(OCCCCC#C)C(SC3=CC(C(C)(C)C)=CC(SC4=CC(C(C)(C)C)=CC(SC5=CC(C(C)(C)C)=CC(S2)=C5OCCCCC#C)=C4OCCCCC#C)=C3OCCCCC#C)=C1)(C)C
outer_cv,train,3,4,14,,,50,Group 4/47.log,Group 4,Group 4,47.log,OC1=C(SC2=C(C(SC3=C(O)C(SC4=CC(C(C)(C)C)=CC(SC1=C5)=C4OCCC#C)=CC(C(C)(C)C)=C3)=CC(C(C)(C)C)=C2)OCCC#C)C=C5C(C)(C)C
outer_cv,train,3,4,14,,,51,Group 4/48.log,Group 4,Group 4,48.log,OC1=C(SC2=C(C(SC3=C(O)C(SC4=CC(C(C)(C)C)=CC(SC1=C5)=C4OCCCC#C)=CC(C(C)(C)C)=C3)=CC(C(C)(C)C)=C2)OCCCC#C)C=C5C(C)(C)C
outer_cv,train,3,4,14,,,52,Group 4/49.log,Group 4,Group 4,49.log,OC1=C(SC2=C(C(SC3=C(O)C(SC4=CC(C(C)(C)C)=CC(SC1=C5)=C4OCCCCC#C)=CC(C(C)(C)C)=C3)=CC(C(C)(C)C)=C2)OCCCCC#C)C=C5C(C)(C)C
outer_cv,train,3,4,14,,,53,Group 4/50.log,Group 4,Group 4,50.log,OC1=C(SC2=C(C(SC3=C(O)C(SC4=CC(C(C)(C)C)=CC(SC1=C5)=C4OCC#C)=CC(C(C)(C)C)=C3)=CC(C(C)(C)C)=C2)O)C=C5C(C)(C)C
outer_cv,train,3,4,14,,,54,Group 4/51.log,Group 4,Group 4,51.log,OC1=C(SC2=C(C(SC3=C(O)C(SC4=CC(C(C)(C)C)=CC(SC1=C5)=C4OCCC#C)=CC(C(C)(C)C)=C3)=CC(C(C)(C)C)=C2)O)C=C5C(C)(C)C
outer_cv,train,3,4,14,,,55,Group 4/52.log,Group 4,Group 4,52.log,OC1=C(SC2=C(C(SC3=C(O)C(SC4=CC(C(C)(C)C)=CC(SC1=C5)=C4OCCCC#C)=CC(C(C)(C)C)=C3)=CC(C(C)(C)C)=C2)O)C=C5C(C)(C)C
outer_cv,train,3,4,14,,,56,Group 4/53.log,Group 4,Group 4,53.log,OC1=C(SC2=C(C(SC3=C(O)C(SC4=CC(C(C)(C)C)=CC(SC1=C5)=C4OCCCCC#C)=CC(C(C)(C)C)=C3)=CC(C(C)(C)C)=C2)O)C=C5C(C)(C)C
outer_cv,train,3,4,14,,,57,Group 4/54.log,Group 4,Group 4,54.log,OC1=C(CC2=C(C(CC3=C(OCC#C)C(CC4=CC(C(C)(C)C)=CC(CC1=C5)=C4OCC#C)=CC(C(C)(C)C)=C3)=CC(C(C)(C)C)=C2)O)C=C5C(C)(C)C
outer_cv,train,3,4,14,,,61,Group 6/58.log,Group 6,Group 6,58.log,OC1=C(CC2=C(C(CC3=C(O)C(CC4=CC(C(C)(C)C)=CC(CC1=C5)=C4OCCBr)=CC(C(C)(C)C)=C3)=CC(C(C)(C)C)=C2)OCCBr)C=C5C(C)(C)C
outer_cv,train,3,4,14,,,62,Group 6/59.log,Group 6,Group 6,59.log,OC1=C(CC2=C(C(CC3=C(O)C(CC4=CC(C(C)(C)C)=CC(CC1=C5)=C4OCCCBr)=CC(C(C)(C)C)=C3)=CC(C(C)(C)C)=C2)OCCCBr)C=C5C(C)(C)C
outer_cv,train,3,4,14,,,63,Group 6/60.log,Group 6,Group 6,60.log,OC1=C(CC2=C(C(CC3=C(O)C(CC4=CC(C(C)(C)C)=CC(CC1=C5)=C4OCCCCBr)=CC(C(C)(C)C)=C3)=CC(C(C)(C)C)=C2)OCCCCBr)C=C5C(C)(C)C
outer_cv,train,3,4,14,,,64,Group 6/61.log,Group 6,Group 6,61.log,OC1=C(SC2=C(C(SC3=C(O)C(SC4=CC([N+]([O-])=O)=CC(SC1=C5)=C4OCCCBr)=CC([N+]([O-])=O)=C3)=CC([N+]([O-])=O)=C2)OCCCBr)C=C5[N+]([O-])=O
outer_cv,train,3,4,14,,,65,Group 6/62.log,Group 6,Group 6,62.log,CC(C1=CC2=C(OCCCBr)C(SC3=CC(C(C)(C)C)=CC(SC4=CC(C(C)(C)C)=CC(SC5=CC(C(C)(C)C)=CC(S2)=C5OCCCBr)=C4OCCCBr)=C3OCCCBr)=C1)(C)C
outer_cv,train,3,4,14,,,66,Group 6/63.log,Group 6,Group 6,63.log,CC(C1=CC2=C(OCCCCBr)C(SC3=CC(C(C)(C)C)=CC(SC4=CC(C(C)(C)C)=CC(SC5=CC(C(C)(C)C)=CC(S2)=C5OCCCCBr)=C4OCCCCBr)=C3OCCCCBr)=C1)(C)C
outer_cv,train,3,4,14,,,67,Group 6/64.log,Group 6,Group 6,64.log,CC(C1=CC2=C(OCCCCCBr)C(SC3=CC(C(C)(C)C)=CC(SC4=CC(C(C)(C)C)=CC(SC5=CC(C(C)(C)C)=CC(S2)=C5OCCCCCBr)=C4OCCCCCBr)=C3OCCCCCBr)=C1)(C)C
outer_cv,train,3,4,14,,,68,Group 6/65.log,Group 6,Group 6,65.log,CC(C1=CC2=C(OCCCCCCBr)C(SC3=CC(C(C)(C)C)=CC(SC4=CC(C(C)(C)C)=CC(SC5=CC(C(C)(C)C)=CC(S2)=C5OCCCCCCBr)=C4OCCCCCCBr)=C3OCCCCCCBr)=C1)(C)C
outer_cv,train,3,4,14,,,69,Group 6/66.log,Group 6,Group 6,66.log,CC(C1=CC2=C(OCCCCCCCCCCCC)C(SC3=CC(C(C)(C)C)=CC(SC4=CC(C(C)(C)C)=CC(SC5=CC(C(C)(C)C)=CC(S2)=C5OCCCBr)=C4OCCCCCCCCCCCC)=C3OCCCBr)=C1)(C)C
outer_cv,train,3,4,14,,,70,Group 6/67.log,Group 6,Group 6,67.log,CC(C1=CC2=C(OCCCCCCOC3=C(SC4=CC(C(C)(C)C)=CC(S2)=C4OCCCCCCBr)C=C(C(C)(C)C)C=C3S5)C(SC6=CC(C(C)(C)C)=CC5=C6OCCCCCCBr)=C1)(C)C
outer_cv,train,3,4,14,,,71,Group 7/68.log,Group 7,Group 7,68.log,OC1=C(CC2=C(C(CC3=C(O)C(CC4=CC(/N=N/C5=CC=C([N+]([O-])=O)C=C5)=CC(CC1=C6)=C4O)=CC(/N=N/C7=CC=C([N+]([O-])=O)C=C7)=C3)=CC(/N=N/C8=CC=C([N+]([O-])=O)C=C8)=C2)O)C=C6/N=N/C9=CC=C([N+]([O-])=O)C=C9
outer_cv,train,3,4,14,,,72,Group 7/69.log,Group 7,Group 7,69.log,OC1=C(SC2=C(C(SC3=C(O)C(SC4=CC(/N=N/C5=CC=C([N+]([O-])=O)C=C5)=CC(SC1=C6)=C4O)=CC(/N=N/C7=CC=C([N+]([O-])=O)C=C7)=C3)=CC(/N=N/C8=CC=C([N+]([O-])=O)C=C8)=C2)O)C=C6/N=N/C9=CC=C([N+]([O-])=O)C=C9
outer_cv,train,3,4,14,,,73,Group 7/70.log,Group 7,Group 7,70.log,OC1=C(SC2=C(C(SC3=C(O)C(SC4=CC(/N=N/C5=CC=C([N+]([O-])=O)C=C5)=CC(SC1=C6)=C4OCCCBr)=CC(/N=N/C7=CC=C([N+]([O-])=O)C=C7)=C3)=CC(/N=N/C8=CC=C([N+]([O-])=O)C=C8)=C2)OCCCBr)C=C6/N=N/C9=CC=C([N+]([O-])=O)C=C9
outer_cv,train,3,4,14,,,74,Group 7/71.log,Group 7,Group 7,71.log,OC1=C(SC2=C(C(SC3=C(O)C(SC4=CC(C(C)(C)C)=CC(SC1=C5)=C4OCCCOC6=CC=C(/N=N/C7=CC=C([N+]([O-])=O)C=C7)C=C6)=CC(C(C)(C)C)=C3)=CC(C(C)(C)C)=C2)OCCCOC8=CC=C(/N=N/C9=CC=C([N+]([O-])=O)C=C9)C=C8)C=C5C(C)(C)C
outer_cv,train,3,4,14,,,75,Group 7/72.log,Group 7,Group 7,72.log,OC(C=C1)=CC=C1/N=N/C2=CC=C([N+]([O-])=O)C=C2
outer_cv,train,3,4,14,,,76,Group 7/73.log,Group 7,Group 7,73.log,OCCCOC(C=C1)=CC=C1/N=N/C2=CC=C([N+]([O-])=O)C=C2
outer_cv,train,3,4,14,,,77,Group 7/74.log,Group 7,Group 7,74.log,CCCCCCCCOC(C=C1)=CC=C1/N=N/C2=CC=C([N+]([O-])=O)C=C2
outer_cv,train,3,4,14,,,78,Group 7/75.log,Group 7,Group 7,75.log,OCCN(CC)C(C=C1)=CC=C1/N=N/C2=CC=C([N+]([O-])=O)C=C2
outer_cv,train,3,4,14,,,79,Group 8/76.log,Group 8,Group 8,76.log,OC1=C(SC2=C(C(SC3=C(O)C(SC4=CC(C(C)(C)C)=CC(SC1=C5)=C4OCCN)=CC(C(C)(C)C)=C3)=CC(C(C)(C)C)=C2)OCCN)C=C5C(C)(C)C
outer_cv,train,3,4,14,,,80,Group 8/77.log,Group 8,Group 8,77.log,OC1=C(SC2=C(C(SC3=C(O)C(SC4=CC(C(C)(C)C)=CC(SC1=C5)=C4OCCCN)=CC(C(C)(C)C)=C3)=CC(C(C)(C)C)=C2)OCCCN)C=C5C(C)(C)C
outer_cv,train,3,4,14,,,81,Group 8/78.log,Group 8,Group 8,78.log,OC1=C(SC2=C(C(SC3=C(O)C(SC4=CC(C(C)(C)C)=CC(SC1=C5)=C4OCCN)=CC(C(C)(C)C)=C3)=CC(C(C)(C)C)=C2)O)C=C5C(C)(C)C
outer_cv,train,3,4,14,,,82,Group 8/79.log,Group 8,Group 8,79.log,OC1=C(SC2=C(C(SC3=C(O)C(SC4=CC(C(C)(C)C)=CC(SC1=C5)=C4OCCCN)=CC(C(C)(C)C)=C3)=CC(C(C)(C)C)=C2)O)C=C5C(C)(C)C
outer_cv,train,3,4,14,,,83,Group 8/80.log,Group 8,Group 8,80.log,OC1=C(SC2=C(C(SC3=C(O)C(SC4=CC(C(C)(C)C)=CC(SC1=C5)=C4OCCN(CC)CC6=CC=CC=C6)=CC(C(C)(C)C)=C3)=CC(C(C)(C)C)=C2)OCCN(CC)CC7=CC=CC=C7)C=C5C(C)(C)C
outer_cv,train,3,4,14,,,84,Group 8/81.log,Group 8,Group 8,81.log,CC(C1=CC2=C(OCCCCCCCCCCCC)C(SC3=CC(C(C)(C)C)=CC(SC4=CC(C(C)(C)C)=CC(SC5=CC(C(C)(C)C)=CC(S2)=C5OCCN)=C4OCCCCCCCCCCCC)=C3OCCN)=C1)(C)C
outer_cv,train,3,4,14,,,85,Group 8/82.log,Group 8,Group 8,82.log,CC(C1=CC2=C(OCCCCCCCCCCCC)C(SC3=CC(C(C)(C)C)=CC(SC4=CC(C(C)(C)C)=CC(SC5=CC(C(C)(C)C)=CC(S2)=C5OCCCN)=C4OCCCCCCCCCCCC)=C3OCCCN)=C1)(C)C
outer_cv,train,3,4,14,,,86,Group 8/83.log,Group 8,Group 8,83.log,CC(C1=CC2=C(OCCCCCCCCCCCC)C(SC3=CC(C(C)(C)C)=CC(SC4=CC(C(C)(C)C)=CC(SC5=CC(C(C)(C)C)=CC(S2)=C5OCCCN=[N+]=[N-])=C4OCCCCCCCCCCCC)=C3OCCCN=[N+]=[N-])=C1)(C)C
outer_cv,train,3,4,14,,,87,Group 8/84.log,Group 8,Group 8,84.log,CC(C1=CC2=C(OCCN=[N+]=[N-])C(SC3=CC(C(C)(C)C)=CC(SC4=CC(C(C)(C)C)=CC(SC5=CC(C(C)(C)C)=CC(S2)=C5OCCN=[N+]=[N-])=C4OCCN=[N+]=[N-])=C3OCCN=[N+]=[N-])=C1)(C)C
outer_cv,train,3,4,14,,,88,Group 8/85.log,Group 8,Group 8,85.log,CC(C1=CC2=C(OCCCN=[N+]=[N-])C(SC3=CC(C(C)(C)C)=CC(SC4=CC(C(C)(C)C)=CC(SC5=CC(C(C)(C)C)=CC(S2)=C5OCCCN=[N+]=[N-])=C4OCCCN=[N+]=[N-])=C3OCCCN=[N+]=[N-])=C1)(C)C
outer_cv,train,3,4,14,,,89,Group 8/86.log,Group 8,Group 8,86.log,CC(C1=CC2=C(OCCCCN=[N+]=[N-])C(SC3=CC(C(C)(C)C)=CC(SC4=CC(C(C)(C)C)=CC(SC5=CC(C(C)(C)C)=CC(S2)=C5OCCCCN=[N+]=[N-])=C4OCCCCN=[N+]=[N-])=C3OCCCCN=[N+]=[N-])=C1)(C)C
outer_cv,train,3,4,14,,,90,Group 8/87.log,Group 8,Group 8,87.log,CC(C1=CC2=C(OCCCCCN=[N+]=[N-])C(SC3=CC(C(C)(C)C)=CC(SC4=CC(C(C)(C)C)=CC(SC5=CC(C(C)(C)C)=CC(S2)=C5OCCCCCN=[N+]=[N-])=C4OCCCCCN=[N+]=[N-])=C3OCCCCCN=[N+]=[N-])=C1)(C)C
outer_cv,train,3,4,14,,,91,Group 8/88.log,Group 8,Group 8,88.log,OC1=C(SC2=C(C(SC3=C(O)C(SC4=CC(C(C)(C)C)=CC(SC1=C5)=C4OCCN=[N+]=[N-])=CC(C(C)(C)C)=C3)=CC(C(C)(C)C)=C2)OCCN=[N+]=[N-])C=C5C(C)(C)C
outer_cv,train,3,4,14,,,92,Group 8/89.log,Group 8,Group 8,89.log,OC1=C(SC2=C(C(SC3=C(O)C(SC4=CC(C(C)(C)C)=CC(SC1=C5)=C4OCCN=[N+]=[N-])=CC(C(C)(C)C)=C3)=CC(C(C)(C)C)=C2)O)C=C5C(C)(C)C
outer_cv,train,3,4,14,,,93,Group 8/90.log,Group 8,Group 8,90.log,OC1=C(SC2=C(C(SC3=C(O)C(SC4=CC(C(C)(C)C)=CC(SC1=C5)=C4OCCCN=[N+]=[N-])=CC(C(C)(C)C)=C3)=CC(C(C)(C)C)=C2)O)C=C5C(C)(C)C
outer_cv,train,3,4,14,,,127,Group 11/124.log,Group 11,Group 11,124.log,CC(C1=CC2=C(OCC3=CN(CCOC(C(SC(C=C4C(C)(C)C)=C5O)=C6)=C(C=C6C(C)(C)C)SC7=C(O)C(SC(C=C(C=C8SC5=C4)C(C)(C)C)=C8O)=CC(C(C)(C)C)=C7)N=N3)C(SC9=CC(C(C)(C)C)=CC(SC%10=CC(C(C)(C)C)=CC(SC%11=CC(C(C)(C)C)=CC(S2)=C%11OCC%12=CN(CCOC%13=C(SC%14=C%15)C=C(C(C)(C)C)C=C%13SC%16=CC(C(C)(C)C)=CC(SC%17=CC(C(C)(C)C)=CC(SC(C=C%15C(C)(C)C)=C%14O)=C%17O)=C%16O)N=N%12)=C%10OCC%18=CN(CCOC%19=C(C=C(C=C%19SC%20=C%21)C(C)(C)C)SC%22=CC(C(C)(C)C)=CC(SC%23=C(O)C(SC(C=C%21C(C)(C)C)=C%20O)=CC(C(C)(C)C)=C%23)=C%22O)N=N%18)=C9OCC%24=CN(CCOC%25=C(SC(C=C%26C(C)(C)C)=C%27O)C=C(C(C)(C)C)C=C%25SC%28=C(O)C(SC%29=CC(C(C)(C)C)=CC(SC%27=C%26)=C%29O)=CC(C(C)(C)C)=C%28)N=N%24)=C1)(C)C
outer_cv,train,3,4,14,,,128,Group 11/125.log,Group 11,Group 11,125.log,CC(C1=CC2=C(OCC3=CN(CCCOC(C(SC(C=C4C(C)(C)C)=C5O)=C6)=C(C=C6C(C)(C)C)SC7=C(O)C(SC(C=C(C=C8SC5=C4)C(C)(C)C)=C8O)=CC(C(C)(C)C)=C7)N=N3)C(SC9=CC(C(C)(C)C)=CC(SC%10=CC(C(C)(C)C)=CC(SC%11=CC(C(C)(C)C)=CC(S2)=C%11OCC%12=CN(CCCOC%13=C(SC%14=C%15)C=C(C(C)(C)C)C=C%13SC%16=CC(C(C)(C)C)=CC(SC%17=CC(C(C)(C)C)=CC(SC(C=C%15C(C)(C)C)=C%14O)=C%17O)=C%16O)N=N%12)=C%10OCC%18=CN(CCCOC%19=C(C=C(C=C%19SC%20=C%21)C(C)(C)C)SC%22=CC(C(C)(C)C)=CC(SC%23=C(O)C(SC(C=C%21C(C)(C)C)=C%20O)=CC(C(C)(C)C)=C%23)=C%22O)N=N%18)=C9OCC%24=CN(CCCOC%25=C(SC(C=C%26C(C)(C)C)=C%27O)C=C(C(C)(C)C)C=C%25SC%28=C(O)C(SC%29=CC(C(C)(C)C)=CC(SC%27=C%26)=C%29O)=CC(C(C)(C)C)=C%28)N=N%24)=C1)(C)C
outer_cv,train,3,4,14,,,129,Group 11/126.log,Group 11,Group 11,126.log,CC(C1=CC(SC2=C(O)C(SC(C=C(C=C3SC4=C5)C(C)(C)C)=C3O)=CC(C(C)(C)C)=C2)=C(OCCN6N=NC(CCOC(C(SC7=CC(C(C)(C)C)=CC(SC8=CC(C(C)(C)C)=CC(S9)=C8OCCC%10=CN(CCOC%11=C(C=C(C=C%11SC%12=C%13)C(C)(C)C)SC%14=CC(C(C)(C)C)=CC(SC%15=C(O)C(SC(C=C%13C(C)(C)C)=C%12O)=CC(C(C)(C)C)=C%15)=C%14O)N=N%10)=C7OCCC%16=CN(CCOC%17=C(SC(C=C%18C(C)(C)C)=C%19O)C=C(C(C)(C)C)C=C%17SC%20=C(O)C(SC%21=CC(C(C)(C)C)=CC(SC%19=C%18)=C%21O)=CC(C(C)(C)C)=C%20)N=N%16)=CC(C(C)(C)C)=C%22)=C%22SC%23=C(C9=CC(C(C)(C)C)=C%23)OCCC%24=CN(CCOC%25=C(SC%26=C%27)C=C(C(C)(C)C)C=C%25SC%28=CC(C(C)(C)C)=CC(SC%29=CC(C(C)(C)C)=CC(SC(C=C%27C(C)(C)C)=C%26O)=C%29O)=C%28O)N=N%24)=C6)C(SC(C=C5C(C)(C)C)=C4O)=C1)(C)C
outer_cv,train,3,4,14,,,130,Group 11/127.log,Group 11,Group 11,127.log,OC1=C(SC2=C3)C=C(C(C)(C)C)C=C1SC4=CC(C(C)(C)C)=CC(SC5=CC(C(C)(C)C)=CC(SC(C=C3C(C)(C)C)=C2O)=C5OCCCN(N=N6)C=C6CCOC7=C(SC8=CC(C(C)(C)C)=CC(SC9=CC(C(C)(C)C)=CC(S%10)=C9OCCC%11=CN(CCCOC%12=C(SC%13=C%14)C=C(C(C)(C)C)C=C%12SC%15=CC(C(C)(C)C)=CC(SC%16=CC(C(C)(C)C)=CC(SC(C=C%14C(C)(C)C)=C%13O)=C%16O)=C%15O)N=N%11)=C8OCCC%17=CN(CCCOC%18=C(C=C(C=C%18SC%19=C%20)C(C)(C)C)SC%21=CC(C(C)(C)C)=CC(SC%22=C(O)C(SC(C=C%20C(C)(C)C)=C%19O)=CC(C(C)(C)C)=C%22)=C%21O)N=N%17)C=C(C(C)(C)C)C=C7SC%23=CC(C(C)(C)C)=CC%10=C%23OCCC%24=CN(CCCOC%25=C(C=C%26C(C)(C)C)SC%27=C(O)C(SC%28=C(O)C(SC%29=CC(C(C)(C)C)=CC(SC%25=C%26)=C%29O)=CC(C(C)(C)C)=C%28)=CC(C(C)(C)C)=C%27)N=N%24)=C4O
outer_cv,train,3,4,14,,,131,Group 11/128.log,Group 11,Group 11,128.log,CC(C1=CC2=C(OCCCC3=CN(CCOC4=C(C=C5C(C)(C)C)SC6=C(O)C(SC7=C(O)C(SC8=CC(C(C)(C)C)=CC(SC4=C5)=C8O)=CC(C(C)(C)C)=C7)=CC(C(C)(C)C)=C6)N=N3)C(SC9=CC(C(C)(C)C)=CC(SC%10=CC(C(C)(C)C)=CC(SC%11=CC(C(C)(C)C)=CC(S2)=C%11OCCCC%12=CN(CCOC%13=C(SC%14=C%15)C=C(C(C)(C)C)C=C%13SC%16=CC(C(C)(C)C)=CC(SC%17=CC(C(C)(C)C)=CC(SC(C=C%15C(C)(C)C)=C%14O)=C%17O)=C%16O)N=N%12)=C%10OCCCC%18=CN(CCOC%19=C(C=C(C=C%19SC%20=C%21)C(C)(C)C)SC%22=CC(C(C)(C)C)=CC(SC%23=C(O)C(SC(C=C%21C(C)(C)C)=C%20O)=CC(C(C)(C)C)=C%23)=C%22O)N=N%18)=C9OCCCC%24=CN(CCOC%25=C(SC(C=C%26C(C)(C)C)=C%27O)C=C(C(C)(C)C)C=C%25SC%28=C(O)C(SC%29=CC(C(C)(C)C)=CC(SC%27=C%26)=C%29O)=CC(C(C)(C)C)=C%28)N=N%24)=C1)(C)C
outer_cv,train,3,4,14,,,132,Group 11/129.log,Group 11,Group 11,129.log,CC(C1=CC2=C(OCCCC3=CN(CCCOC4=C(C=C5C(C)(C)C)SC6=C(O)C(SC7=C(O)C(SC8=CC(C(C)(C)C)=CC(SC4=C5)=C8O)=CC(C(C)(C)C)=C7)=CC(C(C)(C)C)=C6)N=N3)C(SC9=CC(C(C)(C)C)=CC(SC%10=CC(C(C)(C)C)=CC(SC%11=CC(C(C)(C)C)=CC(S2)=C%11OCCCC%12=CN(CCCOC%13=C(SC%14=C%15)C=C(C(C)(C)C)C=C%13SC%16=CC(C(C)(C)C)=CC(SC%17=CC(C(C)(C)C)=CC(SC(C=C%15C(C)(C)C)=C%14O)=C%17O)=C%16O)N=N%12)=C%10OCCCC%18=CN(CCCOC%19=C(C=C(C=C%19SC%20=C%21)C(C)(C)C)SC%22=CC(C(C)(C)C)=CC(SC%23=C(O)C(SC(C=C%21C(C)(C)C)=C%20O)=CC(C(C)(C)C)=C%23)=C%22O)N=N%18)=C9OCCCC%24=CN(CCCOC%25=C(SC(C=C%26C(C)(C)C)=C%27O)C=C(C(C)(C)C)C=C%25SC%28=C(O)C(SC%29=CC(C(C)(C)C)=CC(SC%27=C%26)=C%29O)=CC(C(C)(C)C)=C%28)N=N%24)=C1)(C)C
outer_cv,train,3,4,14,,,133,Group 11/130.log,Group 11,Group 11,130.log,CC(C1=CC2=C(OCCCCC3=CN(CCOC(C(SC(C=C4C(C)(C)C)=C5O)=C6)=C(C=C6C(C)(C)C)SC7=C(O)C(SC(C=C(C=C8SC5=C4)C(C)(C)C)=C8O)=CC(C(C)(C)C)=C7)N=N3)C(SC9=CC(C(C)(C)C)=CC(SC%10=CC(C(C)(C)C)=CC(SC%11=CC(C(C)(C)C)=CC(S2)=C%11OCCCCC%12=CN(CCOC%13=C(SC%14=C%15)C=C(C(C)(C)C)C=C%13SC%16=CC(C(C)(C)C)=CC(SC%17=CC(C(C)(C)C)=CC(SC(C=C%15C(C)(C)C)=C%14O)=C%17O)=C%16O)N=N%12)=C%10OCCCCC%18=CN(CCOC%19=C(C=C(C=C%19SC%20=C%21)C(C)(C)C)SC%22=CC(C(C)(C)C)=CC(SC%23=C(O)C(SC(C=C%21C(C)(C)C)=C%20O)=CC(C(C)(C)C)=C%23)=C%22O)N=N%18)=C9OCCCCC%24=CN(CCOC%25=C(SC(C=C%26C(C)(C)C)=C%27O)C=C(C(C)(C)C)C=C%25SC%28=C(O)C(SC%29=CC(C(C)(C)C)=CC(SC%27=C%26)=C%29O)=CC(C(C)(C)C)=C%28)N=N%24)=C1)(C)C
outer_cv,train,3,4,14,,,134,Group 11/131.log,Group 11,Group 11,131.log,CC(C1=CC2=C(OCCCCC3=CN(CCCOC(C(SC(C=C4C(C)(C)C)=C5O)=C6)=C(C=C6C(C)(C)C)SC7=C(O)C(SC(C=C(C=C8SC5=C4)C(C)(C)C)=C8O)=CC(C(C)(C)C)=C7)N=N3)C(SC9=CC(C(C)(C)C)=CC(SC%10=CC(C(C)(C)C)=CC(SC%11=CC(C(C)(C)C)=CC(S2)=C%11OCCCCC%12=CN(CCCOC%13=C(SC%14=C%15)C=C(C(C)(C)C)C=C%13SC%16=CC(C(C)(C)C)=CC(SC%17=CC(C(C)(C)C)=CC(SC(C=C%15C(C)(C)C)=C%14O)=C%17O)=C%16O)N=N%12)=C%10OCCCCC%18=CN(CCCOC%19=C(C=C(C=C%19SC%20=C%21)C(C)(C)C)SC%22=CC(C(C)(C)C)=CC(SC%23=C(O)C(SC(C=C%21C(C)(C)C)=C%20O)=CC(C(C)(C)C)=C%23)=C%22O)N=N%18)=C9OCCCCC%24=CN(CCCOC%25=C(SC(C=C%26C(C)(C)C)=C%27O)C=C(C(C)(C)C)C=C%25SC%28=C(O)C(SC%29=CC(C(C)(C)C)=CC(SC%27=C%26)=C%29O)=CC(C(C)(C)C)=C%28)N=N%24)=C1)(C)C
outer_cv,train,3,4,14,,,135,Group 11/132.log,Group 11,Group 11,132.log,CC(C1=CC(SC2=C(O)C(SC(C=C(C=C3SC4=C5)C(C)(C)C)=C3O)=CC(C(C)(C)C)=C2)=C(OCC6=CN(N=N6)CCOC(C(SC7=CC(C(C)(C)C)=CC(SC8=CC(C(C)(C)C)=CC(S9)=C8OCCN%10C=C(COC%11=C(C=C(C=C%11SC%12=C%13)C(C)(C)C)SC%14=CC(C(C)(C)C)=CC(SC%15=C(O)C(SC(C=C%13C(C)(C)C)=C%12O)=CC(C(C)(C)C)=C%15)=C%14O)N=N%10)=C7OCCN%16C=C(COC%17=C(SC(C=C%18C(C)(C)C)=C%19O)C=C(C(C)(C)C)C=C%17SC%20=C(O)C(SC%21=CC(C(C)(C)C)=CC(SC%19=C%18)=C%21O)=CC(C(C)(C)C)=C%20)N=N%16)=CC(C(C)(C)C)=C%22)=C%22SC%23=C(C9=CC(C(C)(C)C)=C%23)OCCN%24N=NC(COC%25=C(SC%26=C%27)C=C(C(C)(C)C)C=C%25SC%28=CC(C(C)(C)C)=CC(SC%29=CC(C(C)(C)C)=CC(SC(C=C%27C(C)(C)C)=C%26O)=C%29O)=C%28O)=C%24)C(SC(C=C5C(C)(C)C)=C4O)=C1)(C)C
outer_cv,train,3,4,14,,,136,Group 11/133.log,Group 11,Group 11,133.log,CC(C1=CC(SC2=C(O)C(SC(C=C(C=C3SC4=C5)C(C)(C)C)=C3O)=CC(C(C)(C)C)=C2)=C(OCCC6=CN(N=N6)CCOC(C(SC7=CC(C(C)(C)C)=CC(SC8=CC(C(C)(C)C)=CC(S9)=C8OCCN%10C=C(CCOC%11=C(C=C(C=C%11SC%12=C%13)C(C)(C)C)SC%14=CC(C(C)(C)C)=CC(SC%15=C(O)C(SC(C=C%13C(C)(C)C)=C%12O)=CC(C(C)(C)C)=C%15)=C%14O)N=N%10)=C7OCCN%16C=C(CCOC%17=C(SC(C=C%18C(C)(C)C)=C%19O)C=C(C(C)(C)C)C=C%17SC%20=C(O)C(SC%21=CC(C(C)(C)C)=CC(SC%19=C%18)=C%21O)=CC(C(C)(C)C)=C%20)N=N%16)=CC(C(C)(C)C)=C%22)=C%22SC%23=C(C9=CC(C(C)(C)C)=C%23)OCCN%24N=NC(CCOC%25=C(SC%26=C%27)C=C(C(C)(C)C)C=C%25SC%28=CC(C(C)(C)C)=CC(SC%29=CC(C(C)(C)C)=CC(SC(C=C%27C(C)(C)C)=C%26O)=C%29O)=C%28O)=C%24)C(SC(C=C5C(C)(C)C)=C4O)=C1)(C)C
outer_cv,train,3,4,14,,,137,Group 11/134.log,Group 11,Group 11,134.log,OC1=C(SC2=C3)C=C(C(C)(C)C)C=C1SC4=CC(C(C)(C)C)=CC(SC5=CC(C(C)(C)C)=CC(SC(C=C3C(C)(C)C)=C2O)=C5OCCCC(N=N6)=CN6CCOC7=C(SC8=CC(C(C)(C)C)=CC(SC9=CC(C(C)(C)C)=CC(S%10)=C9OCCN%11N=NC(CCCOC%12=C(SC%13=C%14)C=C(C(C)(C)C)C=C%12SC%15=CC(C(C)(C)C)=CC(SC%16=CC(C(C)(C)C)=CC(SC(C=C%14C(C)(C)C)=C%13O)=C%16O)=C%15O)=C%11)=C8OCCN%17C=C(CCCOC%18=C(C=C(C=C%18SC%19=C%20)C(C)(C)C)SC%21=CC(C(C)(C)C)=CC(SC%22=C(O)C(SC(C=C%20C(C)(C)C)=C%19O)=CC(C(C)(C)C)=C%22)=C%21O)N=N%17)C=C(C(C)(C)C)C=C7SC%23=CC(C(C)(C)C)=CC%10=C%23OCCN%24N=NC(CCCOC%25=C(C=C%26C(C)(C)C)SC%27=C(O)C(SC%28=C(O)C(SC%29=CC(C(C)(C)C)=CC(SC%25=C%26)=C%29O)=CC(C(C)(C)C)=C%28)=CC(C(C)(C)C)=C%27)=C%24)=C4O
outer_cv,train,3,4,14,,,138,Group 11/135.log,Group 11,Group 11,135.log,OC1=C(SC2=C3)C=C(C(C)(C)C)C=C1SC4=CC(C(C)(C)C)=CC(SC5=CC(C(C)(C)C)=CC(SC(C=C3C(C)(C)C)=C2O)=C5OCCCCC(N=N6)=CN6CCOC7=C(SC8=CC(C(C)(C)C)=CC(SC9=CC(C(C)(C)C)=CC(S%10)=C9OCCN%11N=NC(CCCCOC%12=C(SC%13=C%14)C=C(C(C)(C)C)C=C%12SC%15=CC(C(C)(C)C)=CC(SC%16=CC(C(C)(C)C)=CC(SC(C=C%14C(C)(C)C)=C%13O)=C%16O)=C%15O)=C%11)=C8OCCN%17C=C(CCCCOC%18=C(C=C(C=C%18SC%19=C%20)C(C)(C)C)SC%21=CC(C(C)(C)C)=CC(SC%22=C(O)C(SC(C=C%20C(C)(C)C)=C%19O)=CC(C(C)(C)C)=C%22)=C%21O)N=N%17)C=C(C(C)(C)C)C=C7SC%23=CC(C(C)(C)C)=CC%10=C%23OCCN%24N=NC(CCCCOC%25=C(C=C%26C(C)(C)C)SC%27=C(O)C(SC%28=C(O)C(SC%29=CC(C(C)(C)C)=CC(SC%25=C%26)=C%29O)=CC(C(C)(C)C)=C%28)=CC(C(C)(C)C)=C%27)=C%24)=C4O
outer_cv,train,3,4,14,,,139,Group 11/136.log,Group 11,Group 11,136.log,CC(C1=CC2=C(OCCCN3C=C(COC4=C(C=C5C(C)(C)C)SC6=C(O)C(SC7=C(O)C(SC8=CC(C(C)(C)C)=CC(SC4=C5)=C8O)=CC(C(C)(C)C)=C7)=CC(C(C)(C)C)=C6)N=N3)C(SC9=CC(C(C)(C)C)=CC(SC%10=CC(C(C)(C)C)=CC(SC%11=CC(C(C)(C)C)=CC(S2)=C%11OCCCN%12C=C(COC%13=C(SC%14=C%15)C=C(C(C)(C)C)C=C%13SC%16=CC(C(C)(C)C)=CC(SC%17=CC(C(C)(C)C)=CC(SC(C=C%15C(C)(C)C)=C%14O)=C%17O)=C%16O)N=N%12)=C%10OCCCN%18N=NC(COC%19=C(C=C(C=C%19SC%20=C%21)C(C)(C)C)SC%22=CC(C(C)(C)C)=CC(SC%23=C(O)C(SC(C=C%21C(C)(C)C)=C%20O)=CC(C(C)(C)C)=C%23)=C%22O)=C%18)=C9OCCCN%24N=NC(COC%25=C(SC(C=C%26C(C)(C)C)=C%27O)C=C(C(C)(C)C)C=C%25SC%28=C(O)C(SC%29=CC(C(C)(C)C)=CC(SC%27=C%26)=C%29O)=CC(C(C)(C)C)=C%28)=C%24)=C1)(C)C
outer_cv,train,3,4,14,,,140,Group 11/137.log,Group 11,Group 11,137.log,CC(C1=CC2=C(OCCCN3C=C(CCOC4=C(C=C5C(C)(C)C)SC6=C(O)C(SC7=C(O)C(SC8=CC(C(C)(C)C)=CC(SC4=C5)=C8O)=CC(C(C)(C)C)=C7)=CC(C(C)(C)C)=C6)N=N3)C(SC9=CC(C(C)(C)C)=CC(SC%10=CC(C(C)(C)C)=CC(SC%11=CC(C(C)(C)C)=CC(S2)=C%11OCCCN%12C=C(CCOC%13=C(SC%14=C%15)C=C(C(C)(C)C)C=C%13SC%16=CC(C(C)(C)C)=CC(SC%17=CC(C(C)(C)C)=CC(SC(C=C%15C(C)(C)C)=C%14O)=C%17O)=C%16O)N=N%12)=C%10OCCCN%18N=NC(CCOC%19=C(C=C(C=C%19SC%20=C%21)C(C)(C)C)SC%22=CC(C(C)(C)C)=CC(SC%23=C(O)C(SC(C=C%21C(C)(C)C)=C%20O)=CC(C(C)(C)C)=C%23)=C%22O)=C%18)=C9OCCCN%24N=NC(CCOC%25=C(SC(C=C%26C(C)(C)C)=C%27O)C=C(C(C)(C)C)C=C%25SC%28=C(O)C(SC%29=CC(C(C)(C)C)=CC(SC%27=C%26)=C%29O)=CC(C(C)(C)C)=C%28)=C%24)=C1)(C)C
outer_cv,train,3,4,14,,,141,Group 11/138.log,Group 11,Group 11,138.log,CC(C1=CC2=C(OCCCN3C=C(CCCOC4=C(C=C5C(C)(C)C)SC6=C(O)C(SC7=C(O)C(SC8=CC(C(C)(C)C)=CC(SC4=C5)=C8O)=CC(C(C)(C)C)=C7)=CC(C(C)(C)C)=C6)N=N3)C(SC9=CC(C(C)(C)C)=CC(SC%10=CC(C(C)(C)C)=CC(SC%11=CC(C(C)(C)C)=CC(S2)=C%11OCCCN%12C=C(CCCOC%13=C(SC%14=C%15)C=C(C(C)(C)C)C=C%13SC%16=CC(C(C)(C)C)=CC(SC%17=CC(C(C)(C)C)=CC(SC(C=C%15C(C)(C)C)=C%14O)=C%17O)=C%16O)N=N%12)=C%10OCCCN%18N=NC(CCCOC%19=C(C=C(C=C%19SC%20=C%21)C(C)(C)C)SC%22=CC(C(C)(C)C)=CC(SC%23=C(O)C(SC(C=C%21C(C)(C)C)=C%20O)=CC(C(C)(C)C)=C%23)=C%22O)=C%18)=C9OCCCN%24N=NC(CCCOC%25=C(SC(C=C%26C(C)(C)C)=C%27O)C=C(C(C)(C)C)C=C%25SC%28=C(O)C(SC%29=CC(C(C)(C)C)=CC(SC%27=C%26)=C%29O)=CC(C(C)(C)C)=C%28)=C%24)=C1)(C)C
outer_cv,train,3,4,14,,,142,Group 11/139.log,Group 11,Group 11,139.log,CC(C1=CC2=C(OCCCN3C=C(CCCCOC4=C(C=C5C(C)(C)C)SC6=C(O)C(SC7=C(O)C(SC8=CC(C(C)(C)C)=CC(SC4=C5)=C8O)=CC(C(C)(C)C)=C7)=CC(C(C)(C)C)=C6)N=N3)C(SC9=CC(C(C)(C)C)=CC(SC%10=CC(C(C)(C)C)=CC(SC%11=CC(C(C)(C)C)=CC(S2)=C%11OCCCN%12C=C(CCCCOC%13=C(SC%14=C%15)C=C(C(C)(C)C)C=C%13SC%16=CC(C(C)(C)C)=CC(SC%17=CC(C(C)(C)C)=CC(SC(C=C%15C(C)(C)C)=C%14O)=C%17O)=C%16O)N=N%12)=C%10OCCCN%18N=NC(CCCCOC%19=C(C=C(C=C%19SC%20=C%21)C(C)(C)C)SC%22=CC(C(C)(C)C)=CC(SC%23=C(O)C(SC(C=C%21C(C)(C)C)=C%20O)=CC(C(C)(C)C)=C%23)=C%22O)=C%18)=C9OCCCN%24N=NC(CCCCOC%25=C(S)C=C(C(C)(C)C)C=C%25SC%26=C(O)C(SC%27=CC(C(C)(C)C)=CC(SC%28=CC(C(C)(C)C)=CC=C%28O)=C%27O)=CC(C(C)(C)C)=C%26)=C%24)=C1)(C)C
outer_cv,train,3,4,14,,,143,Group 11/140.log,Group 11,Group 11,140.log,CC(C1=CC2=C(OCCCCN3N=NC(COC(C(SC(C=C4C(C)(C)C)=C5O)=C6)=C(C=C6C(C)(C)C)SC7=C(O)C(SC(C=C(C=C8SC5=C4)C(C)(C)C)=C8O)=CC(C(C)(C)C)=C7)=C3)C(SC9=CC(C(C)(C)C)=CC(SC%10=CC(C(C)(C)C)=CC(SC%11=CC(C(C)(C)C)=CC(S2)=C%11OCCCCN%12N=NC(COC%13=C(SC%14=C%15)C=C(C(C)(C)C)C=C%13SC%16=CC(C(C)(C)C)=CC(SC%17=CC(C(C)(C)C)=CC(SC(C=C%15C(C)(C)C)=C%14O)=C%17O)=C%16O)=C%12)=C%10OCCCCN%18C=C(COC%19=C(C=C(C=C%19SC%20=C%21)C(C)(C)C)SC%22=CC(C(C)(C)C)=CC(SC%23=C(O)C(SC(C=C%21C(C)(C)C)=C%20O)=CC(C(C)(C)C)=C%23)=C%22O)N=N%18)=C9OCCCCN%24C=C(COC%25=C(SC(C=C%26C(C)(C)C)=C%27O)C=C(C(C)(C)C)C=C%25SC%28=C(O)C(SC%29=CC(C(C)(C)C)=CC(SC%27=C%26)=C%29O)=CC(C(C)(C)C)=C%28)N=N%24)=C1)(C)C
outer_cv,train,3,4,14,,,144,Group 11/141.log,Group 11,Group 11,141.log,CC(C1=CC2=C(OCCCCN3N=NC(CCOC(C(SC(C=C4C(C)(C)C)=C5O)=C6)=C(C=C6C(C)(C)C)SC7=C(O)C(SC(C=C(C=C8SC5=C4)C(C)(C)C)=C8O)=CC(C(C)(C)C)=C7)=C3)C(SC9=CC(C(C)(C)C)=CC(SC%10=CC(C(C)(C)C)=CC(SC%11=CC(C(C)(C)C)=CC(S2)=C%11OCCCCN%12N=NC(CCOC%13=C(SC%14=C%15)C=C(C(C)(C)C)C=C%13SC%16=CC(C(C)(C)C)=CC(SC%17=CC(C(C)(C)C)=CC(SC(C=C%15C(C)(C)C)=C%14O)=C%17O)=C%16O)=C%12)=C%10OCCCCN%18C=C(CCOC%19=C(C=C(C=C%19SC%20=C%21)C(C)(C)C)SC%22=CC(C(C)(C)C)=CC(SC%23=C(O)C(SC(C=C%21C(C)(C)C)=C%20O)=CC(C(C)(C)C)=C%23)=C%22O)N=N%18)=C9OCCCCN%24C=C(CCOC%25=C(SC(C=C%26C(C)(C)C)=C%27O)C=C(C(C)(C)C)C=C%25SC%28=C(O)C(SC%29=CC(C(C)(C)C)=CC(SC%27=C%26)=C%29O)=CC(C(C)(C)C)=C%28)N=N%24)=C1)(C)C
outer_cv,train,3,4,14,,,145,Group 11/142.log,Group 11,Group 11,142.log,CC(C1=CC2=C(OCCCCN3N=NC(CCCOC(C(SC(C=C4C(C)(C)C)=C5O)=C6)=C(C=C6C(C)(C)C)SC7=C(O)C(SC(C=C(C=C8SC5=C4)C(C)(C)C)=C8O)=CC(C(C)(C)C)=C7)=C3)C(SC9=CC(C(C)(C)C)=CC(SC%10=CC(C(C)(C)C)=CC(SC%11=CC(C(C)(C)C)=CC(S2)=C%11OCCCCN%12N=NC(CCCOC%13=C(SC%14=C%15)C=C(C(C)(C)C)C=C%13SC%16=CC(C(C)(C)C)=CC(SC%17=CC(C(C)(C)C)=CC(SC(C=C%15C(C)(C)C)=C%14O)=C%17O)=C%16O)=C%12)=C%10OCCCCN%18C=C(CCCOC%19=C(C=C(C=C%19SC%20=C%21)C(C)(C)C)SC%22=CC(C(C)(C)C)=CC(SC%23=C(O)C(SC(C=C%21C(C)(C)C)=C%20O)=CC(C(C)(C)C)=C%23)=C%22O)N=N%18)=C9OCCCCN%24C=C(CCCOC%25=C(SC(C=C%26C(C)(C)C)=C%27O)C=C(C(C)(C)C)C=C%25SC%28=C(O)C(SC%29=CC(C(C)(C)C)=CC(SC%27=C%26)=C%29O)=CC(C(C)(C)C)=C%28)N=N%24)=C1)(C)C
outer_cv,train,3,4,14,,,146,Group 11/143.log,Group 11,Group 11,143.log,CC(C1=CC2=C(OCCCCN3N=NC(CCCCOC(C(SC(C=C4C(C)(C)C)=C5O)=C6)=C(C=C6C(C)(C)C)SC7=C(O)C(SC(C=C(C=C8SC5=C4)C(C)(C)C)=C8O)=CC(C(C)(C)C)=C7)=C3)C(SC9=CC(C(C)(C)C)=CC(SC%10=CC(C(C)(C)C)=CC(SC%11=CC(C(C)(C)C)=CC(S2)=C%11OCCCCN%12N=NC(CCCCOC%13=C(SC%14=C%15)C=C(C(C)(C)C)C=C%13SC%16=CC(C(C)(C)C)=CC(SC%17=CC(C(C)(C)C)=CC(SC(C=C%15C(C)(C)C)=C%14O)=C%17O)=C%16O)=C%12)=C%10OCCCCN%18C=C(CCCCOC%19=C(C=C(C=C%19SC%20=C%21)C(C)(C)C)SC%22=CC(C(C)(C)C)=CC(SC%23=C(O)C(SC(C=C%21C(C)(C)C)=C%20O)=CC(C(C)(C)C)=C%23)=C%22O)N=N%18)=C9OCCCCN%24C=C(CCCCOC%25=C(SC(C=C%26C(C)(C)C)=C%27O)C=C(C(C)(C)C)C=C%25SC%28=C(O)C(SC%29=CC(C(C)(C)C)=CC(SC%27=C%26)=C%29O)=CC(C(C)(C)C)=C%28)N=N%24)=C1)(C)C
outer_cv,train,3,4,14,,,147,Group 11/144.log,Group 11,Group 11,144.log,CC(C1=CC2=C(OCCCCCN3N=NC(COC(C(SC(C=C4C(C)(C)C)=C5O)=C6)=C(C=C6C(C)(C)C)SC7=C(O)C(SC(C=C(C=C8SC5=C4)C(C)(C)C)=C8O)=CC(C(C)(C)C)=C7)=C3)C(SC9=CC(C(C)(C)C)=CC(SC%10=CC(C(C)(C)C)=CC(SC%11=CC(C(C)(C)C)=CC(S2)=C%11OCCCCCN%12N=NC(COC%13=C(SC%14=C%15)C=C(C(C)(C)C)C=C%13SC%16=CC(C(C)(C)C)=CC(SC%17=CC(C(C)(C)C)=CC(SC(C=C%15C(C)(C)C)=C%14O)=C%17O)=C%16O)=C%12)=C%10OCCCCCN%18C=C(COC%19=C(C=C(C=C%19SC%20=C%21)C(C)(C)C)SC%22=CC(C(C)(C)C)=CC(SC%23=C(O)C(SC(C=C%21C(C)(C)C)=C%20O)=CC(C(C)(C)C)=C%23)=C%22O)N=N%18)=C9OCCCCCN%24C=C(COC%25=C(SC(C=C%26C(C)(C)C)=C%27O)C=C(C(C)(C)C)C=C%25SC%28=C(O)C(SC%29=CC(C(C)(C)C)=CC(SC%27=C%26)=C%29O)=CC(C(C)(C)C)=C%28)N=N%24)=C1)(C)C
outer_cv,train,3,4,14,,,148,Group 11/145.log,Group 11,Group 11,145.log,CC(C1=CC2=C(OCCCCCN3N=NC(CCOC4=C(C=C5C(C)(C)C)SC6=C(O)C(SC7=C(O)C(SC8=CC(C(C)(C)C)=CC(SC4=C5)=C8O)=CC(C(C)(C)C)=C7)=CC(C(C)(C)C)=C6)=C3)C(SC9=CC(C(C)(C)C)=CC(SC%10=CC(C(C)(C)C)=CC(SC%11=CC(C(C)(C)C)=CC(S2)=C%11OCCCCCN%12N=NC(CCOC%13=C(SC%14=C%15)C=C(C(C)(C)C)C=C%13SC%16=CC(C(C)(C)C)=CC(SC%17=CC(C(C)(C)C)=CC(SC(C=C%15C(C)(C)C)=C%14O)=C%17O)=C%16O)=C%12)=C%10OCCCCCN%18C=C(CCOC%19=C(C=C(C=C%19SC%20=C%21)C(C)(C)C)SC%22=CC(C(C)(C)C)=CC(SC%23=C(O)C(SC(C=C%21C(C)(C)C)=C%20O)=CC(C(C)(C)C)=C%23)=C%22O)N=N%18)=C9OCCCCCN%24C=C(CCOC%25=C(SC(C=C%26C(C)(C)C)=C%27O)C=C(C(C)(C)C)C=C%25SC%28=C(O)C(SC%29=CC(C(C)(C)C)=CC(SC%27=C%26)=C%29O)=CC(C(C)(C)C)=C%28)N=N%24)=C1)(C)C
outer_cv,train,3,4,14,,,149,Group 11/146.log,Group 11,Group 11,146.log,CC(C1=CC2=C(OCCCCCN3N=NC(CCCOC4=C(C=C5C(C)(C)C)SC6=C(O)C(SC7=C(O)C(SC8=CC(C(C)(C)C)=CC(SC4=C5)=C8O)=CC(C(C)(C)C)=C7)=CC(C(C)(C)C)=C6)=C3)C(SC9=CC(C(C)(C)C)=CC(SC%10=CC(C(C)(C)C)=CC(SC%11=CC(C(C)(C)C)=CC(S2)=C%11OCCCCCN%12N=NC(CCCOC%13=C(SC%14=C%15)C=C(C(C)(C)C)C=C%13SC%16=CC(C(C)(C)C)=CC(SC%17=CC(C(C)(C)C)=CC(SC(C=C%15C(C)(C)C)=C%14O)=C%17O)=C%16O)=C%12)=C%10OCCCCCN%18C=C(CCCOC%19=C(C=C(C=C%19SC%20=C%21)C(C)(C)C)SC%22=CC(C(C)(C)C)=CC(SC%23=C(O)C(SC(C=C%21C(C)(C)C)=C%20O)=CC(C(C)(C)C)=C%23)=C%22O)N=N%18)=C9OCCCCCN%24C=C(CCCOC%25=C(SC(C=C%26C(C)(C)C)=C%27O)C=C(C(C)(C)C)C=C%25SC%28=C(O)C(SC%29=CC(C(C)(C)C)=CC(SC%27=C%26)=C%29O)=CC(C(C)(C)C)=C%28)N=N%24)=C1)(C)C
outer_cv,train,3,4,14,,,150,Group 11/147.log,Group 11,Group 11,147.log,OC1=C(SC2=C3)C=C(C(C)(C)C)C=C1SC4=CC(C(C)(C)C)=CC(SC5=CC(C(C)(C)C)=CC(SC(C=C3C(C)(C)C)=C2O)=C5OCCCCC(N=N6)=CN6CCCCCOC7=C(SC8=CC(C(C)(C)C)=CC(SC9=CC(C(C)(C)C)=CC(S%10)=C9OCCCCCN%11N=NC(CCCCOC%12=C(SC%13=C%14)C=C(C(C)(C)C)C=C%12SC%15=CC(C(C)(C)C)=CC(SC%16=CC(C(C)(C)C)=CC(SC(C=C%14C(C)(C)C)=C%13O)=C%16O)=C%15O)=C%11)=C8OCCCCCN%17C=C(CCCCOC%18=C(C=C(C=C%18SC%19=C%20)C(C)(C)C)SC%21=CC(C(C)(C)C)=CC(SC%22=C(O)C(SC(C=C%20C(C)(C)C)=C%19O)=CC(C(C)(C)C)=C%22)=C%21O)N=N%17)C=C(C(C)(C)C)C=C7SC%23=CC(C(C)(C)C)=CC%10=C%23OCCCCCN%24N=NC(CCCCOC%25=C(C=C%26C(C)(C)C)SC%27=C(O)C(SC%28=C(O)C(SC%29=CC(C(C)(C)C)=CC(SC%25=C%26)=C%29O)=CC(C(C)(C)C)=C%28)=CC(C(C)(C)C)=C%27)=C%24)=C4O
outer_cv,train,3,4,14,,,151,Group 12/148.log,Group 12,Group 12,148.log,OCC(N=N1)=CN1C2=CC(C3=NC=CC=C3)=NC(C4=CC=CC=N4)=C2
outer_cv,train,3,4,14,,,152,Group 12/149.log,Group 12,Group 12,149.log,CCCCCCC(N=N1)=CN1C2=CC(C3=NC=CC=C3)=NC(C4=CC=CC=N4)=C2
outer_cv,train,3,4,14,,,153,Group 12/150.log,Group 12,Group 12,150.log,OC1=C(SC2=C(C(SC3=C(O)C(SC4=CC(C(C)(C)C)=CC(SC1=C5)=C4OCCC6=CN(C7=CC(C8=NC=CC=C8)=NC(C9=CC=CC=N9)=C7)N=N6)=CC(C(C)(C)C)=C3)=CC(C(C)(C)C)=C2)OCCC%10=CN(C%11=CC(C%12=NC=CC=C%12)=NC(C%13=CC=CC=N%13)=C%11)N=N%10)C=C5C(C)(C)C
outer_cv,train,3,4,14,,,154,Group 12/151.log,Group 12,Group 12,151.log,OC1=C(SC2=C(C(SC3=C(O)C(SC4=CC(C(C)(C)C)=CC(SC1=C5)=C4OCCCC6=CN(C7=CC(C8=NC=CC=C8)=NC(C9=CC=CC=N9)=C7)N=N6)=CC(C(C)(C)C)=C3)=CC(C(C)(C)C)=C2)OCCCC%10=CN(C%11=CC(C%12=NC=CC=C%12)=NC(C%13=CC=CC=N%13)=C%11)N=N%10)C=C5C(C)(C)C
outer_cv,train,3,4,14,,,155,Group 12/152.log,Group 12,Group 12,152.log,OC1=C(SC2=C(C(SC3=C(O)C(SC4=CC(C(C)(C)C)=CC(SC1=C5)=C4OCCCCC6=CN(C7=CC(C8=NC=CC=C8)=NC(C9=CC=CC=N9)=C7)N=N6)=CC(C(C)(C)C)=C3)=CC(C(C)(C)C)=C2)OCCCCC%10=CN(C%11=CC(C%12=NC=CC=C%12)=NC(C%13=CC=CC=N%13)=C%11)N=N%10)C=C5C(C)(C)C
outer_cv,train,3,4,14,,,156,Group 12/153.log,Group 12,Group 12,153.log,CC(C1=CC2=C(OCCC3=CN(C4=CC(C5=NC=CC=C5)=NC(C6=CC=CC=N6)=C4)N=N3)C(SC7=CC(C(C)(C)C)=CC(SC8=CC(C(C)(C)C)=CC(SC9=CC(C(C)(C)C)=CC(S2)=C9OCCC%10=CN(C%11=CC(C%12=NC=CC=C%12)=NC(C%13=CC=CC=N%13)=C%11)N=N%10)=C8OCCC%14=CN(C%15=CC(C%16=NC=CC=C%16)=NC(C%17=CC=CC=N%17)=C%15)N=N%14)=C7OCCC%18=CN(C%19=CC(C%20=NC=CC=C%20)=NC(C%21=CC=CC=N%21)=C%19)N=N%18)=C1)(C)C
outer_cv,train,3,4,14,,,157,Group 12/154.log,Group 12,Group 12,154.log,CC(C1=CC2=C(OCCCCCCCCCCCC)C(SC3=CC(C(C)(C)C)=CC(SC4=CC(C(C)(C)C)=CC(SC5=CC(C(C)(C)C)=CC(S2)=C5OCCC6=CN(C7=CC(C8=NC=CC=C8)=NC(C9=CC=CC=N9)=C7)N=N6)=C4OCCCCCCCCCCCC)=C3OCCC%10=CN(C%11=CC(C%12=NC=CC=C%12)=NC(C%13=CC=CC=N%13)=C%11)N=N%10)=C1)(C)C
outer_cv,train,3,4,14,,,158,Group 12/155.log,Group 12,Group 12,155.log,CC(C1=CC2=C(OCCCCCCCCCCCC)C(SC3=CC(C(C)(C)C)=CC(SC4=CC(C(C)(C)C)=CC(SC5=CC(C(C)(C)C)=CC(S2)=C5OCCCC6=CN(C7=CC(C8=NC=CC=C8)=NC(C9=CC=CC=N9)=C7)N=N6)=C4OCCCCCCCCCCCC)=C3OCCCC%10=CN(C%11=CC(C%12=NC=CC=C%12)=NC(C%13=CC=CC=N%13)=C%11)N=N%10)=C1)(C)C
outer_cv,train,3,4,14,,,159,Group 12/156.log,Group 12,Group 12,156.log,CC(C1=CC2=C(OCCCCCCCCCCCC)C(SC3=CC(C(C)(C)C)=CC(SC4=CC(C(C)(C)C)=CC(SC5=CC(C(C)(C)C)=CC(S2)=C5OCCCCC6=CN(C7=CC(C8=NC=CC=C8)=NC(C9=CC=CC=N9)=C7)N=N6)=C4OCCCCCCCCCCCC)=C3OCCCCC%10=CN(C%11=CC(C%12=NC=CC=C%12)=NC(C%13=CC=CC=N%13)=C%11)N=N%10)=C1)(C)C
outer_cv,train,3,4,14,,,160,Group 12/157.log,Group 12,Group 12,157.log,CC(C1=CC2=C(OCCCCC3=CN(C4=CC(C5=NC=CC=C5)=NC(C6=CC=CC=N6)=C4)N=N3)C(SC7=CC(C(C)(C)C)=CC(SC8=CC(C(C)(C)C)=CC(SC9=CC(C(C)(C)C)=CC(S2)=C9OCCCCC%10=CN(C%11=CC(C%12=NC=CC=C%12)=NC(C%13=CC=CC=N%13)=C%11)N=N%10)=C8OCCCCC%14=CN(C%15=CC(C%16=NC=CC=C%16)=NC(C%17=CC=CC=N%17)=C%15)N=N%14)=C7OCCCCC%18=CN(C%19=CC(C%20=NC=CC=C%20)=NC(C%21=CC=CC=N%21)=C%19)N=N%18)=C1)(C)C
outer_cv,train,3,4,14,,,161,Group 13/158.log,Group 13,Group 13,158.log,CC(C1=CC2=C(OCCOCCO)C(SC3=CC(C(C)(C)C)=CC(SC4=CC(C(C)(C)C)=CC(SC5=CC(C(C)(C)C)=CC(S2)=C5OCCOCCO)=C4OCCOCCO)=C3OCCOCCO)=C1)(C)C
outer_cv,train,3,4,14,,,162,Group 13/159.log,Group 13,Group 13,159.log,CC(C1=CC2=C(OCCOCCO)C(SC3=CC(C(C)(C)C)=CC(SC4=CC(C(C)(C)C)=CC(SC5=CC(C(C)(C)C)=CC(S2)=C5OCCBr)=C4OCCOCCO)=C3OCCBr)=C1)(C)C
outer_cv,train,3,4,14,,,163,Group 13/160.log,Group 13,Group 13,160.log,OC1=C2C=C(C(C)(C)C)C=C1SC3=C(OCCOCCOC4=C(S2)C=C5C(C)(C)C)C(SC6=CC(C(C)(C)C)=CC(SC4=C5)=C6O)=CC(C(C)(C)C)=C3
outer_cv,train,3,4,14,,,164,Group 13/161.log,Group 13,Group 13,161.log,OC1=C2C=C(C(C)(C)C)C=C1SC3=C(OCCOCCOCCOC4=C(S2)C=C5C(C)(C)C)C(SC6=CC(C(C)(C)C)=CC(SC4=C5)=C6O)=CC(C(C)(C)C)=C3
outer_cv,train,3,4,14,,,165,Group 13/162.log,Group 13,Group 13,162.log,OC1=C2C=C(C(C)(C)C)C=C1SC3=C(OCCOCCOCCOCCOC4=C(S2)C=C5C(C)(C)C)C(SC6=CC(C(C)(C)C)=CC(SC4=C5)=C6O)=CC(C(C)(C)C)=C3.C
outer_cv,train,3,4,14,,,166,Group 13/163.log,Group 13,Group 13,163.log,OC1=C2C=C(C(C)(C)C)C=C1SC3=C(OCCOCCOCCOCCOCCOC4=C(S2)C=C5C(C)(C)C)C(SC6=CC(C(C)(C)C)=CC(SC4=C5)=C6O)=CC(C(C)(C)C)=C3.C
outer_cv,train,3,4,14,,,167,Group 13/164.log,Group 13,Group 13,164.log,O=[N+](C1=CC(S2)=C3OCCOCCOCCOCCOC4=C5SC6=C(C2=CC([N+]([O-])=O)=C6)OCCOCCOCCOCCOC7=C(SC3=C1)C=C([N+]([O-])=O)C=C7SC4=CC([N+]([O-])=O)=C5)[O-]
outer_cv,train,3,4,14,,,168,Group 13/165.log,Group 13,Group 13,165.log,CC(C1=CC2=C(OCCOCCOC3=C(SC4=CC(C(C)(C)C)=CC(S2)=C4OCCBr)C=C(C(C)(C)C)C=C3S5)C(SC6=CC(C(C)(C)C)=CC5=C6OCCBr)=C1)(C)C
outer_cv,train,3,4,14,,,169,Group 13/166.log,Group 13,Group 13,166.log,CC(C1=CC2=C(OCCOCCOC3=C(SC4=CC(C(C)(C)C)=CC(S2)=C4OCCCBr)C=C(C(C)(C)C)C=C3S5)C(SC6=CC(C(C)(C)C)=CC5=C6OCCCBr)=C1)(C)C
outer_cv,train,3,4,14,,,170,Group 13/167.log,Group 13,Group 13,167.log,CC(C1=CC2=C(OCCOCCOCCOC3=C(SC4=CC(C(C)(C)C)=CC(S2)=C4OCCBr)C=C(C(C)(C)C)C=C3S5)C(SC6=CC(C(C)(C)C)=CC5=C6OCCBr)=C1)(C)C
outer_cv,train,3,4,14,,,171,Group 13/168.log,Group 13,Group 13,168.log,CC(C1=CC2=C(OCCOCCOCCOC3=C(SC4=CC(C(C)(C)C)=CC(S2)=C4OCCCBr)C=C(C(C)(C)C)C=C3S5)C(SC6=CC(C(C)(C)C)=CC5=C6OCCCBr)=C1)(C)C
outer_cv,train,3,4,14,,,172,Group 13/169.log,Group 13,Group 13,169.log,CC(C1=CC2=C(OCCOCCOCCOCCOC3=C(SC4=CC(C(C)(C)C)=CC(S2)=C4OCCCBr)C=C(C(C)(C)C)C=C3S5)C(SC6=CC(C(C)(C)C)=CC5=C6OCCCBr)=C1)(C)C
outer_cv,train,3,4,14,,,173,Group 13/170.log,Group 13,Group 13,170.log,CC(C1=CC2=C(OCCOCCOCCOCCOCCOC3=C(SC4=CC(C(C)(C)C)=CC(S2)=C4OCCBr)C=C(C(C)(C)C)C=C3S5)C(SC6=CC(C(C)(C)C)=CC5=C6OCCBr)=C1)(C)C
outer_cv,train,3,4,14,,,174,Group 13/171.log,Group 13,Group 13,171.log,CC(C1=CC2=C(OCCOCCOCCOCCOCCOC3=C(SC4=CC(C(C)(C)C)=CC(S2)=C4OCCCBr)C=C(C(C)(C)C)C=C3S5)C(SC6=CC(C(C)(C)C)=CC5=C6OCCCBr)=C1)(C)C
outer_cv,train,3,4,14,,,175,Group 13/172.log,Group 13,Group 13,172.log,CC(C1=CC2=C(OCCOCCOCCOCCOCCOCCOC3=C(SC4=CC(C(C)(C)C)=CC(S2)=C4OCCBr)C=C(C(C)(C)C)C=C3S5)C(SC6=CC(C(C)(C)C)=CC5=C6OCCBr)=C1)(C)C
outer_cv,train,3,4,14,,,176,Group 13/173.log,Group 13,Group 13,173.log,CC(C1=CC2=C(OCCOCCOCCOCCOCCOCCOC3=C(SC4=CC(C(C)(C)C)=CC(S2)=C4OCCCBr)C=C(C(C)(C)C)C=C3S5)C(SC6=CC(C(C)(C)C)=CC5=C6OCCCBr)=C1)(C)C
outer_cv,train,3,4,14,,,177,Group 13/174.log,Group 13,Group 13,174.log,CC(C)(C)C1=CC(SC(C=C2C(C)(C)C)=C3OCCOCCOCCOCCOCCOC(C(S4)=CC(C(C)(C)C)=C5)=C5SC6=C(C7=CC(C(C)(C)C)=C6)OCCCBr)=C(OCCCBr)C(SC8=C(OCCOCCOCCOCCOCCOC9=C(S7)C=C(C(C)(C)C)C=C9SC%10=C(OCCCBr)C4=CC(C(C)(C)C)=C%10)C(SC(C=C(C=C%11SC3=C2)C(C)(C)C)=C%11OCCCBr)=CC(C(C)(C)C)=C8)=C1
outer_cv,train,3,4,14,,,178,Group 13/175.log,Group 13,Group 13,175.log,CC(C1=CC2=C(OCCOCCOCCOC3=C(SC4=CC(C(C)(C)C)=CC(S2)=C4OCCCCCCCCCCCC)C=C(C(C)(C)C)C=C3S5)C(SC6=CC(C(C)(C)C)=CC5=C6OCCCCCCCCCCCC)=C1)(C)C
outer_cv,train,3,4,14,,,179,Group 13/176.log,Group 13,Group 13,176.log,CC(C1=CC2=C(OCCOCCOCCOCCOC3=C(SC4=CC(C(C)(C)C)=CC(S2)=C4OCCCCCCCCCCCC)C=C(C(C)(C)C)C=C3S5)C(SC6=CC(C(C)(C)C)=CC5=C6OCCCCCCCCCCCC)=C1)(C)C
outer_cv,train,3,4,14,,,180,Group 13/177.log,Group 13,Group 13,177.log,CC(C1=CC2=C(OCCOCCOCCOCCOCCOC3=C(SC4=CC(C(C)(C)C)=CC(S2)=C4OCCCCCCCCCCCC)C=C(C(C)(C)C)C=C3S5)C(SC6=CC(C(C)(C)C)=CC5=C6OCCCCCCCCCCCC)=C1)(C)C
outer_cv,train,3,4,14,,,181,Group 13/178.log,Group 13,Group 13,178.log,CC(C1=CC2=C(OCCOCCOCCOC3=C(SC4=CC(C(C)(C)C)=CC(S2)=C4OC)C=C(C(C)(C)C)C=C3S5)C(SC6=CC(C(C)(C)C)=CC5=C6OC)=C1)(C)C
outer_cv,train,3,4,14,,,182,Group 13/179.log,Group 13,Group 13,179.log,CC(C1=CC2=C(OCCOCCOCCOCCOC3=C(SC4=CC(C(C)(C)C)=CC(S2)=C4OC)C=C(C(C)(C)C)C=C3S5)C(SC6=CC(C(C)(C)C)=CC5=C6OC)=C1)(C)C
outer_cv,train,3,4,14,,,183,Group 13/180.log,Group 13,Group 13,180.log,CC(C1=CC2=C(OCCOCCOCCOCCOCCOC3=C(SC4=CC(C(C)(C)C)=CC(S2)=C4OC)C=C(C(C)(C)C)C=C3S5)C(SC6=CC(C(C)(C)C)=CC5=C6OC)=C1)(C)C
outer_cv,train,3,4,14,,,201,Group 15/198.log,Group 15,Group 15,198.log,CC(C)(C)C1=CC(SC2=C3)=C(OCO)C(SC4=CC(C(C)(C)C)=CC(SC5=CC(C(C)(C)C)=CC(SC(C=C3C(C)(C)C)=C2OCC(O)=O)=C5OCC(O)=O)=C4OCC(O)=O)=C1.O=[C]
outer_cv,train,3,4,14,,,202,Group 15/199.log,Group 15,Group 15,199.log,CC(C)(C)C1=CC(CC2=C3)=C(OCO)C(CC4=CC(C(C)(C)C)=CC(CC5=CC(C(C)(C)C)=CC(CC(C=C3C(C)(C)C)=C2OCC(O)=O)=C5OCC(O)=O)=C4OCC(O)=O)=C1.O=[C]
outer_cv,train,3,4,14,,,203,Group 15/200.log,Group 15,Group 15,200.log,CC(C)(C1=CC(CC2=C(C(CC(C=C(C=C3C4)C(C)(C)C)=C3OCC(O)=O)=CC(C(C)(C)C)=C2)OCC(O)=O)=C(OCC(O)=O)C(CC5=CC(C(C)(C)C)=CC4=C5OCC(O)=O)=C1)C
outer_cv,train,3,4,14,,,204,Group 15/201.log,Group 15,Group 15,201.log,CC(C)(C)C1=CC(CC2=C3)=C(OCC(OCC)=O)C(CC4=CC(C(C)(C)C)=CC(CC5=CC(C(C)(C)C)=CC(CC(C=C3C(C)(C)C)=C2OCC(OCC)=O)=C5OCC(OCC)=O)=C4OCC(OCC)=O)=C1
outer_cv,train,3,4,14,,,205,Group 15/202.log,Group 15,Group 15,202.log,OC1=C(SC2=C(C(SC3=C(O)C(SC4=CC(C(C)(C)C)=CC(SC1=C5)=C4OCCN6C(C(OC)=O)=C(C(OC)=O)N=N6)=CC(C(C)(C)C)=C3)=CC(C(C)(C)C)=C2)OCCN7N=NC(C(OC)=O)=C7C(OC)=O)C=C5C(C)(C)C
outer_cv,train,3,4,14,,,206,Group 15/203.log,Group 15,Group 15,203.log,CC(C1=CC2=C(OCCCCCCCCCCCC)C(SC3=CC(C(C)(C)C)=CC(SC4=CC(C(C)(C)C)=CC(SC5=CC(C(C)(C)C)=CC(S2)=C5OCCCN6C(C(OC)=O)=C(C(OC)=O)N=N6)=C4OCCCCCCCCCCCC)=C3OCCCN7N=NC(C(OC)=O)=C7C(OC)=O)=C1)(C)C
outer_cv,train,3,4,14,,,207,Group 15/204.log,Group 15,Group 15,204.log,CC(C1=CC2=C(OCC(OCC)=O)C(CC3=CC(C(C)(C)C)=CC(CC4=CC(C(C)(C)C)=CC(CC5=CC(C(C)(C)C)=CC(C2)=C5OCC(OCC)=O)=C4OCC(OCC)=O)=C3OCC(OCC)=O)=C1)(C)C
outer_cv,train,3,4,14,,,208,Group 15/205.log,Group 15,Group 15,205.log,CC(C)(C1=CC(CC2=C(C(CC(C=C(C=C3C4)C(C)(C)C)=C3OCC(OCC)=O)=CC(C(C)(C)C)=C2)OCC(OCC)=O)=C(OCC(OCC)=O)C(CC5=CC(C(C)(C)C)=CC4=C5OCC(OCC)=O)=C1)C
outer_cv,train,3,4,14,,,209,Group 15/206.log,Group 15,Group 15,206.log,CC(C1=CC2=C(OCC(OCC)=O)C(SC3=CC(C(C)(C)C)=CC(SC4=CC(C(C)(C)C)=CC(SC5=CC(C(C)(C)C)=CC(S2)=C5OCC(OCC)=O)=C4OCC(OCC)=O)=C3OCC(OCC)=O)=C1)(C)C
outer_cv,train,3,4,14,,,210,Group 15/207.log,Group 15,Group 15,207.log,CC(C1=CC2=C(OCC(OC(C)(C)C)=O)C(SC3=CC(C(C)(C)C)=CC(SC4=CC(C(C)(C)C)=CC(SC5=CC(C(C)(C)C)=CC(S2)=C5OCC(OC(C)(C)C)=O)=C4OCC(OC(C)(C)C)=O)=C3OCC(OC(C)(C)C)=O)=C1)(C)C
outer_cv,train,3,4,14,,,211,Group 16/208.log,Group 16,Group 16,208.log,OC1=C(SC2=C(C(SC3=C(O)C(SC4=CC(C(C)(C)C)=CC(SC1=C5)=C4OCCN6C(C(C=CC=C7)=C7C6=O)=O)=CC(C(C)(C)C)=C3)=CC(C(C)(C)C)=C2)OCCN8C(C(C=CC=C9)=C9C8=O)=O)C=C5C(C)(C)C
outer_cv,train,3,4,14,,,212,Group 16/209.log,Group 16,Group 16,209.log,OC1=C(SC2=C(C(SC3=C(O)C(SC4=CC(C(C)(C)C)=CC(SC1=C5)=C4OCCCN6C(C(C=CC=C7)=C7C6=O)=O)=CC(C(C)(C)C)=C3)=CC(C(C)(C)C)=C2)OCCCN8C(C(C=CC=C9)=C9C8=O)=O)C=C5C(C)(C)C
outer_cv,train,3,4,14,,,213,Group 16/210.log,Group 16,Group 16,210.log,OC1=C(CC2=C(C(CC3=C(O)C(CC4=CC(C(C)(C)C)=CC(CC1=C5)=C4OCC(N6CCOCC6)=O)=CC(C(C)(C)C)=C3)=CC(C(C)(C)C)=C2)OCC(N7CCOCC7)=O)C=C5C(C)(C)C
outer_cv,train,3,4,14,,,214,Group 16/211.log,Group 16,Group 16,211.log,CC(C1=CC2=C(OCCOCCOCCOCCOCCOC3=C(SC4=CC(C(C)(C)C)=CC(S2)=C4OCCN5C(C(C=CC=C6)C6C5=O)=O)C=C(C(C)(C)C)C=C3S7)C(SC8=CC(C(C)(C)C)=CC7=C8OCCN9C(C(C=CC=C%10)C%10C9=O)=O)=C1)(C)C
outer_cv,train,3,4,14,,,215,Group 16/212.log,Group 16,Group 16,212.log,CC(C1=CC2=C(OCCOCCOCCOCCOCCOC3=C(SC4=CC(C(C)(C)C)=CC(S2)=C4OCCCN5C(C(C=CC=C6)=C6C5=O)=O)C=C(C(C)(C)C)C=C3S7)C(SC8=CC(C(C)(C)C)=CC7=C8OCCCN9C(C(C=CC=C%10)=C%10C9=O)=O)=C1)(C)C
outer_cv,train,3,4,14,,,216,Group 16/213.log,Group 16,Group 16,213.log,OC1=C(CC2=C(C(CC3=C(O)C(CC4=CC(C(C)(C)C)=CC(CC1=C5)=C4OCC(N6CCOCCOCCOCC6)=O)=CC(C(C)(C)C)=C3)=CC(C(C)(C)C)=C2)OCC(N7CCOCCOCCOCC7)=O)C=C5C(C)(C)C
outer_cv,train,3,4,14,,,217,Group 16/214.log,Group 16,Group 16,214.log,OC1=C(CC2=C(C(CC3=C(O)C(CC4=CC(C(C)(C)C)=CC(CC1=C5)=C4OCC(N6CCOCCOCCOCCOCC6)=O)=CC(C(C)(C)C)=C3)=CC(C(C)(C)C)=C2)OCC(N7CCOCCOCCOCCOCC7)=O)C=C5C(C)(C)C
outer_cv,train,3,4,14,,,218,Group 16/215.log,Group 16,Group 16,215.log,OC1=C(CC2=C(C(CC3=C(O)C(CC4=CC(C(C)(C)C)=CC(CC1=C5)=C4OCC(N6CCOCCOCCOCCOCCOCC6)=O)=CC(C(C)(C)C)=C3)=CC(C(C)(C)C)=C2)OCC(N7CCOCCOCCOCCOCCOCC7)=O)C=C5C(C)(C)C
outer_cv,train,3,4,14,,,219,Group 16/216.log,Group 16,Group 16,216.log,OC1=C(CC2=CC(C(C)(C)C)=CC(CC(C=C3C(C)(C)C)=C4OCC(N5CCOCCOCCOCC5)=O)=C2OCC(N6CCOCCOCCOCC6)=O)C=C(C(C)(C)C)C=C1CC7=CC(C(C)(C)C)=CC(CC4=C3)=C7OCC(N8CCOCCOCCOCC8)=O
outer_cv,train,3,4,14,,,220,Group 16/217.log,Group 16,Group 16,217.log,CC(C)(C)C1=CC(CC2=C3)=C(OCC(N4CCOCCOCCOCC4)=O)C(CC5=CC(C(C)(C)C)=CC(CC6=CC(C(C)(C)C)=CC(CC(C=C3C(C)(C)C)=C2OCC(N7CCOCCOCCOCC7)=O)=C6OCC(N8CCOCCOCCOCC8)=O)=C5OCC(N9CCOCCOCCOCC9)=O)=C1
outer_cv,train,3,4,14,,,223,Group 18/220.log,Group 18,Group 18,220.log,C12=C(C(SC(C=CC=C3S4)=C3OCCOCCOCCOC(C(SC5=CC=CC4=C5OCCCOC6=CC(C7=NC=CC=C7)=NC(C8=CC=CC=N8)=C6)=CC=C9)=C9S2)=CC=C1)OCCCOC%10=CC(C%11=NC=CC=C%11)=NC(C%12=CC=CC=N%12)=C%10
outer_cv,train,3,4,14,,,224,Group 18/221.log,Group 18,Group 18,221.log,CC(C1=CC2=C(OCCOCCOCCOC3=C(SC4=CC(C(C)(C)C)=CC(S2)=C4OCCCOC5=CC(C6=NC=CC=C6)=NC(C7=CC=CC=N7)=C5)C=C(C(C)(C)C)C=C3S8)C(SC9=CC(C(C)(C)C)=CC8=C9OCCCOC%10=CC(C%11=NC=CC=C%11)=NC(C%12=CC=CC=N%12)=C%10)=C1)(C)C
outer_cv,train,3,4,14,,,225,Group 18/222.log,Group 18,Group 18,222.log,CC(C1=CC2=C(OCCOCCOCCOCCOC3=C(SC4=CC(C(C)(C)C)=CC(S2)=C4OCCCOC5=CC(C6=NC=CC=C6)=NC(C7=CC=CC=N7)=C5)C=C(C(C)(C)C)C=C3S8)C(SC9=CC(C(C)(C)C)=CC8=C9OCCCOC%10=CC(C%11=NC=CC=C%11)=NC(C%12=CC=CC=N%12)=C%10)=C1)(C)C
outer_cv,train,3,4,14,,,226,Group 18/223.log,Group 18,Group 18,223.log,CC(C1=CC2=C(OCCOCCOCCOCCOCCOC3=C(SC4=CC(C(C)(C)C)=CC(S2)=C4OCCCOC5=CC(C6=NC=CC=C6)=NC(C7=CC=CC=N7)=C5)C=C(C(C)(C)C)C=C3S8)C(SC9=CC(C(C)(C)C)=CC8=C9OCCCOC%10=CC(C%11=NC=CC=C%11)=NC(C%12=CC=CC=N%12)=C%10)=C1)(C)C
outer_cv,train,3,4,14,,,227,Group 19/224.log,Group 19,Group 19,224.log,OC1=C(SC2=C(C(SC3=C(O)C(SC4=CC(C(C)(C)C)=CC(SC1=C5)=C4OCCSCCCCCCCC)=CC(C(C)(C)C)=C3)=CC(C(C)(C)C)=C2)OCCSCCCCCCCC)C=C5C(C)(C)C
outer_cv,train,3,4,14,,,228,Group 19/225.log,Group 19,Group 19,225.log,OC1=C(SC2=C(C(SC3=C(O)C(SC4=CC(C(C)(C)C)=CC(SC1=C5)=C4OCCSC)=CC(C(C)(C)C)=C3)=CC(C(C)(C)C)=C2)OCCSC)C=C5C(C)(C)C
outer_cv,train,3,4,14,,,229,Group 19/226.log,Group 19,Group 19,226.log,OC1=C(SC2=C(C(SC3=C(O)C(SC4=CC(C(C)(C)C)=CC(SC1=C5)=C4OCCSCC6=CC=CC=C6)=CC(C(C)(C)C)=C3)=CC(C(C)(C)C)=C2)OCCSCC7=CC=CC=C7)C=C5C(C)(C)C
outer_cv,train,3,4,14,,,230,Group 19/227.log,Group 19,Group 19,227.log,OC1=C(SC2=C(C(SC3=C(O)C(SC4=CC(C(C)(C)C)=CC(SC1=C5)=C4OCCCSCC)=CC(C(C)(C)C)=C3)=CC(C(C)(C)C)=C2)OCCCSCC)C=C5C(C)(C)C
outer_cv,train,3,4,14,,,231,Group 19/228.log,Group 19,Group 19,228.log,OC1=C(CC2=C(C(CC3=C(O)C(C4)=CC=C3)=CC=C2)OCCCS)C=CC=C1CC5=C(OCCCS)C4=CC=C5
outer_cv,train,3,4,14,,,232,Group 19/229.log,Group 19,Group 19,229.log,OC1=C(SC2=C(C(SC3=C(O)C(SC4=CC(C(C)(C)C)=CC(SC1=C5)=C4OCCCSCCSCCS)=CC(C(C)(C)C)=C3)=CC(C(C)(C)C)=C2)O)C=C5C(C)(C)C
outer_cv,train,3,4,14,,,233,Group 19/230.log,Group 19,Group 19,230.log,CC(C1=CC2=C(OCCCS)C(SC3=CC(C(C)(C)C)=CC(SC4=CC(C(C)(C)C)=CC(SC5=CC(C(C)(C)C)=CC(S2)=C5OCCCS)=C4OCCCS)=C3OCCCS)=C1)(C)C
outer_cv,train,3,4,14,,,234,Group 19/231.log,Group 19,Group 19,231.log,CC(C1=CC2=C(OCCCSCC(OC)=O)C(SC3=CC(C(C)(C)C)=CC(SC4=CC(C(C)(C)C)=CC(SC5=CC(C(C)(C)C)=CC(S2)=C5OCCCSCC(OC)=O)=C4OCCCSCC(OC)=O)=C3OCCCSCC(OC)=O)=C1)(C)C
outer_cv,train,3,4,14,,,235,Group 19/232.log,Group 19,Group 19,232.log,CC(C1=CC2=C(OCCCCSCC(OC)=O)C(SC3=CC(C(C)(C)C)=CC(SC4=CC(C(C)(C)C)=CC(SC5=CC(C(C)(C)C)=CC(S2)=C5OCCCCSCC(OC)=O)=C4OCCCCSCC(OC)=O)=C3OCCCCSCC(OC)=O)=C1)(C)C
outer_cv,train,3,4,14,,,236,Group 19/233.log,Group 19,Group 19,233.log,CC(C1=CC2=C(OCCCCCSCC(OC)=O)C(SC3=CC(C(C)(C)C)=CC(SC4=CC(C(C)(C)C)=CC(SC5=CC(C(C)(C)C)=CC(S2)=C5OCCCCCSCC(OC)=O)=C4OCCCCCSCC(OC)=O)=C3OCCCCCSCC(OC)=O)=C1)(C)C
outer_cv,train,3,4,14,,,237,Group 19/234.log,Group 19,Group 19,234.log,CC(C1=CC2=C(OCCOCCO)C(SC3=CC(C(C)(C)C)=CC(SC4=CC(C(C)(C)C)=CC(SC5=CC(C(C)(C)C)=CC(S2)=C5OCCSCC(OC)=O)=C4OCCOCCO)=C3OCCSCC(OC)=O)=C1)(C)C
outer_cv,train,3,4,14,,,238,Group 19/235.log,Group 19,Group 19,235.log,OC1=C(SC2=C(C(SC3=C(O)C(SC4=CC(C(C)(C)C)=CC(SC1=C5)=C4OCCSC(C)=O)=CC(C(C)(C)C)=C3)=CC(C(C)(C)C)=C2)OCCSC(C)=O)C=C5C(C)(C)C
outer_cv,train,3,4,14,,,239,Group 19/236.log,Group 19,Group 19,236.log,OC1=C(SC2=C(C(SC3=C(O)C(SC4=CC(C(C)(C)C)=CC(SC1=C5)=C4OCCCSC(C)=O)=CC(C(C)(C)C)=C3)=CC(C(C)(C)C)=C2)OCCCSC(C)=O)C=C5C(C)(C)C
outer_cv,train,3,4,14,,,240,Group 19/237.log,Group 19,Group 19,237.log,CC(C1=CC2=C(OCCSCCCCCCCC)C(SC3=CC(C(C)(C)C)=CC(SC4=CC(C(C)(C)C)=CC(SC5=CC(C(C)(C)C)=CC(S2)=C5OCCC#C)=C4OCCSCCCCCCCC)=C3OCCC#C)=C1)(C)C
outer_cv,train,3,4,14,,,241,Group 19/238.log,Group 19,Group 19,238.log,CC(C1=CC2=C(OCCSCCCCCCCC)C(SC3=CC(C(C)(C)C)=CC(SC4=CC(C(C)(C)C)=CC(SC5=CC(C(C)(C)C)=CC(S2)=C5OCCCC#C)=C4OCCSCCCCCCCC)=C3OCCCC#C)=C1)(C)C
outer_cv,train,3,4,14,,,242,Group 19/239.log,Group 19,Group 19,239.log,CC(C1=CC2=C(OCCSCCCCCCCC)C(SC3=CC(C(C)(C)C)=CC(SC4=CC(C(C)(C)C)=CC(SC5=CC(C(C)(C)C)=CC(S2)=C5OCCCCC#C)=C4OCCSCCCCCCCC)=C3OCCCCC#C)=C1)(C)C
outer_cv,train,3,4,14,,,243,Group 19/240.log,Group 19,Group 19,240.log,CC(C1=CC2=C(OCCSCCCCCCCC)C(SC3=CC(C(C)(C)C)=CC(SC4=CC(C(C)(C)C)=CC(SC5=CC(C(C)(C)C)=CC(S2)=C5OCCCBr)=C4OCCSCCCCCCCC)=C3OCCCBr)=C1)(C)C
outer_cv,train,3,4,14,,,244,Group 19/241.log,Group 19,Group 19,241.log,CC(C1=CC2=C(OCCSCCCCCCCC)C(SC3=CC(C(C)(C)C)=CC(SC4=CC(C(C)(C)C)=CC(SC5=CC(C(C)(C)C)=CC(S2)=C5OCCCN=[N+]=[N-])=C4OCCSCCCCCCCC)=C3OCCCN=[N+]=[N-])=C1)(C)C
outer_cv,train,3,4,14,,,245,Group 19/242.log,Group 19,Group 19,242.log,CC(C1=CC2=C(OCCSCCCCCCCC)C(SC3=CC(C(C)(C)C)=CC(SC4=CC(C(C)(C)C)=CC(SC5=CC(C(C)(C)C)=CC(S2)=C5OCCCN6C(C(OC)=O)=C(C(OC)=O)N=N6)=C4OCCSCCCCCCCC)=C3OCCCN7N=NC(C(OC)=O)=C7C(OC)=O)=C1)(C)C
outer_cv,train,3,4,14,,,246,Group 19/243.log,Group 19,Group 19,243.log,OC1=C(SC2=C(C(SC3=C(O)C(SC4=CC(C(C)(C)C)=CC(SC1=C5)=C4OCCCBr)=CC(C(C)(C)C)=C3)=CC(C(C)(C)C)=C2)OCCCSC(C)=O)C=C5C(C)(C)C
outer_cv,train,3,4,14,,,258,Group 22/255.log,Group 22,Group 22,255.log,CC(C1=CC2=C(OCCOCCOCCOC3=C(SC4=CC(C(C)(C)C)=CC(S2)=C4OCCSC(C)=O)C=C(C(C)(C)C)C=C3S5)C(SC6=CC(C(C)(C)C)=CC5=C6OCCSC(C)=O)=C1)(C)C
outer_cv,train,3,4,14,,,259,Group 22/256.log,Group 22,Group 22,256.log,CC(C1=CC2=C(OCCOCCOCCOC3=C(SC4=CC(C(C)(C)C)=CC(S2)=C4OCCCSC(C)=O)C=C(C(C)(C)C)C=C3S5)C(SC6=CC(C(C)(C)C)=CC5=C6OCCCSC(C)=O)=C1)(C)C
outer_cv,train,3,4,14,,,260,Group 22/257.log,Group 22,Group 22,257.log,CC(C1=CC2=C(OCCOCCOCCOC3=C(SC4=CC(C(C)(C)C)=CC(S2)=C4OCCSC)C=C(C(C)(C)C)C=C3S5)C(SC6=CC(C(C)(C)C)=CC5=C6OCCSC)=C1)(C)C
outer_cv,train,3,4,14,,,261,Group 22/258.log,Group 22,Group 22,258.log,CC(C1=CC2=C(OCCOCCOCCOC3=C(SC4=CC(C(C)(C)C)=CC(S2)=C4OCCSCC5=CC=CC=C5)C=C(C(C)(C)C)C=C3S6)C(SC7=CC(C(C)(C)C)=CC6=C7OCCSCC8=CC=CC=C8)=C1)(C)C
outer_cv,train,3,4,14,,,262,Group 22/259.log,Group 22,Group 22,259.log,CC(C1=CC2=C(OCCOCCOCCOC3=C(SC4=CC(C(C)(C)C)=CC(S2)=C4OCCCSCC)C=C(C(C)(C)C)C=C3S5)C(SC6=CC(C(C)(C)C)=CC5=C6OCCCSCC)=C1)(C)C
outer_cv,train,3,4,14,,,263,Group 22/260.log,Group 22,Group 22,260.log,CC(C1=CC2=C(OCCOCCOCCOCCOC3=C(SC4=CC(C(C)(C)C)=CC(S2)=C4OCCSCC5=CC=CC=C5)C=C(C(C)(C)C)C=C3S6)C(SC7=CC(C(C)(C)C)=CC6=C7OCCSCC8=CC=CC=C8)=C1)(C)C
outer_cv,train,3,4,14,,,264,Group 22/261.log,Group 22,Group 22,261.log,CC(C1=CC2=C(OCCOCCOCCOCCOC3=C(SC4=CC(C(C)(C)C)=CC(S2)=C4OCCCSCC)C=C(C(C)(C)C)C=C3S5)C(SC6=CC(C(C)(C)C)=CC5=C6OCCCSCC)=C1)(C)C
outer_cv,train,3,4,14,,,265,Group 22/262.log,Group 22,Group 22,262.log,CC(C1=CC2=C(OCCOCCOC3=C(SC4=CC(C(C)(C)C)=CC(S2)=C4OCCCSC(C)=O)C=C(C(C)(C)C)C=C3S5)C(SC6=CC(C(C)(C)C)=CC5=C6OCCCSC(C)=O)=C1)(C)C
outer_cv,valid,3,4,14,,,58,Group 5/55.log,Group 5,Group 5,55.log,CC(C1=CC2=C(OCCC#C)C(SC3=CC(C(C)(C)C)=CC(SC4=CC(C(C)(C)C)=CC5=C4OCCC#CC(C(C=C6S5)=CC(S2)=C6OCCCCCCCCCCCC)(C)C)=C3OCCCCCCCCCCCC)=C1)(C)C
outer_cv,valid,3,4,14,,,59,Group 5/56.log,Group 5,Group 5,56.log,CC(C1=CC2=C(OCCCC#C)C(SC3=CC(C(C)(C)C)=CC(SC4=CC(C(C)(C)C)=CC(SC5=CC(C(C)(C)C)=CC(S2)=C5OCCCCCCCCCCCC)=C4OCCCC#C)=C3OCCCCCCCCCCCC)=C1)(C)C
outer_cv,valid,3,4,14,,,60,Group 5/57.log,Group 5,Group 5,57.log,CC(C1=CC2=C(OCCCCC#C)C(SC3=CC(C(C)(C)C)=CC(SC4=CC(C(C)(C)C)=CC(SC5=CC(C(C)(C)C)=CC(S2)=C5OCCCCCCCCCCCC)=C4OCCCCC#C)=C3OCCCCCCCCCCCC)=C1)(C)C
outer_cv,valid,3,4,14,,,94,Group 9/91.log,Group 9,Group 9,91.log,CC(C)(C1=CC(CC2=C(C(CC(C=C(C=C3C4)C(C)(C)C)=C3OCC5=CC(C6=CC=CC=C6)=NN5)=CC(C(C)(C)C)=C2)OCC7=CC(C8=CC=CC=C8)=NN7)=C(OCC9=CC(C%10=CC=CC=C%10)=NN9)C(CC%11=CC(C(C)(C)C)=CC4=C%11OCC%12=CC(C%13=CC=CC=C%13)=NN%12)=C1)C
outer_cv,valid,3,4,14,,,95,Group 9/92.log,Group 9,Group 9,92.log,CC(C)(C1=CC(CC2=C(C(CC(C=C(C=C3C4)C(C)(C)C)=C3OCC5=CC(C6=CC=C(C)C=C6)=NN5)=CC(C(C)(C)C)=C2)OCC7=CC(C8=CC=C(C)C=C8)=NN7)=C(OCC9=CC(C%10=CC=C(C)C=C%10)=NN9)C(CC%11=CC(C(C)(C)C)=CC4=C%11OCC%12=CC(C%13=CC=C(C)C=C%13)=NN%12)=C1)C
outer_cv,valid,3,4,14,,,96,Group 9/93.log,Group 9,Group 9,93.log,CC(C)(C1=CC(CC2=C(C(CC(C=C(C=C3C4)C(C)(C)C)=C3OCC5=CC(C6=CC=C(Cl)C=C6)=NN5)=CC(C(C)(C)C)=C2)OCC7=CC(C8=CC=C(Cl)C=C8)=NN7)=C(OCC9=CC(C%10=CC=C(Cl)C=C%10)=NN9)C(CC%11=CC(C(C)(C)C)=CC4=C%11OCC%12=CC(C%13=CC=C(Cl)C=C%13)=NN%12)=C1)C
outer_cv,valid,3,4,14,,,97,Group 9/94.log,Group 9,Group 9,94.log,CC(C)(C1=CC(CC2=C(C(CC(C=C(C=C3C4)C(C)(C)C)=C3OCC5=CC(C6=CC=C(OC)C=C6)=NN5)=CC(C(C)(C)C)=C2)OCC7=CC(C8=CC=C(OC)C=C8)=NN7)=C(OCC9=CC(C%10=CC=C(OC)C=C%10)=NN9)C(CC%11=CC(C(C)(C)C)=CC4=C%11OCC%12=CC(C%13=CC=C(OC)C=C%13)=NN%12)=C1)C
outer_cv,valid,3,4,14,,,98,Group 9/95.log,Group 9,Group 9,95.log,CC(C)(C)C1=CC(CC2=C3)=C(OCC4=CC(C5=CC=C(C)C=C5)=NN4)C(CC6=CC(C(C)(C)C)=CC(CC7=CC(C(C)(C)C)=CC(CC(C=C3C(C)(C)C)=C2OCC8=CC(C9=CC=C(C)C=C9)=NN8)=C7OCC%10=CC(C%11=CC=C(C)C=C%11)=N[N]%10)=C6OCC%12=CC(C%13=CC=C(C)C=C%13)=NN%12)=C1
outer_cv,valid,3,4,14,,,99,Group 9/96.log,Group 9,Group 9,96.log,CC(C)(C)C1=CC(CC2=C3)=C(OCC4=CC(C5=CC=C(Cl)C=C5)=NN4)C(CC6=CC(C(C)(C)C)=CC(CC7=CC(C(C)(C)C)=CC(CC(C=C3C(C)(C)C)=C2OCC8=CC(C9=CC=C(Cl)C=C9)=NN8)=C7OCC%10=CC(C%11=CC=C(Cl)C=C%11)=N[N]%10)=C6OCC%12=CC(C%13=CC=C(Cl)C=C%13)=NN%12)=C1
outer_cv,valid,3,4,14,,,100,Group 9/97.log,Group 9,Group 9,97.log,CC(C)(C)C1=CC(CC2=C3)=C(OCC4=CC(C5=CC=C(OC)C=C5)=NN4)C(CC6=CC(C(C)(C)C)=CC(CC7=CC(C(C)(C)C)=CC(CC(C=C3C(C)(C)C)=C2OCC8=CC(C9=CC=C(OC)C=C9)=NN8)=C7OCC%10=CC(C%11=CC=C(OC)C=C%11)=NN%10)=C6OCC%12=CC(C%13=CC=C(OC)C=C%13)=NN%12)=C1
outer_cv,valid,3,4,14,,,101,Group 9/98.log,Group 9,Group 9,98.log,CC(C)(C)C1=CC(CC2=C3)=C(OCC4=CC(C5=CC=CC=C5)=NN4)C(CC6=CC(C(C)(C)C)=CC(CC7=CC(C(C)(C)C)=CC(CC(C=C3C(C)(C)C)=C2OCC8=CC(C9=CC=CC=C9)=NN8)=C7OCC%10=CC(C%11=CC=CC=C%11)=NN%10)=C6OCC%12=CC(C%13=CC=CC=C%13)=NN%12)=C1
outer_cv,valid,3,4,14,,,102,Group 9/99.log,Group 9,Group 9,99.log,CC(C1=CC2=C(OCC3=CC(C4=CC=CC=C4)=NN3)C(CC5=CC(C(C)(C)C)=CC(CC6=CC(C(C)(C)C)=CC(CC7=CC(C(C)(C)C)=CC(C2)=C7OCC8=CC(C9=CC=CC=C9)=NN8)=C6OCC%10=CC(C%11=CC=CC=C%11)=NN%10)=C5OCC%12=CC(C%13=CC=CC=C%13)=NN%12)=C1)(C)C
outer_cv,valid,3,4,14,,,103,Group 9/100.log,Group 9,Group 9,100.log,CC(C1=CC2=C(OCC3=CC(C4=CC=C(C)C=C4)=NN3)C(CC5=CC(C(C)(C)C)=CC(CC6=CC(C(C)(C)C)=CC(CC7=CC(C(C)(C)C)=CC(C2)=C7OCC8=CC(C9=CC=C(C)C=C9)=NN8)=C6OCC%10=CC(C%11=CC=C(C)C=C%11)=NN%10)=C5OCC%12=CC(C%13=CC=C(C)C=C%13)=NN%12)=C1)(C)C
outer_cv,valid,3,4,14,,,104,Group 9/101.log,Group 9,Group 9,101.log,CC(C1=CC2=C(OCC3=CC(C4=CC=C(Cl)C=C4)=NN3)C(CC5=CC(C(C)(C)C)=CC(CC6=CC(C(C)(C)C)=CC(CC7=CC(C(C)(C)C)=CC(C2)=C7OCC8=CC(C9=CC=C(Cl)C=C9)=NN8)=C6OCC%10=CC(C%11=CC=C(Cl)C=C%11)=NN%10)=C5OCC%12=CC(C%13=CC=C(Cl)C=C%13)=NN%12)=C1)(C)C
outer_cv,valid,3,4,14,,,105,Group 9/102.log,Group 9,Group 9,102.log,CC(C1=CC2=C(OCC3=CC(C4=CC=C(OC)C=C4)=NN3)C(CC5=CC(C(C)(C)C)=CC(CC6=CC(C(C)(C)C)=CC(CC7=CC(C(C)(C)C)=CC(C2)=C7OCC8=CC(C9=CC=C(OC)C=C9)=NN8)=C6OCC%10=CC(C%11=CC=C(OC)C=C%11)=NN%10)=C5OCC%12=CC(C%13=CC=C(OC)C=C%13)=NN%12)=C1)(C)C
outer_cv,valid,3,4,14,,,106,Group 9/103.log,Group 9,Group 9,103.log,C1(C2)=C(C(CC(C=CC=C3CC4=C(OCC5=CC(C6=CC=CC=C6)=NN5)C(CC7=CC=CC2=C7OCC8=CC(C9=CC=CC=C9)=NN8)=CC=C4)=C3OCC%10=CC(C%11=CC=CC=C%11)=NN%10)=CC=C1)OCC%12=CC(C%13=CC=CC=C%13)=NN%12
outer_cv,valid,3,4,14,,,107,Group 9/104.log,Group 9,Group 9,104.log,CC(C1=CC2=C(OCCCC3=CC(C4=CC=CC=C4)=NN3)C(CC5=CC(C(C)(C)C)=CC(CC6=CC(C(C)(C)C)=CC(CC7=CC(C(C)(C)C)=CC(C2)=C7OCCCC8=CC(C9=CC=CC=C9)=NN8)=C6OCCCC%10=CC(C%11=CC=CC=C%11)=NN%10)=C5OCCCC%12=CC(C%13=CC=CC=C%13)=NN%12)=C1)(C)C
outer_cv,valid,3,4,14,,,108,Group 9/105.log,Group 9,Group 9,105.log,CC(C1=CC2=C(OCC3=CC(C4=CC=CC=C4)=NN3)C(SC5=CC(C(C)(C)C)=CC(SC6=CC(C(C)(C)C)=CC(SC7=CC(C(C)(C)C)=CC(S2)=C7OCC8=CC(C9=CC=CC=C9)=NN8)=C6OCC%10=CC(C%11=CC=CC=C%11)=NN%10)=C5OCC%12=CC(C%13=CC=CC=C%13)=NN%12)=C1)(C)C
outer_cv,valid,3,4,14,,,109,Group 9/106.log,Group 9,Group 9,106.log,CC(C1=CC2=C(OCCCC3=CC(C4=CC=CC=C4)=NN3)C(SC5=CC(C(C)(C)C)=CC(SC6=CC(C(C)(C)C)=CC(SC7=CC(C(C)(C)C)=CC(S2)=C7OCCCC8=CC(C9=CC=CC=C9)=NN8)=C6OCCCC%10=CC(C%11=CC=CC=C%11)=NN%10)=C5OCCCC%12=CC(C%13=CC=CC=C%13)=NN%12)=C1)(C)C
outer_cv,valid,3,4,14,,,110,Group 9/107.log,Group 9,Group 9,107.log,CC(C1=CC2=C(OCCCCC3=CC(C4=CC=CC=C4)=NN3)C(SC5=CC(C(C)(C)C)=CC(SC6=CC(C(C)(C)C)=CC(SC7=CC(C(C)(C)C)=CC(S2)=C7OCCCCC8=CC(C9=CC=CC=C9)=NN8)=C6OCCCCC%10=CC(C%11=CC=CC=C%11)=NN%10)=C5OCCCCC%12=CC(C%13=CC=CC=C%13)=NN%12)=C1)(C)C
outer_cv,valid,3,4,14,,,111,Group 9/108.log,Group 9,Group 9,108.log,CC(C1=CC2=C(OCCCCCN3C=CC=N3)C(SC4=CC(C(C)(C)C)=CC(SC5=CC(C(C)(C)C)=CC(SC6=CC(C(C)(C)C)=CC(S2)=C6OCCCCCN7C=CC=N7)=C5OCCCCCN8N=CC=C8)=C4OCCCCCN9N=CC=C9)=C1)(C)C
outer_cv,valid,3,4,14,,,112,Group 9/109.log,Group 9,Group 9,109.log,CC(C)(C)C(C=C1)=CC=C1OCC2=N3N([H][N]4C(COC5=CC=C(C(C)(C)C)C=C5)=CC(C6=CC=CC=C6)=[N]4[H]N(N([H][N]7[N]([H]3)=C(C8=CC=CC=C8)C=C7COC9=CC=C(C(C)(C)C)C=C9)C(C%10=CC=CC=C%10)=C%11)=C%11COC%12=CC=C(C(C)(C)C)C=C%12)C(C%13=CC=CC=C%13)=C2
outer_cv,valid,3,4,14,,,113,Group 9/110.log,Group 9,Group 9,110.log,CC(C)(C)C(C=C1)=CC=C1OCC2=CC(C3=CC=CC=C3)=N([H]N([N]([H][N]4N5=C(C6=CC=CC=C6)C=C4COC7=CC=C(C(C)(C)C)C=C7)C(COC8=CC=C(C(C)(C)C)C=C8)=C9)=C9C%10=CC=CC=C%10)[N]2[H][N]%11N([H]5)=C(C%12=CC=CC=C%12)C=C%11COC%13=CC=C(C(C)(C)C)C=C%13
outer_cv,valid,3,4,14,,,184,Group 14/181.log,Group 14,Group 14,181.log,CC(C)(C1=CC(CC2=C(C(CC(C=C(C=C3C4)C(C)(C)C)=C3OCC#CC(C5=CC=CC=C5)=O)=CC(C(C)(C)C)=C2)OCC#CC(C6=CC=CC=C6)=O)=C(OCC#CC(C7=CC=CC=C7)=O)C(CC8=CC(C(C)(C)C)=CC4=C8OCC#CC(C9=CC=CC=C9)=O)=C1)C
outer_cv,valid,3,4,14,,,185,Group 14/182.log,Group 14,Group 14,182.log,CC(C)(C1=CC(CC2=C(C(CC(C=C(C=C3C4)C(C)(C)C)=C3OCC#CC(C5=CC=C(C)C=C5)=O)=CC(C(C)(C)C)=C2)OCC#CC(C6=CC=C(C)C=C6)=O)=C(OCC#CC(C7=CC=C(C)C=C7)=O)C(CC8=CC(C(C)(C)C)=CC4=C8OCC#CC(C9=CC=C(C)C=C9)=O)=C1)C
outer_cv,valid,3,4,14,,,186,Group 14/183.log,Group 14,Group 14,183.log,CC(C)(C1=CC(CC2=C(C(CC(C=C(C=C3C4)C(C)(C)C)=C3OCC#CC(C5=CC=C(Cl)C=C5)=O)=CC(C(C)(C)C)=C2)OCC#CC(C6=CC=C(Cl)C=C6)=O)=C(OCC#CC(C7=CC=C(Cl)C=C7)=O)C(CC8=CC(C(C)(C)C)=CC4=C8OCC#CC(C9=CC=C(Cl)C=C9)=O)=C1)C
outer_cv,valid,3,4,14,,,187,Group 14/184.log,Group 14,Group 14,184.log,CC(C)(C1=CC(CC2=C(C(CC(C=C(C=C3C4)C(C)(C)C)=C3OCC#CC(C5=CC=C(OC)C=C5)=O)=CC(C(C)(C)C)=C2)OCC#CC(C6=CC=C(OC)C=C6)=O)=C(OCC#CC(C7=CC=C(OC)C=C7)=O)C(CC8=CC(C(C)(C)C)=CC4=C8OCC#CC(C9=CC=C(OC)C=C9)=O)=C1)C
outer_cv,valid,3,4,14,,,188,Group 14/185.log,Group 14,Group 14,185.log,CC(C1=CC2=C(OCC#CC(C3=CC=CC=C3)=O)C(CC4=CC(C(C)(C)C)=CC(CC5=CC(C(C)(C)C)=CC(CC6=CC(C(C)(C)C)=CC(C2)=C6OCC#CC(C7=CC=CC=C7)=O)=C5OCC#CC(C8=CC=CC=C8)=O)=C4OCC#CC(C9=CC=CC=C9)=O)=C1)(C)C
outer_cv,valid,3,4,14,,,189,Group 14/186.log,Group 14,Group 14,186.log,CC(C1=CC2=C(OCC#CC(C3=CC=C(C)C=C3)=O)C(CC4=CC(C(C)(C)C)=CC(CC5=CC(C(C)(C)C)=CC(CC6=CC(C(C)(C)C)=CC(C2)=C6OCC#CC(C7=CC=C(C)C=C7)=O)=C5OCC#CC(C8=CC=C(C)C=C8)=O)=C4OCC#CC(C9=CC=C(C)C=C9)=O)=C1)(C)C
outer_cv,valid,3,4,14,,,190,Group 14/187.log,Group 14,Group 14,187.log,CC(C)(C)C1=CC(CC2=C3)=C(OCC#CC(C4=CC=CC=C4)=O)C(CC5=CC(C(C)(C)C)=CC(CC6=CC(C(C)(C)C)=CC(CC(C=C3C(C)(C)C)=C2OCC#CC(C7=CC=CC=C7)=O)=C6OCC#CC(C8=CC=CC=C8)=O)=C5OCC#CC(C9=CC=CC=C9)=O)=C1
outer_cv,valid,3,4,14,,,191,Group 14/188.log,Group 14,Group 14,188.log,CC(C)(C)C1=CC(CC2=C3)=C(OCC#CC(C4=CC=C(C)C=C4)=O)C(CC5=CC(C(C)(C)C)=CC(CC6=CC(C(C)(C)C)=CC(CC(C=C3C(C)(C)C)=C2OCC#CC(C7=CC=C(C)C=C7)=O)=C6OCC#CC(C8=CC=C(C)C=C8)=O)=C5OCC#CC(C9=CC=C(C)C=C9)=O)=C1
outer_cv,valid,3,4,14,,,192,Group 14/189.log,Group 14,Group 14,189.log,CC(C)(C)C1=CC(CC2=C3)=C(OCC#CC(C4=CC=C(Cl)C=C4)=O)C(CC5=CC(C(C)(C)C)=CC(CC6=CC(C(C)(C)C)=CC(CC(C=C3C(C)(C)C)=C2OCC#CC(C7=CC=C(Cl)C=C7)=O)=C6OCC#CC(C8=CC=C(Cl)C=C8)=O)=C5OCC#CC(C9=CC=C(Cl)C=C9)=O)=C1
outer_cv,valid,3,4,14,,,193,Group 14/190.log,Group 14,Group 14,190.log,CC(C)(C)C1=CC(CC2=C3)=C(OCC#CC(C4=CC=C(OC)C=C4)=O)C(CC5=CC(C(C)(C)C)=CC(CC6=CC(C(C)(C)C)=CC(CC(C=C3C(C)(C)C)=C2OCC#CC(C7=CC=C(OC)C=C7)=O)=C6OCC#CC(C8=CC=C(OC)C=C8)=O)=C5OCC#CC(C9=CC=C(OC)C=C9)=O)=C1
outer_cv,valid,3,4,14,,,194,Group 14/191.log,Group 14,Group 14,191.log,CC(C1=CC2=C(OCC#CC(C3=CC=C(Cl)C=C3)=O)C(CC4=CC(C(C)(C)C)=CC(CC5=CC(C(C)(C)C)=CC(CC6=CC(C(C)(C)C)=CC(C2)=C6OCC#CC(C7=CC=C(Cl)C=C7)=O)=C5OCC#CC(C8=CC=C(Cl)C=C8)=O)=C4OCC#CC(C9=CC=C(Cl)C=C9)=O)=C1)(C)C
outer_cv,valid,3,4,14,,,195,Group 14/192.log,Group 14,Group 14,192.log,CC(C1=CC2=C(OCC#CC(C3=CC=C(OC)C=C3)=O)C(CC4=CC(C(C)(C)C)=CC(CC5=CC(C(C)(C)C)=CC(CC6=CC(C(C)(C)C)=CC(C2)=C6OCC#CC(C7=CC=C(OC)C=C7)=O)=C5OCC#CC(C8=CC=C(OC)C=C8)=O)=C4OCC#CC(C9=CC=C(OC)C=C9)=O)=C1)(C)C
outer_cv,valid,3,4,14,,,196,Group 14/193.log,Group 14,Group 14,193.log,CC(C1=CC2=C(OCC#CC(C3=CC=CC=C3)=O)C(SC4=CC(C(C)(C)C)=CC(SC5=CC(C(C)(C)C)=CC(SC6=CC(C(C)(C)C)=CC(S2)=C6OCC#CC(C7=CC=CC=C7)=O)=C5OCC#CC(C8=CC=CC=C8)=O)=C4OCC#CC(C9=CC=CC=C9)=O)=C1)(C)C
outer_cv,valid,3,4,14,,,197,Group 14/194.log,Group 14,Group 14,194.log,CC(C1=CC2=C(OCCC#CC(C3=CC=CC=C3)=O)C(SC4=CC(C(C)(C)C)=CC(SC5=CC(C(C)(C)C)=CC6=C5OCCC#C(C(C7=CC=CC=C7)=O)C(C(C=C8S6)=CC(S2)=C8OCCC#CC(C9=CC=CC=C9)=O)(C)C)=C4OCCC#CC(C%10=CC=CC=C%10)=O)=C1)(C)C
outer_cv,valid,3,4,14,,,198,Group 14/195.log,Group 14,Group 14,195.log,CC(C1=CC2=C(OCCCC#CC(C3=CC=CC=C3)=O)C(CC4=CC(C(C)(C)C)=CC(CC5=CC(C(C)(C)C)=CC(CC6=CC(C(C)(C)C)=CC(C2)=C6OCCCC#CC(C7=CC=CC=C7)=O)=C5OCCCC#CC(C8=CC=CC=C8)=O)=C4OCCCC#CC(C9=CC=CC=C9)=O)=C1)(C)C
outer_cv,valid,3,4,14,,,199,Group 14/196.log,Group 14,Group 14,196.log,CC(C1=CC2=C(OCCCC#CC(C3=CC=CC=C3)=O)C(SC4=CC(C(C)(C)C)=CC(SC5=CC(C(C)(C)C)=CC(SC6=CC(C(C)(C)C)=CC(S2)=C6OCCCC#CC(C7=CC=CC=C7)=O)=C5OCCCC#CC(C8=CC=CC=C8)=O)=C4OCCCC#CC(C9=CC=CC=C9)=O)=C1)(C)C
outer_cv,valid,3,4,14,,,200,Group 14/197.log,Group 14,Group 14,197.log,CC(C1=CC2=C(OCCCCC#CC(C3=CC=CC=C3)=O)C(SC4=CC(C(C)(C)C)=CC(SC5=CC(C(C)(C)C)=CC(SC6=CC(C(C)(C)C)=CC(S2)=C6OCCCCC#CC(C7=CC=CC=C7)=O)=C5OCCCCC#CC(C8=CC=CC=C8)=O)=C4OCCCCC#CC(C9=CC=CC=C9)=O)=C1)(C)C
outer_cv,valid,3,4,14,,,247,Group 20/244.log,Group 20,Group 20,244.log,BrCCCOC1=C2C=CC=C1SC3=CC=CC4=C3OCCSCCSCCOC5=C(SC6=CC=CC(S4)=C6OCCCBr)C=CC=C5S2
outer_cv,valid,3,4,14,,,248,Group 20/245.log,Group 20,Group 20,245.log,CC(C1=CC2=C(OCCSCCSCCOC3=C(SC4=CC(C(C)(C)C)=CC(S2)=C4OCCCBr)C=C(C(C)(C)C)C=C3S5)C(SC6=CC(C(C)(C)C)=CC5=C6OCCCBr)=C1)(C)C
outer_cv,valid,3,4,14,,,249,Group 20/246.log,Group 20,Group 20,246.log,CC(C1=CC2=C(OCCSCCSCCOC3=C(SC4=CC(C(C)(C)C)=CC(S2)=C4OCCCCCCCCCCCC)C=C(C(C)(C)C)C=C3S5)C(SC6=CC(C(C)(C)C)=CC5=C6OCCCCCCCCCCCC)=C1)(C)C
outer_cv,valid,3,4,14,,,250,Group 20/247.log,Group 20,Group 20,247.log,CC(C1=CC2=C(OCCCSCCOCCSCCCOC3=C(SC4=CC(C(C)(C)C)=CC(S2)=C4OCCCCCCCCCCCC)C=C(C(C)(C)C)C=C3S5)C(SC6=CC(C(C)(C)C)=CC5=C6OCCCCCCCCCCCC)=C1)(C)C
outer_cv,valid,3,4,14,,,251,Group 20/248.log,Group 20,Group 20,248.log,CC(C1=CC2=C(OCCCSCCSCCSCCCOC3=C(SC4=CC(C(C)(C)C)=CC(S2)=C4OCCCCCCCCCCCC)C=C(C(C)(C)C)C=C3S5)C(SC6=CC(C(C)(C)C)=CC5=C6OCCCCCCCCCCCC)=C1)(C)C
outer_cv,train,3,5,15,,,11,Group 2/12.log,Group 2,Group 2,12.log,OC1=C(SC2=C(C(SC3=C(O)C(SC4=CC(C(C)(C)C)=CC(SC1=C5)=C4O[Si](C)(C(C)(C)C)C)=CC(C(C)(C)C)=C3)=CC(C(C)(C)C)=C2)O[Si](C)(C)C(C)(C)C)C=C5C(C)(C)C
outer_cv,train,3,5,15,,,12,Group 2/13.log,Group 2,Group 2,13.log,OC1=C(SC2=C(C(SC3=C(O)C(S4)=CC=C3)=CC=C2)O[Si](C)(C)C(C)(C)C)C=CC=C1SC5=C(O[Si](C)(C(C)(C)C)C)C4=CC=C5
outer_cv,train,3,5,15,,,13,Group 2/14.log,Group 2,Group 2,14.log,OC1=C(SC2=C(C(SC3=C(O)C(SC4=CC(Br)=CC(SC1=C5)=C4O[Si](C)(C(C)(C)C)C)=CC(Br)=C3)=CC(Br)=C2)O[Si](C)(C)C(C)(C)C)C=C5Br
outer_cv,train,3,5,15,,,14,Group 2/15.log,Group 2,Group 2,15.log,OC1=C(SC2=C(C(SC3=C(O)C(S4)=CC=C3)=CC=C2)OS(C(F)(F)F)(=O)=O)C=CC=C1SC5=C(OS(=O)(C(F)(F)F)=O)C4=CC=C5
outer_cv,train,3,5,15,,,26,Group 4/27.log,Group 4,Group 4,27.log,CC(C)(C)C1=CC(CC2=C3)=C(OCC#C)C(CC4=CC(C(C)(C)C)=CC(CC5=CC(C(C)(C)C)=CC(CC(C=C3C(C)(C)C)=C2OCC#C)=C5OCC#C)=C4OCC#C)=C1
outer_cv,train,3,5,15,,,27,Group 4/28.log,Group 4,Group 4,28.log,CC(C)(C1=CC(CC2=C(C(CC(C=C(C=C3C4)C(C)(C)C)=C3OCC#C)=CC(C(C)(C)C)=C2)OCC#C)=C(OCC#C)C(CC5=CC(C(C)(C)C)=CC4=C5OCC#C)=C1)C
outer_cv,train,3,5,15,,,28,Group 4/29.log,Group 4,Group 4,29.log,CC(C1=CC2=C(OCC#C)C(CC3=CC(C(C)(C)C)=CC(CC4=CC(C(C)(C)C)=CC(CC5=CC(C(C)(C)C)=CC(C2)=C5OCC#C)=C4OCC#C)=C3OCC#C)=C1)(C)C
outer_cv,train,3,5,15,,,29,Group 4/30.log,Group 4,Group 4,30.log,C#CCOC1=C2C=CC=C1CC3=CC=CC(CC4=CC=CC(CC(C=CC=C5C2)=C5OCC#C)=C4OCC#C)=C3OCC#C
outer_cv,train,3,5,15,,,30,Group 4/31.log,Group 4,Group 4,31.log,OC1=C(SC2=C(C(S3)=CC(C(C)(C)C)=C2)OCCC#CC#CCCOC4=C(SC1=C5)C=C(C(C)(C)C)C=C4SC6=CC(C(C)(C)C)=CC3=C6O)C=C5C(C)(C)C
outer_cv,train,3,5,15,,,31,Group 4/32.log,Group 4,Group 4,32.log,OC1=C(CC2=C(C(CC3=C(O)C(CC4=CC(C(C)(C)C)=CC(CC1=C5)=C4OCC=C)=CC(C(C)(C)C)=C3)=CC(C(C)(C)C)=C2)OCC=C)C=C5C(C)(C)C
outer_cv,train,3,5,15,,,32,Group 4/33.log,Group 4,Group 4,33.log,OC1=C(CC2=C(C(CC3=C(O)C(C4)=CC=C3)=CC=C2)OCC=C)C=CC=C1CC5=C(OCC=C)C4=CC=C5
outer_cv,train,3,5,15,,,33,Group 4/34.log,Group 4,Group 4,34.log,OC1=C(SC2=C(C(SC3=C(O)C(SC4=CC(C(C)(C)C)=CC(SC1=C5)=C4OCC=C)=CC(C(C)(C)C)=C3)=CC(C(C)(C)C)=C2)OCC=C)C=C5C(C)(C)C
outer_cv,train,3,5,15,,,34,Group 4/35.log,Group 4,Group 4,35.log,CC(C1=CC2=C(OCC=C)C(SC3=CC(C(C)(C)C)=CC(SC4=CC(C(C)(C)C)=CC(SC5=CC(C(C)(C)C)=CC(S2)=C5OCC=C)=C4OCC=C)=C3OCC=C)=C1)(C)C
outer_cv,train,3,5,15,,,35,Group 4/36.log,Group 4,Group 4,36.log,CC(C1=CC2=C(OCC#C)C(SC3=CC(C(C)(C)C)=CC(SC4=CC(C(C)(C)C)=CC(SC5=CC(C(C)(C)C)=CC(S2)=C5OCC#C)=C4OCC#C)=C3OCC#C)=C1)(C)C
outer_cv,train,3,5,15,,,36,Group 4/36_iso.log,Group 4,Group 4,36_iso.log,CC(C)(C1=CC(SC2=C(C(SC(C=C(C=C3S4)C(C)(C)C)=C3OCC#C)=CC(C(C)(C)C)=C2)OCC#C)=C(OCC#C)C(SC5=CC(C(C)(C)C)=CC4=C5OCC#C)=C1)C
outer_cv,train,3,5,15,,,37,Group 4/37_iso.log,Group 4,Group 4,37_iso.log,C#CCOC1=C(SC2=CC=CC(S3)=C2OCC#C)C=CC=C1SC4=C(OCC#C)C(SC5=CC=CC3=C5OCC#C)=CC=C4
outer_cv,train,3,5,15,,,38,Group 4/37.log,Group 4,Group 4,37.log,C#CCOC1=C(S2)C=CC=C1SC(C=CC=C3SC4=C(OCC#C)C(SC5=CC=CC2=C5OCC#C)=CC=C4)=C3OCC#C
outer_cv,train,3,5,15,,,39,Group 4/38.log,Group 4,Group 4,38.log,BrC1=CC(SC2=CC(Br)=CC(SC3=C(OCC#C)C(SC4=CC(Br)=CC(SC5=C1)=C4OCC#C)=CC(Br)=C3)=C2OCC#C)=C5OCC#C
outer_cv,train,3,5,15,,,40,Group 4/38_iso.log,Group 4,Group 4,38_iso.log,BrC(C=C1S2)=CC(SC3=CC(Br)=CC(SC4=C(OCC#C)C(SC5=CC(Br)=CC2=C5OCC#C)=CC(Br)=C4)=C3OCC#C)=C1OCC#C
outer_cv,train,3,5,15,,,41,Group 4/39.log,Group 4,Group 4,39.log,OC1=C(SC2=C(C(SC3=C(O)C(SC4=CC(C(C)(C)C)=CC(SC1=C5)=C4OCC#C)=CC(C(C)(C)C)=C3)=CC(C(C)(C)C)=C2)OCC#C)C=C5C(C)(C)C
outer_cv,train,3,5,15,,,42,Group 4/39_iso.log,Group 4,Group 4,39_iso.log,OC(C(SC1=CC(C(C)(C)C)=CC(SC2=CC(C(C)(C)C)=CC(S3)=C2O)=C1OCC#C)=CC(C(C)(C)C)=C4)=C4SC5=C(C3=CC(C(C)(C)C)=C5)OCC#C
outer_cv,train,3,5,15,,,43,Group 4/40.log,Group 4,Group 4,40.log,CC(C)(C)C1=CC(CC2=C3)=C(OCCC#C)C(CC4=CC(C(C)(C)C)=CC(CC5=CC(C(C)(C)C)=CC(CC(C=C3C(C)(C)C)=C2OCCC#C)=C5OCCC#C)=C4OCCC#C)=C1
outer_cv,train,3,5,15,,,44,Group 4/41.log,Group 4,Group 4,41.log,CC(C)(C1=CC(CC2=C(C(CC(C=C(C=C3C4)C(C)(C)C)=C3OCCCC#C)=CC(C(C)(C)C)=C2)OCCCC#C)=C(OCCCC#C)C(CC5=CC(C(C)(C)C)=CC4=C5OCCCC#C)=C1)C
outer_cv,train,3,5,15,,,45,Group 4/42.log,Group 4,Group 4,42.log,CC(C1=CC2=C(OCCCC#C)C(CC3=CC(C(C)(C)C)=CC(CC4=CC(C(C)(C)C)=CC(CC5=CC(C(C)(C)C)=CC(C2)=C5OCCCC#C)=C4OCCCC#C)=C3OCCCC#C)=C1)(C)C
outer_cv,train,3,5,15,,,46,Group 4/43.log,Group 4,Group 4,43.log,CC(C)(C)C1=CC(CC2=C3)=C(OCCCCC#C)C(CC4=CC(C(C)(C)C)=CC(CC5=CC(C(C)(C)C)=CC(CC(C=C3C(C)(C)C)=C2OCCCCC#C)=C5OCCCCC#C)=C4OCCCCC#C)=C1
outer_cv,train,3,5,15,,,47,Group 4/44.log,Group 4,Group 4,44.log,CC(C1=CC2=C(OCCC#C)C(SC3=CC(C(C)(C)C)=CC(SC4=CC(C(C)(C)C)=CC5=C4OCCC#CC(C(C=C6S5)=CC(S2)=C6OCCC#C)(C)C)=C3OCCC#C)=C1)(C)C
outer_cv,train,3,5,15,,,48,Group 4/45.log,Group 4,Group 4,45.log,CC(C1=CC2=C(OCCCC#C)C(SC3=CC(C(C)(C)C)=CC(SC4=CC(C(C)(C)C)=CC(SC5=CC(C(C)(C)C)=CC(S2)=C5OCCCC#C)=C4OCCCC#C)=C3OCCCC#C)=C1)(C)C
outer_cv,train,3,5,15,,,49,Group 4/46.log,Group 4,Group 4,46.log,CC(C1=CC2=C(OCCCCC#C)C(SC3=CC(C(C)(C)C)=CC(SC4=CC(C(C)(C)C)=CC(SC5=CC(C(C)(C)C)=CC(S2)=C5OCCCCC#C)=C4OCCCCC#C)=C3OCCCCC#C)=C1)(C)C
outer_cv,train,3,5,15,,,50,Group 4/47.log,Group 4,Group 4,47.log,OC1=C(SC2=C(C(SC3=C(O)C(SC4=CC(C(C)(C)C)=CC(SC1=C5)=C4OCCC#C)=CC(C(C)(C)C)=C3)=CC(C(C)(C)C)=C2)OCCC#C)C=C5C(C)(C)C
outer_cv,train,3,5,15,,,51,Group 4/48.log,Group 4,Group 4,48.log,OC1=C(SC2=C(C(SC3=C(O)C(SC4=CC(C(C)(C)C)=CC(SC1=C5)=C4OCCCC#C)=CC(C(C)(C)C)=C3)=CC(C(C)(C)C)=C2)OCCCC#C)C=C5C(C)(C)C
outer_cv,train,3,5,15,,,52,Group 4/49.log,Group 4,Group 4,49.log,OC1=C(SC2=C(C(SC3=C(O)C(SC4=CC(C(C)(C)C)=CC(SC1=C5)=C4OCCCCC#C)=CC(C(C)(C)C)=C3)=CC(C(C)(C)C)=C2)OCCCCC#C)C=C5C(C)(C)C
outer_cv,train,3,5,15,,,53,Group 4/50.log,Group 4,Group 4,50.log,OC1=C(SC2=C(C(SC3=C(O)C(SC4=CC(C(C)(C)C)=CC(SC1=C5)=C4OCC#C)=CC(C(C)(C)C)=C3)=CC(C(C)(C)C)=C2)O)C=C5C(C)(C)C
outer_cv,train,3,5,15,,,54,Group 4/51.log,Group 4,Group 4,51.log,OC1=C(SC2=C(C(SC3=C(O)C(SC4=CC(C(C)(C)C)=CC(SC1=C5)=C4OCCC#C)=CC(C(C)(C)C)=C3)=CC(C(C)(C)C)=C2)O)C=C5C(C)(C)C
outer_cv,train,3,5,15,,,55,Group 4/52.log,Group 4,Group 4,52.log,OC1=C(SC2=C(C(SC3=C(O)C(SC4=CC(C(C)(C)C)=CC(SC1=C5)=C4OCCCC#C)=CC(C(C)(C)C)=C3)=CC(C(C)(C)C)=C2)O)C=C5C(C)(C)C
outer_cv,train,3,5,15,,,56,Group 4/53.log,Group 4,Group 4,53.log,OC1=C(SC2=C(C(SC3=C(O)C(SC4=CC(C(C)(C)C)=CC(SC1=C5)=C4OCCCCC#C)=CC(C(C)(C)C)=C3)=CC(C(C)(C)C)=C2)O)C=C5C(C)(C)C
outer_cv,train,3,5,15,,,57,Group 4/54.log,Group 4,Group 4,54.log,OC1=C(CC2=C(C(CC3=C(OCC#C)C(CC4=CC(C(C)(C)C)=CC(CC1=C5)=C4OCC#C)=CC(C(C)(C)C)=C3)=CC(C(C)(C)C)=C2)O)C=C5C(C)(C)C
outer_cv,train,3,5,15,,,58,Group 5/55.log,Group 5,Group 5,55.log,CC(C1=CC2=C(OCCC#C)C(SC3=CC(C(C)(C)C)=CC(SC4=CC(C(C)(C)C)=CC5=C4OCCC#CC(C(C=C6S5)=CC(S2)=C6OCCCCCCCCCCCC)(C)C)=C3OCCCCCCCCCCCC)=C1)(C)C
outer_cv,train,3,5,15,,,59,Group 5/56.log,Group 5,Group 5,56.log,CC(C1=CC2=C(OCCCC#C)C(SC3=CC(C(C)(C)C)=CC(SC4=CC(C(C)(C)C)=CC(SC5=CC(C(C)(C)C)=CC(S2)=C5OCCCCCCCCCCCC)=C4OCCCC#C)=C3OCCCCCCCCCCCC)=C1)(C)C
outer_cv,train,3,5,15,,,60,Group 5/57.log,Group 5,Group 5,57.log,CC(C1=CC2=C(OCCCCC#C)C(SC3=CC(C(C)(C)C)=CC(SC4=CC(C(C)(C)C)=CC(SC5=CC(C(C)(C)C)=CC(S2)=C5OCCCCCCCCCCCC)=C4OCCCCC#C)=C3OCCCCCCCCCCCC)=C1)(C)C
outer_cv,train,3,5,15,,,61,Group 6/58.log,Group 6,Group 6,58.log,OC1=C(CC2=C(C(CC3=C(O)C(CC4=CC(C(C)(C)C)=CC(CC1=C5)=C4OCCBr)=CC(C(C)(C)C)=C3)=CC(C(C)(C)C)=C2)OCCBr)C=C5C(C)(C)C
outer_cv,train,3,5,15,,,62,Group 6/59.log,Group 6,Group 6,59.log,OC1=C(CC2=C(C(CC3=C(O)C(CC4=CC(C(C)(C)C)=CC(CC1=C5)=C4OCCCBr)=CC(C(C)(C)C)=C3)=CC(C(C)(C)C)=C2)OCCCBr)C=C5C(C)(C)C
outer_cv,train,3,5,15,,,63,Group 6/60.log,Group 6,Group 6,60.log,OC1=C(CC2=C(C(CC3=C(O)C(CC4=CC(C(C)(C)C)=CC(CC1=C5)=C4OCCCCBr)=CC(C(C)(C)C)=C3)=CC(C(C)(C)C)=C2)OCCCCBr)C=C5C(C)(C)C
outer_cv,train,3,5,15,,,64,Group 6/61.log,Group 6,Group 6,61.log,OC1=C(SC2=C(C(SC3=C(O)C(SC4=CC([N+]([O-])=O)=CC(SC1=C5)=C4OCCCBr)=CC([N+]([O-])=O)=C3)=CC([N+]([O-])=O)=C2)OCCCBr)C=C5[N+]([O-])=O
outer_cv,train,3,5,15,,,65,Group 6/62.log,Group 6,Group 6,62.log,CC(C1=CC2=C(OCCCBr)C(SC3=CC(C(C)(C)C)=CC(SC4=CC(C(C)(C)C)=CC(SC5=CC(C(C)(C)C)=CC(S2)=C5OCCCBr)=C4OCCCBr)=C3OCCCBr)=C1)(C)C
outer_cv,train,3,5,15,,,66,Group 6/63.log,Group 6,Group 6,63.log,CC(C1=CC2=C(OCCCCBr)C(SC3=CC(C(C)(C)C)=CC(SC4=CC(C(C)(C)C)=CC(SC5=CC(C(C)(C)C)=CC(S2)=C5OCCCCBr)=C4OCCCCBr)=C3OCCCCBr)=C1)(C)C
outer_cv,train,3,5,15,,,67,Group 6/64.log,Group 6,Group 6,64.log,CC(C1=CC2=C(OCCCCCBr)C(SC3=CC(C(C)(C)C)=CC(SC4=CC(C(C)(C)C)=CC(SC5=CC(C(C)(C)C)=CC(S2)=C5OCCCCCBr)=C4OCCCCCBr)=C3OCCCCCBr)=C1)(C)C
outer_cv,train,3,5,15,,,68,Group 6/65.log,Group 6,Group 6,65.log,CC(C1=CC2=C(OCCCCCCBr)C(SC3=CC(C(C)(C)C)=CC(SC4=CC(C(C)(C)C)=CC(SC5=CC(C(C)(C)C)=CC(S2)=C5OCCCCCCBr)=C4OCCCCCCBr)=C3OCCCCCCBr)=C1)(C)C
outer_cv,train,3,5,15,,,69,Group 6/66.log,Group 6,Group 6,66.log,CC(C1=CC2=C(OCCCCCCCCCCCC)C(SC3=CC(C(C)(C)C)=CC(SC4=CC(C(C)(C)C)=CC(SC5=CC(C(C)(C)C)=CC(S2)=C5OCCCBr)=C4OCCCCCCCCCCCC)=C3OCCCBr)=C1)(C)C
outer_cv,train,3,5,15,,,70,Group 6/67.log,Group 6,Group 6,67.log,CC(C1=CC2=C(OCCCCCCOC3=C(SC4=CC(C(C)(C)C)=CC(S2)=C4OCCCCCCBr)C=C(C(C)(C)C)C=C3S5)C(SC6=CC(C(C)(C)C)=CC5=C6OCCCCCCBr)=C1)(C)C
outer_cv,train,3,5,15,,,71,Group 7/68.log,Group 7,Group 7,68.log,OC1=C(CC2=C(C(CC3=C(O)C(CC4=CC(/N=N/C5=CC=C([N+]([O-])=O)C=C5)=CC(CC1=C6)=C4O)=CC(/N=N/C7=CC=C([N+]([O-])=O)C=C7)=C3)=CC(/N=N/C8=CC=C([N+]([O-])=O)C=C8)=C2)O)C=C6/N=N/C9=CC=C([N+]([O-])=O)C=C9
outer_cv,train,3,5,15,,,72,Group 7/69.log,Group 7,Group 7,69.log,OC1=C(SC2=C(C(SC3=C(O)C(SC4=CC(/N=N/C5=CC=C([N+]([O-])=O)C=C5)=CC(SC1=C6)=C4O)=CC(/N=N/C7=CC=C([N+]([O-])=O)C=C7)=C3)=CC(/N=N/C8=CC=C([N+]([O-])=O)C=C8)=C2)O)C=C6/N=N/C9=CC=C([N+]([O-])=O)C=C9
outer_cv,train,3,5,15,,,73,Group 7/70.log,Group 7,Group 7,70.log,OC1=C(SC2=C(C(SC3=C(O)C(SC4=CC(/N=N/C5=CC=C([N+]([O-])=O)C=C5)=CC(SC1=C6)=C4OCCCBr)=CC(/N=N/C7=CC=C([N+]([O-])=O)C=C7)=C3)=CC(/N=N/C8=CC=C([N+]([O-])=O)C=C8)=C2)OCCCBr)C=C6/N=N/C9=CC=C([N+]([O-])=O)C=C9
outer_cv,train,3,5,15,,,74,Group 7/71.log,Group 7,Group 7,71.log,OC1=C(SC2=C(C(SC3=C(O)C(SC4=CC(C(C)(C)C)=CC(SC1=C5)=C4OCCCOC6=CC=C(/N=N/C7=CC=C([N+]([O-])=O)C=C7)C=C6)=CC(C(C)(C)C)=C3)=CC(C(C)(C)C)=C2)OCCCOC8=CC=C(/N=N/C9=CC=C([N+]([O-])=O)C=C9)C=C8)C=C5C(C)(C)C
outer_cv,train,3,5,15,,,75,Group 7/72.log,Group 7,Group 7,72.log,OC(C=C1)=CC=C1/N=N/C2=CC=C([N+]([O-])=O)C=C2
outer_cv,train,3,5,15,,,76,Group 7/73.log,Group 7,Group 7,73.log,OCCCOC(C=C1)=CC=C1/N=N/C2=CC=C([N+]([O-])=O)C=C2
outer_cv,train,3,5,15,,,77,Group 7/74.log,Group 7,Group 7,74.log,CCCCCCCCOC(C=C1)=CC=C1/N=N/C2=CC=C([N+]([O-])=O)C=C2
outer_cv,train,3,5,15,,,78,Group 7/75.log,Group 7,Group 7,75.log,OCCN(CC)C(C=C1)=CC=C1/N=N/C2=CC=C([N+]([O-])=O)C=C2
outer_cv,train,3,5,15,,,94,Group 9/91.log,Group 9,Group 9,91.log,CC(C)(C1=CC(CC2=C(C(CC(C=C(C=C3C4)C(C)(C)C)=C3OCC5=CC(C6=CC=CC=C6)=NN5)=CC(C(C)(C)C)=C2)OCC7=CC(C8=CC=CC=C8)=NN7)=C(OCC9=CC(C%10=CC=CC=C%10)=NN9)C(CC%11=CC(C(C)(C)C)=CC4=C%11OCC%12=CC(C%13=CC=CC=C%13)=NN%12)=C1)C
outer_cv,train,3,5,15,,,95,Group 9/92.log,Group 9,Group 9,92.log,CC(C)(C1=CC(CC2=C(C(CC(C=C(C=C3C4)C(C)(C)C)=C3OCC5=CC(C6=CC=C(C)C=C6)=NN5)=CC(C(C)(C)C)=C2)OCC7=CC(C8=CC=C(C)C=C8)=NN7)=C(OCC9=CC(C%10=CC=C(C)C=C%10)=NN9)C(CC%11=CC(C(C)(C)C)=CC4=C%11OCC%12=CC(C%13=CC=C(C)C=C%13)=NN%12)=C1)C
outer_cv,train,3,5,15,,,96,Group 9/93.log,Group 9,Group 9,93.log,CC(C)(C1=CC(CC2=C(C(CC(C=C(C=C3C4)C(C)(C)C)=C3OCC5=CC(C6=CC=C(Cl)C=C6)=NN5)=CC(C(C)(C)C)=C2)OCC7=CC(C8=CC=C(Cl)C=C8)=NN7)=C(OCC9=CC(C%10=CC=C(Cl)C=C%10)=NN9)C(CC%11=CC(C(C)(C)C)=CC4=C%11OCC%12=CC(C%13=CC=C(Cl)C=C%13)=NN%12)=C1)C
outer_cv,train,3,5,15,,,97,Group 9/94.log,Group 9,Group 9,94.log,CC(C)(C1=CC(CC2=C(C(CC(C=C(C=C3C4)C(C)(C)C)=C3OCC5=CC(C6=CC=C(OC)C=C6)=NN5)=CC(C(C)(C)C)=C2)OCC7=CC(C8=CC=C(OC)C=C8)=NN7)=C(OCC9=CC(C%10=CC=C(OC)C=C%10)=NN9)C(CC%11=CC(C(C)(C)C)=CC4=C%11OCC%12=CC(C%13=CC=C(OC)C=C%13)=NN%12)=C1)C
outer_cv,train,3,5,15,,,98,Group 9/95.log,Group 9,Group 9,95.log,CC(C)(C)C1=CC(CC2=C3)=C(OCC4=CC(C5=CC=C(C)C=C5)=NN4)C(CC6=CC(C(C)(C)C)=CC(CC7=CC(C(C)(C)C)=CC(CC(C=C3C(C)(C)C)=C2OCC8=CC(C9=CC=C(C)C=C9)=NN8)=C7OCC%10=CC(C%11=CC=C(C)C=C%11)=N[N]%10)=C6OCC%12=CC(C%13=CC=C(C)C=C%13)=NN%12)=C1
outer_cv,train,3,5,15,,,99,Group 9/96.log,Group 9,Group 9,96.log,CC(C)(C)C1=CC(CC2=C3)=C(OCC4=CC(C5=CC=C(Cl)C=C5)=NN4)C(CC6=CC(C(C)(C)C)=CC(CC7=CC(C(C)(C)C)=CC(CC(C=C3C(C)(C)C)=C2OCC8=CC(C9=CC=C(Cl)C=C9)=NN8)=C7OCC%10=CC(C%11=CC=C(Cl)C=C%11)=N[N]%10)=C6OCC%12=CC(C%13=CC=C(Cl)C=C%13)=NN%12)=C1
outer_cv,train,3,5,15,,,100,Group 9/97.log,Group 9,Group 9,97.log,CC(C)(C)C1=CC(CC2=C3)=C(OCC4=CC(C5=CC=C(OC)C=C5)=NN4)C(CC6=CC(C(C)(C)C)=CC(CC7=CC(C(C)(C)C)=CC(CC(C=C3C(C)(C)C)=C2OCC8=CC(C9=CC=C(OC)C=C9)=NN8)=C7OCC%10=CC(C%11=CC=C(OC)C=C%11)=NN%10)=C6OCC%12=CC(C%13=CC=C(OC)C=C%13)=NN%12)=C1
outer_cv,train,3,5,15,,,101,Group 9/98.log,Group 9,Group 9,98.log,CC(C)(C)C1=CC(CC2=C3)=C(OCC4=CC(C5=CC=CC=C5)=NN4)C(CC6=CC(C(C)(C)C)=CC(CC7=CC(C(C)(C)C)=CC(CC(C=C3C(C)(C)C)=C2OCC8=CC(C9=CC=CC=C9)=NN8)=C7OCC%10=CC(C%11=CC=CC=C%11)=NN%10)=C6OCC%12=CC(C%13=CC=CC=C%13)=NN%12)=C1
outer_cv,train,3,5,15,,,102,Group 9/99.log,Group 9,Group 9,99.log,CC(C1=CC2=C(OCC3=CC(C4=CC=CC=C4)=NN3)C(CC5=CC(C(C)(C)C)=CC(CC6=CC(C(C)(C)C)=CC(CC7=CC(C(C)(C)C)=CC(C2)=C7OCC8=CC(C9=CC=CC=C9)=NN8)=C6OCC%10=CC(C%11=CC=CC=C%11)=NN%10)=C5OCC%12=CC(C%13=CC=CC=C%13)=NN%12)=C1)(C)C
outer_cv,train,3,5,15,,,103,Group 9/100.log,Group 9,Group 9,100.log,CC(C1=CC2=C(OCC3=CC(C4=CC=C(C)C=C4)=NN3)C(CC5=CC(C(C)(C)C)=CC(CC6=CC(C(C)(C)C)=CC(CC7=CC(C(C)(C)C)=CC(C2)=C7OCC8=CC(C9=CC=C(C)C=C9)=NN8)=C6OCC%10=CC(C%11=CC=C(C)C=C%11)=NN%10)=C5OCC%12=CC(C%13=CC=C(C)C=C%13)=NN%12)=C1)(C)C
outer_cv,train,3,5,15,,,104,Group 9/101.log,Group 9,Group 9,101.log,CC(C1=CC2=C(OCC3=CC(C4=CC=C(Cl)C=C4)=NN3)C(CC5=CC(C(C)(C)C)=CC(CC6=CC(C(C)(C)C)=CC(CC7=CC(C(C)(C)C)=CC(C2)=C7OCC8=CC(C9=CC=C(Cl)C=C9)=NN8)=C6OCC%10=CC(C%11=CC=C(Cl)C=C%11)=NN%10)=C5OCC%12=CC(C%13=CC=C(Cl)C=C%13)=NN%12)=C1)(C)C
outer_cv,train,3,5,15,,,105,Group 9/102.log,Group 9,Group 9,102.log,CC(C1=CC2=C(OCC3=CC(C4=CC=C(OC)C=C4)=NN3)C(CC5=CC(C(C)(C)C)=CC(CC6=CC(C(C)(C)C)=CC(CC7=CC(C(C)(C)C)=CC(C2)=C7OCC8=CC(C9=CC=C(OC)C=C9)=NN8)=C6OCC%10=CC(C%11=CC=C(OC)C=C%11)=NN%10)=C5OCC%12=CC(C%13=CC=C(OC)C=C%13)=NN%12)=C1)(C)C
outer_cv,train,3,5,15,,,106,Group 9/103.log,Group 9,Group 9,103.log,C1(C2)=C(C(CC(C=CC=C3CC4=C(OCC5=CC(C6=CC=CC=C6)=NN5)C(CC7=CC=CC2=C7OCC8=CC(C9=CC=CC=C9)=NN8)=CC=C4)=C3OCC%10=CC(C%11=CC=CC=C%11)=NN%10)=CC=C1)OCC%12=CC(C%13=CC=CC=C%13)=NN%12
outer_cv,train,3,5,15,,,107,Group 9/104.log,Group 9,Group 9,104.log,CC(C1=CC2=C(OCCCC3=CC(C4=CC=CC=C4)=NN3)C(CC5=CC(C(C)(C)C)=CC(CC6=CC(C(C)(C)C)=CC(CC7=CC(C(C)(C)C)=CC(C2)=C7OCCCC8=CC(C9=CC=CC=C9)=NN8)=C6OCCCC%10=CC(C%11=CC=CC=C%11)=NN%10)=C5OCCCC%12=CC(C%13=CC=CC=C%13)=NN%12)=C1)(C)C
outer_cv,train,3,5,15,,,108,Group 9/105.log,Group 9,Group 9,105.log,CC(C1=CC2=C(OCC3=CC(C4=CC=CC=C4)=NN3)C(SC5=CC(C(C)(C)C)=CC(SC6=CC(C(C)(C)C)=CC(SC7=CC(C(C)(C)C)=CC(S2)=C7OCC8=CC(C9=CC=CC=C9)=NN8)=C6OCC%10=CC(C%11=CC=CC=C%11)=NN%10)=C5OCC%12=CC(C%13=CC=CC=C%13)=NN%12)=C1)(C)C
outer_cv,train,3,5,15,,,109,Group 9/106.log,Group 9,Group 9,106.log,CC(C1=CC2=C(OCCCC3=CC(C4=CC=CC=C4)=NN3)C(SC5=CC(C(C)(C)C)=CC(SC6=CC(C(C)(C)C)=CC(SC7=CC(C(C)(C)C)=CC(S2)=C7OCCCC8=CC(C9=CC=CC=C9)=NN8)=C6OCCCC%10=CC(C%11=CC=CC=C%11)=NN%10)=C5OCCCC%12=CC(C%13=CC=CC=C%13)=NN%12)=C1)(C)C
outer_cv,train,3,5,15,,,110,Group 9/107.log,Group 9,Group 9,107.log,CC(C1=CC2=C(OCCCCC3=CC(C4=CC=CC=C4)=NN3)C(SC5=CC(C(C)(C)C)=CC(SC6=CC(C(C)(C)C)=CC(SC7=CC(C(C)(C)C)=CC(S2)=C7OCCCCC8=CC(C9=CC=CC=C9)=NN8)=C6OCCCCC%10=CC(C%11=CC=CC=C%11)=NN%10)=C5OCCCCC%12=CC(C%13=CC=CC=C%13)=NN%12)=C1)(C)C
outer_cv,train,3,5,15,,,111,Group 9/108.log,Group 9,Group 9,108.log,CC(C1=CC2=C(OCCCCCN3C=CC=N3)C(SC4=CC(C(C)(C)C)=CC(SC5=CC(C(C)(C)C)=CC(SC6=CC(C(C)(C)C)=CC(S2)=C6OCCCCCN7C=CC=N7)=C5OCCCCCN8N=CC=C8)=C4OCCCCCN9N=CC=C9)=C1)(C)C
outer_cv,train,3,5,15,,,112,Group 9/109.log,Group 9,Group 9,109.log,CC(C)(C)C(C=C1)=CC=C1OCC2=N3N([H][N]4C(COC5=CC=C(C(C)(C)C)C=C5)=CC(C6=CC=CC=C6)=[N]4[H]N(N([H][N]7[N]([H]3)=C(C8=CC=CC=C8)C=C7COC9=CC=C(C(C)(C)C)C=C9)C(C%10=CC=CC=C%10)=C%11)=C%11COC%12=CC=C(C(C)(C)C)C=C%12)C(C%13=CC=CC=C%13)=C2
outer_cv,train,3,5,15,,,113,Group 9/110.log,Group 9,Group 9,110.log,CC(C)(C)C(C=C1)=CC=C1OCC2=CC(C3=CC=CC=C3)=N([H]N([N]([H][N]4N5=C(C6=CC=CC=C6)C=C4COC7=CC=C(C(C)(C)C)C=C7)C(COC8=CC=C(C(C)(C)C)C=C8)=C9)=C9C%10=CC=CC=C%10)[N]2[H][N]%11N([H]5)=C(C%12=CC=CC=C%12)C=C%11COC%13=CC=C(C(C)(C)C)C=C%13
outer_cv,train,3,5,15,,,127,Group 11/124.log,Group 11,Group 11,124.log,CC(C1=CC2=C(OCC3=CN(CCOC(C(SC(C=C4C(C)(C)C)=C5O)=C6)=C(C=C6C(C)(C)C)SC7=C(O)C(SC(C=C(C=C8SC5=C4)C(C)(C)C)=C8O)=CC(C(C)(C)C)=C7)N=N3)C(SC9=CC(C(C)(C)C)=CC(SC%10=CC(C(C)(C)C)=CC(SC%11=CC(C(C)(C)C)=CC(S2)=C%11OCC%12=CN(CCOC%13=C(SC%14=C%15)C=C(C(C)(C)C)C=C%13SC%16=CC(C(C)(C)C)=CC(SC%17=CC(C(C)(C)C)=CC(SC(C=C%15C(C)(C)C)=C%14O)=C%17O)=C%16O)N=N%12)=C%10OCC%18=CN(CCOC%19=C(C=C(C=C%19SC%20=C%21)C(C)(C)C)SC%22=CC(C(C)(C)C)=CC(SC%23=C(O)C(SC(C=C%21C(C)(C)C)=C%20O)=CC(C(C)(C)C)=C%23)=C%22O)N=N%18)=C9OCC%24=CN(CCOC%25=C(SC(C=C%26C(C)(C)C)=C%27O)C=C(C(C)(C)C)C=C%25SC%28=C(O)C(SC%29=CC(C(C)(C)C)=CC(SC%27=C%26)=C%29O)=CC(C(C)(C)C)=C%28)N=N%24)=C1)(C)C
outer_cv,train,3,5,15,,,128,Group 11/125.log,Group 11,Group 11,125.log,CC(C1=CC2=C(OCC3=CN(CCCOC(C(SC(C=C4C(C)(C)C)=C5O)=C6)=C(C=C6C(C)(C)C)SC7=C(O)C(SC(C=C(C=C8SC5=C4)C(C)(C)C)=C8O)=CC(C(C)(C)C)=C7)N=N3)C(SC9=CC(C(C)(C)C)=CC(SC%10=CC(C(C)(C)C)=CC(SC%11=CC(C(C)(C)C)=CC(S2)=C%11OCC%12=CN(CCCOC%13=C(SC%14=C%15)C=C(C(C)(C)C)C=C%13SC%16=CC(C(C)(C)C)=CC(SC%17=CC(C(C)(C)C)=CC(SC(C=C%15C(C)(C)C)=C%14O)=C%17O)=C%16O)N=N%12)=C%10OCC%18=CN(CCCOC%19=C(C=C(C=C%19SC%20=C%21)C(C)(C)C)SC%22=CC(C(C)(C)C)=CC(SC%23=C(O)C(SC(C=C%21C(C)(C)C)=C%20O)=CC(C(C)(C)C)=C%23)=C%22O)N=N%18)=C9OCC%24=CN(CCCOC%25=C(SC(C=C%26C(C)(C)C)=C%27O)C=C(C(C)(C)C)C=C%25SC%28=C(O)C(SC%29=CC(C(C)(C)C)=CC(SC%27=C%26)=C%29O)=CC(C(C)(C)C)=C%28)N=N%24)=C1)(C)C
outer_cv,train,3,5,15,,,129,Group 11/126.log,Group 11,Group 11,126.log,CC(C1=CC(SC2=C(O)C(SC(C=C(C=C3SC4=C5)C(C)(C)C)=C3O)=CC(C(C)(C)C)=C2)=C(OCCN6N=NC(CCOC(C(SC7=CC(C(C)(C)C)=CC(SC8=CC(C(C)(C)C)=CC(S9)=C8OCCC%10=CN(CCOC%11=C(C=C(C=C%11SC%12=C%13)C(C)(C)C)SC%14=CC(C(C)(C)C)=CC(SC%15=C(O)C(SC(C=C%13C(C)(C)C)=C%12O)=CC(C(C)(C)C)=C%15)=C%14O)N=N%10)=C7OCCC%16=CN(CCOC%17=C(SC(C=C%18C(C)(C)C)=C%19O)C=C(C(C)(C)C)C=C%17SC%20=C(O)C(SC%21=CC(C(C)(C)C)=CC(SC%19=C%18)=C%21O)=CC(C(C)(C)C)=C%20)N=N%16)=CC(C(C)(C)C)=C%22)=C%22SC%23=C(C9=CC(C(C)(C)C)=C%23)OCCC%24=CN(CCOC%25=C(SC%26=C%27)C=C(C(C)(C)C)C=C%25SC%28=CC(C(C)(C)C)=CC(SC%29=CC(C(C)(C)C)=CC(SC(C=C%27C(C)(C)C)=C%26O)=C%29O)=C%28O)N=N%24)=C6)C(SC(C=C5C(C)(C)C)=C4O)=C1)(C)C
outer_cv,train,3,5,15,,,130,Group 11/127.log,Group 11,Group 11,127.log,OC1=C(SC2=C3)C=C(C(C)(C)C)C=C1SC4=CC(C(C)(C)C)=CC(SC5=CC(C(C)(C)C)=CC(SC(C=C3C(C)(C)C)=C2O)=C5OCCCN(N=N6)C=C6CCOC7=C(SC8=CC(C(C)(C)C)=CC(SC9=CC(C(C)(C)C)=CC(S%10)=C9OCCC%11=CN(CCCOC%12=C(SC%13=C%14)C=C(C(C)(C)C)C=C%12SC%15=CC(C(C)(C)C)=CC(SC%16=CC(C(C)(C)C)=CC(SC(C=C%14C(C)(C)C)=C%13O)=C%16O)=C%15O)N=N%11)=C8OCCC%17=CN(CCCOC%18=C(C=C(C=C%18SC%19=C%20)C(C)(C)C)SC%21=CC(C(C)(C)C)=CC(SC%22=C(O)C(SC(C=C%20C(C)(C)C)=C%19O)=CC(C(C)(C)C)=C%22)=C%21O)N=N%17)C=C(C(C)(C)C)C=C7SC%23=CC(C(C)(C)C)=CC%10=C%23OCCC%24=CN(CCCOC%25=C(C=C%26C(C)(C)C)SC%27=C(O)C(SC%28=C(O)C(SC%29=CC(C(C)(C)C)=CC(SC%25=C%26)=C%29O)=CC(C(C)(C)C)=C%28)=CC(C(C)(C)C)=C%27)N=N%24)=C4O
outer_cv,train,3,5,15,,,131,Group 11/128.log,Group 11,Group 11,128.log,CC(C1=CC2=C(OCCCC3=CN(CCOC4=C(C=C5C(C)(C)C)SC6=C(O)C(SC7=C(O)C(SC8=CC(C(C)(C)C)=CC(SC4=C5)=C8O)=CC(C(C)(C)C)=C7)=CC(C(C)(C)C)=C6)N=N3)C(SC9=CC(C(C)(C)C)=CC(SC%10=CC(C(C)(C)C)=CC(SC%11=CC(C(C)(C)C)=CC(S2)=C%11OCCCC%12=CN(CCOC%13=C(SC%14=C%15)C=C(C(C)(C)C)C=C%13SC%16=CC(C(C)(C)C)=CC(SC%17=CC(C(C)(C)C)=CC(SC(C=C%15C(C)(C)C)=C%14O)=C%17O)=C%16O)N=N%12)=C%10OCCCC%18=CN(CCOC%19=C(C=C(C=C%19SC%20=C%21)C(C)(C)C)SC%22=CC(C(C)(C)C)=CC(SC%23=C(O)C(SC(C=C%21C(C)(C)C)=C%20O)=CC(C(C)(C)C)=C%23)=C%22O)N=N%18)=C9OCCCC%24=CN(CCOC%25=C(SC(C=C%26C(C)(C)C)=C%27O)C=C(C(C)(C)C)C=C%25SC%28=C(O)C(SC%29=CC(C(C)(C)C)=CC(SC%27=C%26)=C%29O)=CC(C(C)(C)C)=C%28)N=N%24)=C1)(C)C
outer_cv,train,3,5,15,,,132,Group 11/129.log,Group 11,Group 11,129.log,CC(C1=CC2=C(OCCCC3=CN(CCCOC4=C(C=C5C(C)(C)C)SC6=C(O)C(SC7=C(O)C(SC8=CC(C(C)(C)C)=CC(SC4=C5)=C8O)=CC(C(C)(C)C)=C7)=CC(C(C)(C)C)=C6)N=N3)C(SC9=CC(C(C)(C)C)=CC(SC%10=CC(C(C)(C)C)=CC(SC%11=CC(C(C)(C)C)=CC(S2)=C%11OCCCC%12=CN(CCCOC%13=C(SC%14=C%15)C=C(C(C)(C)C)C=C%13SC%16=CC(C(C)(C)C)=CC(SC%17=CC(C(C)(C)C)=CC(SC(C=C%15C(C)(C)C)=C%14O)=C%17O)=C%16O)N=N%12)=C%10OCCCC%18=CN(CCCOC%19=C(C=C(C=C%19SC%20=C%21)C(C)(C)C)SC%22=CC(C(C)(C)C)=CC(SC%23=C(O)C(SC(C=C%21C(C)(C)C)=C%20O)=CC(C(C)(C)C)=C%23)=C%22O)N=N%18)=C9OCCCC%24=CN(CCCOC%25=C(SC(C=C%26C(C)(C)C)=C%27O)C=C(C(C)(C)C)C=C%25SC%28=C(O)C(SC%29=CC(C(C)(C)C)=CC(SC%27=C%26)=C%29O)=CC(C(C)(C)C)=C%28)N=N%24)=C1)(C)C
outer_cv,train,3,5,15,,,133,Group 11/130.log,Group 11,Group 11,130.log,CC(C1=CC2=C(OCCCCC3=CN(CCOC(C(SC(C=C4C(C)(C)C)=C5O)=C6)=C(C=C6C(C)(C)C)SC7=C(O)C(SC(C=C(C=C8SC5=C4)C(C)(C)C)=C8O)=CC(C(C)(C)C)=C7)N=N3)C(SC9=CC(C(C)(C)C)=CC(SC%10=CC(C(C)(C)C)=CC(SC%11=CC(C(C)(C)C)=CC(S2)=C%11OCCCCC%12=CN(CCOC%13=C(SC%14=C%15)C=C(C(C)(C)C)C=C%13SC%16=CC(C(C)(C)C)=CC(SC%17=CC(C(C)(C)C)=CC(SC(C=C%15C(C)(C)C)=C%14O)=C%17O)=C%16O)N=N%12)=C%10OCCCCC%18=CN(CCOC%19=C(C=C(C=C%19SC%20=C%21)C(C)(C)C)SC%22=CC(C(C)(C)C)=CC(SC%23=C(O)C(SC(C=C%21C(C)(C)C)=C%20O)=CC(C(C)(C)C)=C%23)=C%22O)N=N%18)=C9OCCCCC%24=CN(CCOC%25=C(SC(C=C%26C(C)(C)C)=C%27O)C=C(C(C)(C)C)C=C%25SC%28=C(O)C(SC%29=CC(C(C)(C)C)=CC(SC%27=C%26)=C%29O)=CC(C(C)(C)C)=C%28)N=N%24)=C1)(C)C
outer_cv,train,3,5,15,,,134,Group 11/131.log,Group 11,Group 11,131.log,CC(C1=CC2=C(OCCCCC3=CN(CCCOC(C(SC(C=C4C(C)(C)C)=C5O)=C6)=C(C=C6C(C)(C)C)SC7=C(O)C(SC(C=C(C=C8SC5=C4)C(C)(C)C)=C8O)=CC(C(C)(C)C)=C7)N=N3)C(SC9=CC(C(C)(C)C)=CC(SC%10=CC(C(C)(C)C)=CC(SC%11=CC(C(C)(C)C)=CC(S2)=C%11OCCCCC%12=CN(CCCOC%13=C(SC%14=C%15)C=C(C(C)(C)C)C=C%13SC%16=CC(C(C)(C)C)=CC(SC%17=CC(C(C)(C)C)=CC(SC(C=C%15C(C)(C)C)=C%14O)=C%17O)=C%16O)N=N%12)=C%10OCCCCC%18=CN(CCCOC%19=C(C=C(C=C%19SC%20=C%21)C(C)(C)C)SC%22=CC(C(C)(C)C)=CC(SC%23=C(O)C(SC(C=C%21C(C)(C)C)=C%20O)=CC(C(C)(C)C)=C%23)=C%22O)N=N%18)=C9OCCCCC%24=CN(CCCOC%25=C(SC(C=C%26C(C)(C)C)=C%27O)C=C(C(C)(C)C)C=C%25SC%28=C(O)C(SC%29=CC(C(C)(C)C)=CC(SC%27=C%26)=C%29O)=CC(C(C)(C)C)=C%28)N=N%24)=C1)(C)C
outer_cv,train,3,5,15,,,135,Group 11/132.log,Group 11,Group 11,132.log,CC(C1=CC(SC2=C(O)C(SC(C=C(C=C3SC4=C5)C(C)(C)C)=C3O)=CC(C(C)(C)C)=C2)=C(OCC6=CN(N=N6)CCOC(C(SC7=CC(C(C)(C)C)=CC(SC8=CC(C(C)(C)C)=CC(S9)=C8OCCN%10C=C(COC%11=C(C=C(C=C%11SC%12=C%13)C(C)(C)C)SC%14=CC(C(C)(C)C)=CC(SC%15=C(O)C(SC(C=C%13C(C)(C)C)=C%12O)=CC(C(C)(C)C)=C%15)=C%14O)N=N%10)=C7OCCN%16C=C(COC%17=C(SC(C=C%18C(C)(C)C)=C%19O)C=C(C(C)(C)C)C=C%17SC%20=C(O)C(SC%21=CC(C(C)(C)C)=CC(SC%19=C%18)=C%21O)=CC(C(C)(C)C)=C%20)N=N%16)=CC(C(C)(C)C)=C%22)=C%22SC%23=C(C9=CC(C(C)(C)C)=C%23)OCCN%24N=NC(COC%25=C(SC%26=C%27)C=C(C(C)(C)C)C=C%25SC%28=CC(C(C)(C)C)=CC(SC%29=CC(C(C)(C)C)=CC(SC(C=C%27C(C)(C)C)=C%26O)=C%29O)=C%28O)=C%24)C(SC(C=C5C(C)(C)C)=C4O)=C1)(C)C
outer_cv,train,3,5,15,,,136,Group 11/133.log,Group 11,Group 11,133.log,CC(C1=CC(SC2=C(O)C(SC(C=C(C=C3SC4=C5)C(C)(C)C)=C3O)=CC(C(C)(C)C)=C2)=C(OCCC6=CN(N=N6)CCOC(C(SC7=CC(C(C)(C)C)=CC(SC8=CC(C(C)(C)C)=CC(S9)=C8OCCN%10C=C(CCOC%11=C(C=C(C=C%11SC%12=C%13)C(C)(C)C)SC%14=CC(C(C)(C)C)=CC(SC%15=C(O)C(SC(C=C%13C(C)(C)C)=C%12O)=CC(C(C)(C)C)=C%15)=C%14O)N=N%10)=C7OCCN%16C=C(CCOC%17=C(SC(C=C%18C(C)(C)C)=C%19O)C=C(C(C)(C)C)C=C%17SC%20=C(O)C(SC%21=CC(C(C)(C)C)=CC(SC%19=C%18)=C%21O)=CC(C(C)(C)C)=C%20)N=N%16)=CC(C(C)(C)C)=C%22)=C%22SC%23=C(C9=CC(C(C)(C)C)=C%23)OCCN%24N=NC(CCOC%25=C(SC%26=C%27)C=C(C(C)(C)C)C=C%25SC%28=CC(C(C)(C)C)=CC(SC%29=CC(C(C)(C)C)=CC(SC(C=C%27C(C)(C)C)=C%26O)=C%29O)=C%28O)=C%24)C(SC(C=C5C(C)(C)C)=C4O)=C1)(C)C
outer_cv,train,3,5,15,,,137,Group 11/134.log,Group 11,Group 11,134.log,OC1=C(SC2=C3)C=C(C(C)(C)C)C=C1SC4=CC(C(C)(C)C)=CC(SC5=CC(C(C)(C)C)=CC(SC(C=C3C(C)(C)C)=C2O)=C5OCCCC(N=N6)=CN6CCOC7=C(SC8=CC(C(C)(C)C)=CC(SC9=CC(C(C)(C)C)=CC(S%10)=C9OCCN%11N=NC(CCCOC%12=C(SC%13=C%14)C=C(C(C)(C)C)C=C%12SC%15=CC(C(C)(C)C)=CC(SC%16=CC(C(C)(C)C)=CC(SC(C=C%14C(C)(C)C)=C%13O)=C%16O)=C%15O)=C%11)=C8OCCN%17C=C(CCCOC%18=C(C=C(C=C%18SC%19=C%20)C(C)(C)C)SC%21=CC(C(C)(C)C)=CC(SC%22=C(O)C(SC(C=C%20C(C)(C)C)=C%19O)=CC(C(C)(C)C)=C%22)=C%21O)N=N%17)C=C(C(C)(C)C)C=C7SC%23=CC(C(C)(C)C)=CC%10=C%23OCCN%24N=NC(CCCOC%25=C(C=C%26C(C)(C)C)SC%27=C(O)C(SC%28=C(O)C(SC%29=CC(C(C)(C)C)=CC(SC%25=C%26)=C%29O)=CC(C(C)(C)C)=C%28)=CC(C(C)(C)C)=C%27)=C%24)=C4O
outer_cv,train,3,5,15,,,138,Group 11/135.log,Group 11,Group 11,135.log,OC1=C(SC2=C3)C=C(C(C)(C)C)C=C1SC4=CC(C(C)(C)C)=CC(SC5=CC(C(C)(C)C)=CC(SC(C=C3C(C)(C)C)=C2O)=C5OCCCCC(N=N6)=CN6CCOC7=C(SC8=CC(C(C)(C)C)=CC(SC9=CC(C(C)(C)C)=CC(S%10)=C9OCCN%11N=NC(CCCCOC%12=C(SC%13=C%14)C=C(C(C)(C)C)C=C%12SC%15=CC(C(C)(C)C)=CC(SC%16=CC(C(C)(C)C)=CC(SC(C=C%14C(C)(C)C)=C%13O)=C%16O)=C%15O)=C%11)=C8OCCN%17C=C(CCCCOC%18=C(C=C(C=C%18SC%19=C%20)C(C)(C)C)SC%21=CC(C(C)(C)C)=CC(SC%22=C(O)C(SC(C=C%20C(C)(C)C)=C%19O)=CC(C(C)(C)C)=C%22)=C%21O)N=N%17)C=C(C(C)(C)C)C=C7SC%23=CC(C(C)(C)C)=CC%10=C%23OCCN%24N=NC(CCCCOC%25=C(C=C%26C(C)(C)C)SC%27=C(O)C(SC%28=C(O)C(SC%29=CC(C(C)(C)C)=CC(SC%25=C%26)=C%29O)=CC(C(C)(C)C)=C%28)=CC(C(C)(C)C)=C%27)=C%24)=C4O
outer_cv,train,3,5,15,,,139,Group 11/136.log,Group 11,Group 11,136.log,CC(C1=CC2=C(OCCCN3C=C(COC4=C(C=C5C(C)(C)C)SC6=C(O)C(SC7=C(O)C(SC8=CC(C(C)(C)C)=CC(SC4=C5)=C8O)=CC(C(C)(C)C)=C7)=CC(C(C)(C)C)=C6)N=N3)C(SC9=CC(C(C)(C)C)=CC(SC%10=CC(C(C)(C)C)=CC(SC%11=CC(C(C)(C)C)=CC(S2)=C%11OCCCN%12C=C(COC%13=C(SC%14=C%15)C=C(C(C)(C)C)C=C%13SC%16=CC(C(C)(C)C)=CC(SC%17=CC(C(C)(C)C)=CC(SC(C=C%15C(C)(C)C)=C%14O)=C%17O)=C%16O)N=N%12)=C%10OCCCN%18N=NC(COC%19=C(C=C(C=C%19SC%20=C%21)C(C)(C)C)SC%22=CC(C(C)(C)C)=CC(SC%23=C(O)C(SC(C=C%21C(C)(C)C)=C%20O)=CC(C(C)(C)C)=C%23)=C%22O)=C%18)=C9OCCCN%24N=NC(COC%25=C(SC(C=C%26C(C)(C)C)=C%27O)C=C(C(C)(C)C)C=C%25SC%28=C(O)C(SC%29=CC(C(C)(C)C)=CC(SC%27=C%26)=C%29O)=CC(C(C)(C)C)=C%28)=C%24)=C1)(C)C
outer_cv,train,3,5,15,,,140,Group 11/137.log,Group 11,Group 11,137.log,CC(C1=CC2=C(OCCCN3C=C(CCOC4=C(C=C5C(C)(C)C)SC6=C(O)C(SC7=C(O)C(SC8=CC(C(C)(C)C)=CC(SC4=C5)=C8O)=CC(C(C)(C)C)=C7)=CC(C(C)(C)C)=C6)N=N3)C(SC9=CC(C(C)(C)C)=CC(SC%10=CC(C(C)(C)C)=CC(SC%11=CC(C(C)(C)C)=CC(S2)=C%11OCCCN%12C=C(CCOC%13=C(SC%14=C%15)C=C(C(C)(C)C)C=C%13SC%16=CC(C(C)(C)C)=CC(SC%17=CC(C(C)(C)C)=CC(SC(C=C%15C(C)(C)C)=C%14O)=C%17O)=C%16O)N=N%12)=C%10OCCCN%18N=NC(CCOC%19=C(C=C(C=C%19SC%20=C%21)C(C)(C)C)SC%22=CC(C(C)(C)C)=CC(SC%23=C(O)C(SC(C=C%21C(C)(C)C)=C%20O)=CC(C(C)(C)C)=C%23)=C%22O)=C%18)=C9OCCCN%24N=NC(CCOC%25=C(SC(C=C%26C(C)(C)C)=C%27O)C=C(C(C)(C)C)C=C%25SC%28=C(O)C(SC%29=CC(C(C)(C)C)=CC(SC%27=C%26)=C%29O)=CC(C(C)(C)C)=C%28)=C%24)=C1)(C)C
outer_cv,train,3,5,15,,,141,Group 11/138.log,Group 11,Group 11,138.log,CC(C1=CC2=C(OCCCN3C=C(CCCOC4=C(C=C5C(C)(C)C)SC6=C(O)C(SC7=C(O)C(SC8=CC(C(C)(C)C)=CC(SC4=C5)=C8O)=CC(C(C)(C)C)=C7)=CC(C(C)(C)C)=C6)N=N3)C(SC9=CC(C(C)(C)C)=CC(SC%10=CC(C(C)(C)C)=CC(SC%11=CC(C(C)(C)C)=CC(S2)=C%11OCCCN%12C=C(CCCOC%13=C(SC%14=C%15)C=C(C(C)(C)C)C=C%13SC%16=CC(C(C)(C)C)=CC(SC%17=CC(C(C)(C)C)=CC(SC(C=C%15C(C)(C)C)=C%14O)=C%17O)=C%16O)N=N%12)=C%10OCCCN%18N=NC(CCCOC%19=C(C=C(C=C%19SC%20=C%21)C(C)(C)C)SC%22=CC(C(C)(C)C)=CC(SC%23=C(O)C(SC(C=C%21C(C)(C)C)=C%20O)=CC(C(C)(C)C)=C%23)=C%22O)=C%18)=C9OCCCN%24N=NC(CCCOC%25=C(SC(C=C%26C(C)(C)C)=C%27O)C=C(C(C)(C)C)C=C%25SC%28=C(O)C(SC%29=CC(C(C)(C)C)=CC(SC%27=C%26)=C%29O)=CC(C(C)(C)C)=C%28)=C%24)=C1)(C)C
outer_cv,train,3,5,15,,,142,Group 11/139.log,Group 11,Group 11,139.log,CC(C1=CC2=C(OCCCN3C=C(CCCCOC4=C(C=C5C(C)(C)C)SC6=C(O)C(SC7=C(O)C(SC8=CC(C(C)(C)C)=CC(SC4=C5)=C8O)=CC(C(C)(C)C)=C7)=CC(C(C)(C)C)=C6)N=N3)C(SC9=CC(C(C)(C)C)=CC(SC%10=CC(C(C)(C)C)=CC(SC%11=CC(C(C)(C)C)=CC(S2)=C%11OCCCN%12C=C(CCCCOC%13=C(SC%14=C%15)C=C(C(C)(C)C)C=C%13SC%16=CC(C(C)(C)C)=CC(SC%17=CC(C(C)(C)C)=CC(SC(C=C%15C(C)(C)C)=C%14O)=C%17O)=C%16O)N=N%12)=C%10OCCCN%18N=NC(CCCCOC%19=C(C=C(C=C%19SC%20=C%21)C(C)(C)C)SC%22=CC(C(C)(C)C)=CC(SC%23=C(O)C(SC(C=C%21C(C)(C)C)=C%20O)=CC(C(C)(C)C)=C%23)=C%22O)=C%18)=C9OCCCN%24N=NC(CCCCOC%25=C(S)C=C(C(C)(C)C)C=C%25SC%26=C(O)C(SC%27=CC(C(C)(C)C)=CC(SC%28=CC(C(C)(C)C)=CC=C%28O)=C%27O)=CC(C(C)(C)C)=C%26)=C%24)=C1)(C)C
outer_cv,train,3,5,15,,,143,Group 11/140.log,Group 11,Group 11,140.log,CC(C1=CC2=C(OCCCCN3N=NC(COC(C(SC(C=C4C(C)(C)C)=C5O)=C6)=C(C=C6C(C)(C)C)SC7=C(O)C(SC(C=C(C=C8SC5=C4)C(C)(C)C)=C8O)=CC(C(C)(C)C)=C7)=C3)C(SC9=CC(C(C)(C)C)=CC(SC%10=CC(C(C)(C)C)=CC(SC%11=CC(C(C)(C)C)=CC(S2)=C%11OCCCCN%12N=NC(COC%13=C(SC%14=C%15)C=C(C(C)(C)C)C=C%13SC%16=CC(C(C)(C)C)=CC(SC%17=CC(C(C)(C)C)=CC(SC(C=C%15C(C)(C)C)=C%14O)=C%17O)=C%16O)=C%12)=C%10OCCCCN%18C=C(COC%19=C(C=C(C=C%19SC%20=C%21)C(C)(C)C)SC%22=CC(C(C)(C)C)=CC(SC%23=C(O)C(SC(C=C%21C(C)(C)C)=C%20O)=CC(C(C)(C)C)=C%23)=C%22O)N=N%18)=C9OCCCCN%24C=C(COC%25=C(SC(C=C%26C(C)(C)C)=C%27O)C=C(C(C)(C)C)C=C%25SC%28=C(O)C(SC%29=CC(C(C)(C)C)=CC(SC%27=C%26)=C%29O)=CC(C(C)(C)C)=C%28)N=N%24)=C1)(C)C
outer_cv,train,3,5,15,,,144,Group 11/141.log,Group 11,Group 11,141.log,CC(C1=CC2=C(OCCCCN3N=NC(CCOC(C(SC(C=C4C(C)(C)C)=C5O)=C6)=C(C=C6C(C)(C)C)SC7=C(O)C(SC(C=C(C=C8SC5=C4)C(C)(C)C)=C8O)=CC(C(C)(C)C)=C7)=C3)C(SC9=CC(C(C)(C)C)=CC(SC%10=CC(C(C)(C)C)=CC(SC%11=CC(C(C)(C)C)=CC(S2)=C%11OCCCCN%12N=NC(CCOC%13=C(SC%14=C%15)C=C(C(C)(C)C)C=C%13SC%16=CC(C(C)(C)C)=CC(SC%17=CC(C(C)(C)C)=CC(SC(C=C%15C(C)(C)C)=C%14O)=C%17O)=C%16O)=C%12)=C%10OCCCCN%18C=C(CCOC%19=C(C=C(C=C%19SC%20=C%21)C(C)(C)C)SC%22=CC(C(C)(C)C)=CC(SC%23=C(O)C(SC(C=C%21C(C)(C)C)=C%20O)=CC(C(C)(C)C)=C%23)=C%22O)N=N%18)=C9OCCCCN%24C=C(CCOC%25=C(SC(C=C%26C(C)(C)C)=C%27O)C=C(C(C)(C)C)C=C%25SC%28=C(O)C(SC%29=CC(C(C)(C)C)=CC(SC%27=C%26)=C%29O)=CC(C(C)(C)C)=C%28)N=N%24)=C1)(C)C
outer_cv,train,3,5,15,,,145,Group 11/142.log,Group 11,Group 11,142.log,CC(C1=CC2=C(OCCCCN3N=NC(CCCOC(C(SC(C=C4C(C)(C)C)=C5O)=C6)=C(C=C6C(C)(C)C)SC7=C(O)C(SC(C=C(C=C8SC5=C4)C(C)(C)C)=C8O)=CC(C(C)(C)C)=C7)=C3)C(SC9=CC(C(C)(C)C)=CC(SC%10=CC(C(C)(C)C)=CC(SC%11=CC(C(C)(C)C)=CC(S2)=C%11OCCCCN%12N=NC(CCCOC%13=C(SC%14=C%15)C=C(C(C)(C)C)C=C%13SC%16=CC(C(C)(C)C)=CC(SC%17=CC(C(C)(C)C)=CC(SC(C=C%15C(C)(C)C)=C%14O)=C%17O)=C%16O)=C%12)=C%10OCCCCN%18C=C(CCCOC%19=C(C=C(C=C%19SC%20=C%21)C(C)(C)C)SC%22=CC(C(C)(C)C)=CC(SC%23=C(O)C(SC(C=C%21C(C)(C)C)=C%20O)=CC(C(C)(C)C)=C%23)=C%22O)N=N%18)=C9OCCCCN%24C=C(CCCOC%25=C(SC(C=C%26C(C)(C)C)=C%27O)C=C(C(C)(C)C)C=C%25SC%28=C(O)C(SC%29=CC(C(C)(C)C)=CC(SC%27=C%26)=C%29O)=CC(C(C)(C)C)=C%28)N=N%24)=C1)(C)C
outer_cv,train,3,5,15,,,146,Group 11/143.log,Group 11,Group 11,143.log,CC(C1=CC2=C(OCCCCN3N=NC(CCCCOC(C(SC(C=C4C(C)(C)C)=C5O)=C6)=C(C=C6C(C)(C)C)SC7=C(O)C(SC(C=C(C=C8SC5=C4)C(C)(C)C)=C8O)=CC(C(C)(C)C)=C7)=C3)C(SC9=CC(C(C)(C)C)=CC(SC%10=CC(C(C)(C)C)=CC(SC%11=CC(C(C)(C)C)=CC(S2)=C%11OCCCCN%12N=NC(CCCCOC%13=C(SC%14=C%15)C=C(C(C)(C)C)C=C%13SC%16=CC(C(C)(C)C)=CC(SC%17=CC(C(C)(C)C)=CC(SC(C=C%15C(C)(C)C)=C%14O)=C%17O)=C%16O)=C%12)=C%10OCCCCN%18C=C(CCCCOC%19=C(C=C(C=C%19SC%20=C%21)C(C)(C)C)SC%22=CC(C(C)(C)C)=CC(SC%23=C(O)C(SC(C=C%21C(C)(C)C)=C%20O)=CC(C(C)(C)C)=C%23)=C%22O)N=N%18)=C9OCCCCN%24C=C(CCCCOC%25=C(SC(C=C%26C(C)(C)C)=C%27O)C=C(C(C)(C)C)C=C%25SC%28=C(O)C(SC%29=CC(C(C)(C)C)=CC(SC%27=C%26)=C%29O)=CC(C(C)(C)C)=C%28)N=N%24)=C1)(C)C
outer_cv,train,3,5,15,,,147,Group 11/144.log,Group 11,Group 11,144.log,CC(C1=CC2=C(OCCCCCN3N=NC(COC(C(SC(C=C4C(C)(C)C)=C5O)=C6)=C(C=C6C(C)(C)C)SC7=C(O)C(SC(C=C(C=C8SC5=C4)C(C)(C)C)=C8O)=CC(C(C)(C)C)=C7)=C3)C(SC9=CC(C(C)(C)C)=CC(SC%10=CC(C(C)(C)C)=CC(SC%11=CC(C(C)(C)C)=CC(S2)=C%11OCCCCCN%12N=NC(COC%13=C(SC%14=C%15)C=C(C(C)(C)C)C=C%13SC%16=CC(C(C)(C)C)=CC(SC%17=CC(C(C)(C)C)=CC(SC(C=C%15C(C)(C)C)=C%14O)=C%17O)=C%16O)=C%12)=C%10OCCCCCN%18C=C(COC%19=C(C=C(C=C%19SC%20=C%21)C(C)(C)C)SC%22=CC(C(C)(C)C)=CC(SC%23=C(O)C(SC(C=C%21C(C)(C)C)=C%20O)=CC(C(C)(C)C)=C%23)=C%22O)N=N%18)=C9OCCCCCN%24C=C(COC%25=C(SC(C=C%26C(C)(C)C)=C%27O)C=C(C(C)(C)C)C=C%25SC%28=C(O)C(SC%29=CC(C(C)(C)C)=CC(SC%27=C%26)=C%29O)=CC(C(C)(C)C)=C%28)N=N%24)=C1)(C)C
outer_cv,train,3,5,15,,,148,Group 11/145.log,Group 11,Group 11,145.log,CC(C1=CC2=C(OCCCCCN3N=NC(CCOC4=C(C=C5C(C)(C)C)SC6=C(O)C(SC7=C(O)C(SC8=CC(C(C)(C)C)=CC(SC4=C5)=C8O)=CC(C(C)(C)C)=C7)=CC(C(C)(C)C)=C6)=C3)C(SC9=CC(C(C)(C)C)=CC(SC%10=CC(C(C)(C)C)=CC(SC%11=CC(C(C)(C)C)=CC(S2)=C%11OCCCCCN%12N=NC(CCOC%13=C(SC%14=C%15)C=C(C(C)(C)C)C=C%13SC%16=CC(C(C)(C)C)=CC(SC%17=CC(C(C)(C)C)=CC(SC(C=C%15C(C)(C)C)=C%14O)=C%17O)=C%16O)=C%12)=C%10OCCCCCN%18C=C(CCOC%19=C(C=C(C=C%19SC%20=C%21)C(C)(C)C)SC%22=CC(C(C)(C)C)=CC(SC%23=C(O)C(SC(C=C%21C(C)(C)C)=C%20O)=CC(C(C)(C)C)=C%23)=C%22O)N=N%18)=C9OCCCCCN%24C=C(CCOC%25=C(SC(C=C%26C(C)(C)C)=C%27O)C=C(C(C)(C)C)C=C%25SC%28=C(O)C(SC%29=CC(C(C)(C)C)=CC(SC%27=C%26)=C%29O)=CC(C(C)(C)C)=C%28)N=N%24)=C1)(C)C
outer_cv,train,3,5,15,,,149,Group 11/146.log,Group 11,Group 11,146.log,CC(C1=CC2=C(OCCCCCN3N=NC(CCCOC4=C(C=C5C(C)(C)C)SC6=C(O)C(SC7=C(O)C(SC8=CC(C(C)(C)C)=CC(SC4=C5)=C8O)=CC(C(C)(C)C)=C7)=CC(C(C)(C)C)=C6)=C3)C(SC9=CC(C(C)(C)C)=CC(SC%10=CC(C(C)(C)C)=CC(SC%11=CC(C(C)(C)C)=CC(S2)=C%11OCCCCCN%12N=NC(CCCOC%13=C(SC%14=C%15)C=C(C(C)(C)C)C=C%13SC%16=CC(C(C)(C)C)=CC(SC%17=CC(C(C)(C)C)=CC(SC(C=C%15C(C)(C)C)=C%14O)=C%17O)=C%16O)=C%12)=C%10OCCCCCN%18C=C(CCCOC%19=C(C=C(C=C%19SC%20=C%21)C(C)(C)C)SC%22=CC(C(C)(C)C)=CC(SC%23=C(O)C(SC(C=C%21C(C)(C)C)=C%20O)=CC(C(C)(C)C)=C%23)=C%22O)N=N%18)=C9OCCCCCN%24C=C(CCCOC%25=C(SC(C=C%26C(C)(C)C)=C%27O)C=C(C(C)(C)C)C=C%25SC%28=C(O)C(SC%29=CC(C(C)(C)C)=CC(SC%27=C%26)=C%29O)=CC(C(C)(C)C)=C%28)N=N%24)=C1)(C)C
outer_cv,train,3,5,15,,,150,Group 11/147.log,Group 11,Group 11,147.log,OC1=C(SC2=C3)C=C(C(C)(C)C)C=C1SC4=CC(C(C)(C)C)=CC(SC5=CC(C(C)(C)C)=CC(SC(C=C3C(C)(C)C)=C2O)=C5OCCCCC(N=N6)=CN6CCCCCOC7=C(SC8=CC(C(C)(C)C)=CC(SC9=CC(C(C)(C)C)=CC(S%10)=C9OCCCCCN%11N=NC(CCCCOC%12=C(SC%13=C%14)C=C(C(C)(C)C)C=C%12SC%15=CC(C(C)(C)C)=CC(SC%16=CC(C(C)(C)C)=CC(SC(C=C%14C(C)(C)C)=C%13O)=C%16O)=C%15O)=C%11)=C8OCCCCCN%17C=C(CCCCOC%18=C(C=C(C=C%18SC%19=C%20)C(C)(C)C)SC%21=CC(C(C)(C)C)=CC(SC%22=C(O)C(SC(C=C%20C(C)(C)C)=C%19O)=CC(C(C)(C)C)=C%22)=C%21O)N=N%17)C=C(C(C)(C)C)C=C7SC%23=CC(C(C)(C)C)=CC%10=C%23OCCCCCN%24N=NC(CCCCOC%25=C(C=C%26C(C)(C)C)SC%27=C(O)C(SC%28=C(O)C(SC%29=CC(C(C)(C)C)=CC(SC%25=C%26)=C%29O)=CC(C(C)(C)C)=C%28)=CC(C(C)(C)C)=C%27)=C%24)=C4O
outer_cv,train,3,5,15,,,151,Group 12/148.log,Group 12,Group 12,148.log,OCC(N=N1)=CN1C2=CC(C3=NC=CC=C3)=NC(C4=CC=CC=N4)=C2
outer_cv,train,3,5,15,,,152,Group 12/149.log,Group 12,Group 12,149.log,CCCCCCC(N=N1)=CN1C2=CC(C3=NC=CC=C3)=NC(C4=CC=CC=N4)=C2
outer_cv,train,3,5,15,,,153,Group 12/150.log,Group 12,Group 12,150.log,OC1=C(SC2=C(C(SC3=C(O)C(SC4=CC(C(C)(C)C)=CC(SC1=C5)=C4OCCC6=CN(C7=CC(C8=NC=CC=C8)=NC(C9=CC=CC=N9)=C7)N=N6)=CC(C(C)(C)C)=C3)=CC(C(C)(C)C)=C2)OCCC%10=CN(C%11=CC(C%12=NC=CC=C%12)=NC(C%13=CC=CC=N%13)=C%11)N=N%10)C=C5C(C)(C)C
outer_cv,train,3,5,15,,,154,Group 12/151.log,Group 12,Group 12,151.log,OC1=C(SC2=C(C(SC3=C(O)C(SC4=CC(C(C)(C)C)=CC(SC1=C5)=C4OCCCC6=CN(C7=CC(C8=NC=CC=C8)=NC(C9=CC=CC=N9)=C7)N=N6)=CC(C(C)(C)C)=C3)=CC(C(C)(C)C)=C2)OCCCC%10=CN(C%11=CC(C%12=NC=CC=C%12)=NC(C%13=CC=CC=N%13)=C%11)N=N%10)C=C5C(C)(C)C
outer_cv,train,3,5,15,,,155,Group 12/152.log,Group 12,Group 12,152.log,OC1=C(SC2=C(C(SC3=C(O)C(SC4=CC(C(C)(C)C)=CC(SC1=C5)=C4OCCCCC6=CN(C7=CC(C8=NC=CC=C8)=NC(C9=CC=CC=N9)=C7)N=N6)=CC(C(C)(C)C)=C3)=CC(C(C)(C)C)=C2)OCCCCC%10=CN(C%11=CC(C%12=NC=CC=C%12)=NC(C%13=CC=CC=N%13)=C%11)N=N%10)C=C5C(C)(C)C
outer_cv,train,3,5,15,,,156,Group 12/153.log,Group 12,Group 12,153.log,CC(C1=CC2=C(OCCC3=CN(C4=CC(C5=NC=CC=C5)=NC(C6=CC=CC=N6)=C4)N=N3)C(SC7=CC(C(C)(C)C)=CC(SC8=CC(C(C)(C)C)=CC(SC9=CC(C(C)(C)C)=CC(S2)=C9OCCC%10=CN(C%11=CC(C%12=NC=CC=C%12)=NC(C%13=CC=CC=N%13)=C%11)N=N%10)=C8OCCC%14=CN(C%15=CC(C%16=NC=CC=C%16)=NC(C%17=CC=CC=N%17)=C%15)N=N%14)=C7OCCC%18=CN(C%19=CC(C%20=NC=CC=C%20)=NC(C%21=CC=CC=N%21)=C%19)N=N%18)=C1)(C)C
outer_cv,train,3,5,15,,,157,Group 12/154.log,Group 12,Group 12,154.log,CC(C1=CC2=C(OCCCCCCCCCCCC)C(SC3=CC(C(C)(C)C)=CC(SC4=CC(C(C)(C)C)=CC(SC5=CC(C(C)(C)C)=CC(S2)=C5OCCC6=CN(C7=CC(C8=NC=CC=C8)=NC(C9=CC=CC=N9)=C7)N=N6)=C4OCCCCCCCCCCCC)=C3OCCC%10=CN(C%11=CC(C%12=NC=CC=C%12)=NC(C%13=CC=CC=N%13)=C%11)N=N%10)=C1)(C)C
outer_cv,train,3,5,15,,,158,Group 12/155.log,Group 12,Group 12,155.log,CC(C1=CC2=C(OCCCCCCCCCCCC)C(SC3=CC(C(C)(C)C)=CC(SC4=CC(C(C)(C)C)=CC(SC5=CC(C(C)(C)C)=CC(S2)=C5OCCCC6=CN(C7=CC(C8=NC=CC=C8)=NC(C9=CC=CC=N9)=C7)N=N6)=C4OCCCCCCCCCCCC)=C3OCCCC%10=CN(C%11=CC(C%12=NC=CC=C%12)=NC(C%13=CC=CC=N%13)=C%11)N=N%10)=C1)(C)C
outer_cv,train,3,5,15,,,159,Group 12/156.log,Group 12,Group 12,156.log,CC(C1=CC2=C(OCCCCCCCCCCCC)C(SC3=CC(C(C)(C)C)=CC(SC4=CC(C(C)(C)C)=CC(SC5=CC(C(C)(C)C)=CC(S2)=C5OCCCCC6=CN(C7=CC(C8=NC=CC=C8)=NC(C9=CC=CC=N9)=C7)N=N6)=C4OCCCCCCCCCCCC)=C3OCCCCC%10=CN(C%11=CC(C%12=NC=CC=C%12)=NC(C%13=CC=CC=N%13)=C%11)N=N%10)=C1)(C)C
outer_cv,train,3,5,15,,,160,Group 12/157.log,Group 12,Group 12,157.log,CC(C1=CC2=C(OCCCCC3=CN(C4=CC(C5=NC=CC=C5)=NC(C6=CC=CC=N6)=C4)N=N3)C(SC7=CC(C(C)(C)C)=CC(SC8=CC(C(C)(C)C)=CC(SC9=CC(C(C)(C)C)=CC(S2)=C9OCCCCC%10=CN(C%11=CC(C%12=NC=CC=C%12)=NC(C%13=CC=CC=N%13)=C%11)N=N%10)=C8OCCCCC%14=CN(C%15=CC(C%16=NC=CC=C%16)=NC(C%17=CC=CC=N%17)=C%15)N=N%14)=C7OCCCCC%18=CN(C%19=CC(C%20=NC=CC=C%20)=NC(C%21=CC=CC=N%21)=C%19)N=N%18)=C1)(C)C
outer_cv,train,3,5,15,,,161,Group 13/158.log,Group 13,Group 13,158.log,CC(C1=CC2=C(OCCOCCO)C(SC3=CC(C(C)(C)C)=CC(SC4=CC(C(C)(C)C)=CC(SC5=CC(C(C)(C)C)=CC(S2)=C5OCCOCCO)=C4OCCOCCO)=C3OCCOCCO)=C1)(C)C
outer_cv,train,3,5,15,,,162,Group 13/159.log,Group 13,Group 13,159.log,CC(C1=CC2=C(OCCOCCO)C(SC3=CC(C(C)(C)C)=CC(SC4=CC(C(C)(C)C)=CC(SC5=CC(C(C)(C)C)=CC(S2)=C5OCCBr)=C4OCCOCCO)=C3OCCBr)=C1)(C)C
outer_cv,train,3,5,15,,,163,Group 13/160.log,Group 13,Group 13,160.log,OC1=C2C=C(C(C)(C)C)C=C1SC3=C(OCCOCCOC4=C(S2)C=C5C(C)(C)C)C(SC6=CC(C(C)(C)C)=CC(SC4=C5)=C6O)=CC(C(C)(C)C)=C3
outer_cv,train,3,5,15,,,164,Group 13/161.log,Group 13,Group 13,161.log,OC1=C2C=C(C(C)(C)C)C=C1SC3=C(OCCOCCOCCOC4=C(S2)C=C5C(C)(C)C)C(SC6=CC(C(C)(C)C)=CC(SC4=C5)=C6O)=CC(C(C)(C)C)=C3
outer_cv,train,3,5,15,,,165,Group 13/162.log,Group 13,Group 13,162.log,OC1=C2C=C(C(C)(C)C)C=C1SC3=C(OCCOCCOCCOCCOC4=C(S2)C=C5C(C)(C)C)C(SC6=CC(C(C)(C)C)=CC(SC4=C5)=C6O)=CC(C(C)(C)C)=C3.C
outer_cv,train,3,5,15,,,166,Group 13/163.log,Group 13,Group 13,163.log,OC1=C2C=C(C(C)(C)C)C=C1SC3=C(OCCOCCOCCOCCOCCOC4=C(S2)C=C5C(C)(C)C)C(SC6=CC(C(C)(C)C)=CC(SC4=C5)=C6O)=CC(C(C)(C)C)=C3.C
outer_cv,train,3,5,15,,,167,Group 13/164.log,Group 13,Group 13,164.log,O=[N+](C1=CC(S2)=C3OCCOCCOCCOCCOC4=C5SC6=C(C2=CC([N+]([O-])=O)=C6)OCCOCCOCCOCCOC7=C(SC3=C1)C=C([N+]([O-])=O)C=C7SC4=CC([N+]([O-])=O)=C5)[O-]
outer_cv,train,3,5,15,,,168,Group 13/165.log,Group 13,Group 13,165.log,CC(C1=CC2=C(OCCOCCOC3=C(SC4=CC(C(C)(C)C)=CC(S2)=C4OCCBr)C=C(C(C)(C)C)C=C3S5)C(SC6=CC(C(C)(C)C)=CC5=C6OCCBr)=C1)(C)C
outer_cv,train,3,5,15,,,169,Group 13/166.log,Group 13,Group 13,166.log,CC(C1=CC2=C(OCCOCCOC3=C(SC4=CC(C(C)(C)C)=CC(S2)=C4OCCCBr)C=C(C(C)(C)C)C=C3S5)C(SC6=CC(C(C)(C)C)=CC5=C6OCCCBr)=C1)(C)C
outer_cv,train,3,5,15,,,170,Group 13/167.log,Group 13,Group 13,167.log,CC(C1=CC2=C(OCCOCCOCCOC3=C(SC4=CC(C(C)(C)C)=CC(S2)=C4OCCBr)C=C(C(C)(C)C)C=C3S5)C(SC6=CC(C(C)(C)C)=CC5=C6OCCBr)=C1)(C)C
outer_cv,train,3,5,15,,,171,Group 13/168.log,Group 13,Group 13,168.log,CC(C1=CC2=C(OCCOCCOCCOC3=C(SC4=CC(C(C)(C)C)=CC(S2)=C4OCCCBr)C=C(C(C)(C)C)C=C3S5)C(SC6=CC(C(C)(C)C)=CC5=C6OCCCBr)=C1)(C)C
outer_cv,train,3,5,15,,,172,Group 13/169.log,Group 13,Group 13,169.log,CC(C1=CC2=C(OCCOCCOCCOCCOC3=C(SC4=CC(C(C)(C)C)=CC(S2)=C4OCCCBr)C=C(C(C)(C)C)C=C3S5)C(SC6=CC(C(C)(C)C)=CC5=C6OCCCBr)=C1)(C)C
outer_cv,train,3,5,15,,,173,Group 13/170.log,Group 13,Group 13,170.log,CC(C1=CC2=C(OCCOCCOCCOCCOCCOC3=C(SC4=CC(C(C)(C)C)=CC(S2)=C4OCCBr)C=C(C(C)(C)C)C=C3S5)C(SC6=CC(C(C)(C)C)=CC5=C6OCCBr)=C1)(C)C
outer_cv,train,3,5,15,,,174,Group 13/171.log,Group 13,Group 13,171.log,CC(C1=CC2=C(OCCOCCOCCOCCOCCOC3=C(SC4=CC(C(C)(C)C)=CC(S2)=C4OCCCBr)C=C(C(C)(C)C)C=C3S5)C(SC6=CC(C(C)(C)C)=CC5=C6OCCCBr)=C1)(C)C
outer_cv,train,3,5,15,,,175,Group 13/172.log,Group 13,Group 13,172.log,CC(C1=CC2=C(OCCOCCOCCOCCOCCOCCOC3=C(SC4=CC(C(C)(C)C)=CC(S2)=C4OCCBr)C=C(C(C)(C)C)C=C3S5)C(SC6=CC(C(C)(C)C)=CC5=C6OCCBr)=C1)(C)C
outer_cv,train,3,5,15,,,176,Group 13/173.log,Group 13,Group 13,173.log,CC(C1=CC2=C(OCCOCCOCCOCCOCCOCCOC3=C(SC4=CC(C(C)(C)C)=CC(S2)=C4OCCCBr)C=C(C(C)(C)C)C=C3S5)C(SC6=CC(C(C)(C)C)=CC5=C6OCCCBr)=C1)(C)C
outer_cv,train,3,5,15,,,177,Group 13/174.log,Group 13,Group 13,174.log,CC(C)(C)C1=CC(SC(C=C2C(C)(C)C)=C3OCCOCCOCCOCCOCCOC(C(S4)=CC(C(C)(C)C)=C5)=C5SC6=C(C7=CC(C(C)(C)C)=C6)OCCCBr)=C(OCCCBr)C(SC8=C(OCCOCCOCCOCCOCCOC9=C(S7)C=C(C(C)(C)C)C=C9SC%10=C(OCCCBr)C4=CC(C(C)(C)C)=C%10)C(SC(C=C(C=C%11SC3=C2)C(C)(C)C)=C%11OCCCBr)=CC(C(C)(C)C)=C8)=C1
outer_cv,train,3,5,15,,,178,Group 13/175.log,Group 13,Group 13,175.log,CC(C1=CC2=C(OCCOCCOCCOC3=C(SC4=CC(C(C)(C)C)=CC(S2)=C4OCCCCCCCCCCCC)C=C(C(C)(C)C)C=C3S5)C(SC6=CC(C(C)(C)C)=CC5=C6OCCCCCCCCCCCC)=C1)(C)C
outer_cv,train,3,5,15,,,179,Group 13/176.log,Group 13,Group 13,176.log,CC(C1=CC2=C(OCCOCCOCCOCCOC3=C(SC4=CC(C(C)(C)C)=CC(S2)=C4OCCCCCCCCCCCC)C=C(C(C)(C)C)C=C3S5)C(SC6=CC(C(C)(C)C)=CC5=C6OCCCCCCCCCCCC)=C1)(C)C
outer_cv,train,3,5,15,,,180,Group 13/177.log,Group 13,Group 13,177.log,CC(C1=CC2=C(OCCOCCOCCOCCOCCOC3=C(SC4=CC(C(C)(C)C)=CC(S2)=C4OCCCCCCCCCCCC)C=C(C(C)(C)C)C=C3S5)C(SC6=CC(C(C)(C)C)=CC5=C6OCCCCCCCCCCCC)=C1)(C)C
outer_cv,train,3,5,15,,,181,Group 13/178.log,Group 13,Group 13,178.log,CC(C1=CC2=C(OCCOCCOCCOC3=C(SC4=CC(C(C)(C)C)=CC(S2)=C4OC)C=C(C(C)(C)C)C=C3S5)C(SC6=CC(C(C)(C)C)=CC5=C6OC)=C1)(C)C
outer_cv,train,3,5,15,,,182,Group 13/179.log,Group 13,Group 13,179.log,CC(C1=CC2=C(OCCOCCOCCOCCOC3=C(SC4=CC(C(C)(C)C)=CC(S2)=C4OC)C=C(C(C)(C)C)C=C3S5)C(SC6=CC(C(C)(C)C)=CC5=C6OC)=C1)(C)C
outer_cv,train,3,5,15,,,183,Group 13/180.log,Group 13,Group 13,180.log,CC(C1=CC2=C(OCCOCCOCCOCCOCCOC3=C(SC4=CC(C(C)(C)C)=CC(S2)=C4OC)C=C(C(C)(C)C)C=C3S5)C(SC6=CC(C(C)(C)C)=CC5=C6OC)=C1)(C)C
outer_cv,train,3,5,15,,,184,Group 14/181.log,Group 14,Group 14,181.log,CC(C)(C1=CC(CC2=C(C(CC(C=C(C=C3C4)C(C)(C)C)=C3OCC#CC(C5=CC=CC=C5)=O)=CC(C(C)(C)C)=C2)OCC#CC(C6=CC=CC=C6)=O)=C(OCC#CC(C7=CC=CC=C7)=O)C(CC8=CC(C(C)(C)C)=CC4=C8OCC#CC(C9=CC=CC=C9)=O)=C1)C
outer_cv,train,3,5,15,,,185,Group 14/182.log,Group 14,Group 14,182.log,CC(C)(C1=CC(CC2=C(C(CC(C=C(C=C3C4)C(C)(C)C)=C3OCC#CC(C5=CC=C(C)C=C5)=O)=CC(C(C)(C)C)=C2)OCC#CC(C6=CC=C(C)C=C6)=O)=C(OCC#CC(C7=CC=C(C)C=C7)=O)C(CC8=CC(C(C)(C)C)=CC4=C8OCC#CC(C9=CC=C(C)C=C9)=O)=C1)C
outer_cv,train,3,5,15,,,186,Group 14/183.log,Group 14,Group 14,183.log,CC(C)(C1=CC(CC2=C(C(CC(C=C(C=C3C4)C(C)(C)C)=C3OCC#CC(C5=CC=C(Cl)C=C5)=O)=CC(C(C)(C)C)=C2)OCC#CC(C6=CC=C(Cl)C=C6)=O)=C(OCC#CC(C7=CC=C(Cl)C=C7)=O)C(CC8=CC(C(C)(C)C)=CC4=C8OCC#CC(C9=CC=C(Cl)C=C9)=O)=C1)C
outer_cv,train,3,5,15,,,187,Group 14/184.log,Group 14,Group 14,184.log,CC(C)(C1=CC(CC2=C(C(CC(C=C(C=C3C4)C(C)(C)C)=C3OCC#CC(C5=CC=C(OC)C=C5)=O)=CC(C(C)(C)C)=C2)OCC#CC(C6=CC=C(OC)C=C6)=O)=C(OCC#CC(C7=CC=C(OC)C=C7)=O)C(CC8=CC(C(C)(C)C)=CC4=C8OCC#CC(C9=CC=C(OC)C=C9)=O)=C1)C
outer_cv,train,3,5,15,,,188,Group 14/185.log,Group 14,Group 14,185.log,CC(C1=CC2=C(OCC#CC(C3=CC=CC=C3)=O)C(CC4=CC(C(C)(C)C)=CC(CC5=CC(C(C)(C)C)=CC(CC6=CC(C(C)(C)C)=CC(C2)=C6OCC#CC(C7=CC=CC=C7)=O)=C5OCC#CC(C8=CC=CC=C8)=O)=C4OCC#CC(C9=CC=CC=C9)=O)=C1)(C)C
outer_cv,train,3,5,15,,,189,Group 14/186.log,Group 14,Group 14,186.log,CC(C1=CC2=C(OCC#CC(C3=CC=C(C)C=C3)=O)C(CC4=CC(C(C)(C)C)=CC(CC5=CC(C(C)(C)C)=CC(CC6=CC(C(C)(C)C)=CC(C2)=C6OCC#CC(C7=CC=C(C)C=C7)=O)=C5OCC#CC(C8=CC=C(C)C=C8)=O)=C4OCC#CC(C9=CC=C(C)C=C9)=O)=C1)(C)C
outer_cv,train,3,5,15,,,190,Group 14/187.log,Group 14,Group 14,187.log,CC(C)(C)C1=CC(CC2=C3)=C(OCC#CC(C4=CC=CC=C4)=O)C(CC5=CC(C(C)(C)C)=CC(CC6=CC(C(C)(C)C)=CC(CC(C=C3C(C)(C)C)=C2OCC#CC(C7=CC=CC=C7)=O)=C6OCC#CC(C8=CC=CC=C8)=O)=C5OCC#CC(C9=CC=CC=C9)=O)=C1
outer_cv,train,3,5,15,,,191,Group 14/188.log,Group 14,Group 14,188.log,CC(C)(C)C1=CC(CC2=C3)=C(OCC#CC(C4=CC=C(C)C=C4)=O)C(CC5=CC(C(C)(C)C)=CC(CC6=CC(C(C)(C)C)=CC(CC(C=C3C(C)(C)C)=C2OCC#CC(C7=CC=C(C)C=C7)=O)=C6OCC#CC(C8=CC=C(C)C=C8)=O)=C5OCC#CC(C9=CC=C(C)C=C9)=O)=C1
outer_cv,train,3,5,15,,,192,Group 14/189.log,Group 14,Group 14,189.log,CC(C)(C)C1=CC(CC2=C3)=C(OCC#CC(C4=CC=C(Cl)C=C4)=O)C(CC5=CC(C(C)(C)C)=CC(CC6=CC(C(C)(C)C)=CC(CC(C=C3C(C)(C)C)=C2OCC#CC(C7=CC=C(Cl)C=C7)=O)=C6OCC#CC(C8=CC=C(Cl)C=C8)=O)=C5OCC#CC(C9=CC=C(Cl)C=C9)=O)=C1
outer_cv,train,3,5,15,,,193,Group 14/190.log,Group 14,Group 14,190.log,CC(C)(C)C1=CC(CC2=C3)=C(OCC#CC(C4=CC=C(OC)C=C4)=O)C(CC5=CC(C(C)(C)C)=CC(CC6=CC(C(C)(C)C)=CC(CC(C=C3C(C)(C)C)=C2OCC#CC(C7=CC=C(OC)C=C7)=O)=C6OCC#CC(C8=CC=C(OC)C=C8)=O)=C5OCC#CC(C9=CC=C(OC)C=C9)=O)=C1
outer_cv,train,3,5,15,,,194,Group 14/191.log,Group 14,Group 14,191.log,CC(C1=CC2=C(OCC#CC(C3=CC=C(Cl)C=C3)=O)C(CC4=CC(C(C)(C)C)=CC(CC5=CC(C(C)(C)C)=CC(CC6=CC(C(C)(C)C)=CC(C2)=C6OCC#CC(C7=CC=C(Cl)C=C7)=O)=C5OCC#CC(C8=CC=C(Cl)C=C8)=O)=C4OCC#CC(C9=CC=C(Cl)C=C9)=O)=C1)(C)C
outer_cv,train,3,5,15,,,195,Group 14/192.log,Group 14,Group 14,192.log,CC(C1=CC2=C(OCC#CC(C3=CC=C(OC)C=C3)=O)C(CC4=CC(C(C)(C)C)=CC(CC5=CC(C(C)(C)C)=CC(CC6=CC(C(C)(C)C)=CC(C2)=C6OCC#CC(C7=CC=C(OC)C=C7)=O)=C5OCC#CC(C8=CC=C(OC)C=C8)=O)=C4OCC#CC(C9=CC=C(OC)C=C9)=O)=C1)(C)C
outer_cv,train,3,5,15,,,196,Group 14/193.log,Group 14,Group 14,193.log,CC(C1=CC2=C(OCC#CC(C3=CC=CC=C3)=O)C(SC4=CC(C(C)(C)C)=CC(SC5=CC(C(C)(C)C)=CC(SC6=CC(C(C)(C)C)=CC(S2)=C6OCC#CC(C7=CC=CC=C7)=O)=C5OCC#CC(C8=CC=CC=C8)=O)=C4OCC#CC(C9=CC=CC=C9)=O)=C1)(C)C
outer_cv,train,3,5,15,,,197,Group 14/194.log,Group 14,Group 14,194.log,CC(C1=CC2=C(OCCC#CC(C3=CC=CC=C3)=O)C(SC4=CC(C(C)(C)C)=CC(SC5=CC(C(C)(C)C)=CC6=C5OCCC#C(C(C7=CC=CC=C7)=O)C(C(C=C8S6)=CC(S2)=C8OCCC#CC(C9=CC=CC=C9)=O)(C)C)=C4OCCC#CC(C%10=CC=CC=C%10)=O)=C1)(C)C
outer_cv,train,3,5,15,,,198,Group 14/195.log,Group 14,Group 14,195.log,CC(C1=CC2=C(OCCCC#CC(C3=CC=CC=C3)=O)C(CC4=CC(C(C)(C)C)=CC(CC5=CC(C(C)(C)C)=CC(CC6=CC(C(C)(C)C)=CC(C2)=C6OCCCC#CC(C7=CC=CC=C7)=O)=C5OCCCC#CC(C8=CC=CC=C8)=O)=C4OCCCC#CC(C9=CC=CC=C9)=O)=C1)(C)C
outer_cv,train,3,5,15,,,199,Group 14/196.log,Group 14,Group 14,196.log,CC(C1=CC2=C(OCCCC#CC(C3=CC=CC=C3)=O)C(SC4=CC(C(C)(C)C)=CC(SC5=CC(C(C)(C)C)=CC(SC6=CC(C(C)(C)C)=CC(S2)=C6OCCCC#CC(C7=CC=CC=C7)=O)=C5OCCCC#CC(C8=CC=CC=C8)=O)=C4OCCCC#CC(C9=CC=CC=C9)=O)=C1)(C)C
outer_cv,train,3,5,15,,,200,Group 14/197.log,Group 14,Group 14,197.log,CC(C1=CC2=C(OCCCCC#CC(C3=CC=CC=C3)=O)C(SC4=CC(C(C)(C)C)=CC(SC5=CC(C(C)(C)C)=CC(SC6=CC(C(C)(C)C)=CC(S2)=C6OCCCCC#CC(C7=CC=CC=C7)=O)=C5OCCCCC#CC(C8=CC=CC=C8)=O)=C4OCCCCC#CC(C9=CC=CC=C9)=O)=C1)(C)C
outer_cv,train,3,5,15,,,201,Group 15/198.log,Group 15,Group 15,198.log,CC(C)(C)C1=CC(SC2=C3)=C(OCO)C(SC4=CC(C(C)(C)C)=CC(SC5=CC(C(C)(C)C)=CC(SC(C=C3C(C)(C)C)=C2OCC(O)=O)=C5OCC(O)=O)=C4OCC(O)=O)=C1.O=[C]
outer_cv,train,3,5,15,,,202,Group 15/199.log,Group 15,Group 15,199.log,CC(C)(C)C1=CC(CC2=C3)=C(OCO)C(CC4=CC(C(C)(C)C)=CC(CC5=CC(C(C)(C)C)=CC(CC(C=C3C(C)(C)C)=C2OCC(O)=O)=C5OCC(O)=O)=C4OCC(O)=O)=C1.O=[C]
outer_cv,train,3,5,15,,,203,Group 15/200.log,Group 15,Group 15,200.log,CC(C)(C1=CC(CC2=C(C(CC(C=C(C=C3C4)C(C)(C)C)=C3OCC(O)=O)=CC(C(C)(C)C)=C2)OCC(O)=O)=C(OCC(O)=O)C(CC5=CC(C(C)(C)C)=CC4=C5OCC(O)=O)=C1)C
outer_cv,train,3,5,15,,,204,Group 15/201.log,Group 15,Group 15,201.log,CC(C)(C)C1=CC(CC2=C3)=C(OCC(OCC)=O)C(CC4=CC(C(C)(C)C)=CC(CC5=CC(C(C)(C)C)=CC(CC(C=C3C(C)(C)C)=C2OCC(OCC)=O)=C5OCC(OCC)=O)=C4OCC(OCC)=O)=C1
outer_cv,train,3,5,15,,,205,Group 15/202.log,Group 15,Group 15,202.log,OC1=C(SC2=C(C(SC3=C(O)C(SC4=CC(C(C)(C)C)=CC(SC1=C5)=C4OCCN6C(C(OC)=O)=C(C(OC)=O)N=N6)=CC(C(C)(C)C)=C3)=CC(C(C)(C)C)=C2)OCCN7N=NC(C(OC)=O)=C7C(OC)=O)C=C5C(C)(C)C
outer_cv,train,3,5,15,,,206,Group 15/203.log,Group 15,Group 15,203.log,CC(C1=CC2=C(OCCCCCCCCCCCC)C(SC3=CC(C(C)(C)C)=CC(SC4=CC(C(C)(C)C)=CC(SC5=CC(C(C)(C)C)=CC(S2)=C5OCCCN6C(C(OC)=O)=C(C(OC)=O)N=N6)=C4OCCCCCCCCCCCC)=C3OCCCN7N=NC(C(OC)=O)=C7C(OC)=O)=C1)(C)C
outer_cv,train,3,5,15,,,207,Group 15/204.log,Group 15,Group 15,204.log,CC(C1=CC2=C(OCC(OCC)=O)C(CC3=CC(C(C)(C)C)=CC(CC4=CC(C(C)(C)C)=CC(CC5=CC(C(C)(C)C)=CC(C2)=C5OCC(OCC)=O)=C4OCC(OCC)=O)=C3OCC(OCC)=O)=C1)(C)C
outer_cv,train,3,5,15,,,208,Group 15/205.log,Group 15,Group 15,205.log,CC(C)(C1=CC(CC2=C(C(CC(C=C(C=C3C4)C(C)(C)C)=C3OCC(OCC)=O)=CC(C(C)(C)C)=C2)OCC(OCC)=O)=C(OCC(OCC)=O)C(CC5=CC(C(C)(C)C)=CC4=C5OCC(OCC)=O)=C1)C
outer_cv,train,3,5,15,,,209,Group 15/206.log,Group 15,Group 15,206.log,CC(C1=CC2=C(OCC(OCC)=O)C(SC3=CC(C(C)(C)C)=CC(SC4=CC(C(C)(C)C)=CC(SC5=CC(C(C)(C)C)=CC(S2)=C5OCC(OCC)=O)=C4OCC(OCC)=O)=C3OCC(OCC)=O)=C1)(C)C
outer_cv,train,3,5,15,,,210,Group 15/207.log,Group 15,Group 15,207.log,CC(C1=CC2=C(OCC(OC(C)(C)C)=O)C(SC3=CC(C(C)(C)C)=CC(SC4=CC(C(C)(C)C)=CC(SC5=CC(C(C)(C)C)=CC(S2)=C5OCC(OC(C)(C)C)=O)=C4OCC(OC(C)(C)C)=O)=C3OCC(OC(C)(C)C)=O)=C1)(C)C
outer_cv,train,3,5,15,,,211,Group 16/208.log,Group 16,Group 16,208.log,OC1=C(SC2=C(C(SC3=C(O)C(SC4=CC(C(C)(C)C)=CC(SC1=C5)=C4OCCN6C(C(C=CC=C7)=C7C6=O)=O)=CC(C(C)(C)C)=C3)=CC(C(C)(C)C)=C2)OCCN8C(C(C=CC=C9)=C9C8=O)=O)C=C5C(C)(C)C
outer_cv,train,3,5,15,,,212,Group 16/209.log,Group 16,Group 16,209.log,OC1=C(SC2=C(C(SC3=C(O)C(SC4=CC(C(C)(C)C)=CC(SC1=C5)=C4OCCCN6C(C(C=CC=C7)=C7C6=O)=O)=CC(C(C)(C)C)=C3)=CC(C(C)(C)C)=C2)OCCCN8C(C(C=CC=C9)=C9C8=O)=O)C=C5C(C)(C)C
outer_cv,train,3,5,15,,,213,Group 16/210.log,Group 16,Group 16,210.log,OC1=C(CC2=C(C(CC3=C(O)C(CC4=CC(C(C)(C)C)=CC(CC1=C5)=C4OCC(N6CCOCC6)=O)=CC(C(C)(C)C)=C3)=CC(C(C)(C)C)=C2)OCC(N7CCOCC7)=O)C=C5C(C)(C)C
outer_cv,train,3,5,15,,,214,Group 16/211.log,Group 16,Group 16,211.log,CC(C1=CC2=C(OCCOCCOCCOCCOCCOC3=C(SC4=CC(C(C)(C)C)=CC(S2)=C4OCCN5C(C(C=CC=C6)C6C5=O)=O)C=C(C(C)(C)C)C=C3S7)C(SC8=CC(C(C)(C)C)=CC7=C8OCCN9C(C(C=CC=C%10)C%10C9=O)=O)=C1)(C)C
outer_cv,train,3,5,15,,,215,Group 16/212.log,Group 16,Group 16,212.log,CC(C1=CC2=C(OCCOCCOCCOCCOCCOC3=C(SC4=CC(C(C)(C)C)=CC(S2)=C4OCCCN5C(C(C=CC=C6)=C6C5=O)=O)C=C(C(C)(C)C)C=C3S7)C(SC8=CC(C(C)(C)C)=CC7=C8OCCCN9C(C(C=CC=C%10)=C%10C9=O)=O)=C1)(C)C
outer_cv,train,3,5,15,,,216,Group 16/213.log,Group 16,Group 16,213.log,OC1=C(CC2=C(C(CC3=C(O)C(CC4=CC(C(C)(C)C)=CC(CC1=C5)=C4OCC(N6CCOCCOCCOCC6)=O)=CC(C(C)(C)C)=C3)=CC(C(C)(C)C)=C2)OCC(N7CCOCCOCCOCC7)=O)C=C5C(C)(C)C
outer_cv,train,3,5,15,,,217,Group 16/214.log,Group 16,Group 16,214.log,OC1=C(CC2=C(C(CC3=C(O)C(CC4=CC(C(C)(C)C)=CC(CC1=C5)=C4OCC(N6CCOCCOCCOCCOCC6)=O)=CC(C(C)(C)C)=C3)=CC(C(C)(C)C)=C2)OCC(N7CCOCCOCCOCCOCC7)=O)C=C5C(C)(C)C
outer_cv,train,3,5,15,,,218,Group 16/215.log,Group 16,Group 16,215.log,OC1=C(CC2=C(C(CC3=C(O)C(CC4=CC(C(C)(C)C)=CC(CC1=C5)=C4OCC(N6CCOCCOCCOCCOCCOCC6)=O)=CC(C(C)(C)C)=C3)=CC(C(C)(C)C)=C2)OCC(N7CCOCCOCCOCCOCCOCC7)=O)C=C5C(C)(C)C
outer_cv,train,3,5,15,,,219,Group 16/216.log,Group 16,Group 16,216.log,OC1=C(CC2=CC(C(C)(C)C)=CC(CC(C=C3C(C)(C)C)=C4OCC(N5CCOCCOCCOCC5)=O)=C2OCC(N6CCOCCOCCOCC6)=O)C=C(C(C)(C)C)C=C1CC7=CC(C(C)(C)C)=CC(CC4=C3)=C7OCC(N8CCOCCOCCOCC8)=O
outer_cv,train,3,5,15,,,220,Group 16/217.log,Group 16,Group 16,217.log,CC(C)(C)C1=CC(CC2=C3)=C(OCC(N4CCOCCOCCOCC4)=O)C(CC5=CC(C(C)(C)C)=CC(CC6=CC(C(C)(C)C)=CC(CC(C=C3C(C)(C)C)=C2OCC(N7CCOCCOCCOCC7)=O)=C6OCC(N8CCOCCOCCOCC8)=O)=C5OCC(N9CCOCCOCCOCC9)=O)=C1
outer_cv,train,3,5,15,,,223,Group 18/220.log,Group 18,Group 18,220.log,C12=C(C(SC(C=CC=C3S4)=C3OCCOCCOCCOC(C(SC5=CC=CC4=C5OCCCOC6=CC(C7=NC=CC=C7)=NC(C8=CC=CC=N8)=C6)=CC=C9)=C9S2)=CC=C1)OCCCOC%10=CC(C%11=NC=CC=C%11)=NC(C%12=CC=CC=N%12)=C%10
outer_cv,train,3,5,15,,,224,Group 18/221.log,Group 18,Group 18,221.log,CC(C1=CC2=C(OCCOCCOCCOC3=C(SC4=CC(C(C)(C)C)=CC(S2)=C4OCCCOC5=CC(C6=NC=CC=C6)=NC(C7=CC=CC=N7)=C5)C=C(C(C)(C)C)C=C3S8)C(SC9=CC(C(C)(C)C)=CC8=C9OCCCOC%10=CC(C%11=NC=CC=C%11)=NC(C%12=CC=CC=N%12)=C%10)=C1)(C)C
outer_cv,train,3,5,15,,,225,Group 18/222.log,Group 18,Group 18,222.log,CC(C1=CC2=C(OCCOCCOCCOCCOC3=C(SC4=CC(C(C)(C)C)=CC(S2)=C4OCCCOC5=CC(C6=NC=CC=C6)=NC(C7=CC=CC=N7)=C5)C=C(C(C)(C)C)C=C3S8)C(SC9=CC(C(C)(C)C)=CC8=C9OCCCOC%10=CC(C%11=NC=CC=C%11)=NC(C%12=CC=CC=N%12)=C%10)=C1)(C)C
outer_cv,train,3,5,15,,,226,Group 18/223.log,Group 18,Group 18,223.log,CC(C1=CC2=C(OCCOCCOCCOCCOCCOC3=C(SC4=CC(C(C)(C)C)=CC(S2)=C4OCCCOC5=CC(C6=NC=CC=C6)=NC(C7=CC=CC=N7)=C5)C=C(C(C)(C)C)C=C3S8)C(SC9=CC(C(C)(C)C)=CC8=C9OCCCOC%10=CC(C%11=NC=CC=C%11)=NC(C%12=CC=CC=N%12)=C%10)=C1)(C)C
outer_cv,train,3,5,15,,,247,Group 20/244.log,Group 20,Group 20,244.log,BrCCCOC1=C2C=CC=C1SC3=CC=CC4=C3OCCSCCSCCOC5=C(SC6=CC=CC(S4)=C6OCCCBr)C=CC=C5S2
outer_cv,train,3,5,15,,,248,Group 20/245.log,Group 20,Group 20,245.log,CC(C1=CC2=C(OCCSCCSCCOC3=C(SC4=CC(C(C)(C)C)=CC(S2)=C4OCCCBr)C=C(C(C)(C)C)C=C3S5)C(SC6=CC(C(C)(C)C)=CC5=C6OCCCBr)=C1)(C)C
outer_cv,train,3,5,15,,,249,Group 20/246.log,Group 20,Group 20,246.log,CC(C1=CC2=C(OCCSCCSCCOC3=C(SC4=CC(C(C)(C)C)=CC(S2)=C4OCCCCCCCCCCCC)C=C(C(C)(C)C)C=C3S5)C(SC6=CC(C(C)(C)C)=CC5=C6OCCCCCCCCCCCC)=C1)(C)C
outer_cv,train,3,5,15,,,250,Group 20/247.log,Group 20,Group 20,247.log,CC(C1=CC2=C(OCCCSCCOCCSCCCOC3=C(SC4=CC(C(C)(C)C)=CC(S2)=C4OCCCCCCCCCCCC)C=C(C(C)(C)C)C=C3S5)C(SC6=CC(C(C)(C)C)=CC5=C6OCCCCCCCCCCCC)=C1)(C)C
outer_cv,train,3,5,15,,,251,Group 20/248.log,Group 20,Group 20,248.log,CC(C1=CC2=C(OCCCSCCSCCSCCCOC3=C(SC4=CC(C(C)(C)C)=CC(S2)=C4OCCCCCCCCCCCC)C=C(C(C)(C)C)C=C3S5)C(SC6=CC(C(C)(C)C)=CC5=C6OCCCCCCCCCCCC)=C1)(C)C
outer_cv,valid,3,5,15,,,79,Group 8/76.log,Group 8,Group 8,76.log,OC1=C(SC2=C(C(SC3=C(O)C(SC4=CC(C(C)(C)C)=CC(SC1=C5)=C4OCCN)=CC(C(C)(C)C)=C3)=CC(C(C)(C)C)=C2)OCCN)C=C5C(C)(C)C
outer_cv,valid,3,5,15,,,80,Group 8/77.log,Group 8,Group 8,77.log,OC1=C(SC2=C(C(SC3=C(O)C(SC4=CC(C(C)(C)C)=CC(SC1=C5)=C4OCCCN)=CC(C(C)(C)C)=C3)=CC(C(C)(C)C)=C2)OCCCN)C=C5C(C)(C)C
outer_cv,valid,3,5,15,,,81,Group 8/78.log,Group 8,Group 8,78.log,OC1=C(SC2=C(C(SC3=C(O)C(SC4=CC(C(C)(C)C)=CC(SC1=C5)=C4OCCN)=CC(C(C)(C)C)=C3)=CC(C(C)(C)C)=C2)O)C=C5C(C)(C)C
outer_cv,valid,3,5,15,,,82,Group 8/79.log,Group 8,Group 8,79.log,OC1=C(SC2=C(C(SC3=C(O)C(SC4=CC(C(C)(C)C)=CC(SC1=C5)=C4OCCCN)=CC(C(C)(C)C)=C3)=CC(C(C)(C)C)=C2)O)C=C5C(C)(C)C
outer_cv,valid,3,5,15,,,83,Group 8/80.log,Group 8,Group 8,80.log,OC1=C(SC2=C(C(SC3=C(O)C(SC4=CC(C(C)(C)C)=CC(SC1=C5)=C4OCCN(CC)CC6=CC=CC=C6)=CC(C(C)(C)C)=C3)=CC(C(C)(C)C)=C2)OCCN(CC)CC7=CC=CC=C7)C=C5C(C)(C)C
outer_cv,valid,3,5,15,,,84,Group 8/81.log,Group 8,Group 8,81.log,CC(C1=CC2=C(OCCCCCCCCCCCC)C(SC3=CC(C(C)(C)C)=CC(SC4=CC(C(C)(C)C)=CC(SC5=CC(C(C)(C)C)=CC(S2)=C5OCCN)=C4OCCCCCCCCCCCC)=C3OCCN)=C1)(C)C
outer_cv,valid,3,5,15,,,85,Group 8/82.log,Group 8,Group 8,82.log,CC(C1=CC2=C(OCCCCCCCCCCCC)C(SC3=CC(C(C)(C)C)=CC(SC4=CC(C(C)(C)C)=CC(SC5=CC(C(C)(C)C)=CC(S2)=C5OCCCN)=C4OCCCCCCCCCCCC)=C3OCCCN)=C1)(C)C
outer_cv,valid,3,5,15,,,86,Group 8/83.log,Group 8,Group 8,83.log,CC(C1=CC2=C(OCCCCCCCCCCCC)C(SC3=CC(C(C)(C)C)=CC(SC4=CC(C(C)(C)C)=CC(SC5=CC(C(C)(C)C)=CC(S2)=C5OCCCN=[N+]=[N-])=C4OCCCCCCCCCCCC)=C3OCCCN=[N+]=[N-])=C1)(C)C
outer_cv,valid,3,5,15,,,87,Group 8/84.log,Group 8,Group 8,84.log,CC(C1=CC2=C(OCCN=[N+]=[N-])C(SC3=CC(C(C)(C)C)=CC(SC4=CC(C(C)(C)C)=CC(SC5=CC(C(C)(C)C)=CC(S2)=C5OCCN=[N+]=[N-])=C4OCCN=[N+]=[N-])=C3OCCN=[N+]=[N-])=C1)(C)C
outer_cv,valid,3,5,15,,,88,Group 8/85.log,Group 8,Group 8,85.log,CC(C1=CC2=C(OCCCN=[N+]=[N-])C(SC3=CC(C(C)(C)C)=CC(SC4=CC(C(C)(C)C)=CC(SC5=CC(C(C)(C)C)=CC(S2)=C5OCCCN=[N+]=[N-])=C4OCCCN=[N+]=[N-])=C3OCCCN=[N+]=[N-])=C1)(C)C
outer_cv,valid,3,5,15,,,89,Group 8/86.log,Group 8,Group 8,86.log,CC(C1=CC2=C(OCCCCN=[N+]=[N-])C(SC3=CC(C(C)(C)C)=CC(SC4=CC(C(C)(C)C)=CC(SC5=CC(C(C)(C)C)=CC(S2)=C5OCCCCN=[N+]=[N-])=C4OCCCCN=[N+]=[N-])=C3OCCCCN=[N+]=[N-])=C1)(C)C
outer_cv,valid,3,5,15,,,90,Group 8/87.log,Group 8,Group 8,87.log,CC(C1=CC2=C(OCCCCCN=[N+]=[N-])C(SC3=CC(C(C)(C)C)=CC(SC4=CC(C(C)(C)C)=CC(SC5=CC(C(C)(C)C)=CC(S2)=C5OCCCCCN=[N+]=[N-])=C4OCCCCCN=[N+]=[N-])=C3OCCCCCN=[N+]=[N-])=C1)(C)C
outer_cv,valid,3,5,15,,,91,Group 8/88.log,Group 8,Group 8,88.log,OC1=C(SC2=C(C(SC3=C(O)C(SC4=CC(C(C)(C)C)=CC(SC1=C5)=C4OCCN=[N+]=[N-])=CC(C(C)(C)C)=C3)=CC(C(C)(C)C)=C2)OCCN=[N+]=[N-])C=C5C(C)(C)C
outer_cv,valid,3,5,15,,,92,Group 8/89.log,Group 8,Group 8,89.log,OC1=C(SC2=C(C(SC3=C(O)C(SC4=CC(C(C)(C)C)=CC(SC1=C5)=C4OCCN=[N+]=[N-])=CC(C(C)(C)C)=C3)=CC(C(C)(C)C)=C2)O)C=C5C(C)(C)C
outer_cv,valid,3,5,15,,,93,Group 8/90.log,Group 8,Group 8,90.log,OC1=C(SC2=C(C(SC3=C(O)C(SC4=CC(C(C)(C)C)=CC(SC1=C5)=C4OCCCN=[N+]=[N-])=CC(C(C)(C)C)=C3)=CC(C(C)(C)C)=C2)O)C=C5C(C)(C)C
outer_cv,valid,3,5,15,,,227,Group 19/224.log,Group 19,Group 19,224.log,OC1=C(SC2=C(C(SC3=C(O)C(SC4=CC(C(C)(C)C)=CC(SC1=C5)=C4OCCSCCCCCCCC)=CC(C(C)(C)C)=C3)=CC(C(C)(C)C)=C2)OCCSCCCCCCCC)C=C5C(C)(C)C
outer_cv,valid,3,5,15,,,228,Group 19/225.log,Group 19,Group 19,225.log,OC1=C(SC2=C(C(SC3=C(O)C(SC4=CC(C(C)(C)C)=CC(SC1=C5)=C4OCCSC)=CC(C(C)(C)C)=C3)=CC(C(C)(C)C)=C2)OCCSC)C=C5C(C)(C)C
outer_cv,valid,3,5,15,,,229,Group 19/226.log,Group 19,Group 19,226.log,OC1=C(SC2=C(C(SC3=C(O)C(SC4=CC(C(C)(C)C)=CC(SC1=C5)=C4OCCSCC6=CC=CC=C6)=CC(C(C)(C)C)=C3)=CC(C(C)(C)C)=C2)OCCSCC7=CC=CC=C7)C=C5C(C)(C)C
outer_cv,valid,3,5,15,,,230,Group 19/227.log,Group 19,Group 19,227.log,OC1=C(SC2=C(C(SC3=C(O)C(SC4=CC(C(C)(C)C)=CC(SC1=C5)=C4OCCCSCC)=CC(C(C)(C)C)=C3)=CC(C(C)(C)C)=C2)OCCCSCC)C=C5C(C)(C)C
outer_cv,valid,3,5,15,,,231,Group 19/228.log,Group 19,Group 19,228.log,OC1=C(CC2=C(C(CC3=C(O)C(C4)=CC=C3)=CC=C2)OCCCS)C=CC=C1CC5=C(OCCCS)C4=CC=C5
outer_cv,valid,3,5,15,,,232,Group 19/229.log,Group 19,Group 19,229.log,OC1=C(SC2=C(C(SC3=C(O)C(SC4=CC(C(C)(C)C)=CC(SC1=C5)=C4OCCCSCCSCCS)=CC(C(C)(C)C)=C3)=CC(C(C)(C)C)=C2)O)C=C5C(C)(C)C
outer_cv,valid,3,5,15,,,233,Group 19/230.log,Group 19,Group 19,230.log,CC(C1=CC2=C(OCCCS)C(SC3=CC(C(C)(C)C)=CC(SC4=CC(C(C)(C)C)=CC(SC5=CC(C(C)(C)C)=CC(S2)=C5OCCCS)=C4OCCCS)=C3OCCCS)=C1)(C)C
outer_cv,valid,3,5,15,,,234,Group 19/231.log,Group 19,Group 19,231.log,CC(C1=CC2=C(OCCCSCC(OC)=O)C(SC3=CC(C(C)(C)C)=CC(SC4=CC(C(C)(C)C)=CC(SC5=CC(C(C)(C)C)=CC(S2)=C5OCCCSCC(OC)=O)=C4OCCCSCC(OC)=O)=C3OCCCSCC(OC)=O)=C1)(C)C
outer_cv,valid,3,5,15,,,235,Group 19/232.log,Group 19,Group 19,232.log,CC(C1=CC2=C(OCCCCSCC(OC)=O)C(SC3=CC(C(C)(C)C)=CC(SC4=CC(C(C)(C)C)=CC(SC5=CC(C(C)(C)C)=CC(S2)=C5OCCCCSCC(OC)=O)=C4OCCCCSCC(OC)=O)=C3OCCCCSCC(OC)=O)=C1)(C)C
outer_cv,valid,3,5,15,,,236,Group 19/233.log,Group 19,Group 19,233.log,CC(C1=CC2=C(OCCCCCSCC(OC)=O)C(SC3=CC(C(C)(C)C)=CC(SC4=CC(C(C)(C)C)=CC(SC5=CC(C(C)(C)C)=CC(S2)=C5OCCCCCSCC(OC)=O)=C4OCCCCCSCC(OC)=O)=C3OCCCCCSCC(OC)=O)=C1)(C)C
outer_cv,valid,3,5,15,,,237,Group 19/234.log,Group 19,Group 19,234.log,CC(C1=CC2=C(OCCOCCO)C(SC3=CC(C(C)(C)C)=CC(SC4=CC(C(C)(C)C)=CC(SC5=CC(C(C)(C)C)=CC(S2)=C5OCCSCC(OC)=O)=C4OCCOCCO)=C3OCCSCC(OC)=O)=C1)(C)C
outer_cv,valid,3,5,15,,,238,Group 19/235.log,Group 19,Group 19,235.log,OC1=C(SC2=C(C(SC3=C(O)C(SC4=CC(C(C)(C)C)=CC(SC1=C5)=C4OCCSC(C)=O)=CC(C(C)(C)C)=C3)=CC(C(C)(C)C)=C2)OCCSC(C)=O)C=C5C(C)(C)C
outer_cv,valid,3,5,15,,,239,Group 19/236.log,Group 19,Group 19,236.log,OC1=C(SC2=C(C(SC3=C(O)C(SC4=CC(C(C)(C)C)=CC(SC1=C5)=C4OCCCSC(C)=O)=CC(C(C)(C)C)=C3)=CC(C(C)(C)C)=C2)OCCCSC(C)=O)C=C5C(C)(C)C
outer_cv,valid,3,5,15,,,240,Group 19/237.log,Group 19,Group 19,237.log,CC(C1=CC2=C(OCCSCCCCCCCC)C(SC3=CC(C(C)(C)C)=CC(SC4=CC(C(C)(C)C)=CC(SC5=CC(C(C)(C)C)=CC(S2)=C5OCCC#C)=C4OCCSCCCCCCCC)=C3OCCC#C)=C1)(C)C
outer_cv,valid,3,5,15,,,241,Group 19/238.log,Group 19,Group 19,238.log,CC(C1=CC2=C(OCCSCCCCCCCC)C(SC3=CC(C(C)(C)C)=CC(SC4=CC(C(C)(C)C)=CC(SC5=CC(C(C)(C)C)=CC(S2)=C5OCCCC#C)=C4OCCSCCCCCCCC)=C3OCCCC#C)=C1)(C)C
outer_cv,valid,3,5,15,,,242,Group 19/239.log,Group 19,Group 19,239.log,CC(C1=CC2=C(OCCSCCCCCCCC)C(SC3=CC(C(C)(C)C)=CC(SC4=CC(C(C)(C)C)=CC(SC5=CC(C(C)(C)C)=CC(S2)=C5OCCCCC#C)=C4OCCSCCCCCCCC)=C3OCCCCC#C)=C1)(C)C
outer_cv,valid,3,5,15,,,243,Group 19/240.log,Group 19,Group 19,240.log,CC(C1=CC2=C(OCCSCCCCCCCC)C(SC3=CC(C(C)(C)C)=CC(SC4=CC(C(C)(C)C)=CC(SC5=CC(C(C)(C)C)=CC(S2)=C5OCCCBr)=C4OCCSCCCCCCCC)=C3OCCCBr)=C1)(C)C
outer_cv,valid,3,5,15,,,244,Group 19/241.log,Group 19,Group 19,241.log,CC(C1=CC2=C(OCCSCCCCCCCC)C(SC3=CC(C(C)(C)C)=CC(SC4=CC(C(C)(C)C)=CC(SC5=CC(C(C)(C)C)=CC(S2)=C5OCCCN=[N+]=[N-])=C4OCCSCCCCCCCC)=C3OCCCN=[N+]=[N-])=C1)(C)C
outer_cv,valid,3,5,15,,,245,Group 19/242.log,Group 19,Group 19,242.log,CC(C1=CC2=C(OCCSCCCCCCCC)C(SC3=CC(C(C)(C)C)=CC(SC4=CC(C(C)(C)C)=CC(SC5=CC(C(C)(C)C)=CC(S2)=C5OCCCN6C(C(OC)=O)=C(C(OC)=O)N=N6)=C4OCCSCCCCCCCC)=C3OCCCN7N=NC(C(OC)=O)=C7C(OC)=O)=C1)(C)C
outer_cv,valid,3,5,15,,,246,Group 19/243.log,Group 19,Group 19,243.log,OC1=C(SC2=C(C(SC3=C(O)C(SC4=CC(C(C)(C)C)=CC(SC1=C5)=C4OCCCBr)=CC(C(C)(C)C)=C3)=CC(C(C)(C)C)=C2)OCCCSC(C)=O)C=C5C(C)(C)C
outer_cv,valid,3,5,15,,,258,Group 22/255.log,Group 22,Group 22,255.log,CC(C1=CC2=C(OCCOCCOCCOC3=C(SC4=CC(C(C)(C)C)=CC(S2)=C4OCCSC(C)=O)C=C(C(C)(C)C)C=C3S5)C(SC6=CC(C(C)(C)C)=CC5=C6OCCSC(C)=O)=C1)(C)C
outer_cv,valid,3,5,15,,,259,Group 22/256.log,Group 22,Group 22,256.log,CC(C1=CC2=C(OCCOCCOCCOC3=C(SC4=CC(C(C)(C)C)=CC(S2)=C4OCCCSC(C)=O)C=C(C(C)(C)C)C=C3S5)C(SC6=CC(C(C)(C)C)=CC5=C6OCCCSC(C)=O)=C1)(C)C
outer_cv,valid,3,5,15,,,260,Group 22/257.log,Group 22,Group 22,257.log,CC(C1=CC2=C(OCCOCCOCCOC3=C(SC4=CC(C(C)(C)C)=CC(S2)=C4OCCSC)C=C(C(C)(C)C)C=C3S5)C(SC6=CC(C(C)(C)C)=CC5=C6OCCSC)=C1)(C)C
outer_cv,valid,3,5,15,,,261,Group 22/258.log,Group 22,Group 22,258.log,CC(C1=CC2=C(OCCOCCOCCOC3=C(SC4=CC(C(C)(C)C)=CC(S2)=C4OCCSCC5=CC=CC=C5)C=C(C(C)(C)C)C=C3S6)C(SC7=CC(C(C)(C)C)=CC6=C7OCCSCC8=CC=CC=C8)=C1)(C)C
outer_cv,valid,3,5,15,,,262,Group 22/259.log,Group 22,Group 22,259.log,CC(C1=CC2=C(OCCOCCOCCOC3=C(SC4=CC(C(C)(C)C)=CC(S2)=C4OCCCSCC)C=C(C(C)(C)C)C=C3S5)C(SC6=CC(C(C)(C)C)=CC5=C6OCCCSCC)=C1)(C)C
outer_cv,valid,3,5,15,,,263,Group 22/260.log,Group 22,Group 22,260.log,CC(C1=CC2=C(OCCOCCOCCOCCOC3=C(SC4=CC(C(C)(C)C)=CC(S2)=C4OCCSCC5=CC=CC=C5)C=C(C(C)(C)C)C=C3S6)C(SC7=CC(C(C)(C)C)=CC6=C7OCCSCC8=CC=CC=C8)=C1)(C)C
outer_cv,valid,3,5,15,,,264,Group 22/261.log,Group 22,Group 22,261.log,CC(C1=CC2=C(OCCOCCOCCOCCOC3=C(SC4=CC(C(C)(C)C)=CC(S2)=C4OCCCSCC)C=C(C(C)(C)C)C=C3S5)C(SC6=CC(C(C)(C)C)=CC5=C6OCCCSCC)=C1)(C)C
outer_cv,valid,3,5,15,,,265,Group 22/262.log,Group 22,Group 22,262.log,CC(C1=CC2=C(OCCOCCOC3=C(SC4=CC(C(C)(C)C)=CC(S2)=C4OCCCSC(C)=O)C=C(C(C)(C)C)C=C3S5)C(SC6=CC(C(C)(C)C)=CC5=C6OCCCSC(C)=O)=C1)(C)C
