outer_fold,repeat_id,split_id,model,target,MAE,RMSE,R2,MedAE,Q90_AE,Q95_AE,Max_AE,n_samples,best_params_json,best_inner_score,energy_target_mode,weight_scheme
1,1,1,LinearRegression,HOMO,0.16683101539605827,0.23165712144624942,0.5326540674099101,0.09070107464098909,0.3639406446068092,0.4025727880165171,0.6108892097164569,46,{},0.1460869446905299,,
1,1,1,LinearRegression,delta_homo,0.1668310153960583,0.23165712144624942,-0.7943680174343226,0.09070107464098931,0.36394064460680897,0.4025727880165171,0.6108892097164569,46,{},0.1460869446905299,,
1,1,1,Ridge,HOMO,0.15662575752904556,0.21157520908588764,0.6101686932618327,0.0819840109840575,0.36277390591620584,0.38074047232008423,0.5017403665924967,46,"{""alpha"": 64.41898568853543}",0.12683907558350793,,
1,1,1,Ridge,delta_homo,0.15662575752904556,0.21157520908588762,-0.4967517212118968,0.08198401098405705,0.36277390591620584,0.3807404723200839,0.5017403665924967,46,"{""alpha"": 64.41898568853543}",0.12683907558350793,,
1,1,1,ElasticNet,HOMO,0.16203081690474877,0.22266608941519447,0.5682271602737188,0.08864389768435554,0.36567516099568564,0.3967354771727851,0.5769468573699106,46,"{""alpha"": 0.03793598484854584, ""l1_ratio"": 0.8802330131269098}",0.11457148037842657,,
1,1,1,ElasticNet,delta_homo,0.1620308169047488,0.22266608941519445,-0.6577856366649446,0.08864389768435554,0.36567516099568564,0.39673547717278523,0.5769468573699106,46,"{""alpha"": 0.03793598484854584, ""l1_ratio"": 0.8802330131269098}",0.11457148037842657,,
1,1,1,KernelRidge,HOMO,0.15450086911365873,0.21208113463097827,0.6083021095219575,0.08815054724254923,0.36722148897512197,0.4111745588571578,0.49236315142488785,46,"{""alpha"": 0.030581329157166128, ""gamma"": 0.004761366797067449}",0.11526734211239104,,
1,1,1,KernelRidge,delta_homo,0.15450086911365873,0.21208113463097825,-0.5039184427582524,0.088150547242549,0.36722148897512175,0.4111745588571577,0.49236315142488785,46,"{""alpha"": 0.030581329157166128, ""gamma"": 0.004761366797067449}",0.11526734211239104,,
1,1,1,RandomForest,HOMO,0.15671933424500478,0.2215825488560403,0.5724191328609605,0.08774840742795575,0.3322809564374385,0.3992290116016315,0.6735256520343684,46,"{""n_estimators"": 256, ""max_depth"": 17, ""min_samples_split"": 10, ""min_samples_leaf"": 2, ""max_features"": null}",0.10989629158609328,,
1,1,1,RandomForest,delta_homo,0.1567193342450047,0.22158254885604028,-0.641690617930492,0.08774840742795553,0.33228095643743827,0.3992290116016314,0.6735256520343689,46,"{""n_estimators"": 256, ""max_depth"": 17, ""min_samples_split"": 10, ""min_samples_leaf"": 2, ""max_features"": null}",0.10989629158609328,,
1,1,1,XGBoost,HOMO,0.1540711314674046,0.2156380929455239,0.5950530605422049,0.10120828486633249,0.33269923896789555,0.37162832305145277,0.6562910771331785,46,"{""n_estimators"": 1189, ""max_depth"": 7, ""learning_rate"": 0.020682308516636938, ""subsample"": 0.9242433614245413, ""colsample_bytree"": 0.7957591171787266, ""min_child_weight"": 3, ""reg_alpha"": 2.7993442222825185e-08, ""reg_lambda"": 8.223547363739196e-05, ""gamma"": 0.09662317820103818}",0.10579523583923744,,
1,1,1,XGBoost,delta_homo,0.1540711314674046,0.2156380929455239,-0.5547879766363644,0.10120828486633249,0.33269923896789555,0.37162832305145277,0.6562910771331785,46,"{""n_estimators"": 1189, ""max_depth"": 7, ""learning_rate"": 0.020682308516636938, ""subsample"": 0.9242433614245413, ""colsample_bytree"": 0.7957591171787266, ""min_child_weight"": 3, ""reg_alpha"": 2.7993442222825185e-08, ""reg_lambda"": 8.223547363739196e-05, ""gamma"": 0.09662317820103818}",0.10579523583923744,,
1,1,1,LinearRegression,LUMO,0.17610684642323376,0.23561883236159198,0.8269724415162338,0.1355242290183773,0.32983796844356456,0.43817163882790167,0.8066278946513932,46,{},0.25509817421111286,,
1,1,1,LinearRegression,delta_lumo,0.1761068464232337,0.23561883236159195,-0.1892888944849036,0.13552422901837735,0.32983796844356483,0.4381716388279018,0.8066278946513927,46,{},0.25509817421111286,,
1,1,1,Ridge,LUMO,0.13733133712070678,0.18614458406201295,0.8920068795218922,0.08673304028067108,0.34215104930288354,0.36800231688268853,0.4815364899181023,46,"{""alpha"": 974.0873948605202}",0.1718836903499762,,
1,1,1,Ridge,delta_lumo,0.1373313371207068,0.186144584062013,0.2577192905520076,0.08673304028067097,0.3421510493028834,0.3680023168826887,0.4815364899181027,46,"{""alpha"": 974.0873948605202}",0.1718836903499762,,
1,1,1,ElasticNet,LUMO,0.15285837539993508,0.2118411195170496,0.860132823928602,0.09910835959756287,0.3794194659275566,0.41775754119154795,0.5416911684998165,46,"{""alpha"": 0.23737012346773406, ""l1_ratio"": 0.8924104617712791}",0.1781725695069132,,
1,1,1,ElasticNet,delta_lumo,0.15285837539993513,0.21184111951704965,0.03863592214829181,0.09910835959756259,0.3794194659275565,0.4177575411915482,0.5416911684998169,46,"{""alpha"": 0.23737012346773406, ""l1_ratio"": 0.8924104617712791}",0.1781725695069132,,
1,1,1,KernelRidge,LUMO,0.13165730050662286,0.17496317072955433,0.9045911718344515,0.0835794526875987,0.31878653604353185,0.34688884594413283,0.4280193688296925,46,"{""alpha"": 1.7007445466409277, ""gamma"": 0.002233791043575947}",0.17083156695157944,,
1,1,1,KernelRidge,delta_lumo,0.1316573005066229,0.17496317072955436,0.34421625799134603,0.08357945268759837,0.318786536043532,0.34688884594413305,0.42801936882969294,46,"{""alpha"": 1.7007445466409277, ""gamma"": 0.002233791043575947}",0.17083156695157944,,
1,1,1,RandomForest,LUMO,0.15515303262978322,0.19647874906920362,0.8796831509888074,0.14350108187249674,0.32763279982572124,0.34321311235736546,0.41593680533081434,46,"{""n_estimators"": 318, ""max_depth"": 3, ""min_samples_split"": 7, ""min_samples_leaf"": 1, ""max_features"": ""log2""}",0.16787639292871137,,
1,1,1,RandomForest,delta_lumo,0.15515303262978322,0.19647874906920368,0.17301328411304173,0.14350108187249688,0.3276327998257216,0.3432131123573656,0.4159368053308148,46,"{""n_estimators"": 318, ""max_depth"": 3, ""min_samples_split"": 7, ""min_samples_leaf"": 1, ""max_features"": ""log2""}",0.16787639292871137,,
1,1,1,XGBoost,LUMO,0.14791852279397716,0.20065456356876799,0.8745145524898372,0.12181194108581539,0.3065854793853756,0.43313215468597477,0.6028541797790523,46,"{""n_estimators"": 397, ""max_depth"": 4, ""learning_rate"": 0.001462933125902192, ""subsample"": 0.9267010706137636, ""colsample_bytree"": 0.7882860670535455, ""min_child_weight"": 2, ""reg_alpha"": 8.365775298819523e-07, ""reg_lambda"": 0.04777386223176724, ""gamma"": 1.7685270373255002e-07}",0.17501903063239568,,
1,1,1,XGBoost,delta_lumo,0.1479185227939772,0.20065456356876804,0.13748740113380864,0.12181194108581517,0.30658547938537595,0.433132154685975,0.6028541797790528,46,"{""n_estimators"": 397, ""max_depth"": 4, ""learning_rate"": 0.001462933125902192, ""subsample"": 0.9267010706137636, ""colsample_bytree"": 0.7882860670535455, ""min_child_weight"": 2, ""reg_alpha"": 8.365775298819523e-07, ""reg_lambda"": 0.04777386223176724, ""gamma"": 1.7685270373255002e-07}",0.17501903063239568,,
1,1,1,LinearRegression,Final Energy,1994.664591348896,3084.2961506790857,-0.1485468149410727,1191.2765244486443,3533.9876761610067,8267.00198200533,10222.660777242612,46,{},2834.3908386544495,delta_energy_per_atom,none
1,1,1,LinearRegression,delta_energy_per_atom,18.55030870873179,36.64097306407651,0.1472257820108328,10.231362106873545,20.898673635075216,92.39265862905575,150.33324672415606,46,{},2834.3908386544495,delta_energy_per_atom,none
1,1,1,Ridge,Final Energy,1956.478287987588,3074.637428937211,-0.14136454484317995,1162.2741329091532,3381.6608731957676,8270.201099997837,10254.83169928191,46,"{""alpha"": 0.02603430213279012}",3104.9609955371047,delta_energy_per_atom,none
1,1,1,Ridge,delta_energy_per_atom,18.346525024696977,36.77087014077543,0.14116867047998094,10.284030096835977,19.802136454693592,93.83039133379961,150.21965870735065,46,"{""alpha"": 0.02603430213279012}",3104.9609955371047,delta_energy_per_atom,none
1,1,1,ElasticNet,Final Energy,1828.1889244856786,3148.026048458403,-0.19650134919991902,937.3185533991231,2732.144993519528,8855.407639431005,11035.679150805727,46,"{""alpha"": 5.332778498359962, ""l1_ratio"": 0.8523750867283635}",1853.5675996810764,delta_energy_per_atom,none
1,1,1,ElasticNet,delta_energy_per_atom,18.405991280484546,39.865774978399095,-0.009486433346105771,7.864939789192693,17.994439196631973,99.98637192792567,162.2893992765548,46,"{""alpha"": 5.332778498359962, ""l1_ratio"": 0.8523750867283635}",1853.5675996810764,delta_energy_per_atom,none
1,1,1,KernelRidge,Final Energy,1503.7852975289454,3021.95079610578,-0.1025831107256685,716.8155142436125,2416.9778543767243,8981.316916104814,11039.82017147274,46,"{""alpha"": 1.2939044122276602, ""gamma"": 0.09359454582933391}",1721.9672086946389,delta_energy_per_atom,none
1,1,1,KernelRidge,delta_energy_per_atom,16.595151769568844,39.61141405788967,0.0033543923592970204,5.954068195648981,18.830686953323088,100.93021048968095,162.350296639305,46,"{""alpha"": 1.2939044122276602, ""gamma"": 0.09359454582933391}",1721.9672086946389,delta_energy_per_atom,none
1,1,1,RandomForest,Final Energy,1689.554369644342,3007.024333178643,-0.09171792993721328,791.1514399955165,2613.8763208746245,8433.860652292871,10807.911217667177,46,"{""n_estimators"": 290, ""max_depth"": 16, ""min_samples_split"": 9, ""min_samples_leaf"": 4, ""max_features"": ""sqrt""}",1593.6518978577928,delta_energy_per_atom,none
1,1,1,RandomForest,delta_energy_per_atom,17.294598599019313,38.24405223465348,0.07097399665620274,8.11378186724692,22.166057689808312,90.03390694040503,158.93987084804672,46,"{""n_estimators"": 290, ""max_depth"": 16, ""min_samples_split"": 9, ""min_samples_leaf"": 4, ""max_features"": ""sqrt""}",1593.6518978577928,delta_energy_per_atom,none
1,1,1,RandomForest,Final Energy,1570.289508765674,2927.803375165874,-0.03495239122452243,802.5085570300474,2201.9101253923345,8265.008603790966,10836.00929022648,46,"{""n_estimators"": 349, ""max_depth"": 12, ""min_samples_split"": 3, ""min_samples_leaf"": 4, ""max_features"": ""log2""}",1528.0038371049488,delta_energy_per_atom,soft
1,1,1,RandomForest,delta_energy_per_atom,16.37233159922349,37.93678782160008,0.0858421860911488,7.609570767064714,18.702525224564496,89.58363347461093,159.35307779744824,46,"{""n_estimators"": 349, ""max_depth"": 12, ""min_samples_split"": 3, ""min_samples_leaf"": 4, ""max_features"": ""log2""}",1528.0038371049488,delta_energy_per_atom,soft
1,1,1,RandomForest,Final Energy,1606.6152660527182,2982.4592387936077,-0.07395378232565086,781.72793263439,2369.516708737718,8464.477922668371,10821.121721207306,46,"{""n_estimators"": 202, ""max_depth"": 15, ""min_samples_split"": 6, ""min_samples_leaf"": 3, ""max_features"": ""log2""}",1489.4476149228524,delta_energy_per_atom,robust
1,1,1,RandomForest,delta_energy_per_atom,16.688276358044355,38.3748404929917,0.06460890454989998,7.44246737057388,20.27606863459205,91.97687097496166,159.13414295893097,46,"{""n_estimators"": 202, ""max_depth"": 15, ""min_samples_split"": 6, ""min_samples_leaf"": 3, ""max_features"": ""log2""}",1489.4476149228524,delta_energy_per_atom,robust
1,1,1,XGBoost,Final Energy,1730.266712022039,3142.647652480221,-0.1924164015959693,739.4433351943558,3022.9308472705193,8924.499508817175,11046.874433731751,46,"{""n_estimators"": 1053, ""max_depth"": 6, ""learning_rate"": 0.0028762124139673135, ""subsample"": 0.7559696107302061, ""colsample_bytree"": 0.7813819220494364, ""min_child_weight"": 1, ""reg_alpha"": 0.0005139588464262337, ""reg_lambda"": 6.440995829869916, ""gamma"": 0.03876766174060344}",1500.542459721382,delta_energy_per_atom,none
1,1,1,XGBoost,delta_energy_per_atom,17.870350394936658,39.6625731354749,0.0007783471995330693,5.95040136478362,25.579235059815325,96.73344881782542,162.4540357901728,46,"{""n_estimators"": 1053, ""max_depth"": 6, ""learning_rate"": 0.0028762124139673135, ""subsample"": 0.7559696107302061, ""colsample_bytree"": 0.7813819220494364, ""min_child_weight"": 1, ""reg_alpha"": 0.0005139588464262337, ""reg_lambda"": 6.440995829869916, ""gamma"": 0.03876766174060344}",1500.542459721382,delta_energy_per_atom,none
1,1,1,XGBoost,Final Energy,1896.0288702321736,3162.2831161570252,-0.20736353950448438,1075.2201631268613,3915.9299012255974,8566.098633725622,10291.108534073548,46,"{""n_estimators"": 1379, ""max_depth"": 6, ""learning_rate"": 0.0015686185612343129, ""subsample"": 0.72581425351412, ""colsample_bytree"": 0.7131581550634412, ""min_child_weight"": 1, ""reg_alpha"": 0.0690835627822864, ""reg_lambda"": 0.16368043050666353, ""gamma"": 0.0008790884496072195}",1551.223005653691,delta_energy_per_atom,soft
1,1,1,XGBoost,delta_energy_per_atom,18.676366932921386,38.159632151245695,0.07507094174767714,7.350373549658354,29.278824610641056,91.35587294282722,151.33983138343453,46,"{""n_estimators"": 1379, ""max_depth"": 6, ""learning_rate"": 0.0015686185612343129, ""subsample"": 0.72581425351412, ""colsample_bytree"": 0.7131581550634412, ""min_child_weight"": 1, ""reg_alpha"": 0.0690835627822864, ""reg_lambda"": 0.16368043050666353, ""gamma"": 0.0008790884496072195}",1551.223005653691,delta_energy_per_atom,soft
1,1,1,XGBoost,Final Energy,1925.7764090762876,3349.904841866623,-0.3548820814382383,842.6605765035606,3893.251176039123,9554.057429273107,10894.283247208314,46,"{""n_estimators"": 804, ""max_depth"": 5, ""learning_rate"": 0.00226682879966658, ""subsample"": 0.9881309517708204, ""colsample_bytree"": 0.7548517924479388, ""min_child_weight"": 1, ""reg_alpha"": 1.109933036969797e-08, ""reg_lambda"": 0.2561395249983637, ""gamma"": 2.708432842539388e-07}",1525.1635593090718,delta_energy_per_atom,robust
1,1,1,XGBoost,delta_energy_per_atom,19.119335532228696,40.46234806593782,-0.03992550070074574,5.8917084677984555,33.04861134794991,99.6753658983675,160.21004775306344,46,"{""n_estimators"": 804, ""max_depth"": 5, ""learning_rate"": 0.00226682879966658, ""subsample"": 0.9881309517708204, ""colsample_bytree"": 0.7548517924479388, ""min_child_weight"": 1, ""reg_alpha"": 1.109933036969797e-08, ""reg_lambda"": 0.2561395249983637, ""gamma"": 2.708432842539388e-07}",1525.1635593090718,delta_energy_per_atom,robust
1,1,1,LinearRegression,Final Energy,2406.0264512719195,3607.366472257188,-0.571147964640508,1869.1063559013369,4277.121553467788,8860.120827191622,12567.108779860673,46,{},2519.7478302613595,delta_energy,none
1,1,1,LinearRegression,delta_energy,2406.0264512719195,3607.3664722571875,-0.5982180238363755,1869.1063559013369,4277.121553467788,8860.120827191622,12567.108779860671,46,{},2519.7478302613595,delta_energy,none
1,1,1,Ridge,Final Energy,2058.6038078110146,3149.9292941972985,-0.19794855735479255,1506.4019800034857,2973.5911850946786,8547.669255298493,10791.916050996162,46,"{""alpha"": 1.5744957784081925}",2391.0174986421134,delta_energy,none
1,1,1,Ridge,delta_energy,2058.6038078110146,3149.9292941972985,-0.2185885855959382,1506.4019800034857,2973.591185094679,8547.669255298493,10791.916050996162,46,"{""alpha"": 1.5744957784081925}",2391.0174986421134,delta_energy,none
1,1,1,ElasticNet,Final Energy,1993.2484352457298,3102.24818398359,-0.16195587490592933,1419.6388820314783,2943.406110455842,8304.375930778811,10772.057290943312,46,"{""alpha"": 0.00787679068731351, ""l1_ratio"": 0.2868030766199645}",2395.347449555691,delta_energy,none
1,1,1,ElasticNet,delta_energy,1993.24843524573,3102.2481839835905,-0.18197576801885273,1419.6388820314783,2943.4061104558423,8304.375930778811,10772.057290943312,46,"{""alpha"": 0.00787679068731351, ""l1_ratio"": 0.2868030766199645}",2395.347449555691,delta_energy,none
1,1,1,KernelRidge,Final Energy,1603.2752348989275,2980.344264963116,-0.07243116048837561,810.5316684393158,3007.752932381174,8084.429175184303,11578.058107761535,46,"{""alpha"": 0.03894234647236975, ""gamma"": 0.005490046483040938}",1816.5292053593369,delta_energy,none
1,1,1,KernelRidge,delta_energy,1603.2752348989272,2980.344264963116,-0.09090858950923564,810.5316684393158,3007.752932381174,8084.429175184304,11578.058107761535,46,"{""alpha"": 0.03894234647236975, ""gamma"": 0.005490046483040938}",1816.5292053593369,delta_energy,none
1,1,1,RandomForest,Final Energy,2114.4885302419266,3474.5896212319244,-0.4576175686727695,869.1279948192362,4770.396994306565,9236.239073390288,10533.500599196683,46,"{""n_estimators"": 337, ""max_depth"": 18, ""min_samples_split"": 5, ""min_samples_leaf"": 1, ""max_features"": null}",2122.9717222510035,delta_energy,none
1,1,1,RandomForest,delta_energy,2114.488530241927,3474.5896212319244,-0.482731558415892,869.1279948192362,4770.396994306564,9236.23907339029,10533.500599196683,46,"{""n_estimators"": 337, ""max_depth"": 18, ""min_samples_split"": 5, ""min_samples_leaf"": 1, ""max_features"": null}",2122.9717222510035,delta_energy,none
1,1,1,RandomForest,Final Energy,2149.011717669189,3507.470816791223,-0.48533594341754327,675.7297097344333,4949.994228249896,9210.048496604128,10535.905816298724,46,"{""n_estimators"": 949, ""max_depth"": 8, ""min_samples_split"": 2, ""min_samples_leaf"": 1, ""max_features"": null}",2218.179231995707,delta_energy,soft
1,1,1,RandomForest,delta_energy,2149.011717669189,3507.470816791223,-0.5109275062868386,675.7297097344333,4949.994228249896,9210.04849660413,10535.905816298724,46,"{""n_estimators"": 949, ""max_depth"": 8, ""min_samples_split"": 2, ""min_samples_leaf"": 1, ""max_features"": null}",2218.179231995707,delta_energy,soft
1,1,1,RandomForest,Final Energy,2128.422696591241,3479.326644937445,-0.46159471502978056,745.1680740182396,4697.059897554386,9181.86853242882,10487.45352343991,46,"{""n_estimators"": 235, ""max_depth"": 12, ""min_samples_split"": 4, ""min_samples_leaf"": 1, ""max_features"": null}",2292.030490128362,delta_energy,robust
1,1,1,RandomForest,delta_energy,2128.422696591241,3479.3266449374455,-0.48677722892832165,745.1680740182396,4697.059897554387,9181.86853242882,10487.45352343991,46,"{""n_estimators"": 235, ""max_depth"": 12, ""min_samples_split"": 4, ""min_samples_leaf"": 1, ""max_features"": null}",2292.030490128362,delta_energy,robust
1,1,1,XGBoost,Final Energy,2601.371500211553,4156.880634905624,-1.086275537896631,818.0175347283613,7856.2370634771905,9568.71757226594,11282.725555070725,46,"{""n_estimators"": 890, ""max_depth"": 5, ""learning_rate"": 0.014148869890412582, ""subsample"": 0.7672988247530964, ""colsample_bytree"": 0.8911603606897315, ""min_child_weight"": 1, ""reg_alpha"": 6.285710186924915e-08, ""reg_lambda"": 0.01685887691565151, ""gamma"": 0.00043047060754123386}",1493.5630501683318,delta_energy,none
1,1,1,XGBoost,delta_energy,2601.371500211553,4156.880634905624,-1.1222209762517479,818.0175347283614,7856.237063477189,9568.71757226594,11282.725555070725,46,"{""n_estimators"": 890, ""max_depth"": 5, ""learning_rate"": 0.014148869890412582, ""subsample"": 0.7672988247530964, ""colsample_bytree"": 0.8911603606897315, ""min_child_weight"": 1, ""reg_alpha"": 6.285710186924915e-08, ""reg_lambda"": 0.01685887691565151, ""gamma"": 0.00043047060754123386}",1493.5630501683318,delta_energy,none
1,1,1,XGBoost,Final Energy,2699.420126437125,4217.80640659669,-1.1478791508245254,921.9592366428737,8275.66337300714,9679.046527213526,10931.74728358635,46,"{""n_estimators"": 1288, ""max_depth"": 5, ""learning_rate"": 0.0032366770421826015, ""subsample"": 0.7897862016101551, ""colsample_bytree"": 0.7423236733859693, ""min_child_weight"": 1, ""reg_alpha"": 0.00042653427412497804, ""reg_lambda"": 0.03669175988044985, ""gamma"": 0.16266976356372015}",2814.27135611009,delta_energy,soft
1,1,1,XGBoost,delta_energy,2699.420126437125,4217.80640659669,-1.1848859872695536,921.9592366428735,8275.66337300714,9679.046527213526,10931.74728358635,46,"{""n_estimators"": 1288, ""max_depth"": 5, ""learning_rate"": 0.0032366770421826015, ""subsample"": 0.7897862016101551, ""colsample_bytree"": 0.7423236733859693, ""min_child_weight"": 1, ""reg_alpha"": 0.00042653427412497804, ""reg_lambda"": 0.03669175988044985, ""gamma"": 0.16266976356372015}",2814.27135611009,delta_energy,soft
1,1,1,XGBoost,Final Energy,2623.805177691084,4084.0973055301965,-1.0138574209911289,950.6642347617053,7510.795047029967,9424.811297721339,10932.1706234301,46,"{""n_estimators"": 528, ""max_depth"": 6, ""learning_rate"": 0.010301005873633227, ""subsample"": 0.7001378266562646, ""colsample_bytree"": 0.7507915892739925, ""min_child_weight"": 1, ""reg_alpha"": 9.897550136669793e-05, ""reg_lambda"": 0.017479683541292257, ""gamma"": 6.704902821234254e-06}",2893.7161032081412,delta_energy,robust
1,1,1,XGBoost,delta_energy,2623.805177691084,4084.0973055301965,-1.0485551329986298,950.6642347617053,7510.7950470299675,9424.811297721339,10932.1706234301,46,"{""n_estimators"": 528, ""max_depth"": 6, ""learning_rate"": 0.010301005873633227, ""subsample"": 0.7001378266562646, ""colsample_bytree"": 0.7507915892739925, ""min_child_weight"": 1, ""reg_alpha"": 9.897550136669793e-05, ""reg_lambda"": 0.017479683541292257, ""gamma"": 6.704902821234254e-06}",2893.7161032081412,delta_energy,robust
1,1,1,LinearRegression,Final Energy,2406.0264512730205,3607.366472258435,-0.571147964641594,1869.1063559026798,4277.121553468129,8860.12082719509,12567.108779864375,46,{},2520.898779833259,final_energy_direct,none
1,1,1,LinearRegression,final_energy_direct,2406.0264512730205,3607.366472258435,-0.571147964641594,1869.1063559026798,4277.121553468129,8860.12082719509,12567.108779864375,46,{},2520.898779833259,final_energy_direct,none
1,1,1,Ridge,Final Energy,2056.792130084191,3147.9894439844884,-0.19647352411390062,1500.9020762513524,2975.991737497773,8538.169244858482,10781.283625648866,46,"{""alpha"": 1.5638075147396984}",2391.8026269249385,final_energy_direct,none
1,1,1,Ridge,final_energy_direct,2056.792130084191,3147.9894439844884,-0.19647352411390062,1500.9020762513524,2975.991737497773,8538.169244858482,10781.283625648866,46,"{""alpha"": 1.5638075147396984}",2391.8026269249385,final_energy_direct,none
1,1,1,ElasticNet,Final Energy,1950.8955087568786,3071.8642492769377,-0.13930655811897696,1355.943209802128,2927.861367969049,8139.497933448109,10751.214870397656,46,"{""alpha"": 0.00767999615878839, ""l1_ratio"": 0.44852467215518427}",2395.627955340801,final_energy_direct,none
1,1,1,ElasticNet,final_energy_direct,1950.8955087568786,3071.8642492769377,-0.13930655811897696,1355.943209802128,2927.861367969049,8139.497933448109,10751.214870397656,46,"{""alpha"": 0.00767999615878839, ""l1_ratio"": 0.44852467215518427}",2395.627955340801,final_energy_direct,none
1,1,1,KernelRidge,Final Energy,1634.5936431463022,3042.7188195150325,-0.11778994698152445,852.5860184824879,3220.111507360995,7983.184493295163,11835.281090489942,46,"{""alpha"": 0.029577763141305474, ""gamma"": 0.0062140965273205775}",1836.4634457040506,final_energy_direct,none
1,1,1,KernelRidge,final_energy_direct,1634.5936431463022,3042.7188195150325,-0.11778994698152445,852.5860184824879,3220.111507360995,7983.184493295163,11835.281090489942,46,"{""alpha"": 0.029577763141305474, ""gamma"": 0.0062140965273205775}",1836.4634457040506,final_energy_direct,none
1,1,1,RandomForest,Final Energy,2107.4158579521522,3410.4622643852626,-0.4043102159896719,665.4748959426536,4741.489348148269,8832.552682543712,10112.679242290924,46,"{""n_estimators"": 336, ""max_depth"": 16, ""min_samples_split"": 4, ""min_samples_leaf"": 1, ""max_features"": null}",2181.7885192218228,final_energy_direct,none
1,1,1,RandomForest,final_energy_direct,2107.4158579521522,3410.4622643852626,-0.4043102159896719,665.4748959426536,4741.489348148269,8832.552682543712,10112.679242290924,46,"{""n_estimators"": 336, ""max_depth"": 16, ""min_samples_split"": 4, ""min_samples_leaf"": 1, ""max_features"": null}",2181.7885192218228,final_energy_direct,none
1,1,1,RandomForest,Final Energy,2134.321112942167,3462.8577521403536,-0.44779096437456056,741.9957777248878,5089.213914906323,8966.85806675151,10138.277514870904,46,"{""n_estimators"": 995, ""max_depth"": 16, ""min_samples_split"": 3, ""min_samples_leaf"": 1, ""max_features"": null}",2335.2537686535115,final_energy_direct,soft
1,1,1,RandomForest,final_energy_direct,2134.321112942167,3462.8577521403536,-0.44779096437456056,741.9957777248878,5089.213914906323,8966.85806675151,10138.277514870904,46,"{""n_estimators"": 995, ""max_depth"": 16, ""min_samples_split"": 3, ""min_samples_leaf"": 1, ""max_features"": null}",2335.2537686535115,final_energy_direct,soft
1,1,1,RandomForest,Final Energy,2168.232924977979,3512.947476094877,-0.489978051758321,660.6215420720864,4809.941760733765,9140.143977956019,10240.230844242216,46,"{""n_estimators"": 958, ""max_depth"": 16, ""min_samples_split"": 3, ""min_samples_leaf"": 1, ""max_features"": null}",2396.376080662077,final_energy_direct,robust
1,1,1,RandomForest,final_energy_direct,2168.232924977979,3512.947476094877,-0.489978051758321,660.6215420720864,4809.941760733765,9140.143977956019,10240.230844242216,46,"{""n_estimators"": 958, ""max_depth"": 16, ""min_samples_split"": 3, ""min_samples_leaf"": 1, ""max_features"": null}",2396.376080662077,final_energy_direct,robust
1,1,1,XGBoost,Final Energy,2784.5235578927413,4426.469410217683,-1.3656554575614832,1001.8295608361877,8655.795309002151,10005.22087774746,11881.989365413156,46,"{""n_estimators"": 319, ""max_depth"": 6, ""learning_rate"": 0.027067210046312757, ""subsample"": 0.8041633920288577, ""colsample_bytree"": 0.9262779144277288, ""min_child_weight"": 1, ""reg_alpha"": 1.380678368863335e-07, ""reg_lambda"": 0.031705664063769456, ""gamma"": 0.00018104816537696655}",1534.564012217018,final_energy_direct,none
1,1,1,XGBoost,final_energy_direct,2784.5235578927413,4426.469410217683,-1.3656554575614832,1001.8295608361877,8655.795309002151,10005.22087774746,11881.989365413156,46,"{""n_estimators"": 319, ""max_depth"": 6, ""learning_rate"": 0.027067210046312757, ""subsample"": 0.8041633920288577, ""colsample_bytree"": 0.9262779144277288, ""min_child_weight"": 1, ""reg_alpha"": 1.380678368863335e-07, ""reg_lambda"": 0.031705664063769456, ""gamma"": 0.00018104816537696655}",1534.564012217018,final_energy_direct,none
1,1,1,XGBoost,Final Energy,2802.5518509136928,4327.814535443093,-1.2613815288676062,907.977267787779,9513.25028051277,9642.426718203038,10788.016709163156,46,"{""n_estimators"": 754, ""max_depth"": 3, ""learning_rate"": 0.0073776943242457255, ""subsample"": 0.9080949890442498, ""colsample_bytree"": 0.7675877320074834, ""min_child_weight"": 1, ""reg_alpha"": 1.3256534896907515e-05, ""reg_lambda"": 0.00017383452769170223, ""gamma"": 3.0157694596603945e-07}",2740.1165862512426,final_energy_direct,soft
1,1,1,XGBoost,final_energy_direct,2802.5518509136928,4327.814535443093,-1.2613815288676062,907.977267787779,9513.25028051277,9642.426718203038,10788.016709163156,46,"{""n_estimators"": 754, ""max_depth"": 3, ""learning_rate"": 0.0073776943242457255, ""subsample"": 0.9080949890442498, ""colsample_bytree"": 0.7675877320074834, ""min_child_weight"": 1, ""reg_alpha"": 1.3256534896907515e-05, ""reg_lambda"": 0.00017383452769170223, ""gamma"": 3.0157694596603945e-07}",2740.1165862512426,final_energy_direct,soft
1,1,1,XGBoost,Final Energy,2684.9576331438743,4244.076108537032,-1.1747176789495968,975.323215053404,8389.051102348963,9706.699774311617,11027.379990413156,46,"{""n_estimators"": 1006, ""max_depth"": 5, ""learning_rate"": 0.0062417863024844065, ""subsample"": 0.7709173861049468, ""colsample_bytree"": 0.8011929700379175, ""min_child_weight"": 1, ""reg_alpha"": 0.028693982206426317, ""reg_lambda"": 0.006621134920691156, ""gamma"": 2.5691099362898543e-07}",2954.7292149741984,final_energy_direct,robust
1,1,1,XGBoost,final_energy_direct,2684.9576331438743,4244.076108537032,-1.1747176789495968,975.323215053404,8389.051102348963,9706.699774311617,11027.379990413156,46,"{""n_estimators"": 1006, ""max_depth"": 5, ""learning_rate"": 0.0062417863024844065, ""subsample"": 0.7709173861049468, ""colsample_bytree"": 0.8011929700379175, ""min_child_weight"": 1, ""reg_alpha"": 0.028693982206426317, ""reg_lambda"": 0.006621134920691156, ""gamma"": 2.5691099362898543e-07}",2954.7292149741984,final_energy_direct,robust
2,1,2,LinearRegression,HOMO,0.2771425401990748,0.3776919808898398,0.052243848986198604,0.26867574808003303,0.49866460729208084,0.5968522060070816,1.3295284996237968,46,{},0.15724671702871917,,
2,1,2,LinearRegression,delta_homo,0.27714254019907475,0.3776919808898398,-0.6160793571956535,0.26867574808003303,0.49866460729208084,0.5968522060070816,1.3295284996237964,46,{},0.15724671702871917,,
2,1,2,Ridge,HOMO,0.19092296831893424,0.3125625688958532,0.35092479545077115,0.12575925825212098,0.3418592247069765,0.4225287861926328,1.53215348843332,46,"{""alpha"": 546.7398452239474}",0.12555360328660967,,
2,1,2,Ridge,delta_homo,0.19092296831893424,0.31256256889585315,-0.10677945821559698,0.12575925825212098,0.34185922470697694,0.4225287861926329,1.5321534884333192,46,"{""alpha"": 546.7398452239474}",0.12555360328660967,,
2,1,2,ElasticNet,HOMO,0.22646626159872604,0.3334991768138448,0.26105754998864095,0.20490988299098634,0.3989911502075474,0.4883696518875722,1.4507115851538495,46,"{""alpha"": 0.4066243191801831, ""l1_ratio"": 0.13150824104842623}",0.12835209433494016,,
2,1,2,ElasticNet,delta_homo,0.22646626159872604,0.3334991768138447,-0.26001782034495946,0.20490988299098611,0.3989911502075476,0.48836965188757187,1.450711585153849,46,"{""alpha"": 0.4066243191801831, ""l1_ratio"": 0.13150824104842623}",0.12835209433494016,,
2,1,2,KernelRidge,HOMO,0.1384915089231402,0.2948543860981768,0.4223879183029361,0.0601519290283683,0.25633962499724605,0.34858559613273954,1.667564932254526,46,"{""alpha"": 0.2849693517416841, ""gamma"": 0.2486460340733832}",0.12631448491034963,,
2,1,2,KernelRidge,delta_homo,0.1384915089231402,0.29485438609817677,0.015076862651941192,0.0601519290283683,0.2563396249972463,0.3485855961327393,1.6675649322545256,46,"{""alpha"": 0.2849693517416841, ""gamma"": 0.2486460340733832}",0.12631448491034963,,
2,1,2,RandomForest,HOMO,0.12965996784611003,0.2893804908751676,0.4436352815786201,0.05215161672653634,0.1998123674471204,0.3435745886455748,1.685367892020404,46,"{""n_estimators"": 901, ""max_depth"": 9, ""min_samples_split"": 4, ""min_samples_leaf"": 1, ""max_features"": ""log2""}",0.1251276963226626,,
2,1,2,RandomForest,delta_homo,0.12965996784611003,0.2893804908751676,0.05130709460341831,0.05215161672653634,0.1998123674471204,0.34357458864557466,1.685367892020404,46,"{""n_estimators"": 901, ""max_depth"": 9, ""min_samples_split"": 4, ""min_samples_leaf"": 1, ""max_features"": ""log2""}",0.1251276963226626,,
2,1,2,XGBoost,HOMO,0.139567892400327,0.2942683221145768,0.42468180456099336,0.07380272489166151,0.23284601757812506,0.33886089444732725,1.6807699081573486,46,"{""n_estimators"": 925, ""max_depth"": 8, ""learning_rate"": 0.0015352722066507077, ""subsample"": 0.9292106616115245, ""colsample_bytree"": 0.9811770979020157, ""min_child_weight"": 5, ""reg_alpha"": 0.3066046078467318, ""reg_lambda"": 0.9777445228108401, ""gamma"": 0.0017079558041632858}",0.12278458054191298,,
2,1,2,XGBoost,delta_homo,0.139567892400327,0.29426832211457676,0.018988314163424835,0.07380272489166151,0.23284601757812506,0.33886089444732725,1.6807699081573482,46,"{""n_estimators"": 925, ""max_depth"": 8, ""learning_rate"": 0.0015352722066507077, ""subsample"": 0.9292106616115245, ""colsample_bytree"": 0.9811770979020157, ""min_child_weight"": 5, ""reg_alpha"": 0.3066046078467318, ""reg_lambda"": 0.9777445228108401, ""gamma"": 0.0017079558041632858}",0.12278458054191298,,
2,1,2,LinearRegression,LUMO,0.2428796550419816,0.514120137629909,0.4867799130874215,0.11751943578441226,0.3912674299906102,0.4643744925831718,2.8168547078537163,46,{},0.17655046514134912,,
2,1,2,LinearRegression,delta_lumo,0.24287965504198167,0.5141201376299089,0.1558624944680188,0.11751943578441226,0.3912674299906098,0.46437449258317165,2.8168547078537163,46,{},0.17655046514134912,,
2,1,2,Ridge,LUMO,0.2022008601522455,0.5377136911254424,0.43859457548204883,0.0732997127324082,0.2848319247624866,0.47765728699459786,2.9926394705048276,46,"{""alpha"": 546.7398452239474}",0.14388491103517273,,
2,1,2,Ridge,delta_lumo,0.2022008601522456,0.5377136911254424,0.07660789838603743,0.0732997127324082,0.28483192476248664,0.4776572869945974,2.9926394705048276,46,"{""alpha"": 546.7398452239474}",0.14388491103517273,,
2,1,2,ElasticNet,LUMO,0.23305829014622037,0.5654815024176423,0.37911492252800827,0.11206242745012718,0.2868526279069846,0.5225218830189389,3.0952629830056058,46,"{""alpha"": 0.45600108132346195, ""l1_ratio"": 0.3466296154877016}",0.14814893903493553,,
2,1,2,ElasticNet,delta_lumo,0.23305829014622037,0.5654815024176423,-0.021223435879498265,0.11206242745012718,0.28685262790698474,0.5225218830189384,3.0952629830056058,46,"{""alpha"": 0.45600108132346195, ""l1_ratio"": 0.3466296154877016}",0.14814893903493553,,
2,1,2,KernelRidge,LUMO,0.19904947474421752,0.5364699170111423,0.44118872169477863,0.07235596030271929,0.2797699020862549,0.4456454309944232,2.996070140024637,46,"{""alpha"": 1.0831415758959082, ""gamma"": 0.0018810976116533371}",0.14218745504391886,,
2,1,2,KernelRidge,delta_lumo,0.19904947474421758,0.5364699170111423,0.08087471523292378,0.07235596030271951,0.27976990208625496,0.4456454309944229,2.996070140024637,46,"{""alpha"": 1.0831415758959082, ""gamma"": 0.0018810976116533371}",0.14218745504391886,,
2,1,2,RandomForest,LUMO,0.2125976500007349,0.5560792506784001,0.39959016691831484,0.08537933761390515,0.29048020823038445,0.44384167044263967,3.0770274415588146,46,"{""n_estimators"": 1000, ""max_depth"": 4, ""min_samples_split"": 3, ""min_samples_leaf"": 2, ""max_features"": ""log2""}",0.1398048234404345,,
2,1,2,RandomForest,delta_lumo,0.2125976500007349,0.5560792506784001,0.012453971076194836,0.08537933761390537,0.29048020823038456,0.44384167044263934,3.0770274415588146,46,"{""n_estimators"": 1000, ""max_depth"": 4, ""min_samples_split"": 3, ""min_samples_leaf"": 2, ""max_features"": ""log2""}",0.1398048234404345,,
2,1,2,XGBoost,LUMO,0.22248376820771587,0.563186135463814,0.38414520777977246,0.1078980334777831,0.30217333775329613,0.5129734160842894,3.0836177135925293,46,"{""n_estimators"": 435, ""max_depth"": 3, ""learning_rate"": 0.004471268710710394, ""subsample"": 0.7639157758778751, ""colsample_bytree"": 0.7523638864367601, ""min_child_weight"": 4, ""reg_alpha"": 0.00171132560815515, ""reg_lambda"": 9.634658196757574, ""gamma"": 1.5035022450015793e-07}",0.14547302345176943,,
2,1,2,XGBoost,delta_lumo,0.22248376820771595,0.563186135463814,-0.012949690262713975,0.10789803347778326,0.30217333775329625,0.5129734160842889,3.0836177135925293,46,"{""n_estimators"": 435, ""max_depth"": 3, ""learning_rate"": 0.004471268710710394, ""subsample"": 0.7639157758778751, ""colsample_bytree"": 0.7523638864367601, ""min_child_weight"": 4, ""reg_alpha"": 0.00171132560815515, ""reg_lambda"": 9.634658196757574, ""gamma"": 1.5035022450015793e-07}",0.14547302345176943,,
2,1,2,LinearRegression,Final Energy,22353.5287781484,29101.64322511663,-21.399883366211768,34106.5383751786,44013.08200261759,44398.57590650978,44944.797212861515,46,{},2301.0302653237736,delta_energy_per_atom,none
2,1,2,LinearRegression,delta_energy_per_atom,47.48257106785201,55.127468277883445,-5.29980527431787,63.3782899914693,74.05061839956413,79.66964475327248,81.59750153355193,46,{},2301.0302653237736,delta_energy_per_atom,none
2,1,2,Ridge,Final Energy,7320.318057200116,8788.387389411762,-1.0428153720510633,10346.472710986096,12076.182187458562,12275.200682823044,12915.051421468681,46,"{""alpha"": 756.1781959143154}",1605.1892991538032,delta_energy_per_atom,none
2,1,2,Ridge,delta_energy_per_atom,20.339725977510167,25.371781633520442,-0.33442128142222916,20.05997600975742,39.83499652776476,54.664773173887916,66.50590201596425,46,"{""alpha"": 756.1781959143154}",1605.1892991538032,delta_energy_per_atom,none
2,1,2,ElasticNet,Final Energy,2387.495131046835,3341.027658827196,0.7047629381084248,1734.3517771764255,4286.559301167848,8950.463143662277,9235.940762992344,46,"{""alpha"": 0.2880352340478536, ""l1_ratio"": 0.7355639721329718}",1680.2097996974194,delta_energy_per_atom,none
2,1,2,ElasticNet,delta_energy_per_atom,11.956741574743443,21.853902675013792,0.009968440459251382,3.5915866899670394,41.36332140680187,57.27496533537678,69.96924820448747,46,"{""alpha"": 0.2880352340478536, ""l1_ratio"": 0.7355639721329718}",1680.2097996974194,delta_energy_per_atom,none
2,1,2,KernelRidge,Final Energy,2920.383273592587,3684.8237626744526,0.640876210297692,2392.1716116092443,5650.885984260996,8714.598004232073,9606.067441448877,46,"{""alpha"": 0.0269534692057983, ""gamma"": 0.0377010005719387}",1216.767497756922,delta_energy_per_atom,none
2,1,2,KernelRidge,delta_energy_per_atom,15.10220729470967,25.172264954604927,-0.31351675922297884,4.97703493016115,50.58135981979271,57.30077575992193,78.39669407690077,46,"{""alpha"": 0.0269534692057983, ""gamma"": 0.0377010005719387}",1216.767497756922,delta_energy_per_atom,none
2,1,2,RandomForest,Final Energy,2022.647491858498,3062.718605039525,0.751901050009766,1180.9317706828097,4630.559055145932,8230.713106909181,8816.040958061109,46,"{""n_estimators"": 894, ""max_depth"": 11, ""min_samples_split"": 2, ""min_samples_leaf"": 1, ""max_features"": ""log2""}",1317.8254013990872,delta_energy_per_atom,none
2,1,2,RandomForest,delta_energy_per_atom,11.399389967440374,20.62165063830544,0.1184684107556001,3.137456071239246,38.97765229615215,55.00501020831223,62.39842373331379,46,"{""n_estimators"": 894, ""max_depth"": 11, ""min_samples_split"": 2, ""min_samples_leaf"": 1, ""max_features"": ""log2""}",1317.8254013990872,delta_energy_per_atom,none
2,1,2,RandomForest,Final Energy,2007.4752383411849,3020.7519718692715,0.7586535761393256,1157.635641957031,4640.688303029464,8093.286886868765,8768.495567112866,46,"{""n_estimators"": 299, ""max_depth"": 15, ""min_samples_split"": 4, ""min_samples_leaf"": 3, ""max_features"": ""log2""}",1286.8740587119669,delta_energy_per_atom,soft
2,1,2,RandomForest,delta_energy_per_atom,11.306064119714893,20.456909147966414,0.13249684591113908,2.5675410115620654,39.04849225100664,54.5621153109289,61.58801339343939,46,"{""n_estimators"": 299, ""max_depth"": 15, ""min_samples_split"": 4, ""min_samples_leaf"": 3, ""max_features"": ""log2""}",1286.8740587119669,delta_energy_per_atom,soft
2,1,2,RandomForest,Final Energy,1952.6958824542382,3020.962486631772,0.7586199363331252,1074.2587177755076,4612.25144407406,8153.251333338924,8908.697394847943,46,"{""n_estimators"": 238, ""max_depth"": 7, ""min_samples_split"": 6, ""min_samples_leaf"": 3, ""max_features"": ""sqrt""}",1224.133738684268,delta_energy_per_atom,robust
2,1,2,RandomForest,delta_energy_per_atom,11.43466564372917,20.938783637237407,0.09114640735472712,2.346759883527568,41.71474996247543,54.64461037464657,61.89599619710303,46,"{""n_estimators"": 238, ""max_depth"": 7, ""min_samples_split"": 6, ""min_samples_leaf"": 3, ""max_features"": ""sqrt""}",1224.133738684268,delta_energy_per_atom,robust
2,1,2,XGBoost,Final Energy,2054.942550819037,3282.641853216233,0.7149915491675473,1068.032190594668,4749.086109298736,9191.581359666368,9823.026460352354,46,"{""n_estimators"": 475, ""max_depth"": 8, ""learning_rate"": 0.029718621165912472, ""subsample"": 0.8067776868815135, ""colsample_bytree"": 0.8424949725109537, ""min_child_weight"": 3, ""reg_alpha"": 0.00026014143840760425, ""reg_lambda"": 6.498270085260849, ""gamma"": 3.108378690680886e-05}",1297.6308249326783,delta_energy_per_atom,none
2,1,2,XGBoost,delta_energy_per_atom,11.959663307069594,22.38045850239072,-0.03831466696154595,2.995238122861098,39.7636439599303,60.8774057242328,65.40589934305065,46,"{""n_estimators"": 475, ""max_depth"": 8, ""learning_rate"": 0.029718621165912472, ""subsample"": 0.8067776868815135, ""colsample_bytree"": 0.8424949725109537, ""min_child_weight"": 3, ""reg_alpha"": 0.00026014143840760425, ""reg_lambda"": 6.498270085260849, ""gamma"": 3.108378690680886e-05}",1297.6308249326783,delta_energy_per_atom,none
2,1,2,XGBoost,Final Energy,2637.1151058797545,3478.46472966944,0.6799735006039042,2301.060054112995,4711.5150262298885,8481.845598443433,9290.811181883666,46,"{""n_estimators"": 437, ""max_depth"": 3, ""learning_rate"": 0.012206702713337547, ""subsample"": 0.7500554033768853, ""colsample_bytree"": 0.7454966469140973, ""min_child_weight"": 6, ""reg_alpha"": 1.1596859705560153e-05, ""reg_lambda"": 9.461771460950956, ""gamma"": 0.001739113514001118}",1258.1662991355809,delta_energy_per_atom,soft
2,1,2,XGBoost,delta_energy_per_atom,12.97930364753154,22.2972038104031,-0.030604031179539026,4.4577875068281365,46.26038430111682,57.78738748132888,64.28853359694462,46,"{""n_estimators"": 437, ""max_depth"": 3, ""learning_rate"": 0.012206702713337547, ""subsample"": 0.7500554033768853, ""colsample_bytree"": 0.7454966469140973, ""min_child_weight"": 6, ""reg_alpha"": 1.1596859705560153e-05, ""reg_lambda"": 9.461771460950956, ""gamma"": 0.001739113514001118}",1258.1662991355809,delta_energy_per_atom,soft
2,1,2,XGBoost,Final Energy,2780.0055238449468,3620.4699333937547,0.6533105522757228,2400.4927491972558,4885.830142956878,8431.71462993004,9246.955918970518,46,"{""n_estimators"": 1165, ""max_depth"": 5, ""learning_rate"": 0.005964622305793825, ""subsample"": 0.7146283305670141, ""colsample_bytree"": 0.8105904485329808, ""min_child_weight"": 5, ""reg_alpha"": 1.1787486510104682e-08, ""reg_lambda"": 0.015974173027219415, ""gamma"": 0.4147622664050595}",1240.4271856910977,delta_energy_per_atom,robust
2,1,2,XGBoost,delta_energy_per_atom,13.392546039404918,22.50005467020884,-0.049441360018242175,5.196478317992202,48.473568657806275,57.128004154866346,63.623078732442664,46,"{""n_estimators"": 1165, ""max_depth"": 5, ""learning_rate"": 0.005964622305793825, ""subsample"": 0.7146283305670141, ""colsample_bytree"": 0.8105904485329808, ""min_child_weight"": 5, ""reg_alpha"": 1.1787486510104682e-08, ""reg_lambda"": 0.015974173027219415, ""gamma"": 0.4147622664050595}",1240.4271856910977,delta_energy_per_atom,robust
2,1,2,LinearRegression,Final Energy,6160.892922008899,7113.651477563304,-0.33843073297895665,8301.846853498755,9510.459487098029,9771.294756835763,10376.600438255844,46,{},1877.7352553841918,delta_energy,none
2,1,2,LinearRegression,delta_energy,6160.892922008899,7113.651477563303,-0.46826412554505126,8301.846853498755,9510.459487098029,9771.294756835763,10376.600438255844,46,{},1877.7352553841918,delta_energy,none
2,1,2,Ridge,Final Energy,7182.835492585336,8594.812623548685,-0.9538155368172463,10786.69406436402,11507.868431077717,11583.068468173882,11912.020937868307,46,"{""alpha"": 454.4869609471693}",1461.9231478475522,delta_energy,none
2,1,2,Ridge,delta_energy,7182.835492585336,8594.812623548685,-1.1433438354007168,10786.694064364017,11507.868431077717,11583.068468173882,11912.020937868307,46,"{""alpha"": 454.4869609471693}",1461.9231478475522,delta_energy,none
2,1,2,ElasticNet,Final Energy,6989.537620293863,8330.554384929219,-0.8355175474277878,10346.218435708233,11109.884771163746,11306.448811903665,11661.26586925547,46,"{""alpha"": 0.9219432168539251, ""l1_ratio"": 0.05155935225214403}",1503.7007380738803,delta_energy,none
2,1,2,ElasticNet,delta_energy,6989.537620293862,8330.554384929219,-1.01357044506765,10346.218435708231,11109.884771163746,11306.448811903661,11661.26586925547,46,"{""alpha"": 0.9219432168539251, ""l1_ratio"": 0.05155935225214403}",1503.7007380738803,delta_energy,none
2,1,2,KernelRidge,Final Energy,8558.487735976525,10197.99591294045,-1.7506820912517291,13087.492021277521,13664.478915090513,13790.872313849195,13952.982329002345,46,"{""alpha"": 0.048148201076376615, ""gamma"": 0.15876306466565815}",1239.135515652102,delta_energy,none
2,1,2,KernelRidge,delta_energy,8558.487735976523,10197.99591294045,-2.017509786535702,13087.492021277521,13664.478915090513,13790.872313849195,13952.982329002343,46,"{""alpha"": 0.048148201076376615, ""gamma"": 0.15876306466565815}",1239.135515652102,delta_energy,none
2,1,2,RandomForest,Final Energy,4743.652192773795,5579.2940255364,0.17667892786483985,5502.424817903411,8498.66808118427,8796.40841215186,9482.504190272648,46,"{""n_estimators"": 959, ""max_depth"": 16, ""min_samples_split"": 3, ""min_samples_leaf"": 1, ""max_features"": null}",1239.5094757142288,delta_energy,none
2,1,2,RandomForest,delta_energy,4743.652192773795,5579.294025536399,0.09681333203490394,5502.42481790341,8498.66808118427,8796.40841215186,9482.50419027265,46,"{""n_estimators"": 959, ""max_depth"": 16, ""min_samples_split"": 3, ""min_samples_leaf"": 1, ""max_features"": null}",1239.5094757142288,delta_energy,none
2,1,2,RandomForest,Final Energy,5193.851633561845,6153.770983202275,-0.0015978694327245524,5809.472329612339,9276.004500913154,10091.983231642422,10690.079782025889,46,"{""n_estimators"": 905, ""max_depth"": 16, ""min_samples_split"": 2, ""min_samples_leaf"": 1, ""max_features"": null}",1269.2226338272326,delta_energy,soft
2,1,2,RandomForest,delta_energy,5193.851633561845,6153.770983202275,-0.09875706203882273,5809.472329612338,9276.004500913154,10091.98323164242,10690.07978202589,46,"{""n_estimators"": 905, ""max_depth"": 16, ""min_samples_split"": 2, ""min_samples_leaf"": 1, ""max_features"": null}",1269.2226338272326,delta_energy,soft
2,1,2,RandomForest,Final Energy,7711.538582963381,9196.767106406134,-1.2370779149847806,11121.39448001414,12714.072543980714,13035.796595048083,13144.684976906334,46,"{""n_estimators"": 277, ""max_depth"": 17, ""min_samples_split"": 6, ""min_samples_leaf"": 3, ""max_features"": ""sqrt""}",1281.8767238195737,delta_energy,robust
2,1,2,RandomForest,delta_energy,7711.538582963381,9196.767106406134,-1.4540838518484005,11121.39448001414,12714.072543980712,13035.796595048083,13144.684976906336,46,"{""n_estimators"": 277, ""max_depth"": 17, ""min_samples_split"": 6, ""min_samples_leaf"": 3, ""max_features"": ""sqrt""}",1281.8767238195737,delta_energy,robust
2,1,2,XGBoost,Final Energy,4501.897715180621,5156.447516220952,0.29674644500577385,5279.944209701184,6870.115718701035,7916.5472524581155,9318.206498804502,46,"{""n_estimators"": 1121, ""max_depth"": 3, ""learning_rate"": 0.025416307998585415, ""subsample"": 0.8545715552466971, ""colsample_bytree"": 0.754243520610424, ""min_child_weight"": 1, ""reg_alpha"": 0.10254853610224163, ""reg_lambda"": 2.4197565919648456, ""gamma"": 6.804814209401163e-05}",1160.9836204962285,delta_energy,none
2,1,2,XGBoost,delta_energy,4501.897715180621,5156.447516220952,0.22852790173021176,5279.944209701183,6870.115718701034,7916.5472524581155,9318.206498804502,46,"{""n_estimators"": 1121, ""max_depth"": 3, ""learning_rate"": 0.025416307998585415, ""subsample"": 0.8545715552466971, ""colsample_bytree"": 0.754243520610424, ""min_child_weight"": 1, ""reg_alpha"": 0.10254853610224163, ""reg_lambda"": 2.4197565919648456, ""gamma"": 6.804814209401163e-05}",1160.9836204962285,delta_energy,none
2,1,2,XGBoost,Final Energy,7808.949810597623,9284.938510347243,-1.2801782392097585,11101.288288893258,12731.877301622415,13114.566557037228,13382.910117160758,46,"{""n_estimators"": 1060, ""max_depth"": 4, ""learning_rate"": 0.004237192257703981, ""subsample"": 0.704570508129117, ""colsample_bytree"": 0.7081098420821035, ""min_child_weight"": 10, ""reg_alpha"": 0.0004549667696422992, ""reg_lambda"": 0.012096029500395757, ""gamma"": 0.0003359700377359822}",1242.5882389669598,delta_energy,soft
2,1,2,XGBoost,delta_energy,7808.949810597623,9284.938510347243,-1.5013650882244107,11101.288288893256,12731.877301622415,13114.566557037226,13382.910117160758,46,"{""n_estimators"": 1060, ""max_depth"": 4, ""learning_rate"": 0.004237192257703981, ""subsample"": 0.704570508129117, ""colsample_bytree"": 0.7081098420821035, ""min_child_weight"": 10, ""reg_alpha"": 0.0004549667696422992, ""reg_lambda"": 0.012096029500395757, ""gamma"": 0.0003359700377359822}",1242.5882389669598,delta_energy,soft
2,1,2,XGBoost,Final Energy,7852.164823319608,9332.753635451341,-1.3037234115635985,11168.943074049508,12756.293317247415,13140.148832427853,13410.406699192008,46,"{""n_estimators"": 1193, ""max_depth"": 3, ""learning_rate"": 0.004968408053576511, ""subsample"": 0.7016626192680882, ""colsample_bytree"": 0.8572404666853046, ""min_child_weight"": 8, ""reg_alpha"": 0.006746776734391377, ""reg_lambda"": 2.2787935658231677e-05, ""gamma"": 7.98485491755439e-06}",1211.098988403106,delta_energy,robust
2,1,2,XGBoost,delta_energy,7852.164823319608,9332.75363545134,-1.5271942410114026,11168.943074049506,12756.293317247415,13140.14883242785,13410.406699192008,46,"{""n_estimators"": 1193, ""max_depth"": 3, ""learning_rate"": 0.004968408053576511, ""subsample"": 0.7016626192680882, ""colsample_bytree"": 0.8572404666853046, ""min_child_weight"": 8, ""reg_alpha"": 0.006746776734391377, ""reg_lambda"": 2.2787935658231677e-05, ""gamma"": 7.98485491755439e-06}",1211.098988403106,delta_energy,robust
2,1,2,LinearRegression,Final Energy,6160.892922009914,7113.651477564587,-0.3384307329794394,8301.846853500661,9510.45948709935,9771.294756837655,10376.600438257363,46,{},1877.7352553839928,final_energy_direct,none
2,1,2,LinearRegression,final_energy_direct,6160.892922009914,7113.651477564587,-0.3384307329794394,8301.846853500661,9510.45948709935,9771.294756837655,10376.600438257363,46,{},1877.7352553839928,final_energy_direct,none
2,1,2,Ridge,Final Energy,7389.258270586546,8869.027009742604,-1.0804758924295568,11192.163106430155,11928.759744186013,11972.582889626277,12296.512572198184,46,"{""alpha"": 473.1366092589937}",1473.7440840477275,final_energy_direct,none
2,1,2,Ridge,final_energy_direct,7389.258270586546,8869.027009742604,-1.0804758924295568,11192.163106430155,11928.759744186013,11972.582889626277,12296.512572198184,46,"{""alpha"": 473.1366092589937}",1473.7440840477275,final_energy_direct,none
2,1,2,ElasticNet,Final Energy,7166.747426076133,8568.841826150521,-0.9420257546911384,10713.574719628887,11469.143539931283,11643.385659816788,11969.309669291655,46,"{""alpha"": 1.0132018643893934, ""l1_ratio"": 0.05116962931453259}",1505.7679276321933,final_energy_direct,none
2,1,2,ElasticNet,final_energy_direct,7166.747426076133,8568.841826150521,-0.9420257546911384,10713.574719628887,11469.143539931283,11643.385659816788,11969.309669291655,46,"{""alpha"": 1.0132018643893934, ""l1_ratio"": 0.05116962931453259}",1505.7679276321933,final_energy_direct,none
2,1,2,KernelRidge,Final Energy,8873.33567765574,10618.5924441572,-1.982254052377208,13655.393618538496,14283.20967064636,14420.671205542347,14597.081554890083,46,"{""alpha"": 0.1255425738609762, ""gamma"": 0.1326085287789089}",1244.0103586840091,final_energy_direct,none
2,1,2,KernelRidge,final_energy_direct,8873.33567765574,10618.5924441572,-1.982254052377208,13655.393618538496,14283.20967064636,14420.671205542347,14597.081554890083,46,"{""alpha"": 0.1255425738609762, ""gamma"": 0.1326085287789089}",1244.0103586840091,final_energy_direct,none
2,1,2,RandomForest,Final Energy,4971.666387914904,5865.871904627169,0.08992772798213211,5689.645018657075,8985.47352697404,9135.917878938268,9460.297715832523,46,"{""n_estimators"": 255, ""max_depth"": 14, ""min_samples_split"": 2, ""min_samples_leaf"": 1, ""max_features"": null}",1223.9229941994004,final_energy_direct,none
2,1,2,RandomForest,final_energy_direct,4971.666387914904,5865.871904627169,0.08992772798213211,5689.645018657075,8985.47352697404,9135.917878938268,9460.297715832523,46,"{""n_estimators"": 255, ""max_depth"": 14, ""min_samples_split"": 2, ""min_samples_leaf"": 1, ""max_features"": null}",1223.9229941994004,final_energy_direct,none
2,1,2,RandomForest,Final Energy,5214.464022845244,6179.498711915083,-0.009990351247237683,5738.363749204633,9455.63016837949,10149.613715517464,11053.321512167004,46,"{""n_estimators"": 204, ""max_depth"": 15, ""min_samples_split"": 2, ""min_samples_leaf"": 1, ""max_features"": null}",1230.4368163533204,final_energy_direct,soft
2,1,2,RandomForest,final_energy_direct,5214.464022845244,6179.498711915083,-0.009990351247237683,5738.363749204633,9455.63016837949,10149.613715517464,11053.321512167004,46,"{""n_estimators"": 204, ""max_depth"": 15, ""min_samples_split"": 2, ""min_samples_leaf"": 1, ""max_features"": null}",1230.4368163533204,final_energy_direct,soft
2,1,2,RandomForest,Final Energy,5975.1826532453415,7132.789206959053,-0.3456419325754483,7052.475995737885,10459.013189094832,12121.733124215041,13167.358843642894,46,"{""n_estimators"": 728, ""max_depth"": 10, ""min_samples_split"": 9, ""min_samples_leaf"": 1, ""max_features"": null}",1281.696418713709,final_energy_direct,robust
2,1,2,RandomForest,final_energy_direct,5975.1826532453415,7132.789206959053,-0.3456419325754483,7052.475995737885,10459.013189094832,12121.733124215041,13167.358843642894,46,"{""n_estimators"": 728, ""max_depth"": 10, ""min_samples_split"": 9, ""min_samples_leaf"": 1, ""max_features"": null}",1281.696418713709,final_energy_direct,robust
2,1,2,XGBoost,Final Energy,3413.5495121144118,4089.2061234732832,0.5577287205974282,3790.826459086493,4785.430441374391,8300.465881974404,9348.47168202706,46,"{""n_estimators"": 1045, ""max_depth"": 5, ""learning_rate"": 0.02463943848403221, ""subsample"": 0.755478042307697, ""colsample_bytree"": 0.7144960074530994, ""min_child_weight"": 1, ""reg_alpha"": 4.3029575937910106e-05, ""reg_lambda"": 0.00010194304884334847, ""gamma"": 4.696131519441752e-08}",1197.0707599674306,final_energy_direct,none
2,1,2,XGBoost,final_energy_direct,3413.5495121144118,4089.2061234732832,0.5577287205974282,3790.826459086493,4785.430441374391,8300.465881974404,9348.47168202706,46,"{""n_estimators"": 1045, ""max_depth"": 5, ""learning_rate"": 0.02463943848403221, ""subsample"": 0.755478042307697, ""colsample_bytree"": 0.7144960074530994, ""min_child_weight"": 1, ""reg_alpha"": 4.3029575937910106e-05, ""reg_lambda"": 0.00010194304884334847, ""gamma"": 4.696131519441752e-08}",1197.0707599674306,final_energy_direct,none
2,1,2,XGBoost,Final Energy,6334.843703608073,7386.867411688415,-0.44321601828664914,8486.100992581047,10046.011757107432,10230.031285893658,10372.34518586666,46,"{""n_estimators"": 1296, ""max_depth"": 3, ""learning_rate"": 0.011015844238133838, ""subsample"": 0.7537981425810183, ""colsample_bytree"": 0.9386606041766877, ""min_child_weight"": 1, ""reg_alpha"": 0.036060446565411644, ""reg_lambda"": 2.1408344148748273, ""gamma"": 0.3037879945550238}",1209.569784751369,final_energy_direct,soft
2,1,2,XGBoost,final_energy_direct,6334.843703608073,7386.867411688415,-0.44321601828664914,8486.100992581047,10046.011757107432,10230.031285893658,10372.34518586666,46,"{""n_estimators"": 1296, ""max_depth"": 3, ""learning_rate"": 0.011015844238133838, ""subsample"": 0.7537981425810183, ""colsample_bytree"": 0.9386606041766877, ""min_child_weight"": 1, ""reg_alpha"": 0.036060446565411644, ""reg_lambda"": 2.1408344148748273, ""gamma"": 0.3037879945550238}",1209.569784751369,final_energy_direct,soft
2,1,2,XGBoost,Final Energy,6989.853143217508,8205.255288489265,-0.7807170958952359,9639.761924490487,11077.72815680663,11607.90836108897,11853.275653127661,46,"{""n_estimators"": 1077, ""max_depth"": 3, ""learning_rate"": 0.01978214275831139, ""subsample"": 0.7945279034722692, ""colsample_bytree"": 0.9752941530706667, ""min_child_weight"": 1, ""reg_alpha"": 2.3458589181310508e-07, ""reg_lambda"": 5.368726565178363, ""gamma"": 0.6337438535657184}",1216.7175507207453,final_energy_direct,robust
2,1,2,XGBoost,final_energy_direct,6989.853143217508,8205.255288489265,-0.7807170958952359,9639.761924490487,11077.72815680663,11607.90836108897,11853.275653127661,46,"{""n_estimators"": 1077, ""max_depth"": 3, ""learning_rate"": 0.01978214275831139, ""subsample"": 0.7945279034722692, ""colsample_bytree"": 0.9752941530706667, ""min_child_weight"": 1, ""reg_alpha"": 2.3458589181310508e-07, ""reg_lambda"": 5.368726565178363, ""gamma"": 0.6337438535657184}",1216.7175507207453,final_energy_direct,robust
3,1,3,LinearRegression,HOMO,0.1021961226089503,0.13492577351387272,0.7627890745385473,0.0932073599126646,0.1857029671527501,0.2709173660486199,0.4172169665483221,43,{},0.20093147911552325,,
3,1,3,LinearRegression,delta_homo,0.10219612260895035,0.13492577351387272,0.07441033489222393,0.09320735991266416,0.1857029671527501,0.27091736604861993,0.41721696654832163,43,{},0.20093147911552325,,
3,1,3,Ridge,HOMO,0.10816110564943826,0.1368818431296949,0.7558613472310266,0.10117897165466783,0.1888771689978807,0.23452561110565429,0.41733514979591213,43,"{""alpha"": 999.375374621821}",0.14685054434034228,,
3,1,3,Ridge,delta_homo,0.10816110564943836,0.136881843129695,0.04737855806300573,0.10117897165466827,0.18887716899788107,0.23452561110565429,0.4173351497959126,43,"{""alpha"": 999.375374621821}",0.14685054434034228,,
3,1,3,ElasticNet,HOMO,0.11027614170978155,0.1338232091382066,0.7666500375399539,0.10128184549186248,0.1961417483746491,0.20774000673173407,0.3825878205808273,43,"{""alpha"": 0.21539742488365063, ""l1_ratio"": 0.7522387235750643}",0.14338405053362283,,
3,1,3,ElasticNet,delta_homo,0.11027614170978149,0.1338232091382065,0.0894756926303375,0.10128184549186248,0.196141748374649,0.20774000673173362,0.3825878205808273,43,"{""alpha"": 0.21539742488365063, ""l1_ratio"": 0.7522387235750643}",0.14338405053362283,,
3,1,3,KernelRidge,HOMO,0.09420925239144544,0.1251042544321555,0.7960662933423843,0.06408584624862179,0.1821573072440927,0.22649468175759338,0.4168964746084063,43,"{""alpha"": 0.9900654407871662, ""gamma"": 0.09065701178249265}",0.13481857652928056,,
3,1,3,KernelRidge,delta_homo,0.09420925239144536,0.12510425443215545,0.20425700931686908,0.06408584624862179,0.18215730724409226,0.22649468175759338,0.4168964746084063,43,"{""alpha"": 0.9900654407871662, ""gamma"": 0.09065701178249265}",0.13481857652928056,,
3,1,3,RandomForest,HOMO,0.08739323827078177,0.11256077705227566,0.8349106643043805,0.07202001750179754,0.16810431959859876,0.20249309442446106,0.30598961531516444,43,"{""n_estimators"": 206, ""max_depth"": 7, ""min_samples_split"": 7, ""min_samples_leaf"": 3, ""max_features"": ""log2""}",0.1458119328677847,,
3,1,3,RandomForest,delta_homo,0.08739323827078174,0.11256077705227567,0.35582653858747026,0.07202001750179754,0.16810431959859876,0.20249309442446067,0.3059896153151649,43,"{""n_estimators"": 206, ""max_depth"": 7, ""min_samples_split"": 7, ""min_samples_leaf"": 3, ""max_features"": ""log2""}",0.1458119328677847,,
3,1,3,XGBoost,HOMO,0.0928853960553547,0.11965117460873988,0.8134570726481191,0.07511510702514723,0.18376500731506412,0.19988750025329496,0.35530380076599144,43,"{""n_estimators"": 1181, ""max_depth"": 4, ""learning_rate"": 0.0020384741215624482, ""subsample"": 0.7678290425992615, ""colsample_bytree"": 0.9854050609029864, ""min_child_weight"": 2, ""reg_alpha"": 0.12352035696577598, ""reg_lambda"": 9.632486401490805, ""gamma"": 0.04931099561985639}",0.13885334450629191,,
3,1,3,XGBoost,delta_homo,0.0928853960553547,0.11965117460873988,0.27211529013696467,0.07511510702514723,0.18376500731506412,0.19988750025329496,0.35530380076599144,43,"{""n_estimators"": 1181, ""max_depth"": 4, ""learning_rate"": 0.0020384741215624482, ""subsample"": 0.7678290425992615, ""colsample_bytree"": 0.9854050609029864, ""min_child_weight"": 2, ""reg_alpha"": 0.12352035696577598, ""reg_lambda"": 9.632486401490805, ""gamma"": 0.04931099561985639}",0.13885334450629191,,
3,1,3,LinearRegression,LUMO,0.1826001880769831,0.25288518382426556,0.8580004036041649,0.11960868098337774,0.49797920012539787,0.565980617587539,0.6727685866188443,43,{},0.2545604451030212,,
3,1,3,LinearRegression,delta_lumo,0.18260018807698317,0.2528851838242656,-0.3732815425408327,0.11960868098337762,0.49797920012539754,0.5659806175875394,0.6727685866188446,43,{},0.2545604451030212,,
3,1,3,Ridge,LUMO,0.19786439700995254,0.25788996012107707,0.8523242418353025,0.15869924518840284,0.49159491038607894,0.538543453809285,0.5886983203846401,43,"{""alpha"": 999.375374621821}",0.16410184805955944,,
3,1,3,Ridge,delta_lumo,0.19786439700995262,0.25788996012107707,-0.4281758407466212,0.15869924518840328,0.4915949103860792,0.5385434538092853,0.5886983203846397,43,"{""alpha"": 999.375374621821}",0.16410184805955944,,
3,1,3,ElasticNet,LUMO,0.20133659340680157,0.26040571243468197,0.8494289936191244,0.15280764596657004,0.48019515060455004,0.5501780910615692,0.5842054027062433,43,"{""alpha"": 0.4968289234043696, ""l1_ratio"": 0.3504735044564061}",0.16742029951381754,,
3,1,3,ElasticNet,delta_lumo,0.20133659340680163,0.26040571243468197,-0.4561758565020759,0.15280764596657015,0.48019515060455026,0.5501780910615688,0.5842054027062433,43,"{""alpha"": 0.4968289234043696, ""l1_ratio"": 0.3504735044564061}",0.16742029951381754,,
3,1,3,KernelRidge,LUMO,0.18789444121214002,0.2662455110106632,0.8425999277064652,0.10971665326210478,0.497266755693996,0.5656483479302874,0.6739923679788595,43,"{""alpha"": 0.5084395975550434, ""gamma"": 0.49871369284287}",0.16335092945898452,,
3,1,3,KernelRidge,delta_lumo,0.18789444121214002,0.2662455110106632,-0.5222199186591758,0.10971665326210456,0.49726675569399625,0.5656483479302871,0.6739923679788591,43,"{""alpha"": 0.5084395975550434, ""gamma"": 0.49871369284287}",0.16335092945898452,,
3,1,3,RandomForest,LUMO,0.16680565952628587,0.24283379489359033,0.8690641436615465,0.09805881106655567,0.47911510854372313,0.5220493859877056,0.6004242925106351,43,"{""n_estimators"": 674, ""max_depth"": 15, ""min_samples_split"": 3, ""min_samples_leaf"": 2, ""max_features"": ""log2""}",0.16134309116826195,,
3,1,3,RandomForest,delta_lumo,0.16680565952628593,0.24283379489359033,-0.26628384397048976,0.09805881106655612,0.47911510854372313,0.5220493859877056,0.6004242925106347,43,"{""n_estimators"": 674, ""max_depth"": 15, ""min_samples_split"": 3, ""min_samples_leaf"": 2, ""max_features"": ""log2""}",0.16134309116826195,,
3,1,3,XGBoost,LUMO,0.15773884381245468,0.2297577216160323,0.882785707365019,0.08377703308105455,0.4472227542602546,0.5121336345764161,0.6065848160095215,43,"{""n_estimators"": 581, ""max_depth"": 4, ""learning_rate"": 0.005215206912636039, ""subsample"": 0.9693355790535021, ""colsample_bytree"": 0.8140888773465204, ""min_child_weight"": 3, ""reg_alpha"": 0.021780630649352123, ""reg_lambda"": 9.388190949581691, ""gamma"": 5.613031456152059e-07}",0.15915532717717704,,
3,1,3,XGBoost,delta_lumo,0.1577388438124547,0.2297577216160323,-0.13358226842340803,0.08377703308105477,0.4472227542602547,0.5121336345764161,0.6065848160095211,43,"{""n_estimators"": 581, ""max_depth"": 4, ""learning_rate"": 0.005215206912636039, ""subsample"": 0.9693355790535021, ""colsample_bytree"": 0.8140888773465204, ""min_child_weight"": 3, ""reg_alpha"": 0.021780630649352123, ""reg_lambda"": 9.388190949581691, ""gamma"": 5.613031456152059e-07}",0.15915532717717704,,
3,1,3,LinearRegression,Final Energy,1974.7708929034968,2534.70423109954,0.3037743894154732,1450.4462426111922,4018.4701610083616,4408.9315101721995,8040.688849136082,43,{},15307.771863376936,delta_energy_per_atom,none
3,1,3,LinearRegression,delta_energy_per_atom,13.23095086596672,16.981970329039836,0.1431461794710044,9.294907010984371,28.43442941734659,31.022076135266975,43.38114116415436,43,{},15307.771863376936,delta_energy_per_atom,none
3,1,3,Ridge,Final Energy,2104.576654763975,2587.5843056737585,0.2744214557867477,1829.3894419571834,3998.9826203521725,4172.756389395166,7463.0883617754935,43,"{""alpha"": 990.6175915817563}",3647.623924748161,delta_energy_per_atom,none
3,1,3,Ridge,delta_energy_per_atom,13.646073724300045,16.748627437051404,0.16653181602407696,11.13696790033443,28.505070824609597,31.35148199299691,35.202938679143756,43,"{""alpha"": 990.6175915817563}",3647.623924748161,delta_energy_per_atom,none
3,1,3,ElasticNet,Final Energy,2336.248383023717,2882.9486491952016,0.09932267596173294,2261.9662399867866,4284.957517185971,4424.576092019876,8139.0228949958855,43,"{""alpha"": 7.490580470472861, ""l1_ratio"": 0.4355757629659328}",2114.887017327608,delta_energy_per_atom,none
3,1,3,ElasticNet,delta_energy_per_atom,15.006803928142705,18.385761387248117,-0.004370205586402109,14.556809537367432,31.218266777280974,34.87536440607698,38.11617829313562,43,"{""alpha"": 7.490580470472861, ""l1_ratio"": 0.4355757629659328}",2114.887017327608,delta_energy_per_atom,none
3,1,3,KernelRidge,Final Energy,2322.1081407874135,2875.1123344087314,0.10421239098377033,2195.4938896248423,4284.662861362751,4423.964938591918,8139.0231830950015,43,"{""alpha"": 0.009220814374298402, ""gamma"": 5.284673941911467}",2092.7045573418604,delta_energy_per_atom,none
3,1,3,KernelRidge,delta_energy_per_atom,14.903165039526709,18.34290784146235,0.0003063116263593013,14.556806381372486,31.21645667535561,34.83193343465585,38.1160242173565,43,"{""alpha"": 0.009220814374298402, ""gamma"": 5.284673941911467}",2092.7045573418604,delta_energy_per_atom,none
3,1,3,RandomForest,Final Energy,1723.7646435403142,2401.6332815613723,0.3749585744133853,1107.6682123783007,3756.337902718671,3961.300271345751,9014.460071215832,43,"{""n_estimators"": 776, ""max_depth"": 4, ""min_samples_split"": 5, ""min_samples_leaf"": 2, ""max_features"": ""log2""}",1869.0095950131154,delta_energy_per_atom,none
3,1,3,RandomForest,delta_energy_per_atom,11.515183995600056,15.73108038419457,0.2647285846348545,6.734051617015766,27.173967332515048,30.412168605400637,49.84460523663728,43,"{""n_estimators"": 776, ""max_depth"": 4, ""min_samples_split"": 5, ""min_samples_leaf"": 2, ""max_features"": ""log2""}",1869.0095950131154,delta_energy_per_atom,none
3,1,3,RandomForest,Final Energy,1882.0835099556912,2724.491948932773,0.19561035194232712,1076.2862764808806,4409.534032624585,4504.710840055005,9285.958776550842,43,"{""n_estimators"": 750, ""max_depth"": 3, ""min_samples_split"": 2, ""min_samples_leaf"": 2, ""max_features"": ""log2""}",1637.8873428065317,delta_energy_per_atom,soft
3,1,3,RandomForest,delta_energy_per_atom,12.641450705234618,18.182146956955336,0.01775255173199619,5.808440033593097,32.70273366331387,35.49533694212709,45.159146669689065,43,"{""n_estimators"": 750, ""max_depth"": 3, ""min_samples_split"": 2, ""min_samples_leaf"": 2, ""max_features"": ""log2""}",1637.8873428065317,delta_energy_per_atom,soft
3,1,3,RandomForest,Final Energy,1718.9884197363237,2661.1764092676717,0.23256298034147016,758.4187667775432,4412.334567213456,4489.619079373625,9452.310589072087,43,"{""n_estimators"": 210, ""max_depth"": 3, ""min_samples_split"": 5, ""min_samples_leaf"": 4, ""max_features"": ""sqrt""}",1487.2405630249727,delta_energy_per_atom,robust
3,1,3,RandomForest,delta_energy_per_atom,11.530332125408885,17.400958333491953,0.10034309782446249,3.7920938338877193,32.257272505514685,34.08095997863188,37.77524969888385,43,"{""n_estimators"": 210, ""max_depth"": 3, ""min_samples_split"": 5, ""min_samples_leaf"": 4, ""max_features"": ""sqrt""}",1487.2405630249727,delta_energy_per_atom,robust
3,1,3,XGBoost,Final Energy,1668.2564850051137,2315.580192993762,0.41894791055658553,1674.5606474364286,3075.210889144495,4040.4497224852603,9415.471300624547,43,"{""n_estimators"": 332, ""max_depth"": 6, ""learning_rate"": 0.0033617038653177673, ""subsample"": 0.7992409191511965, ""colsample_bytree"": 0.7655451380259548, ""min_child_weight"": 3, ""reg_alpha"": 0.0006056814980743338, ""reg_lambda"": 5.251134412066319, ""gamma"": 0.8973080570599932}",1796.8100507840547,delta_energy_per_atom,none
3,1,3,XGBoost,delta_energy_per_atom,10.821290731301113,14.165089115454325,0.4038312544166215,8.401869294822866,21.328589711054697,31.95527400465293,34.79080661385173,43,"{""n_estimators"": 332, ""max_depth"": 6, ""learning_rate"": 0.0033617038653177673, ""subsample"": 0.7992409191511965, ""colsample_bytree"": 0.7655451380259548, ""min_child_weight"": 3, ""reg_alpha"": 0.0006056814980743338, ""reg_lambda"": 5.251134412066319, ""gamma"": 0.8973080570599932}",1796.8100507840547,delta_energy_per_atom,none
3,1,3,XGBoost,Final Energy,2058.1645998305544,2863.6779469460726,0.11132335815756933,1444.2724269813589,4675.6638922274615,4742.286370449934,9147.087473415075,43,"{""n_estimators"": 376, ""max_depth"": 3, ""learning_rate"": 0.001069869453025545, ""subsample"": 0.9348276402441721, ""colsample_bytree"": 0.834024495059508, ""min_child_weight"": 1, ""reg_alpha"": 0.09325662437762515, ""reg_lambda"": 1.994222987689959e-05, ""gamma"": 3.965560505166968e-06}",1474.7804051234784,delta_energy_per_atom,soft
3,1,3,XGBoost,delta_energy_per_atom,13.561184328544236,18.863284045277663,-0.05721956322742172,10.229671981078628,33.69979873420769,37.44768725126242,40.69254634867677,43,"{""n_estimators"": 376, ""max_depth"": 3, ""learning_rate"": 0.001069869453025545, ""subsample"": 0.9348276402441721, ""colsample_bytree"": 0.834024495059508, ""min_child_weight"": 1, ""reg_alpha"": 0.09325662437762515, ""reg_lambda"": 1.994222987689959e-05, ""gamma"": 3.965560505166968e-06}",1474.7804051234784,delta_energy_per_atom,soft
3,1,3,XGBoost,Final Energy,1839.3786759439552,2768.4543880869105,0.1694416276482824,1264.7451871071512,4606.832178962269,4746.836267269555,9466.397310756383,43,"{""n_estimators"": 304, ""max_depth"": 5, ""learning_rate"": 0.0011650371733544853, ""subsample"": 0.83796716708425, ""colsample_bytree"": 0.8231200667622754, ""min_child_weight"": 10, ""reg_alpha"": 0.002459687022860876, ""reg_lambda"": 4.929789804059171e-05, ""gamma"": 0.24062134632144647}",1450.7325268261072,delta_energy_per_atom,robust
3,1,3,XGBoost,delta_energy_per_atom,12.041594656060791,17.876170078005547,0.05053373646878645,8.06043675158644,33.41432128669792,36.67820864408469,39.98051403056154,43,"{""n_estimators"": 304, ""max_depth"": 5, ""learning_rate"": 0.0011650371733544853, ""subsample"": 0.83796716708425, ""colsample_bytree"": 0.8231200667622754, ""min_child_weight"": 10, ""reg_alpha"": 0.002459687022860876, ""reg_lambda"": 4.929789804059171e-05, ""gamma"": 0.24062134632144647}",1450.7325268261072,delta_energy_per_atom,robust
3,1,3,LinearRegression,Final Energy,1886.2002376907533,2434.597205781662,0.35768264930412497,1461.9166917265516,3537.4485456596694,4073.3536725210415,8694.057963649182,43,{},4671.960721852176,delta_energy,none
3,1,3,LinearRegression,delta_energy,1886.2002376907533,2434.597205781662,0.3500666855282696,1461.916691726551,3537.4485456596703,4073.353672521041,8694.057963649182,43,{},4671.960721852176,delta_energy,none
3,1,3,Ridge,Final Energy,1962.5323889801264,2426.087784727067,0.3621648665786974,1780.637277030518,2879.896743567115,2924.3331897697194,9162.111269153338,43,"{""alpha"": 118.3284229678296}",3871.743609853451,delta_energy,none
3,1,3,Ridge,delta_energy,1962.5323889801264,2426.087784727067,0.35460204850155586,1780.6372770305184,2879.8967435671157,2924.3331897697203,9162.111269153338,43,"{""alpha"": 118.3284229678296}",3871.743609853451,delta_energy,none
3,1,3,ElasticNet,Final Energy,2172.7576874350993,2739.021455781647,0.18700797830024074,1890.1890237662938,4065.1777628804716,4144.981702704224,9368.663424766957,43,"{""alpha"": 0.10042097608369407, ""l1_ratio"": 0.888254200170995}",3562.480245595282,delta_energy,none
3,1,3,ElasticNet,delta_energy,2172.7576874350993,2739.021455781647,0.17736832310391648,1890.1890237662938,4065.177762880472,4144.981702704224,9368.663424766957,43,"{""alpha"": 0.10042097608369407, ""l1_ratio"": 0.888254200170995}",3562.480245595282,delta_energy,none
3,1,3,KernelRidge,Final Energy,1402.343127186812,2244.279828703064,0.4541800223101812,826.9626608230328,2950.5346444768343,3160.7444281407197,10267.180225223645,43,"{""alpha"": 0.914322586599837, ""gamma"": 0.0347362623538221}",3517.2776143108144,delta_energy,none
3,1,3,KernelRidge,delta_energy,1402.3431271868124,2244.279828703064,0.44770822892997697,826.9626608230333,2950.5346444768343,3160.74442814072,10267.180225223645,43,"{""alpha"": 0.914322586599837, ""gamma"": 0.0347362623538221}",3517.2776143108144,delta_energy,none
3,1,3,RandomForest,Final Energy,1242.1715272220058,2315.420220241934,0.4190281921993074,676.2052010464276,2609.17247266871,2859.740159458596,12027.455528412078,43,"{""n_estimators"": 200, ""max_depth"": 11, ""min_samples_split"": 5, ""min_samples_leaf"": 2, ""max_features"": null}",3146.3527637490743,delta_energy,none
3,1,3,RandomForest,delta_energy,1242.171527222006,2315.420220241934,0.4121396031892025,676.2052010464276,2609.17247266871,2859.7401594585954,12027.45552841208,43,"{""n_estimators"": 200, ""max_depth"": 11, ""min_samples_split"": 5, ""min_samples_leaf"": 2, ""max_features"": null}",3146.3527637490743,delta_energy,none
3,1,3,RandomForest,Final Energy,1638.8117486063993,2653.6475234247027,0.2368992372952219,1064.2837842512845,3328.97406830236,3865.4165568733874,12973.395816401182,43,"{""n_estimators"": 343, ""max_depth"": 3, ""min_samples_split"": 8, ""min_samples_leaf"": 3, ""max_features"": null}",3157.89549818838,delta_energy,soft
3,1,3,RandomForest,delta_energy,1638.8117486063993,2653.6475234247027,0.22785114329652978,1064.2837842512845,3328.974068302361,3865.4165568733874,12973.395816401182,43,"{""n_estimators"": 343, ""max_depth"": 3, ""min_samples_split"": 8, ""min_samples_leaf"": 3, ""max_features"": null}",3157.89549818838,delta_energy,soft
3,1,3,RandomForest,Final Energy,1653.3890113996465,2672.0124051463654,0.22630043034697178,1006.8021257716255,3333.0098608316707,3832.3371495044003,13014.518777720055,43,"{""n_estimators"": 231, ""max_depth"": 3, ""min_samples_split"": 7, ""min_samples_leaf"": 1, ""max_features"": null}",3145.4848657267303,delta_energy,robust
3,1,3,RandomForest,delta_energy,1653.3890113996465,2672.012405146366,0.21712666617963505,1006.8021257716255,3333.009860831671,3832.3371495044003,13014.518777720057,43,"{""n_estimators"": 231, ""max_depth"": 3, ""min_samples_split"": 7, ""min_samples_leaf"": 1, ""max_features"": null}",3145.4848657267303,delta_energy,robust
3,1,3,XGBoost,Final Energy,1205.5692961818545,2481.8143554756934,0.33252654345862265,582.5608443728042,1939.577318278382,3342.3882423840764,12339.338587306676,43,"{""n_estimators"": 1081, ""max_depth"": 8, ""learning_rate"": 0.037320935991403036, ""subsample"": 0.9869694940103693, ""colsample_bytree"": 0.7662545849581598, ""min_child_weight"": 2, ""reg_alpha"": 4.8483896707792e-08, ""reg_lambda"": 1.6614211540676632e-05, ""gamma"": 0.005091883296398875}",3182.9618372144278,delta_energy,none
3,1,3,XGBoost,delta_energy,1205.569296181855,2481.8143554756934,0.3246123034636159,582.5608443728042,1939.5773182783823,3342.3882423840755,12339.338587306676,43,"{""n_estimators"": 1081, ""max_depth"": 8, ""learning_rate"": 0.037320935991403036, ""subsample"": 0.9869694940103693, ""colsample_bytree"": 0.7662545849581598, ""min_child_weight"": 2, ""reg_alpha"": 4.8483896707792e-08, ""reg_lambda"": 1.6614211540676632e-05, ""gamma"": 0.005091883296398875}",3182.9618372144278,delta_energy,none
3,1,3,XGBoost,Final Energy,1205.2827716088168,2404.059701498181,0.37369495176058176,508.87538991463134,1905.5713475506702,2955.277020842659,11536.894251369176,43,"{""n_estimators"": 387, ""max_depth"": 8, ""learning_rate"": 0.0234605756142217, ""subsample"": 0.9751956846086848, ""colsample_bytree"": 0.8362606870755672, ""min_child_weight"": 2, ""reg_alpha"": 0.2377512553867217, ""reg_lambda"": 0.000929015059505728, ""gamma"": 3.471233931268577e-06}",3159.2786050214654,delta_energy,soft
3,1,3,XGBoost,delta_energy,1205.282771608817,2404.059701498181,0.36626884602817544,508.87538991463134,1905.5713475506705,2955.277020842659,11536.894251369176,43,"{""n_estimators"": 387, ""max_depth"": 8, ""learning_rate"": 0.0234605756142217, ""subsample"": 0.9751956846086848, ""colsample_bytree"": 0.8362606870755672, ""min_child_weight"": 2, ""reg_alpha"": 0.2377512553867217, ""reg_lambda"": 0.000929015059505728, ""gamma"": 3.471233931268577e-06}",3159.2786050214654,delta_energy,soft
3,1,3,XGBoost,Final Energy,1539.4337625680525,2383.3737840231965,0.3844267612880983,709.7150345334462,3222.8469371983365,3635.053999055619,10715.384485744176,43,"{""n_estimators"": 1084, ""max_depth"": 3, ""learning_rate"": 0.002218146630089193, ""subsample"": 0.7837113328357969, ""colsample_bytree"": 0.7558433360946346, ""min_child_weight"": 1, ""reg_alpha"": 2.751353648944066e-06, ""reg_lambda"": 3.603561562856587, ""gamma"": 1.6943606329855833e-06}",3175.50414725387,delta_energy,robust
3,1,3,XGBoost,delta_energy,1539.4337625680525,2383.373784023196,0.3771279027373575,709.7150345334458,3222.8469371983374,3635.053999055619,10715.384485744176,43,"{""n_estimators"": 1084, ""max_depth"": 3, ""learning_rate"": 0.002218146630089193, ""subsample"": 0.7837113328357969, ""colsample_bytree"": 0.7558433360946346, ""min_child_weight"": 1, ""reg_alpha"": 2.751353648944066e-06, ""reg_lambda"": 3.603561562856587, ""gamma"": 1.6943606329855833e-06}",3175.50414725387,delta_energy,robust
3,1,3,LinearRegression,Final Energy,1886.2002376907844,2434.5972057811987,0.35768264930436966,1461.916691725521,3537.4485456575812,4073.353672519581,8694.057963647338,43,{},4671.960721851387,final_energy_direct,none
3,1,3,LinearRegression,final_energy_direct,1886.2002376907844,2434.5972057811987,0.35768264930436966,1461.916691725521,3537.4485456575812,4073.353672519581,8694.057963647338,43,{},4671.960721851387,final_energy_direct,none
3,1,3,Ridge,Final Energy,1937.8347032127333,2409.594603199839,0.37080772944718243,1716.3496332269324,2908.072999458553,2979.4821472313374,9099.176121506598,43,"{""alpha"": 96.9600905378611}",3919.381144631227,final_energy_direct,none
3,1,3,Ridge,final_energy_direct,1937.8347032127333,2409.594603199839,0.37080772944718243,1716.3496332269324,2908.072999458553,2979.4821472313374,9099.176121506598,43,"{""alpha"": 96.9600905378611}",3919.381144631227,final_energy_direct,none
3,1,3,ElasticNet,Final Energy,2241.5590492655506,2809.6539284329474,0.14453730529427156,2055.6164384860695,4075.1256652943703,4160.799166331201,9558.947004353731,43,"{""alpha"": 0.1464732371567438, ""l1_ratio"": 0.764432267077205}",3661.9802281225125,final_energy_direct,none
3,1,3,ElasticNet,final_energy_direct,2241.5590492655506,2809.6539284329474,0.14453730529427156,2055.6164384860695,4075.1256652943703,4160.799166331201,9558.947004353731,43,"{""alpha"": 0.1464732371567438, ""l1_ratio"": 0.764432267077205}",3661.9802281225125,final_energy_direct,none
3,1,3,KernelRidge,Final Energy,1508.8741047312624,2284.784577630307,0.434300320934248,1106.0692176316115,3003.447473509329,3150.5746221523273,10047.29159626049,43,"{""alpha"": 0.9972931611667453, ""gamma"": 0.023160803238541593}",3596.499229665211,final_energy_direct,none
3,1,3,KernelRidge,final_energy_direct,1508.8741047312624,2284.784577630307,0.434300320934248,1106.0692176316115,3003.447473509329,3150.5746221523273,10047.29159626049,43,"{""alpha"": 0.9972931611667453, ""gamma"": 0.023160803238541593}",3596.499229665211,final_energy_direct,none
3,1,3,RandomForest,Final Energy,1681.9823857160316,2702.748213747304,0.20839852796447433,1144.4926911004577,3336.96219817146,3818.4085130120457,13034.720436663887,43,"{""n_estimators"": 538, ""max_depth"": 3, ""min_samples_split"": 9, ""min_samples_leaf"": 1, ""max_features"": null}",3204.3095978599604,final_energy_direct,none
3,1,3,RandomForest,final_energy_direct,1681.9823857160316,2702.748213747304,0.20839852796447433,1144.4926911004577,3336.96219817146,3818.4085130120457,13034.720436663887,43,"{""n_estimators"": 538, ""max_depth"": 3, ""min_samples_split"": 9, ""min_samples_leaf"": 1, ""max_features"": null}",3204.3095978599604,final_energy_direct,none
3,1,3,RandomForest,Final Energy,1295.4377830242863,2390.2460010652876,0.3808717571781167,652.8557037973233,2789.155184512727,3275.5612978057034,12678.268385212848,43,"{""n_estimators"": 439, ""max_depth"": 5, ""min_samples_split"": 9, ""min_samples_leaf"": 3, ""max_features"": null}",3202.6056463743407,final_energy_direct,soft
3,1,3,RandomForest,final_energy_direct,1295.4377830242863,2390.2460010652876,0.3808717571781167,652.8557037973233,2789.155184512727,3275.5612978057034,12678.268385212848,43,"{""n_estimators"": 439, ""max_depth"": 5, ""min_samples_split"": 9, ""min_samples_leaf"": 3, ""max_features"": null}",3202.6056463743407,final_energy_direct,soft
3,1,3,RandomForest,Final Energy,1464.0731425041404,2521.9483433521686,0.3107642613629491,878.2696608559445,2970.8331275292385,3543.5017684142913,12944.633940885022,43,"{""n_estimators"": 325, ""max_depth"": 4, ""min_samples_split"": 10, ""min_samples_leaf"": 2, ""max_features"": null}",3192.531918416688,final_energy_direct,robust
3,1,3,RandomForest,final_energy_direct,1464.0731425041404,2521.9483433521686,0.3107642613629491,878.2696608559445,2970.8331275292385,3543.5017684142913,12944.633940885022,43,"{""n_estimators"": 325, ""max_depth"": 4, ""min_samples_split"": 10, ""min_samples_leaf"": 2, ""max_features"": null}",3192.531918416688,final_energy_direct,robust
3,1,3,XGBoost,Final Energy,1279.7229908712927,2435.5029525529635,0.35720463586944884,754.1442720782611,2293.439813527035,3195.280209904742,11518.390793103514,43,"{""n_estimators"": 1376, ""max_depth"": 8, ""learning_rate"": 0.044917948291734226, ""subsample"": 0.9421146811121879, ""colsample_bytree"": 0.88582851040457, ""min_child_weight"": 3, ""reg_alpha"": 4.5795092322259857e-07, ""reg_lambda"": 0.0269522321673644, ""gamma"": 0.8196292941535387}",3270.9640114022086,final_energy_direct,none
3,1,3,XGBoost,final_energy_direct,1279.7229908712927,2435.5029525529635,0.35720463586944884,754.1442720782611,2293.439813527035,3195.280209904742,11518.390793103514,43,"{""n_estimators"": 1376, ""max_depth"": 8, ""learning_rate"": 0.044917948291734226, ""subsample"": 0.9421146811121879, ""colsample_bytree"": 0.88582851040457, ""min_child_weight"": 3, ""reg_alpha"": 4.5795092322259857e-07, ""reg_lambda"": 0.0269522321673644, ""gamma"": 0.8196292941535387}",3270.9640114022086,final_energy_direct,none
3,1,3,XGBoost,Final Energy,1407.6737219325316,2408.130688633711,0.3715720106527798,713.314882322868,3243.000156052045,3988.124724607027,10929.236496228514,43,"{""n_estimators"": 860, ""max_depth"": 4, ""learning_rate"": 0.0028212138385135047, ""subsample"": 0.9784392504185043, ""colsample_bytree"": 0.7050883302824552, ""min_child_weight"": 2, ""reg_alpha"": 0.0077265869239542635, ""reg_lambda"": 1.0178517225494473e-05, ""gamma"": 0.40021150968385916}",3276.6966045502186,final_energy_direct,soft
3,1,3,XGBoost,final_energy_direct,1407.6737219325316,2408.130688633711,0.3715720106527798,713.314882322868,3243.000156052045,3988.124724607027,10929.236496228514,43,"{""n_estimators"": 860, ""max_depth"": 4, ""learning_rate"": 0.0028212138385135047, ""subsample"": 0.9784392504185043, ""colsample_bytree"": 0.7050883302824552, ""min_child_weight"": 2, ""reg_alpha"": 0.0077265869239542635, ""reg_lambda"": 1.0178517225494473e-05, ""gamma"": 0.40021150968385916}",3276.6966045502186,final_energy_direct,soft
3,1,3,XGBoost,Final Energy,1396.5419997809388,2306.4563562118296,0.4235178063604137,783.3845599558426,2965.090654961726,3457.004085075031,11041.710617322264,43,"{""n_estimators"": 334, ""max_depth"": 3, ""learning_rate"": 0.011069866066604973, ""subsample"": 0.7381625881809919, ""colsample_bytree"": 0.9157202810836153, ""min_child_weight"": 4, ""reg_alpha"": 0.0003807315029350834, ""reg_lambda"": 9.11236273524707, ""gamma"": 3.406795583847906e-08}",3257.143214515949,final_energy_direct,robust
3,1,3,XGBoost,final_energy_direct,1396.5419997809388,2306.4563562118296,0.4235178063604137,783.3845599558426,2965.090654961726,3457.004085075031,11041.710617322264,43,"{""n_estimators"": 334, ""max_depth"": 3, ""learning_rate"": 0.011069866066604973, ""subsample"": 0.7381625881809919, ""colsample_bytree"": 0.9157202810836153, ""min_child_weight"": 4, ""reg_alpha"": 0.0003807315029350834, ""reg_lambda"": 9.11236273524707, ""gamma"": 3.406795583847906e-08}",3257.143214515949,final_energy_direct,robust
4,1,4,LinearRegression,HOMO,0.14160886198040362,0.2057100916538409,0.05036486006361163,0.09274169942714217,0.2927312150977207,0.4735655828353466,0.7549394423768527,45,{},0.17144544782744484,,
4,1,4,LinearRegression,delta_homo,0.14160886198040362,0.20571009165384088,-0.30694772332099607,0.09274169942714261,0.29273121509772054,0.4735655828353465,0.7549394423768527,45,{},0.17144544782744484,,
4,1,4,Ridge,HOMO,0.14194993355425461,0.19876360740441817,0.11341715864803503,0.10597589026969523,0.30623276486285606,0.39893673024557164,0.599531565341815,45,"{""alpha"": 368.9131234775138}",0.12499260489441924,,
4,1,4,Ridge,delta_homo,0.14194993355425464,0.19876360740441812,-0.22017117660370844,0.10597589026969478,0.30623276486285617,0.3989367302455715,0.599531565341815,45,"{""alpha"": 368.9131234775138}",0.12499260489441924,,
4,1,4,ElasticNet,HOMO,0.14053453424921786,0.2023262674821585,0.08134991235991429,0.09312596550425045,0.29372359940509496,0.4598370772273045,0.6794231401061825,45,"{""alpha"": 0.13385835433566884, ""l1_ratio"": 0.5535031503203278}",0.12289095961768937,,
4,1,4,ElasticNet,delta_homo,0.14053453424921786,0.2023262674821585,-0.26430414174676464,0.09312596550425045,0.29372359940509485,0.4598370772273042,0.6794231401061825,45,"{""alpha"": 0.13385835433566884, ""l1_ratio"": 0.5535031503203278}",0.12289095961768937,,
4,1,4,KernelRidge,HOMO,0.12896321921015994,0.2002319796309529,0.10026945715817248,0.08055861392913233,0.2826696384817288,0.444267009770111,0.7850146875117607,45,"{""alpha"": 0.07909009444584643, ""gamma"": 0.008591945680772008}",0.1114356675567447,,
4,1,4,KernelRidge,delta_homo,0.12896321921015985,0.20023197963095293,-0.2382658719308337,0.08055861392913233,0.28266963848172855,0.4442670097701108,0.7850146875117612,45,"{""alpha"": 0.07909009444584643, ""gamma"": 0.008591945680772008}",0.1114356675567447,,
4,1,4,RandomForest,HOMO,0.17050751947364787,0.23510519099312158,-0.24042359241416067,0.11942897308274336,0.42749837610594527,0.45047892596736006,0.7477257888403743,45,"{""n_estimators"": 540, ""max_depth"": 16, ""min_samples_split"": 3, ""min_samples_leaf"": 2, ""max_features"": ""sqrt""}",0.11500791051993597,,
4,1,4,RandomForest,delta_homo,0.1705075194736479,0.23510519099312158,-0.7071491164153147,0.11942897308274336,0.42749837610594554,0.45047892596736006,0.7477257888403743,45,"{""n_estimators"": 540, ""max_depth"": 16, ""min_samples_split"": 3, ""min_samples_leaf"": 2, ""max_features"": ""sqrt""}",0.11500791051993597,,
4,1,4,XGBoost,HOMO,0.1790446362423368,0.24585287664234293,-0.35642619980444756,0.11120259924316489,0.45065163905639705,0.507426252917481,0.7017152936859139,45,"{""n_estimators"": 562, ""max_depth"": 3, ""learning_rate"": 0.012820533784359106, ""subsample"": 0.9996403597551808, ""colsample_bytree"": 0.9100881248396054, ""min_child_weight"": 2, ""reg_alpha"": 1.1883371244117701e-07, ""reg_lambda"": 0.880675925688575, ""gamma"": 9.140632373759367e-05}",0.11605684000472523,,
4,1,4,XGBoost,delta_homo,0.1790446362423368,0.24585287664234293,-0.8667992149133446,0.11120259924316489,0.45065163905639705,0.507426252917481,0.7017152936859139,45,"{""n_estimators"": 562, ""max_depth"": 3, ""learning_rate"": 0.012820533784359106, ""subsample"": 0.9996403597551808, ""colsample_bytree"": 0.9100881248396054, ""min_child_weight"": 2, ""reg_alpha"": 1.1883371244117701e-07, ""reg_lambda"": 0.880675925688575, ""gamma"": 9.140632373759367e-05}",0.11605684000472523,,
4,1,4,LinearRegression,LUMO,0.234150172113333,0.35862840541596513,0.7705877260023005,0.1798512787608385,0.3480882450819353,0.40175226558820215,1.801885296627165,45,{},0.1922313492996283,,
4,1,4,LinearRegression,delta_lumo,0.23415017211333308,0.3586284054159651,-0.9145260847583818,0.17985127876083862,0.3480882450819357,0.40175226558820193,1.801885296627165,45,{},0.1922313492996283,,
4,1,4,Ridge,LUMO,0.21090961719106185,0.33561845592990286,0.7990819523372117,0.18653059866995192,0.3873718690332432,0.41672456602481367,1.7352495477192305,45,"{""alpha"": 82.1238521366932}",0.1509440400498896,,
4,1,4,Ridge,delta_lumo,0.21090961719106185,0.3356184559299029,-0.6767317478095951,0.18653059866995214,0.38737186903324333,0.4167245660248141,1.7352495477192305,45,"{""alpha"": 82.1238521366932}",0.1509440400498896,,
4,1,4,ElasticNet,LUMO,0.20738055092400376,0.33329325152640216,0.8018562765571716,0.1825562320735149,0.3810289275442506,0.4026220460722338,1.741619365130055,45,"{""alpha"": 0.17218828257435306, ""l1_ratio"": 0.20662660086824808}",0.1511976617466346,,
4,1,4,ElasticNet,delta_lumo,0.20738055092400384,0.3332932515264022,-0.6535790367792185,0.182556232073515,0.3810289275442507,0.40262204607223384,1.741619365130055,45,"{""alpha"": 0.17218828257435306, ""l1_ratio"": 0.20662660086824808}",0.1511976617466346,,
4,1,4,KernelRidge,LUMO,0.2552835294918403,0.38130468396695005,0.7406587738674744,0.21261421581349693,0.4516838013107433,0.5348141928820412,1.803207813109844,45,"{""alpha"": 0.14368791520835106, ""gamma"": 0.006811174513271449}",0.13795306249089,,
4,1,4,KernelRidge,delta_lumo,0.25528352949184036,0.3813046839669501,-1.1642937129376163,0.21261421581349715,0.4516838013107436,0.534814192882041,1.803207813109844,45,"{""alpha"": 0.14368791520835106, ""gamma"": 0.006811174513271449}",0.13795306249089,,
4,1,4,RandomForest,LUMO,0.28020957733288315,0.39170763344731363,0.7263147769577623,0.2545502415060026,0.4444393452760557,0.4851750917578164,1.8252586506126578,45,"{""n_estimators"": 256, ""max_depth"": 12, ""min_samples_split"": 3, ""min_samples_leaf"": 1, ""max_features"": ""sqrt""}",0.14045926501579148,,
4,1,4,RandomForest,delta_lumo,0.28020957733288315,0.3917076334473137,-1.283999410304152,0.2545502415060028,0.444439345276056,0.4851750917578167,1.8252586506126578,45,"{""n_estimators"": 256, ""max_depth"": 12, ""min_samples_split"": 3, ""min_samples_leaf"": 1, ""max_features"": ""sqrt""}",0.14045926501579148,,
4,1,4,XGBoost,LUMO,0.3161778933044434,0.43012404157232687,0.669999410855858,0.30129855581665077,0.5067803204345704,0.5503864553344724,1.8349339973144527,45,"{""n_estimators"": 1387, ""max_depth"": 7, ""learning_rate"": 0.001553380775967767, ""subsample"": 0.9767969185724168, ""colsample_bytree"": 0.9347918321407621, ""min_child_weight"": 1, ""reg_alpha"": 0.0006187132274779655, ""reg_lambda"": 2.424011312656191, ""gamma"": 6.518370854771416e-07}",0.1281496566612815,,
4,1,4,XGBoost,delta_lumo,0.31617789330444346,0.430124041572327,-1.7539709401443337,0.30129855581665055,0.5067803204345707,0.5503864553344726,1.8349339973144527,45,"{""n_estimators"": 1387, ""max_depth"": 7, ""learning_rate"": 0.001553380775967767, ""subsample"": 0.9767969185724168, ""colsample_bytree"": 0.9347918321407621, ""min_child_weight"": 1, ""reg_alpha"": 0.0006187132274779655, ""reg_lambda"": 2.424011312656191, ""gamma"": 6.518370854771416e-07}",0.1281496566612815,,
4,1,4,LinearRegression,Final Energy,3306.9365452277534,3651.8465968552878,-7.468884667583605,3686.8095028577163,4838.447191553792,5102.626324023254,7042.072641871765,45,{},3625.3584333610697,delta_energy_per_atom,none
4,1,4,LinearRegression,delta_energy_per_atom,18.746953364688935,21.201677467666965,-1.0529962195374871,19.740271425586887,28.063910104348064,28.440749222683866,52.64343310091536,45,{},3625.3584333610697,delta_energy_per_atom,none
4,1,4,Ridge,Final Energy,2933.850476622436,3056.169180010006,-4.9313827577722344,2851.422555102824,3812.647112059151,4274.980642727077,5363.65820776862,45,"{""alpha"": 990.978006567674}",2282.9895545605914,delta_energy_per_atom,none
4,1,4,Ridge,delta_energy_per_atom,16.839031617893827,18.85526981379972,-0.6237277221734805,15.048101881068884,20.993788556071014,21.619023531802057,63.853073902007374,45,"{""alpha"": 990.978006567674}",2282.9895545605914,delta_energy_per_atom,none
4,1,4,ElasticNet,Final Energy,3194.1222272095224,3334.119184865479,-6.059328759617387,3203.9329010779693,4360.166257247114,4560.9885381648255,5472.7310200418015,45,"{""alpha"": 0.7707009172589316, ""l1_ratio"": 0.38311181979460074}",1928.2289194755579,delta_energy_per_atom,none
4,1,4,ElasticNet,delta_energy_per_atom,18.267830066864313,20.271211288816282,-0.876752933642513,17.343589562109806,23.273410123876836,23.904762690411143,65.1515597624024,45,"{""alpha"": 0.7707009172589316, ""l1_ratio"": 0.38311181979460074}",1928.2289194755579,delta_energy_per_atom,none
4,1,4,KernelRidge,Final Energy,3487.3929182876873,3864.54356385271,-8.484131818124796,4095.0901371726195,5179.28353614381,5427.812619999262,5905.837668883098,45,"{""alpha"": 0.8621989609326179, ""gamma"": 0.006288994520874219}",1879.0657217430582,delta_energy_per_atom,none
4,1,4,KernelRidge,delta_energy_per_atom,19.863320748892193,22.533086481184345,-1.3189376388793526,22.396384191209922,29.773757051040867,31.74797747618367,52.849463615385176,45,"{""alpha"": 0.8621989609326179, ""gamma"": 0.006288994520874219}",1879.0657217430582,delta_energy_per_atom,none
4,1,4,RandomForest,Final Energy,2295.7557291324356,2726.6303617782696,-3.721214145137341,2205.5248547199326,4387.936189976631,4721.198176148954,6185.754934739842,45,"{""n_estimators"": 792, ""max_depth"": 3, ""min_samples_split"": 4, ""min_samples_leaf"": 4, ""max_features"": null}",1820.5583944972238,delta_energy_per_atom,none
4,1,4,RandomForest,delta_energy_per_atom,13.187257177142166,16.600172057677508,-0.2585569769886813,11.81713245513891,25.246204440539373,28.974480853281435,56.359308716699985,45,"{""n_estimators"": 792, ""max_depth"": 3, ""min_samples_split"": 4, ""min_samples_leaf"": 4, ""max_features"": null}",1820.5583944972238,delta_energy_per_atom,none
4,1,4,RandomForest,Final Energy,2054.2770352907733,2289.3785311647403,-2.3284066312723035,1983.5803029835079,3216.2751682815738,3390.3851893507767,5343.426107312505,45,"{""n_estimators"": 433, ""max_depth"": 3, ""min_samples_split"": 5, ""min_samples_leaf"": 4, ""max_features"": ""log2""}",1708.9915579987123,delta_energy_per_atom,soft
4,1,4,RandomForest,delta_energy_per_atom,12.091824470007563,15.420219454891287,-0.08599746534984432,10.120307668283207,16.300836552389896,19.027403214633505,63.612215563244106,45,"{""n_estimators"": 433, ""max_depth"": 3, ""min_samples_split"": 5, ""min_samples_leaf"": 4, ""max_features"": ""log2""}",1708.9915579987123,delta_energy_per_atom,soft
4,1,4,RandomForest,Final Energy,1682.0737674140908,1977.6584776952718,-1.4837264226495397,1613.3444735240937,2436.2161967250963,2613.5603190851457,5726.550402290409,45,"{""n_estimators"": 463, ""max_depth"": 3, ""min_samples_split"": 8, ""min_samples_leaf"": 4, ""max_features"": ""sqrt""}",1592.6494040388015,delta_energy_per_atom,robust
4,1,4,RandomForest,delta_energy_per_atom,10.137381500047391,14.548826625447306,0.03327346421944366,9.166936059766492,13.344357347086294,14.18014671802713,68.17321907488582,45,"{""n_estimators"": 463, ""max_depth"": 3, ""min_samples_split"": 8, ""min_samples_leaf"": 4, ""max_features"": ""sqrt""}",1592.6494040388015,delta_energy_per_atom,robust
4,1,4,XGBoost,Final Energy,2712.6211269834453,3133.4644492071716,-5.235204622093623,2327.993080834012,4992.455556090779,5377.370405912053,7080.150241058427,45,"{""n_estimators"": 390, ""max_depth"": 7, ""learning_rate"": 0.003928646140754067, ""subsample"": 0.8092627577545853, ""colsample_bytree"": 0.9577484506231121, ""min_child_weight"": 9, ""reg_alpha"": 1.5406944782859863e-07, ""reg_lambda"": 5.794110381646664, ""gamma"": 8.33722432172295e-06}",1693.5903754966466,delta_energy_per_atom,none
4,1,4,XGBoost,delta_energy_per_atom,15.690733619580671,19.376134340679855,-0.7146756341486267,12.974903029569298,28.081580324452098,36.72413835016796,64.18367742194626,45,"{""n_estimators"": 390, ""max_depth"": 7, ""learning_rate"": 0.003928646140754067, ""subsample"": 0.8092627577545853, ""colsample_bytree"": 0.9577484506231121, ""min_child_weight"": 9, ""reg_alpha"": 1.5406944782859863e-07, ""reg_lambda"": 5.794110381646664, ""gamma"": 8.33722432172295e-06}",1693.5903754966466,delta_energy_per_atom,none
4,1,4,XGBoost,Final Energy,2307.37552592279,2567.989448116137,-3.187816431823565,2315.8646857324693,3782.429359661887,4035.430388141293,5573.262063843877,45,"{""n_estimators"": 474, ""max_depth"": 8, ""learning_rate"": 0.002203885481825299, ""subsample"": 0.7242190641818524, ""colsample_bytree"": 0.894789869189018, ""min_child_weight"": 8, ""reg_alpha"": 0.18762219035431715, ""reg_lambda"": 5.599319090256263, ""gamma"": 0.00198588009683999}",1622.3597301592454,delta_energy_per_atom,soft
4,1,4,XGBoost,delta_energy_per_atom,13.548902920931583,16.928583378303518,-0.30884716449876803,13.0630030925516,20.227507633309404,22.283810185613397,66.34835790290329,45,"{""n_estimators"": 474, ""max_depth"": 8, ""learning_rate"": 0.002203885481825299, ""subsample"": 0.7242190641818524, ""colsample_bytree"": 0.894789869189018, ""min_child_weight"": 8, ""reg_alpha"": 0.18762219035431715, ""reg_lambda"": 5.599319090256263, ""gamma"": 0.00198588009683999}",1622.3597301592454,delta_energy_per_atom,soft
4,1,4,XGBoost,Final Energy,1765.5953480222638,2088.7121668392606,-1.7705013104422322,1898.6367113432625,2541.8444364556694,2814.8375329967544,6105.223825318486,45,"{""n_estimators"": 362, ""max_depth"": 8, ""learning_rate"": 0.0011442842773201022, ""subsample"": 0.750388664832915, ""colsample_bytree"": 0.9059342162416001, ""min_child_weight"": 9, ""reg_alpha"": 4.007109820818425e-08, ""reg_lambda"": 9.704435772855616, ""gamma"": 0.0009915521219508276}",1543.3537750715325,delta_energy_per_atom,robust
4,1,4,XGBoost,delta_energy_per_atom,10.616222494228026,15.34259305576908,-0.07509102113909094,9.721789793346371,13.752573969986415,14.793263339553075,72.68123601569626,45,"{""n_estimators"": 362, ""max_depth"": 8, ""learning_rate"": 0.0011442842773201022, ""subsample"": 0.750388664832915, ""colsample_bytree"": 0.9059342162416001, ""min_child_weight"": 9, ""reg_alpha"": 4.007109820818425e-08, ""reg_lambda"": 9.704435772855616, ""gamma"": 0.0009915521219508276}",1543.3537750715325,delta_energy_per_atom,robust
4,1,4,LinearRegression,Final Energy,2539.8155698938212,2777.5628482758707,-3.8992427202235964,2706.1746834978367,3630.957437346164,4163.5919936909995,5735.376503417633,45,{},2547.1385301437954,delta_energy,none
4,1,4,LinearRegression,delta_energy,2539.8155698938212,2777.5628482758707,-3.792639291774676,2706.1746834978358,3630.957437346164,4163.5919936909995,5735.376503417634,45,{},2547.1385301437954,delta_energy,none
4,1,4,Ridge,Final Energy,2476.527806098459,2687.4358948721383,-3.586457715754994,2663.7859013110665,3615.7094273878984,3956.176742484729,5440.608530815517,45,"{""alpha"": 4.662639474591629}",2445.1814361610695,delta_energy,none
4,1,4,Ridge,delta_energy,2476.527806098459,2687.4358948721388,-3.4866602276825587,2663.7859013110665,3615.709427387898,3956.1767424847294,5440.608530815518,45,"{""alpha"": 4.662639474591629}",2445.1814361610695,delta_energy,none
4,1,4,ElasticNet,Final Energy,2516.2827967055787,2714.1728575700236,-3.6781718691152276,2599.3394372226917,3662.8891812085208,4124.571591819531,5078.346699272898,45,"{""alpha"": 0.011475335690325519, ""l1_ratio"": 0.8399655088888339}",2391.000215177376,delta_energy,none
4,1,4,ElasticNet,delta_energy,2516.2827967055787,2714.1728575700236,-3.5763787576895876,2599.3394372226912,3662.8891812085203,4124.571591819532,5078.346699272899,45,"{""alpha"": 0.011475335690325519, ""l1_ratio"": 0.8399655088888339}",2391.000215177376,delta_energy,none
4,1,4,KernelRidge,Final Energy,2653.47914330993,2981.0132298308563,-4.643245887412875,3260.036133409416,3979.3623519958746,4216.893204042425,5405.1747474765625,45,"{""alpha"": 0.005444590963858547, ""gamma"": 0.0010452106941801122}",1963.2498516012063,delta_energy,none
4,1,4,KernelRidge,delta_energy,2653.47914330993,2981.0132298308563,-4.520453571634116,3260.036133409416,3979.362351995875,4216.893204042425,5405.174747476563,45,"{""alpha"": 0.005444590963858547, ""gamma"": 0.0010452106941801122}",1963.2498516012063,delta_energy,none
4,1,4,RandomForest,Final Energy,1216.3368518493953,1586.7553579200815,-0.5988993050522013,1047.9170430351005,3136.987841957707,3351.5472083619647,3668.2162467974176,45,"{""n_estimators"": 533, ""max_depth"": 12, ""min_samples_split"": 10, ""min_samples_leaf"": 1, ""max_features"": null}",3046.4679724563334,delta_energy,none
4,1,4,RandomForest,delta_energy,1216.336851849395,1586.7553579200817,-0.5641085919978008,1047.9170430351005,3136.987841957707,3351.547208361965,3668.2162467974176,45,"{""n_estimators"": 533, ""max_depth"": 12, ""min_samples_split"": 10, ""min_samples_leaf"": 1, ""max_features"": null}",3046.4679724563334,delta_energy,none
4,1,4,RandomForest,Final Energy,1219.3550656203456,1613.6303064091471,-0.6535192331070845,1113.8386022160166,3068.363564302732,3424.499632389254,3961.445921973869,45,"{""n_estimators"": 462, ""max_depth"": 18, ""min_samples_split"": 3, ""min_samples_leaf"": 1, ""max_features"": null}",3164.1460590233983,delta_energy,soft
4,1,4,RandomForest,delta_energy,1219.3550656203456,1613.6303064091471,-0.6175400360512178,1113.8386022160166,3068.363564302732,3424.499632389254,3961.445921973869,45,"{""n_estimators"": 462, ""max_depth"": 18, ""min_samples_split"": 3, ""min_samples_leaf"": 1, ""max_features"": null}",3164.1460590233983,delta_energy,soft
4,1,4,RandomForest,Final Energy,1245.3241871000598,1637.4345900300186,-0.7026645253287318,1088.5021862214326,3042.7248221049626,3639.998131239166,3899.11970348212,45,"{""n_estimators"": 481, ""max_depth"": 10, ""min_samples_split"": 8, ""min_samples_leaf"": 1, ""max_features"": null}",3241.6345397556415,delta_energy,robust
4,1,4,RandomForest,delta_energy,1245.3241871000598,1637.4345900300186,-0.6656159677732669,1088.502186221432,3042.7248221049626,3639.9981312391665,3899.11970348212,45,"{""n_estimators"": 481, ""max_depth"": 10, ""min_samples_split"": 8, ""min_samples_leaf"": 1, ""max_features"": null}",3241.6345397556415,delta_energy,robust
4,1,4,XGBoost,Final Energy,1539.4492971060972,2220.417779289391,-2.1309098228505543,1123.8036677895889,4202.542265697974,4404.005105492346,7358.103615029786,45,"{""n_estimators"": 1252, ""max_depth"": 6, ""learning_rate"": 0.006134137229372585, ""subsample"": 0.8110218184219553, ""colsample_bytree"": 0.832139185022203, ""min_child_weight"": 1, ""reg_alpha"": 0.0007241775336722304, ""reg_lambda"": 0.2525683960667821, ""gamma"": 7.761915871808446e-06}",2691.2472110567805,delta_energy,none
4,1,4,XGBoost,delta_energy,1539.4492971060972,2220.417779289391,-2.062783840869192,1123.8036677895889,4202.542265697973,4404.005105492346,7358.103615029786,45,"{""n_estimators"": 1252, ""max_depth"": 6, ""learning_rate"": 0.006134137229372585, ""subsample"": 0.8110218184219553, ""colsample_bytree"": 0.832139185022203, ""min_child_weight"": 1, ""reg_alpha"": 0.0007241775336722304, ""reg_lambda"": 0.2525683960667821, ""gamma"": 7.761915871808446e-06}",2691.2472110567805,delta_energy,none
4,1,4,XGBoost,Final Energy,1674.5878619467776,2246.2621790465278,-2.2042180054374922,1257.7390501955633,4163.428023364128,4696.041647702912,6184.453224404786,45,"{""n_estimators"": 964, ""max_depth"": 5, ""learning_rate"": 0.045161062766444986, ""subsample"": 0.7325418093333226, ""colsample_bytree"": 0.8349189273873091, ""min_child_weight"": 1, ""reg_alpha"": 3.1755034324575746e-08, ""reg_lambda"": 0.002235699759035551, ""gamma"": 0.007178241822316174}",3312.1421176328768,delta_energy,soft
4,1,4,XGBoost,delta_energy,1674.5878619467776,2246.2621790465278,-2.1344968986494193,1257.7390501955633,4163.4280233641275,4696.041647702912,6184.453224404786,45,"{""n_estimators"": 964, ""max_depth"": 5, ""learning_rate"": 0.045161062766444986, ""subsample"": 0.7325418093333226, ""colsample_bytree"": 0.8349189273873091, ""min_child_weight"": 1, ""reg_alpha"": 3.1755034324575746e-08, ""reg_lambda"": 0.002235699759035551, ""gamma"": 0.007178241822316174}",3312.1421176328768,delta_energy,soft
4,1,4,XGBoost,Final Energy,1792.8331500326303,2413.253166109315,-2.698340863730142,1292.7195189455633,3760.231796807365,5038.840628603932,7234.082130654786,45,"{""n_estimators"": 536, ""max_depth"": 5, ""learning_rate"": 0.04138423610045987, ""subsample"": 0.7418853481086403, ""colsample_bytree"": 0.7324201735060389, ""min_child_weight"": 1, ""reg_alpha"": 9.977841921603651e-08, ""reg_lambda"": 3.0816626660212184e-05, ""gamma"": 9.540073316324862e-07}",3329.5504773339,delta_energy,robust
4,1,4,XGBoost,delta_energy,1792.8331500326303,2413.2531661093144,-2.6178680563677044,1292.7195189455633,3760.231796807365,5038.840628603932,7234.082130654786,45,"{""n_estimators"": 536, ""max_depth"": 5, ""learning_rate"": 0.04138423610045987, ""subsample"": 0.7418853481086403, ""colsample_bytree"": 0.7324201735060389, ""min_child_weight"": 1, ""reg_alpha"": 9.977841921603651e-08, ""reg_lambda"": 3.0816626660212184e-05, ""gamma"": 9.540073316324862e-07}",3329.5504773339,delta_energy,robust
4,1,4,LinearRegression,Final Energy,2539.815569893766,2777.5628482758225,-3.899242720223425,2706.174683497544,3630.9574373461865,4163.591993690954,5735.376503417584,45,{},2547.1385301441805,final_energy_direct,none
4,1,4,LinearRegression,final_energy_direct,2539.815569893766,2777.5628482758225,-3.899242720223425,2706.174683497544,3630.9574373461865,4163.591993690954,5735.376503417584,45,{},2547.1385301441805,final_energy_direct,none
4,1,4,Ridge,Final Energy,2469.1200856433893,2677.9555994184784,-3.5541560844564346,2652.4673740692315,3606.0821811490946,3936.121850150596,5417.566144426682,45,"{""alpha"": 5.034575812337211}",2446.8934189232223,final_energy_direct,none
4,1,4,Ridge,final_energy_direct,2469.1200856433893,2677.9555994184784,-3.5541560844564346,2652.4673740692315,3606.0821811490946,3936.121850150596,5417.566144426682,45,"{""alpha"": 5.034575812337211}",2446.8934189232223,final_energy_direct,none
4,1,4,ElasticNet,Final Energy,2509.7015891908572,2706.2692474795117,-3.6509660764478165,2602.899695626305,3656.6378423723368,4119.284553359827,5086.685373837782,45,"{""alpha"": 0.013879606747565077, ""l1_ratio"": 0.6248376714808432}",2391.422294786393,final_energy_direct,none
4,1,4,ElasticNet,final_energy_direct,2509.7015891908572,2706.2692474795117,-3.6509660764478165,2602.899695626305,3656.6378423723368,4119.284553359827,5086.685373837782,45,"{""alpha"": 0.013879606747565077, ""l1_ratio"": 0.6248376714808432}",2391.422294786393,final_energy_direct,none
4,1,4,KernelRidge,Final Energy,2647.334706365137,2967.0033565621834,-4.590327385086439,3260.3355932040477,3948.5708616787238,4185.482012880239,5361.639580599319,45,"{""alpha"": 0.008730420207778724, ""gamma"": 0.0014020108863906221}",1974.2291796600935,final_energy_direct,none
4,1,4,KernelRidge,final_energy_direct,2647.334706365137,2967.0033565621834,-4.590327385086439,3260.3355932040477,3948.5708616787238,4185.482012880239,5361.639580599319,45,"{""alpha"": 0.008730420207778724, ""gamma"": 0.0014020108863906221}",1974.2291796600935,final_energy_direct,none
4,1,4,RandomForest,Final Energy,1187.778971718488,1555.3714676066536,-0.5362766243536392,1038.636091305516,2649.641570299416,3395.290803048845,3832.656115079113,45,"{""n_estimators"": 227, ""max_depth"": 13, ""min_samples_split"": 3, ""min_samples_leaf"": 1, ""max_features"": null}",3133.209869541351,final_energy_direct,none
4,1,4,RandomForest,final_energy_direct,1187.778971718488,1555.3714676066536,-0.5362766243536392,1038.636091305516,2649.641570299416,3395.290803048845,3832.656115079113,45,"{""n_estimators"": 227, ""max_depth"": 13, ""min_samples_split"": 3, ""min_samples_leaf"": 1, ""max_features"": null}",3133.209869541351,final_energy_direct,none
4,1,4,RandomForest,Final Energy,1250.9876229262102,1640.1899870117638,-0.7083996723118073,1074.6983164297844,3043.981448592357,3583.5838824960642,3948.6382496885444,45,"{""n_estimators"": 288, ""max_depth"": 12, ""min_samples_split"": 8, ""min_samples_leaf"": 1, ""max_features"": null}",3187.563344709989,final_energy_direct,soft
4,1,4,RandomForest,final_energy_direct,1250.9876229262102,1640.1899870117638,-0.7083996723118073,1074.6983164297844,3043.981448592357,3583.5838824960642,3948.6382496885444,45,"{""n_estimators"": 288, ""max_depth"": 12, ""min_samples_split"": 8, ""min_samples_leaf"": 1, ""max_features"": null}",3187.563344709989,final_energy_direct,soft
4,1,4,RandomForest,Final Energy,1230.7335893012107,1609.7109593845903,-0.6454965216412658,1101.2220358171217,2700.632802372334,3506.1298434107816,4098.304235933585,45,"{""n_estimators"": 920, ""max_depth"": 10, ""min_samples_split"": 8, ""min_samples_leaf"": 1, ""max_features"": null}",3310.965158141788,final_energy_direct,robust
4,1,4,RandomForest,final_energy_direct,1230.7335893012107,1609.7109593845903,-0.6454965216412658,1101.2220358171217,2700.632802372334,3506.1298434107816,4098.304235933585,45,"{""n_estimators"": 920, ""max_depth"": 10, ""min_samples_split"": 8, ""min_samples_leaf"": 1, ""max_features"": null}",3310.965158141788,final_energy_direct,robust
4,1,4,XGBoost,Final Energy,1635.4145919034622,2268.218652942977,-2.267164503828072,1339.7035332325513,4238.24785773074,4507.6935731822,7262.896706039324,45,"{""n_estimators"": 902, ""max_depth"": 6, ""learning_rate"": 0.01299439578540255, ""subsample"": 0.8707823162412702, ""colsample_bytree"": 0.7514026737678791, ""min_child_weight"": 1, ""reg_alpha"": 1.1175751841529824e-08, ""reg_lambda"": 0.549029338953237, ""gamma"": 0.0021092752438038576}",2913.832141328011,final_energy_direct,none
4,1,4,XGBoost,final_energy_direct,1635.4145919034622,2268.218652942977,-2.267164503828072,1339.7035332325513,4238.24785773074,4507.6935731822,7262.896706039324,45,"{""n_estimators"": 902, ""max_depth"": 6, ""learning_rate"": 0.01299439578540255, ""subsample"": 0.8707823162412702, ""colsample_bytree"": 0.7514026737678791, ""min_child_weight"": 1, ""reg_alpha"": 1.1175751841529824e-08, ""reg_lambda"": 0.549029338953237, ""gamma"": 0.0021092752438038576}",2913.832141328011,final_energy_direct,none
4,1,4,XGBoost,Final Energy,1826.3391582186118,2324.0384943134677,-2.4299500959480858,1652.7653892817834,3953.5386433293447,4607.283973542574,6509.058815414324,45,"{""n_estimators"": 462, ""max_depth"": 5, ""learning_rate"": 0.040634427038474655, ""subsample"": 0.7002483354649394, ""colsample_bytree"": 0.8566539425575428, ""min_child_weight"": 1, ""reg_alpha"": 8.776100846106097e-06, ""reg_lambda"": 0.16437943219643972, ""gamma"": 5.626255690498589e-07}",3393.088886192048,final_energy_direct,soft
4,1,4,XGBoost,final_energy_direct,1826.3391582186118,2324.0384943134677,-2.4299500959480858,1652.7653892817834,3953.5386433293447,4607.283973542574,6509.058815414324,45,"{""n_estimators"": 462, ""max_depth"": 5, ""learning_rate"": 0.040634427038474655, ""subsample"": 0.7002483354649394, ""colsample_bytree"": 0.8566539425575428, ""min_child_weight"": 1, ""reg_alpha"": 8.776100846106097e-06, ""reg_lambda"": 0.16437943219643972, ""gamma"": 5.626255690498589e-07}",3393.088886192048,final_energy_direct,soft
4,1,4,XGBoost,Final Energy,1875.889401951172,2452.2917681970516,-2.8189629713025317,1444.919788061597,4073.326816763217,4921.46961680898,6999.426002914324,45,"{""n_estimators"": 1231, ""max_depth"": 5, ""learning_rate"": 0.04356641571969912, ""subsample"": 0.76884575722547, ""colsample_bytree"": 0.9984562365530516, ""min_child_weight"": 1, ""reg_alpha"": 5.4724905372459625e-08, ""reg_lambda"": 0.6795868974233646, ""gamma"": 0.6379162609393162}",3384.981692463779,final_energy_direct,robust
4,1,4,XGBoost,final_energy_direct,1875.889401951172,2452.2917681970516,-2.8189629713025317,1444.919788061597,4073.326816763217,4921.46961680898,6999.426002914324,45,"{""n_estimators"": 1231, ""max_depth"": 5, ""learning_rate"": 0.04356641571969912, ""subsample"": 0.76884575722547, ""colsample_bytree"": 0.9984562365530516, ""min_child_weight"": 1, ""reg_alpha"": 5.4724905372459625e-08, ""reg_lambda"": 0.6795868974233646, ""gamma"": 0.6379162609393162}",3384.981692463779,final_energy_direct,robust
5,1,5,LinearRegression,HOMO,0.10679465938558509,0.18447588207153479,0.7590102879105971,0.06403231059409009,0.20899405444461974,0.2910032541291214,0.72871905116933,43,{},0.1856373782671319,,
5,1,5,LinearRegression,delta_homo,0.10679465938558516,0.18447588207153487,0.22495179101206464,0.06403231059408965,0.20899405444461985,0.29100325412912187,0.72871905116933,43,{},0.1856373782671319,,
5,1,5,Ridge,HOMO,0.12278333138383539,0.19994933214347738,0.7168873809715979,0.0572418272878048,0.4488292784674591,0.515042469394534,0.5570090589568046,43,"{""alpha"": 987.86529886679}",0.14825155028012454,,
5,1,5,Ridge,delta_homo,0.12278333138383539,0.19994933214347738,0.08948010096612191,0.0572418272878048,0.448829278467459,0.5150424693945336,0.5570090589568046,43,"{""alpha"": 987.86529886679}",0.14825155028012454,,
5,1,5,ElasticNet,HOMO,0.1355979439617621,0.2197645169719696,0.6579934234283589,0.0675776208122949,0.4703434446739063,0.5869352982661566,0.6158765203312653,43,"{""alpha"": 0.46495202893821985, ""l1_ratio"": 0.5384206378402107}",0.14257010652880237,,
5,1,5,ElasticNet,delta_homo,0.13559794396176203,0.21976451697196964,-0.09992904815624959,0.0675776208122949,0.4703434446739066,0.5869352982661566,0.6158765203312653,43,"{""alpha"": 0.46495202893821985, ""l1_ratio"": 0.5384206378402107}",0.14257010652880237,,
5,1,5,KernelRidge,HOMO,0.12918890390017512,0.2233065482517373,0.6468800708433482,0.053946569347160356,0.4944693674300062,0.5911677170063081,0.6249668775985411,43,"{""alpha"": 0.9885028728244669, ""gamma"": 0.04377500762625895}",0.12993945600252035,,
5,1,5,KernelRidge,delta_homo,0.12918890390017504,0.2233065482517373,-0.13567075655610217,0.0539465693471608,0.4944693674300063,0.5911677170063081,0.6249668775985415,43,"{""alpha"": 0.9885028728244669, ""gamma"": 0.04377500762625895}",0.12993945600252035,,
5,1,5,RandomForest,HOMO,0.11775561573955251,0.18883442815956097,0.7474882065151454,0.05805513746508506,0.4011389319346439,0.4751189029178675,0.5643666854496825,43,"{""n_estimators"": 371, ""max_depth"": 10, ""min_samples_split"": 6, ""min_samples_leaf"": 4, ""max_features"": ""sqrt""}",0.1356986158417212,,
5,1,5,RandomForest,delta_homo,0.11775561573955247,0.18883442815956095,0.18789556785659223,0.058055137465084616,0.4011389319346439,0.47511890291786757,0.564366685449682,43,"{""n_estimators"": 371, ""max_depth"": 10, ""min_samples_split"": 6, ""min_samples_leaf"": 4, ""max_features"": ""sqrt""}",0.1356986158417212,,
5,1,5,XGBoost,HOMO,0.12824424198310314,0.2080423991540301,0.6935052650440552,0.055185425003051236,0.4629404852844242,0.5421986094558713,0.5529839137725823,43,"{""n_estimators"": 805, ""max_depth"": 8, ""learning_rate"": 0.0014439406355439331, ""subsample"": 0.9806267476564756, ""colsample_bytree"": 0.9440890636888382, ""min_child_weight"": 10, ""reg_alpha"": 0.04158757665688803, ""reg_lambda"": 0.013861726829488401, ""gamma"": 0.0141283775255781}",0.12988261848341393,,
5,1,5,XGBoost,delta_homo,0.12824424198310314,0.2080423991540301,0.014280761895301808,0.055185425003051236,0.4629404852844242,0.5421986094558713,0.5529839137725823,43,"{""n_estimators"": 805, ""max_depth"": 8, ""learning_rate"": 0.0014439406355439331, ""subsample"": 0.9806267476564756, ""colsample_bytree"": 0.9440890636888382, ""min_child_weight"": 10, ""reg_alpha"": 0.04158757665688803, ""reg_lambda"": 0.013861726829488401, ""gamma"": 0.0141283775255781}",0.12988261848341393,,
5,1,5,LinearRegression,LUMO,0.11314136192978609,0.16760743649243912,0.9596846092364514,0.06961351144034467,0.2691462899328728,0.3927319539462378,0.5414665200715536,43,{},0.21989997611974374,,
5,1,5,LinearRegression,delta_lumo,0.11314136192978605,0.16760743649243906,-0.36530476003931467,0.06961351144034467,0.2691462899328726,0.39273195394623744,0.5414665200715536,43,{},0.21989997611974374,,
5,1,5,Ridge,LUMO,0.09162476909447767,0.1301241355666873,0.9757003498435645,0.06824656050041278,0.18133872199586862,0.322696145269041,0.3737963471993746,43,"{""alpha"": 767.3075530525533}",0.1919335331666167,,
5,1,5,Ridge,delta_lumo,0.09162476909447771,0.1301241355666873,0.17707785048016544,0.06824656050041256,0.181338721995869,0.32269614526904095,0.3737963471993746,43,"{""alpha"": 767.3075530525533}",0.1919335331666167,,
5,1,5,ElasticNet,LUMO,0.09404827558523851,0.13894201882782606,0.9722954234902245,0.05305140217397197,0.28617091513215437,0.33174256521283474,0.3669939547435199,43,"{""alpha"": 0.10471132050137155, ""l1_ratio"": 0.6659791057166315}",0.1918812537219986,,
5,1,5,ElasticNet,delta_lumo,0.09404827558523851,0.13894201882782603,0.06176798817314677,0.053051402173972306,0.286170915132154,0.3317425652128347,0.3669939547435197,43,"{""alpha"": 0.10471132050137155, ""l1_ratio"": 0.6659791057166315}",0.1918812537219986,,
5,1,5,KernelRidge,LUMO,0.0762632849315011,0.11552849226970566,0.9808458661824712,0.05649089368424398,0.15323910251574233,0.2914920489388414,0.3542131782805191,43,"{""alpha"": 1.5476168091804028, ""gamma"": 0.0028242371701798475}",0.18815422703894027,,
5,1,5,KernelRidge,delta_lumo,0.07626328493150109,0.11552849226970562,0.3513338310701204,0.05649089368424409,0.15323910251574252,0.291492048938841,0.3542131782805189,43,"{""alpha"": 1.5476168091804028, ""gamma"": 0.0028242371701798475}",0.18815422703894027,,
5,1,5,RandomForest,LUMO,0.06643663644082691,0.10936798676835213,0.9828341725902369,0.032205656948348205,0.12797554838751876,0.30648891434933295,0.40127796378931113,43,"{""n_estimators"": 223, ""max_depth"": 3, ""min_samples_split"": 7, ""min_samples_leaf"": 4, ""max_features"": ""sqrt""}",0.19742612563460804,,
5,1,5,RandomForest,delta_lumo,0.06643663644082685,0.10936798676835206,0.41866901377641375,0.03220565694834843,0.12797554838751884,0.3064889143493325,0.4012779637893109,43,"{""n_estimators"": 223, ""max_depth"": 3, ""min_samples_split"": 7, ""min_samples_leaf"": 4, ""max_features"": ""sqrt""}",0.19742612563460804,,
5,1,5,XGBoost,LUMO,0.08137699158211643,0.1239553984924453,0.9779496646937603,0.050912893554687366,0.1724086820251468,0.31121399039611836,0.416666187866211,43,"{""n_estimators"": 502, ""max_depth"": 3, ""learning_rate"": 0.0014397119512058905, ""subsample"": 0.9307527239818769, ""colsample_bytree"": 0.9408874125083653, ""min_child_weight"": 5, ""reg_alpha"": 6.128892677940837e-08, ""reg_lambda"": 0.029983983206647892, ""gamma"": 2.427469391778172e-07}",0.19513162621240882,,
5,1,5,XGBoost,delta_lumo,0.08137699158211636,0.12395539849244525,0.25325223980485545,0.05091289355468742,0.17240868202514723,0.31121399039611797,0.4166661878662108,43,"{""n_estimators"": 502, ""max_depth"": 3, ""learning_rate"": 0.0014397119512058905, ""subsample"": 0.9307527239818769, ""colsample_bytree"": 0.9408874125083653, ""min_child_weight"": 5, ""reg_alpha"": 6.128892677940837e-08, ""reg_lambda"": 0.029983983206647892, ""gamma"": 2.427469391778172e-07}",0.19513162621240882,,
5,1,5,LinearRegression,Final Energy,1967.8237627353178,2734.4346490772054,-1.0452205585451884,1396.2228794626644,4075.5158251780604,6073.733225012511,9392.609102293176,43,{},6530.542792744488,delta_energy_per_atom,none
5,1,5,LinearRegression,delta_energy_per_atom,17.26647915740615,25.726073819917968,-5.232448570580735,10.991006432105952,37.50977000768295,66.49951037432676,83.86258127047478,43,{},6530.542792744488,delta_energy_per_atom,none
5,1,5,Ridge,Final Energy,1070.1759085976814,1394.304978684664,0.4682339476148347,739.5675442517186,2319.991447696333,3022.646038248039,3267.6830299709754,43,"{""alpha"": 997.8682180198839}",3199.1508068143858,delta_energy_per_atom,none
5,1,5,Ridge,delta_energy_per_atom,8.7299881521232,11.282847540506193,-0.19880658546010732,7.1823770046603705,18.62047611006486,21.97082436750115,28.43672011687015,43,"{""alpha"": 997.8682180198839}",3199.1508068143858,delta_energy_per_atom,none
5,1,5,ElasticNet,Final Energy,899.4624282543213,1242.5007023630155,0.5777221143594888,683.9441590724864,1710.6609155718868,2396.20330800211,3922.1110090559605,43,"{""alpha"": 0.531739561514373, ""l1_ratio"": 0.5732433590734689}",2345.0999211749822,delta_energy_per_atom,none
5,1,5,ElasticNet,delta_energy_per_atom,7.3770058395111064,10.04813558749313,0.04921427230231268,5.308150324709278,17.600754267878475,20.384788191357522,30.0970695295282,43,"{""alpha"": 0.531739561514373, ""l1_ratio"": 0.5732433590734689}",2345.0999211749822,delta_energy_per_atom,none
5,1,5,KernelRidge,Final Energy,1440.419168316381,2164.3150622507264,-0.28128580954249127,754.4860825461697,3934.698424472102,4599.404764038082,6916.280074000884,43,"{""alpha"": 0.0054975002829400705, ""gamma"": 0.17268749842184275}",2288.6860901555874,delta_energy_per_atom,none
5,1,5,KernelRidge,delta_energy_per_atom,10.139154409981725,14.463383999140886,-0.9699332653231907,6.736482879876519,22.090362547647608,29.809543885387395,44.33512867949285,43,"{""alpha"": 0.0054975002829400705, ""gamma"": 0.17268749842184275}",2288.6860901555874,delta_energy_per_atom,none
5,1,5,RandomForest,Final Energy,1170.2318240821423,1786.548662055044,0.12695877293544833,728.2353041215704,2546.506927086013,4609.690153061093,5987.726100154823,43,"{""n_estimators"": 888, ""max_depth"": 8, ""min_samples_split"": 2, ""min_samples_leaf"": 2, ""max_features"": ""sqrt""}",2142.1658740414646,delta_energy_per_atom,none
5,1,5,RandomForest,delta_energy_per_atom,10.05940643799712,15.521110485306853,-1.268596518505563,5.400698548192352,24.401132324994162,33.71804473407117,57.57428942456561,43,"{""n_estimators"": 888, ""max_depth"": 8, ""min_samples_split"": 2, ""min_samples_leaf"": 2, ""max_features"": ""sqrt""}",2142.1658740414646,delta_energy_per_atom,none
5,1,5,RandomForest,Final Energy,1090.328188387349,1634.0649351701586,0.26962874243655144,679.5273196985308,2445.6847278105934,4178.495801736382,5163.140771058042,43,"{""n_estimators"": 203, ""max_depth"": 9, ""min_samples_split"": 2, ""min_samples_leaf"": 3, ""max_features"": ""log2""}",2012.0574532548073,delta_energy_per_atom,soft
5,1,5,RandomForest,delta_energy_per_atom,9.008051269665128,13.457881225223836,-0.7055523830703956,5.497748717900244,18.702726970173796,30.164326276888993,47.49596552335051,43,"{""n_estimators"": 203, ""max_depth"": 9, ""min_samples_split"": 2, ""min_samples_leaf"": 3, ""max_features"": ""log2""}",2012.0574532548073,delta_energy_per_atom,soft
5,1,5,RandomForest,Final Energy,803.7012353949051,1124.674385627407,0.6540138923027323,636.1009936956725,1643.5768556137334,2545.010374643029,3673.3013136939144,43,"{""n_estimators"": 473, ""max_depth"": 3, ""min_samples_split"": 2, ""min_samples_leaf"": 3, ""max_features"": ""log2""}",1902.5092037019422,delta_energy_per_atom,robust
5,1,5,RandomForest,delta_energy_per_atom,6.61219023491959,9.34130619061172,0.17827425121283158,4.855798698766215,15.504855905874683,20.397054934265686,29.99855401459333,43,"{""n_estimators"": 473, ""max_depth"": 3, ""min_samples_split"": 2, ""min_samples_leaf"": 3, ""max_features"": ""log2""}",1902.5092037019422,delta_energy_per_atom,robust
5,1,5,XGBoost,Final Energy,980.6458293438028,1535.4910410115576,0.3550892351371784,566.589346239934,2561.9040444523275,4009.8694056448044,4787.838629037471,43,"{""n_estimators"": 988, ""max_depth"": 8, ""learning_rate"": 0.001410181627209986, ""subsample"": 0.943661884158896, ""colsample_bytree"": 0.7007730750212061, ""min_child_weight"": 2, ""reg_alpha"": 2.8003427788464167e-05, ""reg_lambda"": 4.335313172800349, ""gamma"": 3.121169623293102e-05}",2015.312704281821,delta_energy_per_atom,none
5,1,5,XGBoost,delta_energy_per_atom,7.578576606303248,11.640898335435821,-0.27609989585789907,5.034073709271613,20.83253820326333,30.21187102162279,38.81972557031121,43,"{""n_estimators"": 988, ""max_depth"": 8, ""learning_rate"": 0.001410181627209986, ""subsample"": 0.943661884158896, ""colsample_bytree"": 0.7007730750212061, ""min_child_weight"": 2, ""reg_alpha"": 2.8003427788464167e-05, ""reg_lambda"": 4.335313172800349, ""gamma"": 3.121169623293102e-05}",2015.312704281821,delta_energy_per_atom,none
5,1,5,XGBoost,Final Energy,847.1959700377778,1275.1216084574182,0.5552578784531059,609.6107543549438,1571.231921931626,2635.291425450161,4399.292311866838,43,"{""n_estimators"": 369, ""max_depth"": 5, ""learning_rate"": 0.0011667171595065797, ""subsample"": 0.9778653914396019, ""colsample_bytree"": 0.8537470848147668, ""min_child_weight"": 2, ""reg_alpha"": 1.0298726189433389e-07, ""reg_lambda"": 4.2349695552779885, ""gamma"": 1.430613147781926e-06}",1927.5951036813424,delta_energy_per_atom,soft
5,1,5,XGBoost,delta_energy_per_atom,6.3412015080279875,9.350216736846795,0.1767058372633653,4.372995377562461,12.262875836896114,21.781138523061045,36.05977304808883,43,"{""n_estimators"": 369, ""max_depth"": 5, ""learning_rate"": 0.0011667171595065797, ""subsample"": 0.9778653914396019, ""colsample_bytree"": 0.8537470848147668, ""min_child_weight"": 2, ""reg_alpha"": 1.0298726189433389e-07, ""reg_lambda"": 4.2349695552779885, ""gamma"": 1.430613147781926e-06}",1927.5951036813424,delta_energy_per_atom,soft
5,1,5,XGBoost,Final Energy,761.9860528294023,1229.2006312980761,0.5867140876033621,481.45270353769865,1275.4278651833283,2743.1049569443007,4755.343604286271,43,"{""n_estimators"": 304, ""max_depth"": 5, ""learning_rate"": 0.0010304338749417517, ""subsample"": 0.7079220646266161, ""colsample_bytree"": 0.835884096961932, ""min_child_weight"": 1, ""reg_alpha"": 4.90164643507464e-06, ""reg_lambda"": 0.0020423201517346746, ""gamma"": 4.833108889897868e-05}",1900.4337748546407,delta_energy_per_atom,robust
5,1,5,XGBoost,delta_energy_per_atom,5.8114995313204325,9.207783029621915,0.20159759832562607,3.5752541905077777,9.925086682843377,21.50786283298829,38.97822626464156,43,"{""n_estimators"": 304, ""max_depth"": 5, ""learning_rate"": 0.0010304338749417517, ""subsample"": 0.7079220646266161, ""colsample_bytree"": 0.835884096961932, ""min_child_weight"": 1, ""reg_alpha"": 4.90164643507464e-06, ""reg_lambda"": 0.0020423201517346746, ""gamma"": 4.833108889897868e-05}",1900.4337748546407,delta_energy_per_atom,robust
5,1,5,LinearRegression,Final Energy,2529.0954197805495,3785.4101208656566,-2.9195023614414812,1503.472884433551,6816.944464691519,8330.454954678507,12595.165826719522,43,{},3252.857758920084,delta_energy,none
5,1,5,LinearRegression,delta_energy,2529.095419780549,3785.410120865656,-3.10840605946594,1503.472884433551,6816.94446469152,8330.454954678507,12595.165826719522,43,{},3252.857758920084,delta_energy,none
5,1,5,Ridge,Final Energy,1798.5926340517958,2390.993109515429,-0.5637297605742706,1463.3178451359336,3181.663325995489,4756.109002035946,8202.333296573837,43,"{""alpha"": 23.115857821423077}",3222.483403025642,delta_energy,none
5,1,5,Ridge,delta_energy,1798.5926340517958,2390.993109515429,-0.6390950256623478,1463.3178451359336,3181.663325995489,4756.109002035945,8202.333296573837,43,"{""alpha"": 23.115857821423077}",3222.483403025642,delta_energy,none
5,1,5,ElasticNet,Final Energy,2345.8792002136584,3392.487523897338,-2.1480496328735046,1433.3548355055095,6302.686239588764,6937.27541118554,10430.431440098597,43,"{""alpha"": 0.0035670521838800633, ""l1_ratio"": 0.8905390252568668}",3246.6982408620606,delta_energy,none
5,1,5,ElasticNet,delta_energy,2345.8792002136584,3392.487523897338,-2.2997725207239004,1433.354835505509,6302.686239588764,6937.27541118554,10430.431440098597,43,"{""alpha"": 0.0035670521838800633, ""l1_ratio"": 0.8905390252568668}",3246.6982408620606,delta_energy,none
5,1,5,KernelRidge,Final Energy,1729.8177472453312,2368.719746579952,-0.5347315232577385,1329.8372255575277,3332.4335321890617,4163.78654053064,8576.072167748847,43,"{""alpha"": 0.019699789101239464, ""gamma"": 0.007680280974838354}",2189.257942648692,delta_energy,none
5,1,5,KernelRidge,delta_energy,1729.8177472453312,2368.7197465799513,-0.6086991940187465,1329.8372255575277,3332.433532189061,4163.786540530641,8576.072167748845,43,"{""alpha"": 0.019699789101239464, ""gamma"": 0.007680280974838354}",2189.257942648692,delta_energy,none
5,1,5,RandomForest,Final Energy,1333.84778178156,1952.7787614920187,-0.04306443725993425,819.5697227299806,2558.224764139408,5027.764350816897,6468.111945098288,43,"{""n_estimators"": 574, ""max_depth"": 17, ""min_samples_split"": 6, ""min_samples_leaf"": 1, ""max_features"": null}",2968.8524754000928,delta_energy,none
5,1,5,RandomForest,delta_energy,1333.84778178156,1952.778761492019,-0.09333580114903262,819.5697227299806,2558.224764139408,5027.764350816898,6468.111945098289,43,"{""n_estimators"": 574, ""max_depth"": 17, ""min_samples_split"": 6, ""min_samples_leaf"": 1, ""max_features"": null}",2968.8524754000928,delta_energy,none
5,1,5,RandomForest,Final Energy,1423.5317237601498,2072.489773368371,-0.1748700828819274,910.8273386387427,2590.5133887759253,5150.568315981935,6913.821358286361,43,"{""n_estimators"": 422, ""max_depth"": 11, ""min_samples_split"": 3, ""min_samples_leaf"": 1, ""max_features"": null}",3187.849546332836,delta_energy,soft
5,1,5,RandomForest,delta_energy,1423.5317237601498,2072.489773368371,-0.23149393021980158,910.8273386387427,2590.5133887759253,5150.5683159819355,6913.821358286362,43,"{""n_estimators"": 422, ""max_depth"": 11, ""min_samples_split"": 3, ""min_samples_leaf"": 1, ""max_features"": null}",3187.849546332836,delta_energy,soft
5,1,5,RandomForest,Final Energy,1461.6210523147129,2096.94758679767,-0.2027633980440724,813.961225033323,2653.6587429064607,5178.325548118637,6997.859093164574,43,"{""n_estimators"": 867, ""max_depth"": 6, ""min_samples_split"": 2, ""min_samples_leaf"": 1, ""max_features"": null}",3139.818085737307,delta_energy,robust
5,1,5,RandomForest,delta_energy,1461.6210523147129,2096.9475867976703,-0.2607315870606577,813.961225033323,2653.658742906461,5178.325548118638,6997.859093164575,43,"{""n_estimators"": 867, ""max_depth"": 6, ""min_samples_split"": 2, ""min_samples_leaf"": 1, ""max_features"": null}",3139.818085737307,delta_energy,robust
5,1,5,XGBoost,Final Energy,1308.566068331505,2098.8824924178166,-0.20498406142296677,820.0260776854229,2526.861042699585,5595.858076388145,7177.610468101428,43,"{""n_estimators"": 820, ""max_depth"": 7, ""learning_rate"": 0.03136056924105165, ""subsample"": 0.7018674072399517, ""colsample_bytree"": 0.9918745509324143, ""min_child_weight"": 1, ""reg_alpha"": 3.342466111391745e-06, ""reg_lambda"": 4.233300487480304e-05, ""gamma"": 0.010007850370150548}",2328.273222851561,delta_energy,none
5,1,5,XGBoost,delta_energy,1308.566068331505,2098.8824924178166,-0.263059277170411,820.0260776854229,2526.861042699585,5595.858076388145,7177.6104681014285,43,"{""n_estimators"": 820, ""max_depth"": 7, ""learning_rate"": 0.03136056924105165, ""subsample"": 0.7018674072399517, ""colsample_bytree"": 0.9918745509324143, ""min_child_weight"": 1, ""reg_alpha"": 3.342466111391745e-06, ""reg_lambda"": 4.233300487480304e-05, ""gamma"": 0.010007850370150548}",2328.273222851561,delta_energy,none
5,1,5,XGBoost,Final Energy,1363.2293866812786,1904.9596961734965,0.0073945948939738715,973.0402279517612,2698.4688106798826,3956.937395582577,6387.56796863708,43,"{""n_estimators"": 1290, ""max_depth"": 5, ""learning_rate"": 0.00296030529136575, ""subsample"": 0.8099838420164592, ""colsample_bytree"": 0.7564987077315515, ""min_child_weight"": 1, ""reg_alpha"": 0.0001711338625296026, ""reg_lambda"": 0.7458984745702579, ""gamma"": 2.809627579842066e-05}",3300.8099245565727,delta_energy,soft
5,1,5,XGBoost,delta_energy,1363.2293866812786,1904.9596961734965,-0.040444853692207294,973.0402279517612,2698.4688106798826,3956.937395582578,6387.567968637081,43,"{""n_estimators"": 1290, ""max_depth"": 5, ""learning_rate"": 0.00296030529136575, ""subsample"": 0.8099838420164592, ""colsample_bytree"": 0.7564987077315515, ""min_child_weight"": 1, ""reg_alpha"": 0.0001711338625296026, ""reg_lambda"": 0.7458984745702579, ""gamma"": 2.809627579842066e-05}",3300.8099245565727,delta_energy,soft
5,1,5,XGBoost,Final Energy,1394.1253394500193,2122.0078487268074,-0.2316832187713309,906.9528618635313,2797.434240367383,5475.859661207575,7287.57285144958,43,"{""n_estimators"": 1291, ""max_depth"": 7, ""learning_rate"": 0.002611660049370788, ""subsample"": 0.821952575659717, ""colsample_bytree"": 0.7164741258147002, ""min_child_weight"": 1, ""reg_alpha"": 0.4324457991380694, ""reg_lambda"": 0.00026538150720552744, ""gamma"": 1.3828302367378065e-06}",3306.73908928289,delta_energy,robust
5,1,5,XGBoost,delta_energy,1394.1253394500193,2122.0078487268074,-0.29104522276180833,906.9528618635313,2797.434240367383,5475.859661207576,7287.572851449581,43,"{""n_estimators"": 1291, ""max_depth"": 7, ""learning_rate"": 0.002611660049370788, ""subsample"": 0.821952575659717, ""colsample_bytree"": 0.7164741258147002, ""min_child_weight"": 1, ""reg_alpha"": 0.4324457991380694, ""reg_lambda"": 0.00026538150720552744, ""gamma"": 1.3828302367378065e-06}",3306.73908928289,delta_energy,robust
5,1,5,LinearRegression,Final Energy,2529.095419779852,3785.4101208623747,-2.9195023614346844,1503.472884437303,6816.944464681807,8330.454954668532,12595.165826707831,43,{},3252.857758919898,final_energy_direct,none
5,1,5,LinearRegression,final_energy_direct,2529.095419779852,3785.4101208623747,-2.9195023614346844,1503.472884437303,6816.944464681807,8330.454954668532,12595.165826707831,43,{},3252.857758919898,final_energy_direct,none
5,1,5,Ridge,Final Energy,1886.4252494357165,2534.95251928441,-0.7576998311648309,1455.0647552331375,3431.0909998526304,5242.620290610023,8522.735806130917,43,"{""alpha"": 15.744828070045143}",3230.313743934505,final_energy_direct,none
5,1,5,Ridge,final_energy_direct,1886.4252494357165,2534.95251928441,-0.7576998311648309,1455.0647552331375,3431.0909998526304,5242.620290610023,8522.735806130917,43,"{""alpha"": 15.744828070045143}",3230.313743934505,final_energy_direct,none
5,1,5,ElasticNet,Final Energy,2337.9435802395537,3374.920769991747,-2.115531998084702,1436.3867824702593,6267.681400782438,6891.172806985537,10421.614221521833,43,"{""alpha"": 0.009357445873067605, ""l1_ratio"": 0.22276120734932497}",3243.1792193581828,final_energy_direct,none
5,1,5,ElasticNet,final_energy_direct,2337.9435802395537,3374.920769991747,-2.115531998084702,1436.3867824702593,6267.681400782438,6891.172806985537,10421.614221521833,43,"{""alpha"": 0.009357445873067605, ""l1_ratio"": 0.22276120734932497}",3243.1792193581828,final_energy_direct,none
5,1,5,KernelRidge,Final Energy,1998.3750445202354,2700.092627932667,-0.9941709193754071,1335.8598101705852,4670.2125744765235,5475.1776272058805,9041.81971836491,43,"{""alpha"": 0.010493165126602423, ""gamma"": 0.011027122565735348}",2148.663267244079,final_energy_direct,none
5,1,5,KernelRidge,final_energy_direct,1998.3750445202354,2700.092627932667,-0.9941709193754071,1335.8598101705852,4670.2125744765235,5475.1776272058805,9041.81971836491,43,"{""alpha"": 0.010493165126602423, ""gamma"": 0.011027122565735348}",2148.663267244079,final_energy_direct,none
5,1,5,RandomForest,Final Energy,1332.125423868636,1929.4939504007596,-0.01833787099991313,802.2439818400462,2552.430845744083,4852.25403035666,6275.210810347286,43,"{""n_estimators"": 1000, ""max_depth"": 11, ""min_samples_split"": 8, ""min_samples_leaf"": 1, ""max_features"": null}",3099.9935859966254,final_energy_direct,none
5,1,5,RandomForest,final_energy_direct,1332.125423868636,1929.4939504007596,-0.01833787099991313,802.2439818400462,2552.430845744083,4852.25403035666,6275.210810347286,43,"{""n_estimators"": 1000, ""max_depth"": 11, ""min_samples_split"": 8, ""min_samples_leaf"": 1, ""max_features"": null}",3099.9935859966254,final_energy_direct,none
5,1,5,RandomForest,Final Energy,1343.065135153705,1918.2147891174707,-0.006466959996011212,852.649914092276,2548.2020496856753,4639.237058095508,5836.6980432734945,43,"{""n_estimators"": 245, ""max_depth"": 16, ""min_samples_split"": 7, ""min_samples_leaf"": 1, ""max_features"": null}",3173.6606274580354,final_energy_direct,soft
5,1,5,RandomForest,final_energy_direct,1343.065135153705,1918.2147891174707,-0.006466959996011212,852.649914092276,2548.2020496856753,4639.237058095508,5836.6980432734945,43,"{""n_estimators"": 245, ""max_depth"": 16, ""min_samples_split"": 7, ""min_samples_leaf"": 1, ""max_features"": null}",3173.6606274580354,final_energy_direct,soft
5,1,5,RandomForest,Final Energy,1429.836762210578,2091.8813707725153,-0.19695867659579225,986.2296730086337,2609.905854543257,5407.6204762600455,7093.242196467383,43,"{""n_estimators"": 764, ""max_depth"": 11, ""min_samples_split"": 3, ""min_samples_leaf"": 1, ""max_features"": null}",3239.819273755844,final_energy_direct,robust
5,1,5,RandomForest,final_energy_direct,1429.836762210578,2091.8813707725153,-0.19695867659579225,986.2296730086337,2609.905854543257,5407.6204762600455,7093.242196467383,43,"{""n_estimators"": 764, ""max_depth"": 11, ""min_samples_split"": 3, ""min_samples_leaf"": 1, ""max_features"": null}",3239.819273755844,final_energy_direct,robust
5,1,5,XGBoost,Final Energy,1411.7231945020496,2109.6285907772676,-0.21735447840725786,1101.529667987861,2587.0596355818716,5368.823601556416,7172.12567905049,43,"{""n_estimators"": 520, ""max_depth"": 5, ""learning_rate"": 0.01582581263317252, ""subsample"": 0.8735323077368821, ""colsample_bytree"": 0.9634650849413113, ""min_child_weight"": 1, ""reg_alpha"": 0.00028490264083208766, ""reg_lambda"": 0.6220611720047955, ""gamma"": 6.425085185231735e-08}",2838.6149793559425,final_energy_direct,none
5,1,5,XGBoost,final_energy_direct,1411.7231945020496,2109.6285907772676,-0.21735447840725786,1101.529667987861,2587.0596355818716,5368.823601556416,7172.12567905049,43,"{""n_estimators"": 520, ""max_depth"": 5, ""learning_rate"": 0.01582581263317252, ""subsample"": 0.8735323077368821, ""colsample_bytree"": 0.9634650849413113, ""min_child_weight"": 1, ""reg_alpha"": 0.00028490264083208766, ""reg_lambda"": 0.6220611720047955, ""gamma"": 6.425085185231735e-08}",2838.6149793559425,final_energy_direct,none
5,1,5,XGBoost,Final Energy,1456.2850269515657,2165.6761294099397,-0.282897833977678,1048.877812519111,2851.451090411487,5260.930316241199,7277.138565581701,43,"{""n_estimators"": 1321, ""max_depth"": 6, ""learning_rate"": 0.020614942464865612, ""subsample"": 0.9422180703838264, ""colsample_bytree"": 0.7642168115182115, ""min_child_weight"": 1, ""reg_alpha"": 1.955875414774211e-05, ""reg_lambda"": 0.34060924529429476, ""gamma"": 1.7521269891350716e-06}",3429.8671628810803,final_energy_direct,soft
5,1,5,XGBoost,final_energy_direct,1456.2850269515657,2165.6761294099397,-0.282897833977678,1048.877812519111,2851.451090411487,5260.930316241199,7277.138565581701,43,"{""n_estimators"": 1321, ""max_depth"": 6, ""learning_rate"": 0.020614942464865612, ""subsample"": 0.9422180703838264, ""colsample_bytree"": 0.7642168115182115, ""min_child_weight"": 1, ""reg_alpha"": 1.955875414774211e-05, ""reg_lambda"": 0.34060924529429476, ""gamma"": 1.7521269891350716e-06}",3429.8671628810803,final_energy_direct,soft
5,1,5,XGBoost,Final Energy,1338.9410591734159,1910.1970585637337,0.0019290928076087788,1034.34915780567,2730.670543605839,4665.564318895683,6444.668839019201,43,"{""n_estimators"": 788, ""max_depth"": 6, ""learning_rate"": 0.01276031068144269, ""subsample"": 0.7408017827644172, ""colsample_bytree"": 0.701453398163775, ""min_child_weight"": 1, ""reg_alpha"": 0.024158017754634147, ""reg_lambda"": 0.1711259157380888, ""gamma"": 0.08356543526313004}",3351.738271047171,final_energy_direct,robust
5,1,5,XGBoost,final_energy_direct,1338.9410591734159,1910.1970585637337,0.0019290928076087788,1034.34915780567,2730.670543605839,4665.564318895683,6444.668839019201,43,"{""n_estimators"": 788, ""max_depth"": 6, ""learning_rate"": 0.01276031068144269, ""subsample"": 0.7408017827644172, ""colsample_bytree"": 0.701453398163775, ""min_child_weight"": 1, ""reg_alpha"": 0.024158017754634147, ""reg_lambda"": 0.1711259157380888, ""gamma"": 0.08356543526313004}",3351.738271047171,final_energy_direct,robust
6,2,1,LinearRegression,HOMO,0.15998443131329526,0.2098535929714648,0.3047833650712378,0.10602029529658896,0.3669219626160891,0.38664614100752703,0.4583429052875978,46,{},0.14431108671500373,,
6,2,1,LinearRegression,delta_homo,0.15998443131329534,0.20985359297146483,-2.2238273822087162,0.10602029529658918,0.3669219626160891,0.38664614100752703,0.4583429052875978,46,{},0.14431108671500373,,
6,2,1,Ridge,HOMO,0.14272754984710154,0.18133183022657937,0.4809186485830016,0.09479298060739971,0.3138068629022155,0.36089673208640227,0.3910578349141378,46,"{""alpha"": 191.52211411102166}",0.13210672665036266,,
6,2,1,Ridge,delta_homo,0.1427275498471015,0.1813318302265794,-1.407060749436035,0.09479298060739949,0.3138068629022155,0.3608967320864024,0.3910578349141378,46,"{""alpha"": 191.52211411102166}",0.13210672665036266,,
6,2,1,ElasticNet,HOMO,0.14383211376815255,0.18136605484572674,0.4807226869798331,0.11579167281435021,0.3165969368857109,0.35623157266987393,0.39724610082282474,46,"{""alpha"": 0.19035296396336676, ""l1_ratio"": 0.6141247644783561}",0.12169196151019704,,
6,2,1,ElasticNet,delta_homo,0.14383211376815258,0.1813660548457268,-1.4079694537886307,0.11579167281435043,0.31659693688571133,0.35623157266987393,0.39724610082282474,46,"{""alpha"": 0.19035296396336676, ""l1_ratio"": 0.6141247644783561}",0.12169196151019704,,
6,2,1,KernelRidge,HOMO,0.15067362562736858,0.20054705021449273,0.3650787047743771,0.10151428345604119,0.3513877554787199,0.37227532547940356,0.4104722995621408,46,"{""alpha"": 0.056672324974659204, ""gamma"": 0.008203812895451856}",0.11271034656699336,,
6,2,1,KernelRidge,delta_homo,0.15067362562736863,0.20054705021449282,-1.9442285386418132,0.10151428345604141,0.35138775547872036,0.3722753254794039,0.4104722995621408,46,"{""alpha"": 0.056672324974659204, ""gamma"": 0.008203812895451856}",0.11271034656699336,,
6,2,1,RandomForest,HOMO,0.14239949114794426,0.18512163483659513,0.4589944872653988,0.10539229881739143,0.3224783487710652,0.3653093222834094,0.3838534972029928,46,"{""n_estimators"": 227, ""max_depth"": 14, ""min_samples_split"": 4, ""min_samples_leaf"": 2, ""max_features"": ""log2""}",0.11714092633999892,,
6,2,1,RandomForest,delta_homo,0.14239949114794428,0.18512163483659516,-1.5087264864690555,0.10539229881739143,0.3224783487710652,0.36530932228340907,0.3838534972029932,46,"{""n_estimators"": 227, ""max_depth"": 14, ""min_samples_split"": 4, ""min_samples_leaf"": 2, ""max_features"": ""log2""}",0.11714092633999892,,
6,2,1,XGBoost,HOMO,0.14040226487400226,0.1816319433990787,0.4791990159582723,0.1098168127365109,0.3117662930297844,0.3625355152816774,0.38405689123535236,46,"{""n_estimators"": 787, ""max_depth"": 3, ""learning_rate"": 0.0034641306626652154, ""subsample"": 0.7137633578149913, ""colsample_bytree"": 0.7234665735470797, ""min_child_weight"": 2, ""reg_alpha"": 1.999362962877351e-08, ""reg_lambda"": 0.0002268961968052553, ""gamma"": 1.9924042560555953e-08}",0.12044265457174191,,
6,2,1,XGBoost,delta_homo,0.14040226487400226,0.1816319433990787,-1.4150349526763093,0.1098168127365109,0.3117662930297844,0.3625355152816774,0.38405689123535236,46,"{""n_estimators"": 787, ""max_depth"": 3, ""learning_rate"": 0.0034641306626652154, ""subsample"": 0.7137633578149913, ""colsample_bytree"": 0.7234665735470797, ""min_child_weight"": 2, ""reg_alpha"": 1.999362962877351e-08, ""reg_lambda"": 0.0002268961968052553, ""gamma"": 1.9924042560555953e-08}",0.12044265457174191,,
6,2,1,LinearRegression,LUMO,0.18419932458843497,0.25261773682873756,0.7487374963015728,0.1209937466188407,0.4722880756263934,0.5611492726112864,0.7276508701801678,46,{},0.18955720561760545,,
6,2,1,LinearRegression,delta_lumo,0.1841993245884349,0.25261773682873756,0.0751240800472488,0.12099374661884044,0.4722880756263934,0.5611492726112861,0.7276508701801676,46,{},0.18955720561760545,,
6,2,1,Ridge,LUMO,0.17977675066832058,0.24109199312590227,0.771142274414254,0.12746793908751475,0.45001132854313064,0.5198673019345018,0.5765495512783176,46,"{""alpha"": 456.9050695943607}",0.15591694203219147,,
6,2,1,Ridge,delta_lumo,0.17977675066832066,0.24109199312590232,0.15759416397658021,0.12746793908751464,0.45001132854313086,0.5198673019345021,0.5765495512783172,46,"{""alpha"": 456.9050695943607}",0.15591694203219147,,
6,2,1,ElasticNet,LUMO,0.17319681498727876,0.2324140565162647,0.7873209143006946,0.12736573235101542,0.43446403183751126,0.48190805700591927,0.5905036127504384,46,"{""alpha"": 0.06461586059091098, ""l1_ratio"": 0.6241041785425105}",0.15705113136971033,,
6,2,1,ElasticNet,delta_lumo,0.1731968149872788,0.2324140565162647,0.2171463622883325,0.12736573235101556,0.43446403183751103,0.48190805700591954,0.590503612750438,46,"{""alpha"": 0.06461586059091098, ""l1_ratio"": 0.6241041785425105}",0.15705113136971033,,
6,2,1,KernelRidge,LUMO,0.17605686120680145,0.23791225137996375,0.7771392352598072,0.11974218931320219,0.4460776205474499,0.5117350967018216,0.6319642368176086,46,"{""alpha"": 0.3655399747703942, ""gamma"": 0.0036879768241870445}",0.14318974106779517,,
6,2,1,KernelRidge,delta_lumo,0.17605686120680147,0.23791225137996375,0.1796684671348766,0.11974218931320202,0.4460776205474497,0.5117350967018217,0.6319642368176082,46,"{""alpha"": 0.3655399747703942, ""gamma"": 0.0036879768241870445}",0.14318974106779517,,
6,2,1,RandomForest,LUMO,0.1600803078525575,0.22486021579719911,0.8009210923241229,0.10473250336223966,0.42215770554639653,0.5007812426747883,0.6267713899641429,46,"{""n_estimators"": 201, ""max_depth"": 14, ""min_samples_split"": 2, ""min_samples_leaf"": 3, ""max_features"": ""log2""}",0.156111752250696,,
6,2,1,RandomForest,delta_lumo,0.1600803078525575,0.22486021579719911,0.26720746163977593,0.10473250336223972,0.4221577055463963,0.5007812426747884,0.6267713899641425,46,"{""n_estimators"": 201, ""max_depth"": 14, ""min_samples_split"": 2, ""min_samples_leaf"": 3, ""max_features"": ""log2""}",0.156111752250696,,
6,2,1,XGBoost,LUMO,0.163794471706888,0.2341423640329911,0.7841460498204569,0.11306171475219745,0.4334691335449221,0.5208446322021487,0.6430890846557618,46,"{""n_estimators"": 998, ""max_depth"": 6, ""learning_rate"": 0.0016959006013666461, ""subsample"": 0.946773092568482, ""colsample_bytree"": 0.710567849372512, ""min_child_weight"": 1, ""reg_alpha"": 8.344548653630353e-07, ""reg_lambda"": 0.0023185625772624246, ""gamma"": 2.5964070491200307e-05}",0.14791794248772966,,
6,2,1,XGBoost,delta_lumo,0.16379447170688796,0.2341423640329911,0.20545995598550626,0.1130617147521975,0.43346913354492234,0.5208446322021489,0.6430890846557613,46,"{""n_estimators"": 998, ""max_depth"": 6, ""learning_rate"": 0.0016959006013666461, ""subsample"": 0.946773092568482, ""colsample_bytree"": 0.710567849372512, ""min_child_weight"": 1, ""reg_alpha"": 8.344548653630353e-07, ""reg_lambda"": 0.0023185625772624246, ""gamma"": 2.5964070491200307e-05}",0.14791794248772966,,
6,2,1,LinearRegression,Final Energy,1742.7948710089422,2661.6067507198127,-0.40273258040052773,1071.4605508688696,3252.930691482944,3569.4354661799634,9866.621941955935,46,{},6158.347085796628,delta_energy_per_atom,none
6,2,1,LinearRegression,delta_energy_per_atom,16.45585981531138,32.480878719442,0.1568880071681198,9.434867261695388,23.951951282798937,27.064671343888467,145.09738149935197,46,{},6158.347085796628,delta_energy_per_atom,none
6,2,1,Ridge,Final Energy,1546.0701496839686,2616.736359507056,-0.35583563254524564,1028.3068098721183,2717.5921808721787,2978.0347467863594,10519.093938909615,46,"{""alpha"": 982.2101827121547}",2823.1984601584504,delta_energy_per_atom,none
6,2,1,Ridge,delta_energy_per_atom,14.892640201774352,33.79351787522302,0.08736623012798683,9.130063869235862,17.243014376887942,19.741421497009966,154.6925579251414,46,"{""alpha"": 982.2101827121547}",2823.1984601584504,delta_energy_per_atom,none
6,2,1,ElasticNet,Final Energy,1651.6670395179517,2724.432354797492,-0.4697354311412065,776.8259530219166,2647.5768716768143,3005.826827189152,10964.782230810022,46,"{""alpha"": 60.63648560584671, ""l1_ratio"": 0.31150012759636525}",2332.9377361972065,delta_energy_per_atom,none
6,2,1,ElasticNet,delta_energy_per_atom,16.090119069327667,35.39408159580916,-0.0011312609355611514,7.859215488304256,18.74399561298114,19.139519252051958,161.2467975119121,46,"{""alpha"": 60.63648560584671, ""l1_ratio"": 0.31150012759636525}",2332.9377361972065,delta_energy_per_atom,none
6,2,1,KernelRidge,Final Energy,1587.1809155333362,2663.545823682182,-0.40477720372956627,910.4814317475907,2661.511779812262,2981.7556459750685,10744.216304415299,46,"{""alpha"": 9.541761100272321, ""gamma"": 0.0023697696831107046}",2059.4566546033366,delta_energy_per_atom,none
6,2,1,KernelRidge,delta_energy_per_atom,15.381139243279069,34.555003111117585,0.045773221537875664,9.34181677573055,17.673937141573177,19.45788386424337,158.0031809472838,46,"{""alpha"": 9.541761100272321, ""gamma"": 0.0023697696831107046}",2059.4566546033366,delta_energy_per_atom,none
6,2,1,RandomForest,Final Energy,1849.8420831110611,2849.486883754127,-0.6077570770280429,962.0296771844746,4318.796009921915,5846.53179083022,9124.80621835699,46,"{""n_estimators"": 512, ""max_depth"": 9, ""min_samples_split"": 4, ""min_samples_leaf"": 2, ""max_features"": null}",1746.661551760419,delta_energy_per_atom,none
6,2,1,RandomForest,delta_energy_per_atom,17.07882508164637,31.951882758768576,0.1841268609185357,8.151552643669012,31.605335401716694,39.50359318128528,134.18832674054397,46,"{""n_estimators"": 512, ""max_depth"": 9, ""min_samples_split"": 4, ""min_samples_leaf"": 2, ""max_features"": null}",1746.661551760419,delta_energy_per_atom,none
6,2,1,RandomForest,Final Energy,1831.960618875997,2842.103712282531,-0.5994363032746679,679.3082472872734,4486.443586580803,5583.596527378885,9121.683832667539,46,"{""n_estimators"": 394, ""max_depth"": 10, ""min_samples_split"": 4, ""min_samples_leaf"": 2, ""max_features"": null}",1718.2518693090624,delta_energy_per_atom,soft
6,2,1,RandomForest,delta_energy_per_atom,16.97247479404014,31.937946779655782,0.184838400302335,7.711137437020881,32.76269191640787,37.72700356337084,134.1424093039344,46,"{""n_estimators"": 394, ""max_depth"": 10, ""min_samples_split"": 4, ""min_samples_leaf"": 2, ""max_features"": null}",1718.2518693090624,delta_energy_per_atom,soft
6,2,1,RandomForest,Final Energy,1347.8750956315198,2464.3736874855504,-0.20254193958885902,850.14819535978,2404.7496640444433,2807.234815031987,10458.383804108273,46,"{""n_estimators"": 404, ""max_depth"": 3, ""min_samples_split"": 7, ""min_samples_leaf"": 4, ""max_features"": ""sqrt""}",1723.0640832161293,delta_energy_per_atom,robust
6,2,1,RandomForest,delta_energy_per_atom,13.673784652133286,32.891249305418825,0.13544930089462082,6.959755062748293,16.22771568697388,19.336867001577524,153.79976182512166,46,"{""n_estimators"": 404, ""max_depth"": 3, ""min_samples_split"": 7, ""min_samples_leaf"": 4, ""max_features"": ""sqrt""}",1723.0640832161293,delta_energy_per_atom,robust
6,2,1,XGBoost,Final Energy,1650.2079092153208,2696.9248074613784,-0.4402065498293948,973.18536969367,4220.469977786373,4613.196213553243,9394.579801773743,46,"{""n_estimators"": 402, ""max_depth"": 8, ""learning_rate"": 0.003177086530344049, ""subsample"": 0.9475061034014743, ""colsample_bytree"": 0.7029557580244831, ""min_child_weight"": 3, ""reg_alpha"": 0.007446269100534172, ""reg_lambda"": 0.007203886248999333, ""gamma"": 0.0005907309095058267}",1797.8478714025484,delta_energy_per_atom,none
6,2,1,XGBoost,delta_energy_per_atom,15.639222103345002,31.902893979941826,0.1866267441971946,5.422244696615797,28.988255702012957,30.990063361845518,138.1555853202021,46,"{""n_estimators"": 402, ""max_depth"": 8, ""learning_rate"": 0.003177086530344049, ""subsample"": 0.9475061034014743, ""colsample_bytree"": 0.7029557580244831, ""min_child_weight"": 3, ""reg_alpha"": 0.007446269100534172, ""reg_lambda"": 0.007203886248999333, ""gamma"": 0.0005907309095058267}",1797.8478714025484,delta_energy_per_atom,none
6,2,1,XGBoost,Final Energy,1509.5134713065718,2684.4100999688344,-0.42687140214133557,725.7096801506142,3355.063117434811,3950.0652853728125,10491.743086075501,46,"{""n_estimators"": 541, ""max_depth"": 7, ""learning_rate"": 0.0013447975781785216, ""subsample"": 0.9329235771557789, ""colsample_bytree"": 0.9413325836929768, ""min_child_weight"": 2, ""reg_alpha"": 3.184132951159843e-05, ""reg_lambda"": 0.00038926347674753944, ""gamma"": 0.07110302576429521}",1678.4643633299333,delta_energy_per_atom,soft
6,2,1,XGBoost,delta_energy_per_atom,14.916115353707804,34.087247315856196,0.07143226234558386,5.676015166527272,24.575295649522722,26.458057098112608,154.2903395011103,46,"{""n_estimators"": 541, ""max_depth"": 7, ""learning_rate"": 0.0013447975781785216, ""subsample"": 0.9329235771557789, ""colsample_bytree"": 0.9413325836929768, ""min_child_weight"": 2, ""reg_alpha"": 3.184132951159843e-05, ""reg_lambda"": 0.00038926347674753944, ""gamma"": 0.07110302576429521}",1678.4643633299333,delta_energy_per_atom,soft
6,2,1,XGBoost,Final Energy,1430.537467660755,2651.2207985825617,-0.39180663209115907,504.0818044776056,2906.8798024082917,3303.706125668218,10897.07464430304,46,"{""n_estimators"": 1210, ""max_depth"": 6, ""learning_rate"": 0.0011213799905913549, ""subsample"": 0.8068496120063364, ""colsample_bytree"": 0.9978326548372202, ""min_child_weight"": 1, ""reg_alpha"": 4.673393911015453e-07, ""reg_lambda"": 1.2633220747812972, ""gamma"": 0.04593549923092729}",1551.6311028768812,delta_energy_per_atom,robust
6,2,1,XGBoost,delta_energy_per_atom,14.414049852566734,34.5721883116919,0.044823856476511326,3.93435975709523,21.94695355089857,22.322338686947422,160.25109771033883,46,"{""n_estimators"": 1210, ""max_depth"": 6, ""learning_rate"": 0.0011213799905913549, ""subsample"": 0.8068496120063364, ""colsample_bytree"": 0.9978326548372202, ""min_child_weight"": 1, ""reg_alpha"": 4.673393911015453e-07, ""reg_lambda"": 1.2633220747812972, ""gamma"": 0.04593549923092729}",1551.6311028768812,delta_energy_per_atom,robust
6,2,1,LinearRegression,Final Energy,1735.3585762415507,2755.711255327606,-0.5036768914778413,1103.3755156365971,3053.94248046755,3450.4713549818243,10900.641493110163,46,{},3219.8872847289126,delta_energy,none
6,2,1,LinearRegression,delta_energy,1735.3585762415507,2755.711255327606,-0.5074949153208976,1103.3755156365971,3053.94248046755,3450.4713549818243,10900.64149311016,46,{},3219.8872847289126,delta_energy,none
6,2,1,Ridge,Final Energy,1573.3783910032273,2493.581682099356,-0.23121614937647061,972.268254259855,2763.6883546126483,3037.7162521703694,10105.928627514242,46,"{""alpha"": 3.0602285129547306}",3154.672140794721,delta_energy,none
6,2,1,Ridge,delta_energy,1573.3783910032273,2493.581682099356,-0.23434236129135577,972.268254259855,2763.6883546126487,3037.7162521703694,10105.92862751424,46,"{""alpha"": 3.0602285129547306}",3154.672140794721,delta_energy,none
6,2,1,ElasticNet,Final Energy,1541.4506131878934,2445.0474783239742,-0.1837546525149465,1010.211647010671,2525.703243068192,3076.529780695235,9974.244310353395,46,"{""alpha"": 0.027573447335890223, ""l1_ratio"": 0.08326102885720692}",3143.5158509928942,delta_energy,none
6,2,1,ElasticNet,delta_energy,1541.4506131878934,2445.0474783239742,-0.18676035374853361,1010.211647010671,2525.703243068193,3076.529780695235,9974.244310353395,46,"{""alpha"": 0.027573447335890223, ""l1_ratio"": 0.08326102885720692}",3143.5158509928942,delta_energy,none
6,2,1,KernelRidge,Final Energy,1614.9762143876223,2672.549985271576,-0.4142910034449021,1194.0744659335155,3119.142130837372,4026.464073912665,11147.115338445063,46,"{""alpha"": 0.026337084346068376, ""gamma"": 0.010494059127275347}",2182.726359872209,delta_energy,none
6,2,1,KernelRidge,delta_energy,1614.9762143876223,2672.549985271576,-0.4178820653297901,1194.0744659335157,3119.142130837372,4026.4640739126653,11147.115338445063,46,"{""alpha"": 0.026337084346068376, ""gamma"": 0.010494059127275347}",2182.726359872209,delta_energy,none
6,2,1,RandomForest,Final Energy,1846.0762056120009,2822.7700647417655,-0.577749719715676,890.2063250557756,4682.4848009087145,4989.693351596397,8918.657832944726,46,"{""n_estimators"": 238, ""max_depth"": 8, ""min_samples_split"": 3, ""min_samples_leaf"": 1, ""max_features"": null}",2441.3634567390513,delta_energy,none
6,2,1,RandomForest,delta_energy,1846.0762056120009,2822.7700647417655,-0.581755823741342,890.2063250557756,4682.484800908715,4989.693351596397,8918.657832944726,46,"{""n_estimators"": 238, ""max_depth"": 8, ""min_samples_split"": 3, ""min_samples_leaf"": 1, ""max_features"": null}",2441.3634567390513,delta_energy,none
6,2,1,RandomForest,Final Energy,1826.2839475677415,2809.8801508592555,-0.5633733277892761,916.2296121910813,4659.628939732931,4956.84361819484,8807.018716721403,46,"{""n_estimators"": 493, ""max_depth"": 16, ""min_samples_split"": 3, ""min_samples_leaf"": 1, ""max_features"": null}",2610.0967223846574,delta_energy,soft
6,2,1,RandomForest,delta_energy,1826.2839475677415,2809.8801508592555,-0.5673429283563445,916.2296121910813,4659.628939732932,4956.84361819484,8807.018716721403,46,"{""n_estimators"": 493, ""max_depth"": 16, ""min_samples_split"": 3, ""min_samples_leaf"": 1, ""max_features"": null}",2610.0967223846574,delta_energy,soft
6,2,1,RandomForest,Final Energy,1838.183952873708,2802.201804157142,-0.554840778062007,918.123220476491,4713.982167223983,5314.241348899787,8570.494109012125,46,"{""n_estimators"": 490, ""max_depth"": 12, ""min_samples_split"": 2, ""min_samples_leaf"": 1, ""max_features"": null}",2716.6089954073327,delta_energy,robust
6,2,1,RandomForest,delta_energy,1838.183952873708,2802.201804157142,-0.5587887134172966,918.1232204764908,4713.982167223983,5314.241348899786,8570.494109012125,46,"{""n_estimators"": 490, ""max_depth"": 12, ""min_samples_split"": 2, ""min_samples_leaf"": 1, ""max_features"": null}",2716.6089954073327,delta_energy,robust
6,2,1,XGBoost,Final Energy,1759.4774806335968,2930.7207842668645,-0.700732433891829,696.5762760605359,4633.814617806078,4993.241797370487,10242.100095963197,46,"{""n_estimators"": 1318, ""max_depth"": 8, ""learning_rate"": 0.0066544072999692805, ""subsample"": 0.7320704280192079, ""colsample_bytree"": 0.9992085432947447, ""min_child_weight"": 1, ""reg_alpha"": 0.15946147604416477, ""reg_lambda"": 0.000564636900017469, ""gamma"": 0.24892908030833416}",1850.08271591719,delta_energy,none
6,2,1,XGBoost,delta_energy,1759.4774806335968,2930.7207842668645,-0.7050508064225638,696.5762760605357,4633.814617806078,4993.241797370486,10242.100095963197,46,"{""n_estimators"": 1318, ""max_depth"": 8, ""learning_rate"": 0.0066544072999692805, ""subsample"": 0.7320704280192079, ""colsample_bytree"": 0.9992085432947447, ""min_child_weight"": 1, ""reg_alpha"": 0.15946147604416477, ""reg_lambda"": 0.000564636900017469, ""gamma"": 0.24892908030833416}",1850.08271591719,delta_energy,none
6,2,1,XGBoost,Final Energy,1725.8488786786468,2669.374046531975,-0.4109316404820964,1017.8790500875266,4403.791813686704,5151.441870612674,8620.111326431947,46,"{""n_estimators"": 474, ""max_depth"": 5, ""learning_rate"": 0.027063142027795466, ""subsample"": 0.7507499089455381, ""colsample_bytree"": 0.726747076016663, ""min_child_weight"": 1, ""reg_alpha"": 0.0063745675626779175, ""reg_lambda"": 0.00016653174725203855, ""gamma"": 4.325514398727424e-06}",3015.7678947399845,delta_energy,soft
6,2,1,XGBoost,delta_energy,1725.8488786786468,2669.374046531975,-0.41451417252392964,1017.8790500875266,4403.791813686705,5151.4418706126735,8620.111326431947,46,"{""n_estimators"": 474, ""max_depth"": 5, ""learning_rate"": 0.027063142027795466, ""subsample"": 0.7507499089455381, ""colsample_bytree"": 0.726747076016663, ""min_child_weight"": 1, ""reg_alpha"": 0.0063745675626779175, ""reg_lambda"": 0.00016653174725203855, ""gamma"": 4.325514398727424e-06}",3015.7678947399845,delta_energy,soft
6,2,1,XGBoost,Final Energy,1750.338412281126,2755.2130505814284,-0.5031332414533864,910.2437629161407,4707.621608373412,6326.614303063383,8257.607420181947,46,"{""n_estimators"": 1165, ""max_depth"": 4, ""learning_rate"": 0.04574852693073301, ""subsample"": 0.8606903318975963, ""colsample_bytree"": 0.8014104592217851, ""min_child_weight"": 1, ""reg_alpha"": 0.06716492919642708, ""reg_lambda"": 0.2872668731455011, ""gamma"": 1.7681521775132354e-06}",2960.38178927892,delta_energy,robust
6,2,1,XGBoost,delta_energy,1750.338412281126,2755.2130505814284,-0.5069498849009819,910.2437629161407,4707.6216083734125,6326.614303063382,8257.607420181947,46,"{""n_estimators"": 1165, ""max_depth"": 4, ""learning_rate"": 0.04574852693073301, ""subsample"": 0.8606903318975963, ""colsample_bytree"": 0.8014104592217851, ""min_child_weight"": 1, ""reg_alpha"": 0.06716492919642708, ""reg_lambda"": 0.2872668731455011, ""gamma"": 1.7681521775132354e-06}",2960.38178927892,delta_energy,robust
6,2,1,LinearRegression,Final Energy,1735.3585762420641,2755.7112553288343,-0.5036768914791818,1103.3755156364768,3053.942480473057,3450.471354983343,10900.64149311442,46,{},3219.8872847298194,final_energy_direct,none
6,2,1,LinearRegression,final_energy_direct,1735.3585762420641,2755.7112553288343,-0.5036768914791818,1103.3755156364768,3053.942480473057,3450.471354983343,10900.64149311442,46,{},3219.8872847298194,final_energy_direct,none
6,2,1,Ridge,Final Energy,1576.416696399934,2497.834658594271,-0.23541958000472274,966.9290485347285,2799.128588070029,3031.3598915349503,10117.179473651831,46,"{""alpha"": 2.6084798331340595}",3155.3814007894716,final_energy_direct,none
6,2,1,Ridge,final_energy_direct,1576.416696399934,2497.834658594271,-0.23541958000472274,966.9290485347285,2799.128588070029,3031.3598915349503,10117.179473651831,46,"{""alpha"": 2.6084798331340595}",3155.3814007894716,final_energy_direct,none
6,2,1,ElasticNet,Final Energy,1555.9839940810778,2461.546298128216,-0.1997841566693308,991.7934076049082,2540.6572575234695,3061.11328245319,10033.16692253357,46,"{""alpha"": 0.010901980945453752, ""l1_ratio"": 0.31328575579626716}",3145.0625522552236,final_energy_direct,none
6,2,1,ElasticNet,final_energy_direct,1555.9839940810778,2461.546298128216,-0.1997841566693308,991.7934076049082,2540.6572575234695,3061.11328245319,10033.16692253357,46,"{""alpha"": 0.010901980945453752, ""l1_ratio"": 0.31328575579626716}",3145.0625522552236,final_energy_direct,none
6,2,1,KernelRidge,Final Energy,1359.8035398679608,2434.996504615748,-0.17404242206699116,796.7147357198232,2503.322291470892,2992.8509095147097,10071.002819595513,46,"{""alpha"": 0.004655724141727139, ""gamma"": 0.0010800901567755451}",2067.279309653248,final_energy_direct,none
6,2,1,KernelRidge,final_energy_direct,1359.8035398679608,2434.996504615748,-0.17404242206699116,796.7147357198232,2503.322291470892,2992.8509095147097,10071.002819595513,46,"{""alpha"": 0.004655724141727139, ""gamma"": 0.0010800901567755451}",2067.279309653248,final_energy_direct,none
6,2,1,RandomForest,Final Energy,1812.3359003309686,2789.317755109646,-0.5405758586241807,902.432399707749,4617.3328349218755,4961.785642207774,8749.70253217061,46,"{""n_estimators"": 890, ""max_depth"": 16, ""min_samples_split"": 2, ""min_samples_leaf"": 1, ""max_features"": null}",2559.949921122306,final_energy_direct,none
6,2,1,RandomForest,final_energy_direct,1812.3359003309686,2789.317755109646,-0.5405758586241807,902.432399707749,4617.3328349218755,4961.785642207774,8749.70253217061,46,"{""n_estimators"": 890, ""max_depth"": 16, ""min_samples_split"": 2, ""min_samples_leaf"": 1, ""max_features"": null}",2559.949921122306,final_energy_direct,none
6,2,1,RandomForest,Final Energy,1851.614626419695,2832.838941545226,-0.5890255235019346,910.4833345717589,4803.435112793559,5263.671678046658,8650.943688514397,46,"{""n_estimators"": 684, ""max_depth"": 15, ""min_samples_split"": 2, ""min_samples_leaf"": 1, ""max_features"": null}",2727.12652878274,final_energy_direct,soft
6,2,1,RandomForest,final_energy_direct,1851.614626419695,2832.838941545226,-0.5890255235019346,910.4833345717589,4803.435112793559,5263.671678046658,8650.943688514397,46,"{""n_estimators"": 684, ""max_depth"": 15, ""min_samples_split"": 2, ""min_samples_leaf"": 1, ""max_features"": null}",2727.12652878274,final_energy_direct,soft
6,2,1,RandomForest,Final Energy,1885.4058923579237,2857.5364366898243,-0.6168534553259386,1043.8665025963528,4717.645015432814,5612.368041019956,8631.865296637385,46,"{""n_estimators"": 243, ""max_depth"": 12, ""min_samples_split"": 2, ""min_samples_leaf"": 1, ""max_features"": null}",2698.2822271008404,final_energy_direct,robust
6,2,1,RandomForest,final_energy_direct,1885.4058923579237,2857.5364366898243,-0.6168534553259386,1043.8665025963528,4717.645015432814,5612.368041019956,8631.865296637385,46,"{""n_estimators"": 243, ""max_depth"": 12, ""min_samples_split"": 2, ""min_samples_leaf"": 1, ""max_features"": null}",2698.2822271008404,final_energy_direct,robust
6,2,1,XGBoost,Final Energy,1755.6566395202422,2863.6872587778125,-0.6238214722912396,766.0886171085521,4406.642973851211,4908.478662773279,10030.888118490306,46,"{""n_estimators"": 1152, ""max_depth"": 7, ""learning_rate"": 0.019785332821185928, ""subsample"": 0.7529831704889953, ""colsample_bytree"": 0.8138534292340951, ""min_child_weight"": 1, ""reg_alpha"": 0.056908952216280194, ""reg_lambda"": 0.001117111475516741, ""gamma"": 1.1566529733884636e-07}",1970.737654208092,final_energy_direct,none
6,2,1,XGBoost,final_energy_direct,1755.6566395202422,2863.6872587778125,-0.6238214722912396,766.0886171085521,4406.642973851211,4908.478662773279,10030.888118490306,46,"{""n_estimators"": 1152, ""max_depth"": 7, ""learning_rate"": 0.019785332821185928, ""subsample"": 0.7529831704889953, ""colsample_bytree"": 0.8138534292340951, ""min_child_weight"": 1, ""reg_alpha"": 0.056908952216280194, ""reg_lambda"": 0.001117111475516741, ""gamma"": 1.1566529733884636e-07}",1970.737654208092,final_energy_direct,none
6,2,1,XGBoost,Final Energy,1759.5252724779275,2742.1917330586944,-0.48895900247586677,925.8433777297732,4425.414214085586,4696.176416679529,9036.08953450593,46,"{""n_estimators"": 719, ""max_depth"": 5, ""learning_rate"": 0.005085036172018951, ""subsample"": 0.7153471732005622, ""colsample_bytree"": 0.8380808407039054, ""min_child_weight"": 1, ""reg_alpha"": 3.561956963299501e-08, ""reg_lambda"": 0.015221527341891685, ""gamma"": 1.120406855943851e-06}",3077.04740968529,final_energy_direct,soft
6,2,1,XGBoost,final_energy_direct,1759.5252724779275,2742.1917330586944,-0.48895900247586677,925.8433777297732,4425.414214085586,4696.176416679529,9036.08953450593,46,"{""n_estimators"": 719, ""max_depth"": 5, ""learning_rate"": 0.005085036172018951, ""subsample"": 0.7153471732005622, ""colsample_bytree"": 0.8380808407039054, ""min_child_weight"": 1, ""reg_alpha"": 3.561956963299501e-08, ""reg_lambda"": 0.015221527341891685, ""gamma"": 1.120406855943851e-06}",3077.04740968529,final_energy_direct,soft
6,2,1,XGBoost,Final Energy,1720.0316665638366,2725.246246873102,-0.4706136946038848,928.705098735531,4445.920619381041,4863.6966081599885,9042.80388997468,46,"{""n_estimators"": 1221, ""max_depth"": 8, ""learning_rate"": 0.016483923527080988, ""subsample"": 0.7025737342485662, ""colsample_bytree"": 0.7877775849233414, ""min_child_weight"": 1, ""reg_alpha"": 1.2294937545714866e-06, ""reg_lambda"": 0.6872511490744925, ""gamma"": 1.0152820778929022e-05}",3136.946859693869,final_energy_direct,robust
6,2,1,XGBoost,final_energy_direct,1720.0316665638366,2725.246246873102,-0.4706136946038848,928.705098735531,4445.920619381041,4863.6966081599885,9042.80388997468,46,"{""n_estimators"": 1221, ""max_depth"": 8, ""learning_rate"": 0.016483923527080988, ""subsample"": 0.7025737342485662, ""colsample_bytree"": 0.7877775849233414, ""min_child_weight"": 1, ""reg_alpha"": 1.2294937545714866e-06, ""reg_lambda"": 0.6872511490744925, ""gamma"": 1.0152820778929022e-05}",3136.946859693869,final_energy_direct,robust
7,2,2,LinearRegression,HOMO,0.3222964176040119,0.39894241820334203,0.46036728346402844,0.26990786990312543,0.5389740703377655,0.7330369458475112,1.381159708679189,46,{},0.1289579239194012,,
7,2,2,LinearRegression,delta_homo,0.32229641760401195,0.398942418203342,-0.23707911988404584,0.26990786990312543,0.5389740703377655,0.7330369458475114,1.3811597086791885,46,{},0.1289579239194012,,
7,2,2,Ridge,HOMO,0.25043322777410904,0.35469859418458244,0.5734236492316223,0.18058381900885268,0.43856096816065104,0.5811036650875501,1.5145577310970721,46,"{""alpha"": 233.17977001830025}",0.11634058985859705,,
7,2,2,Ridge,delta_homo,0.25043322777410915,0.35469859418458244,0.022096547519620202,0.1805838190088529,0.4385609681606508,0.5811036650875501,1.5145577310970717,46,"{""alpha"": 233.17977001830025}",0.11634058985859705,,
7,2,2,ElasticNet,HOMO,0.23003508878874487,0.3464898344361515,0.5929396185132161,0.15263598041359305,0.4236301284521131,0.5688375543155435,1.5707634654173588,46,"{""alpha"": 0.8714803117750751, ""l1_ratio"": 0.08454439887783974}",0.11746819918870108,,
7,2,2,ElasticNet,delta_homo,0.23003508878874485,0.3464898344361514,0.06683586254398832,0.15263598041359305,0.42363012845211334,0.5688375543155437,1.5707634654173583,46,"{""alpha"": 0.8714803117750751, ""l1_ratio"": 0.08454439887783974}",0.11746819918870108,,
7,2,2,KernelRidge,HOMO,0.21506474849895016,0.36039201409905786,0.5596194210146517,0.12097432113848816,0.5802493181385664,0.6138682929945523,1.6454126371359012,46,"{""alpha"": 0.5233877489409572, ""gamma"": 0.04782920652320656}",0.10461075366087705,,
7,2,2,KernelRidge,delta_homo,0.21506474849895021,0.36039201409905786,-0.009548906823751535,0.12097432113848794,0.5802493181385666,0.6138682929945525,1.6454126371359008,46,"{""alpha"": 0.5233877489409572, ""gamma"": 0.04782920652320656}",0.10461075366087705,,
7,2,2,RandomForest,HOMO,0.1993301578005951,0.33963429579250437,0.608888202022426,0.12220921069708268,0.4560039747794611,0.5115387014643424,1.6657069312352495,46,"{""n_estimators"": 738, ""max_depth"": 6, ""min_samples_split"": 4, ""min_samples_leaf"": 4, ""max_features"": ""sqrt""}",0.1092406488457351,,
7,2,2,RandomForest,delta_homo,0.1993301578005952,0.3396342957925043,0.10339713662243855,0.1222092106970829,0.4560039747794611,0.5115387014643425,1.665706931235249,46,"{""n_estimators"": 738, ""max_depth"": 6, ""min_samples_split"": 4, ""min_samples_leaf"": 4, ""max_features"": ""sqrt""}",0.1092406488457351,,
7,2,2,XGBoost,HOMO,0.19043302925176211,0.3277506566153836,0.6357790010829001,0.1290593570556644,0.35436033408355705,0.5992734748535149,1.6730675575408935,46,"{""n_estimators"": 1315, ""max_depth"": 3, ""learning_rate"": 0.017946250788233895, ""subsample"": 0.8407475689697758, ""colsample_bytree"": 0.7950653738778174, ""min_child_weight"": 1, ""reg_alpha"": 0.19259986761079612, ""reg_lambda"": 5.069269877585221, ""gamma"": 3.599308755294546e-08}",0.10829965035131997,,
7,2,2,XGBoost,delta_homo,0.19043302925176211,0.32775065661538355,0.1650428541917004,0.1290593570556644,0.35436033408355705,0.5992734748535149,1.673067557540893,46,"{""n_estimators"": 1315, ""max_depth"": 3, ""learning_rate"": 0.017946250788233895, ""subsample"": 0.8407475689697758, ""colsample_bytree"": 0.7950653738778174, ""min_child_weight"": 1, ""reg_alpha"": 0.19259986761079612, ""reg_lambda"": 5.069269877585221, ""gamma"": 3.599308755294546e-08}",0.10829965035131997,,
7,2,2,LinearRegression,LUMO,0.2698657624497749,0.5583624799710096,0.6866122804469325,0.14881097206358396,0.4233100087846048,0.6992557266065241,2.9572133356039325,46,{},0.16959602473157895,,
7,2,2,LinearRegression,delta_lumo,0.26986576244977484,0.5583624799710095,0.05422850026103665,0.1488109720635844,0.42331000878460445,0.6992557266065238,2.9572133356039325,46,{},0.16959602473157895,,
7,2,2,Ridge,LUMO,0.2197852083693044,0.5342602909247028,0.7130836404825122,0.09368644337085691,0.3162521306214757,0.34895614436593875,2.9689145235037886,46,"{""alpha"": 530.6233011198514}",0.14708318664040881,,
7,2,2,Ridge,delta_lumo,0.2197852083693044,0.5342602909247028,0.1341163079794906,0.09368644337085685,0.31625213062147584,0.3489561443659386,2.9689145235037886,46,"{""alpha"": 530.6233011198514}",0.14708318664040881,,
7,2,2,ElasticNet,LUMO,0.2823601140997298,0.5786188536710636,0.6634615576745159,0.14446449999999988,0.39357112429378494,0.5446246242937849,3.072685875706215,46,"{""alpha"": 15.443494210259146, ""l1_ratio"": 0.8162796183048713}",0.15226839139963014,,
7,2,2,ElasticNet,delta_lumo,0.2823601140997298,0.5786188536710636,-0.01563797002610512,0.14446449999999977,0.39357112429378516,0.5446246242937849,3.072685875706215,46,"{""alpha"": 15.443494210259146, ""l1_ratio"": 0.8162796183048713}",0.15226839139963014,,
7,2,2,KernelRidge,LUMO,0.2779393981643656,0.578370582752415,0.6637502962198125,0.1352823418142533,0.42954075428740546,0.5433178877025997,3.072685875706214,46,"{""alpha"": 0.39833132590471854, ""gamma"": 0.32174879966941944}",0.1434119165219932,,
7,2,2,KernelRidge,delta_lumo,0.2779393981643656,0.578370582752415,-0.014766587167175382,0.13528234181425347,0.4295407542874057,0.5433178877025997,3.072685875706214,46,"{""alpha"": 0.39833132590471854, ""gamma"": 0.32174879966941944}",0.1434119165219932,,
7,2,2,RandomForest,LUMO,0.2329645597736218,0.5624196041709001,0.6820415143006407,0.11344767367076025,0.2855884856249682,0.39651862085532313,3.0935366688149246,46,"{""n_estimators"": 837, ""max_depth"": 4, ""min_samples_split"": 7, ""min_samples_leaf"": 3, ""max_features"": ""log2""}",0.14222782742984016,,
7,2,2,RandomForest,delta_lumo,0.23296455977362188,0.5624196041709001,0.04043440405554555,0.11344767367075992,0.2855884856249684,0.3965186208553231,3.0935366688149246,46,"{""n_estimators"": 837, ""max_depth"": 4, ""min_samples_split"": 7, ""min_samples_leaf"": 3, ""max_features"": ""log2""}",0.14222782742984016,,
7,2,2,XGBoost,LUMO,0.2500306609530241,0.569119134039975,0.674421368632755,0.11622784255981455,0.33955700762939467,0.409380503082275,3.0882001186828614,46,"{""n_estimators"": 687, ""max_depth"": 6, ""learning_rate"": 0.0036018621739264053, ""subsample"": 0.7123007622052439, ""colsample_bytree"": 0.9986083197989248, ""min_child_weight"": 4, ""reg_alpha"": 0.7851318593071649, ""reg_lambda"": 9.680219516285064, ""gamma"": 1.382679882817351e-06}",0.14395871283905706,,
7,2,2,XGBoost,delta_lumo,0.2500306609530242,0.569119134039975,0.017437598032566504,0.11622784255981422,0.33955700762939456,0.409380503082275,3.0882001186828614,46,"{""n_estimators"": 687, ""max_depth"": 6, ""learning_rate"": 0.0036018621739264053, ""subsample"": 0.7123007622052439, ""colsample_bytree"": 0.9986083197989248, ""min_child_weight"": 4, ""reg_alpha"": 0.7851318593071649, ""reg_lambda"": 9.680219516285064, ""gamma"": 1.382679882817351e-06}",0.14395871283905706,,
7,2,2,LinearRegression,Final Energy,14973.91995337098,19584.37212153885,-5.739056725489686,19367.388570414412,28927.942187692202,31959.966946177887,34564.80508612269,46,{},2292.287197599015,delta_energy_per_atom,none
7,2,2,LinearRegression,delta_energy_per_atom,36.244834409048245,43.934185711183225,-3.2891543829838215,41.970216934190944,62.027535807587725,72.24817091058947,104.34310421003802,46,{},2292.287197599015,delta_energy_per_atom,none
7,2,2,Ridge,Final Energy,10853.431236810253,14173.019381983584,-2.529429968662706,17364.683005202598,20867.9061335822,20934.85510474254,21854.59890890059,46,"{""alpha"": 404.48889739755066}",1979.8614123341872,delta_energy_per_atom,none
7,2,2,Ridge,delta_energy_per_atom,25.567357779808255,30.96816008310115,-1.131068070221898,32.37577328182315,36.59718569491251,39.079698886136384,99.27119364270047,46,"{""alpha"": 404.48889739755066}",1979.8614123341872,delta_energy_per_atom,none
7,2,2,ElasticNet,Final Energy,2689.822150747203,3157.269938347068,0.824852785020335,2911.329487747931,4040.7401902957727,4614.556761185504,9692.623152540702,46,"{""alpha"": 0.8328249969132994, ""l1_ratio"": 0.28137502298317574}",2114.779180508999,delta_energy_per_atom,none
7,2,2,ElasticNet,delta_energy_per_atom,11.151624474744729,19.012246404141393,0.19678208955724308,6.8203124660253405,18.874022518190145,22.576635318845987,107.69581280600782,46,"{""alpha"": 0.8328249969132994, ""l1_ratio"": 0.28137502298317574}",2114.779180508999,delta_energy_per_atom,none
7,2,2,KernelRidge,Final Energy,1827.7816353103692,2354.710726888863,0.9025784732431436,1775.7166629710373,2869.900332076366,3162.228468367587,9081.240384142624,46,"{""alpha"": 1.1915309833771335, ""gamma"": 0.09022093065083854}",1966.7268826363486,delta_energy_per_atom,none
7,2,2,KernelRidge,delta_energy_per_atom,8.470622678297236,17.712935345940263,0.30281571331350055,4.364817175871657,10.969379363295365,27.760779628606542,100.90267093491806,46,"{""alpha"": 1.1915309833771335, ""gamma"": 0.09022093065083854}",1966.7268826363486,delta_energy_per_atom,none
7,2,2,RandomForest,Final Energy,1635.4848466747158,2337.703926611599,0.9039806372050554,1367.946835309871,3007.851585592116,4589.128355015271,8075.253521929426,46,"{""n_estimators"": 242, ""max_depth"": 8, ""min_samples_split"": 7, ""min_samples_leaf"": 3, ""max_features"": null}",1956.5790632053672,delta_energy_per_atom,none
7,2,2,RandomForest,delta_energy_per_atom,10.70338389042706,22.045416513120795,-0.07994871632187883,2.842805064385466,37.23221257177582,46.823270559851785,88.070591576731,46,"{""n_estimators"": 242, ""max_depth"": 8, ""min_samples_split"": 7, ""min_samples_leaf"": 3, ""max_features"": null}",1956.5790632053672,delta_energy_per_atom,none
7,2,2,RandomForest,Final Energy,892.5629246672819,1583.5924149353866,0.9559377538045165,578.7229175480618,1719.6881402116537,2355.1760268082476,8564.250050232677,46,"{""n_estimators"": 788, ""max_depth"": 10, ""min_samples_split"": 9, ""min_samples_leaf"": 4, ""max_features"": ""sqrt""}",1931.2158723495456,delta_energy_per_atom,soft
7,2,2,RandomForest,delta_energy_per_atom,6.406469598130895,16.196929490608788,0.4170492052991597,1.5717161686320331,18.44647401074907,22.423613795168542,95.1583338914742,46,"{""n_estimators"": 788, ""max_depth"": 10, ""min_samples_split"": 9, ""min_samples_leaf"": 4, ""max_features"": ""sqrt""}",1931.2158723495456,delta_energy_per_atom,soft
7,2,2,RandomForest,Final Energy,871.2844602733312,1713.6312927282659,0.9484041732964356,551.0245163206746,1439.6557363313188,2213.7347880035104,9814.966967239674,46,"{""n_estimators"": 493, ""max_depth"": 3, ""min_samples_split"": 3, ""min_samples_leaf"": 4, ""max_features"": ""sqrt""}",1816.7178940231706,delta_energy_per_atom,robust
7,2,2,RandomForest,delta_energy_per_atom,6.393309730849341,17.62318129787903,0.30986328302555555,1.5749990510396952,14.15419182071408,18.06117142265653,109.0551885248853,46,"{""n_estimators"": 493, ""max_depth"": 3, ""min_samples_split"": 3, ""min_samples_leaf"": 4, ""max_features"": ""sqrt""}",1816.7178940231706,delta_energy_per_atom,robust
7,2,2,XGBoost,Final Energy,847.2195982447508,1537.8053502890236,0.9584488984207862,565.2372432667576,1174.7718536152631,1917.546614428884,8688.870981680153,46,"{""n_estimators"": 470, ""max_depth"": 5, ""learning_rate"": 0.005091011268988357, ""subsample"": 0.9455660360252831, ""colsample_bytree"": 0.8891191334626931, ""min_child_weight"": 1, ""reg_alpha"": 0.14321853344680852, ""reg_lambda"": 9.544509780092959, ""gamma"": 0.024676001451361885}",1891.9930308213795,delta_energy_per_atom,none
7,2,2,XGBoost,delta_energy_per_atom,5.863507505488751,15.610384514919838,0.45850591503450544,1.4232017395231296,9.89037054092145,16.79071027576824,96.54301090755726,46,"{""n_estimators"": 470, ""max_depth"": 5, ""learning_rate"": 0.005091011268988357, ""subsample"": 0.9455660360252831, ""colsample_bytree"": 0.8891191334626931, ""min_child_weight"": 1, ""reg_alpha"": 0.14321853344680852, ""reg_lambda"": 9.544509780092959, ""gamma"": 0.024676001451361885}",1891.9930308213795,delta_energy_per_atom,none
7,2,2,XGBoost,Final Energy,1936.944434471181,2481.335959774218,0.8918190114210864,2005.0829943201716,2959.2713448003583,3367.2180652866655,9735.956285940407,46,"{""n_estimators"": 789, ""max_depth"": 8, ""learning_rate"": 0.0027470383695469627, ""subsample"": 0.9797985295086034, ""colsample_bytree"": 0.8404429908351179, ""min_child_weight"": 4, ""reg_alpha"": 0.09442427651148932, ""reg_lambda"": 9.89909880616983, ""gamma"": 1.0967212058567037e-06}",1858.7418485828568,delta_energy_per_atom,soft
7,2,2,XGBoost,delta_energy_per_atom,9.031919934179943,18.45244813552479,0.24338577501602054,4.804729302871978,17.947330929307057,25.237304910394148,108.17729206600453,46,"{""n_estimators"": 789, ""max_depth"": 8, ""learning_rate"": 0.0027470383695469627, ""subsample"": 0.9797985295086034, ""colsample_bytree"": 0.8404429908351179, ""min_child_weight"": 4, ""reg_alpha"": 0.09442427651148932, ""reg_lambda"": 9.89909880616983, ""gamma"": 1.0967212058567037e-06}",1858.7418485828568,delta_energy_per_atom,soft
7,2,2,XGBoost,Final Energy,1257.303004976409,2092.34367003762,0.9230788362962676,1019.0615712128802,1748.4659894236079,2186.3212759957223,10772.512567983864,46,"{""n_estimators"": 354, ""max_depth"": 5, ""learning_rate"": 0.001145787228656035, ""subsample"": 0.7398259953845805, ""colsample_bytree"": 0.821812240976027, ""min_child_weight"": 8, ""reg_alpha"": 0.032140211107157715, ""reg_lambda"": 0.0031617221509237844, ""gamma"": 0.005092009336199599}",1774.005053109579,delta_energy_per_atom,robust
7,2,2,XGBoost,delta_energy_per_atom,7.889789432407325,20.357526153938075,0.07909142199911146,2.1558452137757236,10.341722525766974,31.280702456867402,119.6945840887096,46,"{""n_estimators"": 354, ""max_depth"": 5, ""learning_rate"": 0.001145787228656035, ""subsample"": 0.7398259953845805, ""colsample_bytree"": 0.821812240976027, ""min_child_weight"": 8, ""reg_alpha"": 0.032140211107157715, ""reg_lambda"": 0.0031617221509237844, ""gamma"": 0.005092009336199599}",1774.005053109579,delta_energy_per_atom,robust
7,2,2,LinearRegression,Final Energy,4942.146258029839,5716.612940494654,0.4258076751184643,6314.332354040405,7875.338934907243,8137.012070193339,8379.051206507862,46,{},2146.801117246285,delta_energy,none
7,2,2,LinearRegression,delta_energy,4942.146258029839,5716.612940494654,0.3765101548381059,6314.332354040405,7875.338934907242,8137.01207019334,8379.051206507862,46,{},2146.801117246285,delta_energy,none
7,2,2,Ridge,Final Energy,6730.945305822599,8381.3083069512,-0.2342508640623986,10883.328909335234,11618.776357872015,11665.103041554508,12031.639796671181,46,"{""alpha"": 543.7455238317656}",1772.9646998401147,delta_energy,none
7,2,2,Ridge,delta_energy,6730.945305822599,8381.308306951198,-0.34021798407696724,10883.328909335234,11618.776357872013,11665.10304155451,12031.639796671181,46,"{""alpha"": 543.7455238317656}",1772.9646998401147,delta_energy,none
7,2,2,ElasticNet,Final Energy,7555.242572987692,9465.32247476058,-0.5741663918469204,12477.06306939094,13047.776587140328,13095.615324165186,13223.182564817522,46,"{""alpha"": 1.4123414923589663, ""l1_ratio"": 0.12220852909643248}",1824.4490563906963,delta_energy,none
7,2,2,ElasticNet,delta_energy,7555.242572987692,9465.32247476058,-0.7093171005275751,12477.06306939094,13047.77658714033,13095.615324165185,13223.182564817522,46,"{""alpha"": 1.4123414923589663, ""l1_ratio"": 0.12220852909643248}",1824.4490563906963,delta_energy,none
7,2,2,KernelRidge,Final Energy,7708.297356143273,9654.034412301016,-0.6375610202492235,12686.855631914375,13263.799278700164,13390.192977775012,13552.300772102091,46,"{""alpha"": 0.01946655265529226, ""gamma"": 0.2574779873562533}",1755.1023146810987,delta_energy,none
7,2,2,KernelRidge,delta_energy,7708.297356143273,9654.034412301015,-0.7781545010532653,12686.855631914375,13263.799278700164,13390.192977775012,13552.300772102091,46,"{""alpha"": 0.01946655265529226, ""gamma"": 0.2574779873562533}",1755.1023146810987,delta_energy,none
7,2,2,RandomForest,Final Energy,7008.640044257927,8840.54925428867,-0.3732142553029103,11403.515469585242,12474.17591670814,12802.392902906042,12900.017213533385,46,"{""n_estimators"": 201, ""max_depth"": 9, ""min_samples_split"": 7, ""min_samples_leaf"": 4, ""max_features"": ""sqrt""}",1758.8941337067968,delta_energy,none
7,2,2,RandomForest,delta_energy,7008.640044257927,8840.54925428867,-0.49111213492719674,11403.515469585243,12474.17591670814,12802.392902906044,12900.017213533385,46,"{""n_estimators"": 201, ""max_depth"": 9, ""min_samples_split"": 7, ""min_samples_leaf"": 4, ""max_features"": ""sqrt""}",1758.8941337067968,delta_energy,none
7,2,2,RandomForest,Final Energy,7202.438223582915,9110.836949219249,-0.45846615628174714,11685.988211620515,12830.405163287613,13308.4073898922,13600.340808215138,46,"{""n_estimators"": 580, ""max_depth"": 3, ""min_samples_split"": 10, ""min_samples_leaf"": 4, ""max_features"": ""sqrt""}",1731.4721157707509,delta_energy,soft
7,2,2,RandomForest,delta_energy,7202.438223582915,9110.836949219249,-0.5836833732348812,11685.988211620514,12830.405163287613,13308.407389892196,13600.340808215138,46,"{""n_estimators"": 580, ""max_depth"": 3, ""min_samples_split"": 10, ""min_samples_leaf"": 4, ""max_features"": ""sqrt""}",1731.4721157707509,delta_energy,soft
7,2,2,RandomForest,Final Energy,7211.530918530451,9186.33699596219,-0.48273846259565745,11795.573641843752,12942.755111590206,13343.427602329324,13586.636725332191,46,"{""n_estimators"": 762, ""max_depth"": 3, ""min_samples_split"": 10, ""min_samples_leaf"": 4, ""max_features"": ""sqrt""}",1708.276489010067,delta_energy,robust
7,2,2,RandomForest,delta_energy,7211.53091853045,9186.33699596219,-0.6100395884777519,11795.57364184375,12942.755111590206,13343.427602329322,13586.636725332191,46,"{""n_estimators"": 762, ""max_depth"": 3, ""min_samples_split"": 10, ""min_samples_leaf"": 4, ""max_features"": ""sqrt""}",1708.276489010067,delta_energy,robust
7,2,2,XGBoost,Final Energy,7342.265350987298,9198.057692645436,-0.48652447967845314,11829.084934500675,12829.579744880753,13161.529213255704,13188.439972585062,46,"{""n_estimators"": 691, ""max_depth"": 8, ""learning_rate"": 0.0024540665627679125, ""subsample"": 0.7179461250011903, ""colsample_bytree"": 0.8538604124203903, ""min_child_weight"": 10, ""reg_alpha"": 6.548540308222091e-06, ""reg_lambda"": 9.768645300503165e-05, ""gamma"": 5.812601789079927e-06}",1741.7123527908939,delta_energy,none
7,2,2,XGBoost,delta_energy,7342.265350987298,9198.057692645438,-0.6141506556279785,11829.084934500675,12829.579744880752,13161.529213255704,13188.43997258506,46,"{""n_estimators"": 691, ""max_depth"": 8, ""learning_rate"": 0.0024540665627679125, ""subsample"": 0.7179461250011903, ""colsample_bytree"": 0.8538604124203903, ""min_child_weight"": 10, ""reg_alpha"": 6.548540308222091e-06, ""reg_lambda"": 9.768645300503165e-05, ""gamma"": 5.812601789079927e-06}",1741.7123527908939,delta_energy,none
7,2,2,XGBoost,Final Energy,7370.028097931658,9300.614775794456,-0.5198583721689916,12095.938679518258,12879.949617927628,13175.965054848544,13230.453146331223,46,"{""n_estimators"": 425, ""max_depth"": 7, ""learning_rate"": 0.0027749554156338823, ""subsample"": 0.7316604651670793, ""colsample_bytree"": 0.8561376260140783, ""min_child_weight"": 10, ""reg_alpha"": 1.4030902243605255e-05, ""reg_lambda"": 1.079246469453196e-05, ""gamma"": 3.792901185382658e-08}",1698.9589039831178,delta_energy,soft
7,2,2,XGBoost,delta_energy,7370.028097931658,9300.614775794456,-0.6503464432882484,12095.938679518256,12879.949617927627,13175.965054848544,13230.453146331223,46,"{""n_estimators"": 425, ""max_depth"": 7, ""learning_rate"": 0.0027749554156338823, ""subsample"": 0.7316604651670793, ""colsample_bytree"": 0.8561376260140783, ""min_child_weight"": 10, ""reg_alpha"": 1.4030902243605255e-05, ""reg_lambda"": 1.079246469453196e-05, ""gamma"": 3.792901185382658e-08}",1698.9589039831178,delta_energy,soft
7,2,2,XGBoost,Final Energy,7351.057759835157,9328.707442794474,-0.5290537553754686,12147.424275221383,12898.027498787003,13250.964078286044,13297.350118987473,46,"{""n_estimators"": 773, ""max_depth"": 6, ""learning_rate"": 0.0017436406956110315, ""subsample"": 0.7769504135113524, ""colsample_bytree"": 0.7354954644776328, ""min_child_weight"": 10, ""reg_alpha"": 0.012703811396895864, ""reg_lambda"": 8.438663719276048e-05, ""gamma"": 2.712492411363996e-05}",1689.9230791492594,delta_energy,robust
7,2,2,XGBoost,delta_energy,7351.057759835157,9328.707442794474,-0.6603312999350064,12147.424275221381,12898.027498787002,13250.964078286044,13297.350118987473,46,"{""n_estimators"": 773, ""max_depth"": 6, ""learning_rate"": 0.0017436406956110315, ""subsample"": 0.7769504135113524, ""colsample_bytree"": 0.7354954644776328, ""min_child_weight"": 10, ""reg_alpha"": 0.012703811396895864, ""reg_lambda"": 8.438663719276048e-05, ""gamma"": 2.712492411363996e-05}",1689.9230791492594,delta_energy,robust
7,2,2,LinearRegression,Final Energy,4942.1462580301795,5716.61294049508,0.4258076751183789,6314.3323540411875,7875.338934907626,8137.012070194118,8379.051206508484,46,{},2146.8011172462097,final_energy_direct,none
7,2,2,LinearRegression,final_energy_direct,4942.1462580301795,5716.61294049508,0.4258076751183789,6314.3323540411875,7875.338934907626,8137.012070194118,8379.051206508484,46,{},2146.8011172462097,final_energy_direct,none
7,2,2,Ridge,Final Energy,6839.003189548387,8511.748379494225,-0.2729676304471198,11018.343702407376,11820.47311746358,11861.745418863331,12286.820259232134,46,"{""alpha"": 439.4881214602755}",1779.358842930987,final_energy_direct,none
7,2,2,Ridge,final_energy_direct,6839.003189548387,8511.748379494225,-0.2729676304471198,11018.343702407376,11820.47311746358,11861.745418863331,12286.820259232134,46,"{""alpha"": 439.4881214602755}",1779.358842930987,final_energy_direct,none
7,2,2,ElasticNet,Final Energy,7706.654217745314,9674.150367960869,-0.6443924490363118,12751.536714927402,13358.998849346273,13405.736728292992,13540.971550913311,46,"{""alpha"": 0.2830953343591984, ""l1_ratio"": 0.6532211920925619}",1844.928340388983,final_energy_direct,none
7,2,2,ElasticNet,final_energy_direct,7706.654217745314,9674.150367960869,-0.6443924490363118,12751.536714927402,13358.998849346273,13405.736728292992,13540.971550913311,46,"{""alpha"": 0.2830953343591984, ""l1_ratio"": 0.6532211920925619}",1844.928340388983,final_energy_direct,none
7,2,2,KernelRidge,Final Energy,8005.029121262572,10078.768865755375,-0.784821457136571,13253.480842964087,13881.00976303517,14018.474490025963,14194.860901256809,46,"{""alpha"": 0.03861104499949721, ""gamma"": 0.2015907181734081}",1762.969102491492,final_energy_direct,none
7,2,2,KernelRidge,final_energy_direct,8005.029121262572,10078.768865755375,-0.784821457136571,13253.480842964087,13881.00976303517,14018.474490025963,14194.860901256809,46,"{""alpha"": 0.03861104499949721, ""gamma"": 0.2015907181734081}",1762.969102491492,final_energy_direct,none
7,2,2,RandomForest,Final Energy,7332.024155860252,9227.534620558527,-0.4960674480396148,11814.451070756937,13069.235207713897,13397.442326477056,13496.620758262905,46,"{""n_estimators"": 357, ""max_depth"": 16, ""min_samples_split"": 7, ""min_samples_leaf"": 4, ""max_features"": ""sqrt""}",1766.278250581805,final_energy_direct,none
7,2,2,RandomForest,final_energy_direct,7332.024155860252,9227.534620558527,-0.4960674480396148,11814.451070756937,13069.235207713897,13397.442326477056,13496.620758262905,46,"{""n_estimators"": 357, ""max_depth"": 16, ""min_samples_split"": 7, ""min_samples_leaf"": 4, ""max_features"": ""sqrt""}",1766.278250581805,final_energy_direct,none
7,2,2,RandomForest,Final Energy,7455.977625464742,9455.432725961851,-0.5708786059038429,12115.013193580664,13375.248423775438,13869.264404456822,14140.315847551921,46,"{""n_estimators"": 208, ""max_depth"": 3, ""min_samples_split"": 4, ""min_samples_leaf"": 4, ""max_features"": ""sqrt""}",1738.2987316636363,final_energy_direct,soft
7,2,2,RandomForest,final_energy_direct,7455.977625464742,9455.432725961851,-0.5708786059038429,12115.013193580664,13375.248423775438,13869.264404456822,14140.315847551921,46,"{""n_estimators"": 208, ""max_depth"": 3, ""min_samples_split"": 4, ""min_samples_leaf"": 4, ""max_features"": ""sqrt""}",1738.2987316636363,final_energy_direct,soft
7,2,2,RandomForest,Final Energy,7414.178408131253,9439.813395450994,-0.5656930565148335,12195.784638552448,13407.254932573444,13642.616300019617,13775.595818440257,46,"{""n_estimators"": 870, ""max_depth"": 11, ""min_samples_split"": 3, ""min_samples_leaf"": 4, ""max_features"": ""log2""}",1732.287076173937,final_energy_direct,robust
7,2,2,RandomForest,final_energy_direct,7414.178408131253,9439.813395450994,-0.5656930565148335,12195.784638552448,13407.254932573444,13642.616300019617,13775.595818440257,46,"{""n_estimators"": 870, ""max_depth"": 11, ""min_samples_split"": 3, ""min_samples_leaf"": 4, ""max_features"": ""log2""}",1732.287076173937,final_energy_direct,robust
7,2,2,XGBoost,Final Energy,7690.95741113952,9633.853843588688,-0.6307219370159256,12462.659314653305,13450.046257072212,13689.648844553756,13832.119891408911,46,"{""n_estimators"": 947, ""max_depth"": 5, ""learning_rate"": 0.0013635858556455482, ""subsample"": 0.7084182138092592, ""colsample_bytree"": 0.9383367438991193, ""min_child_weight"": 10, ""reg_alpha"": 0.19489852256712722, ""reg_lambda"": 1.0049301278982332e-05, ""gamma"": 0.00035877953850336206}",1740.8277788208106,final_energy_direct,none
7,2,2,XGBoost,final_energy_direct,7690.95741113952,9633.853843588688,-0.6307219370159256,12462.659314653305,13450.046257072212,13689.648844553756,13832.119891408911,46,"{""n_estimators"": 947, ""max_depth"": 5, ""learning_rate"": 0.0013635858556455482, ""subsample"": 0.7084182138092592, ""colsample_bytree"": 0.9383367438991193, ""min_child_weight"": 10, ""reg_alpha"": 0.19489852256712722, ""reg_lambda"": 1.0049301278982332e-05, ""gamma"": 0.00035877953850336206}",1740.8277788208106,final_energy_direct,none
7,2,2,XGBoost,Final Energy,7586.306336076426,9605.101350835397,-0.6210025966128743,12450.018488728696,13365.530143790962,13684.78375896866,13800.780673067515,46,"{""n_estimators"": 994, ""max_depth"": 8, ""learning_rate"": 0.0016353396860564525, ""subsample"": 0.782865772846369, ""colsample_bytree"": 0.7712926823492916, ""min_child_weight"": 10, ""reg_alpha"": 6.677190233950895e-05, ""reg_lambda"": 0.0008339543303843797, ""gamma"": 1.0480452065740322e-08}",1711.6501035257315,final_energy_direct,soft
7,2,2,XGBoost,final_energy_direct,7586.306336076426,9605.101350835397,-0.6210025966128743,12450.018488728696,13365.530143790962,13684.78375896866,13800.780673067515,46,"{""n_estimators"": 994, ""max_depth"": 8, ""learning_rate"": 0.0016353396860564525, ""subsample"": 0.782865772846369, ""colsample_bytree"": 0.7712926823492916, ""min_child_weight"": 10, ""reg_alpha"": 6.677190233950895e-05, ""reg_lambda"": 0.0008339543303843797, ""gamma"": 1.0480452065740322e-08}",1711.6501035257315,final_energy_direct,soft
7,2,2,XGBoost,Final Energy,7637.322166325638,9700.185789678675,-0.6532552552682043,12605.319758259946,13436.420036369087,13756.88029736105,13909.170184377661,46,"{""n_estimators"": 494, ""max_depth"": 8, ""learning_rate"": 0.002984504694468375, ""subsample"": 0.7333520681715237, ""colsample_bytree"": 0.7244331015573326, ""min_child_weight"": 10, ""reg_alpha"": 5.532366460035221e-07, ""reg_lambda"": 0.5461032643578108, ""gamma"": 0.0007192946388984473}",1691.959717098526,final_energy_direct,robust
7,2,2,XGBoost,final_energy_direct,7637.322166325638,9700.185789678675,-0.6532552552682043,12605.319758259946,13436.420036369087,13756.88029736105,13909.170184377661,46,"{""n_estimators"": 494, ""max_depth"": 8, ""learning_rate"": 0.002984504694468375, ""subsample"": 0.7333520681715237, ""colsample_bytree"": 0.7244331015573326, ""min_child_weight"": 10, ""reg_alpha"": 5.532366460035221e-07, ""reg_lambda"": 0.5461032643578108, ""gamma"": 0.0007192946388984473}",1691.959717098526,final_energy_direct,robust
8,2,3,LinearRegression,HOMO,0.1122491174058506,0.16934057316106663,0.7581981461817828,0.06959711361754017,0.19878040102262223,0.34421049481996985,0.5868626706100706,43,{},0.20124627730049133,,
8,2,3,LinearRegression,delta_homo,0.11224911740585052,0.16934057316106665,0.19547208830269824,0.06959711361754062,0.1987804010226225,0.3442104948199702,0.5868626706100706,43,{},0.20124627730049133,,
8,2,3,Ridge,HOMO,0.1319399777154972,0.17319401845827834,0.747068247526743,0.1100308290237777,0.24160992417203425,0.39904846762530805,0.48644860526160283,43,"{""alpha"": 967.0911954942547}",0.14220365182375663,,
8,2,3,Ridge,delta_homo,0.13193997771549731,0.1731940184582784,0.15844046930992695,0.1100308290237777,0.24160992417203425,0.39904846762530805,0.4864486052616033,43,"{""alpha"": 967.0911954942547}",0.14220365182375663,,
8,2,3,ElasticNet,HOMO,0.1530775232558142,0.19761321190430006,0.670716833508638,0.13341849999999944,0.2802619000000009,0.36482670000000056,0.5918184999999996,43,"{""alpha"": 7.118532474343342, ""l1_ratio"": 0.26166088921384045}",0.13908014080307646,,
8,2,3,ElasticNet,delta_homo,0.153077523255814,0.19761321190429992,-0.09559746590500007,0.133418499999999,0.28026190000000045,0.3648267000000001,0.5918185,43,"{""alpha"": 7.118532474343342, ""l1_ratio"": 0.26166088921384045}",0.13908014080307646,,
8,2,3,KernelRidge,HOMO,0.13037720284396875,0.1815358905443838,0.722116618262054,0.0980347443286238,0.2241650174427119,0.3629218298420534,0.5964888206886849,43,"{""alpha"": 0.3669766632001659, ""gamma"": 0.5379376721587406}",0.13235950361592236,,
8,2,3,KernelRidge,delta_homo,0.13037720284396873,0.18153589054438382,0.07542091479130464,0.0980347443286238,0.2241650174427119,0.3629218298420538,0.5964888206886849,43,"{""alpha"": 0.3669766632001659, ""gamma"": 0.5379376721587406}",0.13235950361592236,,
8,2,3,RandomForest,HOMO,0.116342074065568,0.18206647482160643,0.7204898763671028,0.06729388621171228,0.20012154091012135,0.465865815598342,0.6296391729461872,43,"{""n_estimators"": 202, ""max_depth"": 9, ""min_samples_split"": 8, ""min_samples_leaf"": 4, ""max_features"": null}",0.13547380982002868,,
8,2,3,RandomForest,delta_homo,0.11634207406556803,0.18206647482160643,0.07000838697586664,0.06729388621171273,0.2001215409101218,0.46586581559834234,0.6296391729461868,43,"{""n_estimators"": 202, ""max_depth"": 9, ""min_samples_split"": 8, ""min_samples_leaf"": 4, ""max_features"": null}",0.13547380982002868,,
8,2,3,XGBoost,HOMO,0.13583873336827487,0.1990237317326867,0.6659993549611962,0.09223871524047933,0.2372918442413337,0.4664018343231204,0.680781433578491,43,"{""n_estimators"": 696, ""max_depth"": 7, ""learning_rate"": 0.002783851499419835, ""subsample"": 0.8855129269166124, ""colsample_bytree"": 0.888349056449469, ""min_child_weight"": 4, ""reg_alpha"": 0.024020285400078747, ""reg_lambda"": 8.304840057159845, ""gamma"": 1.181418718175467e-08}",0.12729682986822738,,
8,2,3,XGBoost,delta_homo,0.13583873336827487,0.1990237317326867,-0.11129355385602069,0.09223871524047933,0.2372918442413337,0.4664018343231204,0.680781433578491,43,"{""n_estimators"": 696, ""max_depth"": 7, ""learning_rate"": 0.002783851499419835, ""subsample"": 0.8855129269166124, ""colsample_bytree"": 0.888349056449469, ""min_child_weight"": 4, ""reg_alpha"": 0.024020285400078747, ""reg_lambda"": 8.304840057159845, ""gamma"": 1.181418718175467e-08}",0.12729682986822738,,
8,2,3,LinearRegression,LUMO,0.10882802737989612,0.13940848082115284,0.9440081575631348,0.08320581189283216,0.2363772726290281,0.3061514801993566,0.31759818352099733,43,{},0.26768367945035804,,
8,2,3,LinearRegression,delta_lumo,0.10882802737989619,0.13940848082115287,0.40130027377841293,0.08320581189283249,0.23637727262902788,0.3061514801993568,0.3175981835209969,43,{},0.26768367945035804,,
8,2,3,Ridge,LUMO,0.1267996179134174,0.1728105649476945,0.913962665096328,0.1144350141535938,0.20945329421039427,0.25132163898412785,0.6112464590693283,43,"{""alpha"": 967.0911954942547}",0.17710936064950186,,
8,2,3,Ridge,delta_lumo,0.12679961791341746,0.17281056494769448,0.08003511565554777,0.11443501415359414,0.20945329421039444,0.2513216389841281,0.6112464590693278,43,"{""alpha"": 967.0911954942547}",0.17710936064950186,,
8,2,3,ElasticNet,LUMO,0.1260974414167352,0.17218620597373963,0.9145832422136171,0.10768426620906268,0.22084067647736813,0.24480584279629106,0.5992561598553636,43,"{""alpha"": 0.28321512863315357, ""l1_ratio"": 0.448570392879277}",0.17681294144784399,,
8,2,3,ElasticNet,delta_lumo,0.12609744141673523,0.17218620597373963,0.0866707135221354,0.10768426620906268,0.2208406764773683,0.24480584279629133,0.5992561598553632,43,"{""alpha"": 0.28321512863315357, ""l1_ratio"": 0.448570392879277}",0.17681294144784399,,
8,2,3,KernelRidge,LUMO,0.11342918535017588,0.15342946427791773,0.9321790441196598,0.10138434169282606,0.19606811445687763,0.23523473596076552,0.536493897547976,43,"{""alpha"": 2.2350829591359873, ""gamma"": 0.0033527577653719018}",0.17713543789754768,,
8,2,3,KernelRidge,delta_lumo,0.11342918535017589,0.15342946427791776,0.27481600978874043,0.1013843416928264,0.1960681144568778,0.2352347359607658,0.5364938975479756,43,"{""alpha"": 2.2350829591359873, ""gamma"": 0.0033527577653719018}",0.17713543789754768,,
8,2,3,RandomForest,LUMO,0.10920932071721356,0.14610990277836933,0.9384956727016177,0.08559564328588332,0.1940937444135316,0.26854287974508423,0.48212900727111885,43,"{""n_estimators"": 537, ""max_depth"": 3, ""min_samples_split"": 10, ""min_samples_leaf"": 2, ""max_features"": ""sqrt""}",0.18491183597806468,,
8,2,3,RandomForest,delta_lumo,0.1092093207172136,0.14610990277836933,0.3423573450631754,0.08559564328588376,0.19409374441353172,0.26854287974508406,0.4821290072711184,43,"{""n_estimators"": 537, ""max_depth"": 3, ""min_samples_split"": 10, ""min_samples_leaf"": 2, ""max_features"": ""sqrt""}",0.18491183597806468,,
8,2,3,XGBoost,LUMO,0.11519502667946037,0.16397344036089934,0.9225371650950014,0.08897392767333978,0.18588862639770504,0.2313608139648439,0.6474479244689939,43,"{""n_estimators"": 438, ""max_depth"": 8, ""learning_rate"": 0.0010520462713438914, ""subsample"": 0.9767580845348623, ""colsample_bytree"": 0.7046954405258957, ""min_child_weight"": 2, ""reg_alpha"": 1.0471949579339106e-08, ""reg_lambda"": 0.010676275211606289, ""gamma"": 2.758407841011835e-07}",0.1814870992494159,,
8,2,3,XGBoost,delta_lumo,0.11519502667946041,0.1639734403608993,0.17171902135094053,0.08897392767334011,0.1858886263977047,0.23136081396484368,0.6474479244689935,43,"{""n_estimators"": 438, ""max_depth"": 8, ""learning_rate"": 0.0010520462713438914, ""subsample"": 0.9767580845348623, ""colsample_bytree"": 0.7046954405258957, ""min_child_weight"": 2, ""reg_alpha"": 1.0471949579339106e-08, ""reg_lambda"": 0.010676275211606289, ""gamma"": 2.758407841011835e-07}",0.1814870992494159,,
8,2,3,LinearRegression,Final Energy,3325.625677797173,4501.282867814327,-0.4829707148088238,4043.9225429211065,7870.983298217878,9169.274228300776,11022.213993737925,43,{},12949.85698978695,delta_energy_per_atom,none
8,2,3,LinearRegression,delta_energy_per_atom,22.7529509384885,30.79005829525008,-0.48038827172228027,18.969151147885626,46.116090598881755,55.55343211747984,83.50162116468125,43,{},12949.85698978695,delta_energy_per_atom,none
8,2,3,Ridge,Final Energy,3007.4135501092132,4085.3100904225603,-0.22154653775342603,2035.7871279148994,7892.603497092574,9013.524819420003,9380.560851008306,43,"{""alpha"": 983.0101531092522}",3094.285462674354,delta_energy_per_atom,none
8,2,3,Ridge,delta_energy_per_atom,20.855495163017824,28.73843362582418,-0.2896765414628646,9.03901478339634,49.87019346313943,62.298592554574384,71.06485493188111,43,"{""alpha"": 983.0101531092522}",3094.285462674354,delta_energy_per_atom,none
8,2,3,ElasticNet,Final Energy,3145.7968935710264,4285.209890010423,-0.3440151396090738,1785.3674538607547,8443.810497215169,9394.946959342418,9741.746551767928,43,"{""alpha"": 0.49595267384015457, ""l1_ratio"": 0.8284688211450151}",1193.413885994332,delta_energy_per_atom,none
8,2,3,ElasticNet,delta_energy_per_atom,21.98304629655579,30.500164547425896,-0.45264327596057896,11.523295838095652,52.291520607374956,65.88724545401217,76.30065932554204,43,"{""alpha"": 0.49595267384015457, ""l1_ratio"": 0.8284688211450151}",1193.413885994332,delta_energy_per_atom,none
8,2,3,KernelRidge,Final Energy,2988.9954863839516,4123.250892459852,-0.24434121776242246,1967.4604693705687,8348.371888852338,9066.316703100902,9660.850030989086,43,"{""alpha"": 5.424350184405373, ""gamma"": 0.14607775474454546}",1173.4372472459518,delta_energy_per_atom,none
8,2,3,KernelRidge,delta_energy_per_atom,21.085341574595674,29.928317885580263,-0.3986827851231409,10.024403179764462,49.76311512718164,62.31230347623968,86.27744901578706,43,"{""alpha"": 5.424350184405373, ""gamma"": 0.14607775474454546}",1173.4372472459518,delta_energy_per_atom,none
8,2,3,RandomForest,Final Energy,2946.0942905146294,4088.4272811318833,-0.22341138823164908,2232.3610696514615,8048.243550178873,9305.887151593312,9404.919896446292,43,"{""n_estimators"": 432, ""max_depth"": 15, ""min_samples_split"": 5, ""min_samples_leaf"": 4, ""max_features"": ""log2""}",1082.7546973245655,delta_energy_per_atom,none
8,2,3,RandomForest,delta_energy_per_atom,20.795383975217117,28.172940548948777,-0.23942134466778198,20.730068503396538,39.50463680449415,59.7022404992942,70.86999514652385,43,"{""n_estimators"": 432, ""max_depth"": 15, ""min_samples_split"": 5, ""min_samples_leaf"": 4, ""max_features"": ""log2""}",1082.7546973245655,delta_energy_per_atom,none
8,2,3,RandomForest,Final Energy,3003.414638503082,4181.633190677246,-0.2798286622170212,2326.8016725271627,8291.580585367592,9434.039849320921,9565.290740364173,43,"{""n_estimators"": 428, ""max_depth"": 6, ""min_samples_split"": 10, ""min_samples_leaf"": 3, ""max_features"": ""log2""}",991.0375883142594,delta_energy_per_atom,soft
8,2,3,RandomForest,delta_energy_per_atom,21.0134536651347,28.731301330464355,-0.2890364778665111,20.67938009752045,40.12096366484184,60.05144834445311,72.46432379063768,43,"{""n_estimators"": 428, ""max_depth"": 6, ""min_samples_split"": 10, ""min_samples_leaf"": 3, ""max_features"": ""log2""}",991.0375883142594,delta_energy_per_atom,soft
8,2,3,RandomForest,Final Energy,2943.818851309783,4173.458662401966,-0.2748297686193131,2837.1117171912792,8444.816134061446,9534.287052462812,9630.632786853044,43,"{""n_estimators"": 305, ""max_depth"": 13, ""min_samples_split"": 6, ""min_samples_leaf"": 3, ""max_features"": ""sqrt""}",951.7806453969739,delta_energy_per_atom,robust
8,2,3,RandomForest,delta_energy_per_atom,20.54236793302866,28.579872338032672,-0.27548449173534517,20.49901696869206,40.80332117890867,60.66716204821218,71.7571155664283,43,"{""n_estimators"": 305, ""max_depth"": 13, ""min_samples_split"": 6, ""min_samples_leaf"": 3, ""max_features"": ""sqrt""}",951.7806453969739,delta_energy_per_atom,robust
8,2,3,XGBoost,Final Energy,3009.563538808563,4105.822913530396,-0.2338443929903411,2704.9268499452364,7434.548336315297,9296.508550428156,9620.980256895873,43,"{""n_estimators"": 602, ""max_depth"": 7, ""learning_rate"": 0.0026573051269425923, ""subsample"": 0.7452333713712131, ""colsample_bytree"": 0.7092936629347071, ""min_child_weight"": 9, ""reg_alpha"": 1.2026835213338021e-06, ""reg_lambda"": 0.002628411112058467, ""gamma"": 0.00293466120258604}",1052.93666445165,delta_energy_per_atom,none
8,2,3,XGBoost,delta_energy_per_atom,21.323294329311288,28.65129459946927,-0.281867432465958,24.753515854457525,45.986555669761394,56.326426536533326,72.59179058547001,43,"{""n_estimators"": 602, ""max_depth"": 7, ""learning_rate"": 0.0026573051269425923, ""subsample"": 0.7452333713712131, ""colsample_bytree"": 0.7092936629347071, ""min_child_weight"": 9, ""reg_alpha"": 1.2026835213338021e-06, ""reg_lambda"": 0.002628411112058467, ""gamma"": 0.00293466120258604}",1052.93666445165,delta_energy_per_atom,none
8,2,3,XGBoost,Final Energy,2981.5711021272514,4175.791492218898,-0.276255345010916,1610.9320760804903,7583.270981884145,9433.490250562434,9711.290346007201,43,"{""n_estimators"": 1201, ""max_depth"": 7, ""learning_rate"": 0.0016057144223820615, ""subsample"": 0.7589435972709029, ""colsample_bytree"": 0.8318793601135985, ""min_child_weight"": 8, ""reg_alpha"": 0.005301385428078705, ""reg_lambda"": 0.13420996662420068, ""gamma"": 1.7887539509708636e-07}",979.1782139033987,delta_energy_per_atom,soft
8,2,3,XGBoost,delta_energy_per_atom,21.230619585480692,29.344220829585932,-0.3446206542249777,21.083975449184088,53.2148059366865,59.66803177887027,72.67049923415165,43,"{""n_estimators"": 1201, ""max_depth"": 7, ""learning_rate"": 0.0016057144223820615, ""subsample"": 0.7589435972709029, ""colsample_bytree"": 0.8318793601135985, ""min_child_weight"": 8, ""reg_alpha"": 0.005301385428078705, ""reg_lambda"": 0.13420996662420068, ""gamma"": 1.7887539509708636e-07}",979.1782139033987,delta_energy_per_atom,soft
8,2,3,XGBoost,Final Energy,3009.2275694515447,4222.377987633564,-0.30489083634254355,1395.7795159362931,8108.230040502724,9445.069098829035,9785.736451964232,43,"{""n_estimators"": 308, ""max_depth"": 7, ""learning_rate"": 0.009527344653825704, ""subsample"": 0.8820175097966582, ""colsample_bytree"": 0.8267505665838262, ""min_child_weight"": 10, ""reg_alpha"": 4.955369614848284e-07, ""reg_lambda"": 0.004329865485274227, ""gamma"": 0.000150167678758255}",898.6256414839735,delta_energy_per_atom,robust
8,2,3,XGBoost,delta_energy_per_atom,21.521328003016407,30.072695366518523,-0.41221013297775944,19.743517532924322,53.59269900309275,62.588214180397166,71.64176693434696,43,"{""n_estimators"": 308, ""max_depth"": 7, ""learning_rate"": 0.009527344653825704, ""subsample"": 0.8820175097966582, ""colsample_bytree"": 0.8267505665838262, ""min_child_weight"": 10, ""reg_alpha"": 4.955369614848284e-07, ""reg_lambda"": 0.004329865485274227, ""gamma"": 0.000150167678758255}",898.6256414839735,delta_energy_per_atom,robust
8,2,3,LinearRegression,Final Energy,3205.257504955096,4391.979060997151,-0.41182375694776074,2471.910378947632,8376.10811217188,9593.210329921078,10258.421136704064,43,{},3502.445095859032,delta_energy,none
8,2,3,LinearRegression,delta_energy,3205.257504955096,4391.979060997151,-0.43034596374577494,2471.910378947631,8376.108112171882,9593.210329921078,10258.421136704064,43,{},3502.445095859032,delta_energy,none
8,2,3,Ridge,Final Energy,3144.5542731857718,4140.956808355724,-0.2550509739554574,2543.515866045962,8149.463459191517,9203.486843982717,9740.99761268572,43,"{""alpha"": 71.45049223246161}",3133.487956774125,delta_energy,none
8,2,3,Ridge,delta_energy,3144.554273185771,4140.956808355724,-0.27151642409911325,2543.515866045961,8149.463459191517,9203.486843982717,9740.99761268572,43,"{""alpha"": 71.45049223246161}",3133.487956774125,delta_energy,none
8,2,3,ElasticNet,Final Energy,3073.6926202467157,4252.732776850773,-0.32372006667507636,1215.3434681578428,8497.220957806223,9497.018497051307,9961.299578843413,43,"{""alpha"": 0.16473252090953158, ""l1_ratio"": 0.8517867627979666}",2958.0172606056126,delta_energy,none
8,2,3,ElasticNet,delta_energy,3073.6926202467157,4252.732776850773,-0.34108641052428523,1215.3434681578428,8497.220957806223,9497.018497051306,9961.299578843413,43,"{""alpha"": 0.16473252090953158, ""l1_ratio"": 0.8517867627979666}",2958.0172606056126,delta_energy,none
8,2,3,KernelRidge,Final Energy,3139.048143700813,4569.62942896151,-0.528346860083776,2347.7923042559532,9065.298319023976,10507.622186451841,12276.355510251498,43,"{""alpha"": 0.0010090421590542736, ""gamma"": 0.002096848698342174}",2037.9077847085553,delta_energy,none
8,2,3,KernelRidge,delta_energy,3139.0481437008143,4569.62942896151,-0.5483977739901742,2347.7923042559532,9065.298319023974,10507.622186451841,12276.3555102515,43,"{""alpha"": 0.0010090421590542736, ""gamma"": 0.002096848698342174}",2037.9077847085553,delta_energy,none
8,2,3,RandomForest,Final Energy,2763.1207031759063,4108.8421356056715,-0.23565967825275513,1553.5940150621864,8150.768616511366,9151.003390037553,12547.27123391709,43,"{""n_estimators"": 378, ""max_depth"": 11, ""min_samples_split"": 2, ""min_samples_leaf"": 2, ""max_features"": null}",2616.24080787016,delta_energy,none
8,2,3,RandomForest,delta_energy,2763.1207031759063,4108.842135605672,-0.2518707272451912,1553.5940150621864,8150.768616511366,9151.003390037551,12547.271233917092,43,"{""n_estimators"": 378, ""max_depth"": 11, ""min_samples_split"": 2, ""min_samples_leaf"": 2, ""max_features"": null}",2616.24080787016,delta_energy,none
8,2,3,RandomForest,Final Energy,2771.668230063946,4123.360901126204,-0.24440761689627055,1562.719554717174,7967.4368396467,9259.007778808462,12539.24866758204,43,"{""n_estimators"": 271, ""max_depth"": 16, ""min_samples_split"": 3, ""min_samples_leaf"": 1, ""max_features"": null}",2604.8999560976226,delta_energy,soft
8,2,3,RandomForest,delta_energy,2771.668230063946,4123.360901126204,-0.26073343313767405,1562.7195547171746,7967.4368396467,9259.00777880846,12539.248667582042,43,"{""n_estimators"": 271, ""max_depth"": 16, ""min_samples_split"": 3, ""min_samples_leaf"": 1, ""max_features"": null}",2604.8999560976226,delta_energy,soft
8,2,3,RandomForest,Final Energy,2813.824369413079,4112.817039035697,-0.23805159475447035,2120.3592608750205,7808.932466908759,9158.839497175239,12814.795311783082,43,"{""n_estimators"": 767, ""max_depth"": 18, ""min_samples_split"": 4, ""min_samples_leaf"": 4, ""max_features"": null}",2591.114264965001,delta_energy,robust
8,2,3,RandomForest,delta_energy,2813.824369413079,4112.817039035697,-0.25429402413122904,2120.3592608750205,7808.932466908759,9158.839497175239,12814.795311783084,43,"{""n_estimators"": 767, ""max_depth"": 18, ""min_samples_split"": 4, ""min_samples_leaf"": 4, ""max_features"": null}",2591.114264965001,delta_energy,robust
8,2,3,XGBoost,Final Energy,3561.9687219769885,4722.750698228069,-0.6324880298299407,3853.7710187383227,7896.601729942055,8599.116760796407,9874.664255003783,43,"{""n_estimators"": 991, ""max_depth"": 3, ""learning_rate"": 0.024596596932011078, ""subsample"": 0.8803927764511399, ""colsample_bytree"": 0.8425509651719596, ""min_child_weight"": 1, ""reg_alpha"": 0.00015404300660023178, ""reg_lambda"": 0.004509734439974594, ""gamma"": 0.03044820319366136}",2542.078057143702,delta_energy,none
8,2,3,XGBoost,delta_energy,3561.968721976989,4722.750698228069,-0.6539052079550367,3853.7710187383236,7896.601729942054,8599.116760796407,9874.664255003783,43,"{""n_estimators"": 991, ""max_depth"": 3, ""learning_rate"": 0.024596596932011078, ""subsample"": 0.8803927764511399, ""colsample_bytree"": 0.8425509651719596, ""min_child_weight"": 1, ""reg_alpha"": 0.00015404300660023178, ""reg_lambda"": 0.004509734439974594, ""gamma"": 0.03044820319366136}",2542.078057143702,delta_energy,none
8,2,3,XGBoost,Final Energy,3461.408630635178,4566.120993094649,-0.5260009155886742,3291.2153850847326,8563.111136050922,8770.590688076649,9487.031442503783,43,"{""n_estimators"": 489, ""max_depth"": 6, ""learning_rate"": 0.006735613302905244, ""subsample"": 0.7823541833785163, ""colsample_bytree"": 0.8503624286910465, ""min_child_weight"": 9, ""reg_alpha"": 6.555411829447976e-08, ""reg_lambda"": 0.003942820814421529, ""gamma"": 7.747380120197057e-08}",2606.9282425718366,delta_energy,soft
8,2,3,XGBoost,delta_energy,3461.408630635178,4566.120993094649,-0.5460210522334905,3291.2153850847335,8563.11113605092,8770.590688076649,9487.031442503783,43,"{""n_estimators"": 489, ""max_depth"": 6, ""learning_rate"": 0.006735613302905244, ""subsample"": 0.7823541833785163, ""colsample_bytree"": 0.8503624286910465, ""min_child_weight"": 9, ""reg_alpha"": 6.555411829447976e-08, ""reg_lambda"": 0.003942820814421529, ""gamma"": 7.747380120197057e-08}",2606.9282425718366,delta_energy,soft
8,2,3,XGBoost,Final Energy,3633.456777482385,4867.310395201139,-0.7339559051847604,3693.3150479463866,8689.710909629553,9217.47008923525,9789.983354273252,43,"{""n_estimators"": 925, ""max_depth"": 3, ""learning_rate"": 0.031079737923725658, ""subsample"": 0.8827219301987899, ""colsample_bytree"": 0.8290270283508091, ""min_child_weight"": 1, ""reg_alpha"": 0.21508646785217103, ""reg_lambda"": 2.2597962714446903e-05, ""gamma"": 1.1121204249152591e-07}",2497.8527612760486,delta_energy,robust
8,2,3,XGBoost,delta_energy,3633.4567774823854,4867.310395201139,-0.7567042756498554,3693.3150479463857,8689.710909629553,9217.47008923525,9789.983354273252,43,"{""n_estimators"": 925, ""max_depth"": 3, ""learning_rate"": 0.031079737923725658, ""subsample"": 0.8827219301987899, ""colsample_bytree"": 0.8290270283508091, ""min_child_weight"": 1, ""reg_alpha"": 0.21508646785217103, ""reg_lambda"": 2.2597962714446903e-05, ""gamma"": 1.1121204249152591e-07}",2497.8527612760486,delta_energy,robust
8,2,3,LinearRegression,Final Energy,3205.2575049545253,4391.979060996039,-0.41182375694704665,2471.9103789479705,8376.108112169904,9593.210329917882,10258.421136700179,43,{},3502.445095859194,final_energy_direct,none
8,2,3,LinearRegression,final_energy_direct,3205.2575049545253,4391.979060996039,-0.41182375694704665,2471.9103789479705,8376.108112169904,9593.210329917882,10258.421136700179,43,{},3502.445095859194,final_energy_direct,none
8,2,3,Ridge,Final Energy,3150.1144352604306,4148.279189109029,-0.2594934671978204,2549.5870595233537,8161.662514616884,9216.09651767314,9751.450392929699,43,"{""alpha"": 65.67269195019452}",3165.177309351043,final_energy_direct,none
8,2,3,Ridge,final_energy_direct,3150.1144352604306,4148.279189109029,-0.2594934671978204,2549.5870595233537,8161.662514616884,9216.09651767314,9751.450392929699,43,"{""alpha"": 65.67269195019452}",3165.177309351043,final_energy_direct,none
8,2,3,ElasticNet,Final Energy,3074.874876016489,4267.104312564515,-0.3326818498607067,1216.1330072023302,8487.639808365951,9539.609795673741,9940.563087663482,43,"{""alpha"": 0.15545937838050386, ""l1_ratio"": 0.7928343029826158}",3052.241603357051,final_energy_direct,none
8,2,3,ElasticNet,final_energy_direct,3074.874876016489,4267.104312564515,-0.3326818498607067,1216.1330072023302,8487.639808365951,9539.609795673741,9940.563087663482,43,"{""alpha"": 0.15545937838050386, ""l1_ratio"": 0.7928343029826158}",3052.241603357051,final_energy_direct,none
8,2,3,KernelRidge,Final Energy,3145.151053446621,4566.289221576919,-0.5261133618192659,2372.6437560324925,9066.83910958841,10465.083718261367,12202.116918548003,43,"{""alpha"": 0.0010054872321985653, ""gamma"": 0.0020209014272349127}",2069.401648606759,final_energy_direct,none
8,2,3,KernelRidge,final_energy_direct,3145.151053446621,4566.289221576919,-0.5261133618192659,2372.6437560324925,9066.83910958841,10465.083718261367,12202.116918548003,43,"{""alpha"": 0.0010054872321985653, ""gamma"": 0.0020209014272349127}",2069.401648606759,final_energy_direct,none
8,2,3,RandomForest,Final Energy,2833.3817889769575,4149.534240111277,-0.26025569538396587,2009.4895925452784,7819.086496179704,9113.649494793024,12830.720097550955,43,"{""n_estimators"": 205, ""max_depth"": 15, ""min_samples_split"": 5, ""min_samples_leaf"": 2, ""max_features"": null}",2676.6413494306075,final_energy_direct,none
8,2,3,RandomForest,final_energy_direct,2833.3817889769575,4149.534240111277,-0.26025569538396587,2009.4895925452784,7819.086496179704,9113.649494793024,12830.720097550955,43,"{""n_estimators"": 205, ""max_depth"": 15, ""min_samples_split"": 5, ""min_samples_leaf"": 2, ""max_features"": null}",2676.6413494306075,final_energy_direct,none
8,2,3,RandomForest,Final Energy,2771.189440318167,4102.411251957743,-0.23179476215992034,1750.733767108799,7738.942954914776,9150.712406182647,12796.694404272585,43,"{""n_estimators"": 323, ""max_depth"": 10, ""min_samples_split"": 2, ""min_samples_leaf"": 2, ""max_features"": null}",2659.337887488471,final_energy_direct,soft
8,2,3,RandomForest,final_energy_direct,2771.189440318167,4102.411251957743,-0.23179476215992034,1750.733767108799,7738.942954914776,9150.712406182647,12796.694404272585,43,"{""n_estimators"": 323, ""max_depth"": 10, ""min_samples_split"": 2, ""min_samples_leaf"": 2, ""max_features"": null}",2659.337887488471,final_energy_direct,soft
8,2,3,RandomForest,Final Energy,2826.629961237239,4149.278131671553,-0.26010013471584537,1719.839956051077,7830.22778737336,9191.501584066975,12801.519714224802,43,"{""n_estimators"": 639, ""max_depth"": 10, ""min_samples_split"": 3, ""min_samples_leaf"": 2, ""max_features"": null}",2659.839330564082,final_energy_direct,robust
8,2,3,RandomForest,final_energy_direct,2826.629961237239,4149.278131671553,-0.26010013471584537,1719.839956051077,7830.22778737336,9191.501584066975,12801.519714224802,43,"{""n_estimators"": 639, ""max_depth"": 10, ""min_samples_split"": 3, ""min_samples_leaf"": 2, ""max_features"": null}",2659.839330564082,final_energy_direct,robust
8,2,3,XGBoost,Final Energy,3701.0970173873147,5233.5938969055815,-1.004748994722298,2950.481505618911,9776.620855940591,10640.603630336585,10959.680663862895,43,"{""n_estimators"": 1275, ""max_depth"": 5, ""learning_rate"": 0.006299441039948064, ""subsample"": 0.9980262792987564, ""colsample_bytree"": 0.9133493299269348, ""min_child_weight"": 2, ""reg_alpha"": 7.55354010384556e-08, ""reg_lambda"": 0.028475965685318988, ""gamma"": 0.022010610157054983}",2629.8876185636204,final_energy_direct,none
8,2,3,XGBoost,final_energy_direct,3701.0970173873147,5233.5938969055815,-1.004748994722298,2950.481505618911,9776.620855940591,10640.603630336585,10959.680663862895,43,"{""n_estimators"": 1275, ""max_depth"": 5, ""learning_rate"": 0.006299441039948064, ""subsample"": 0.9980262792987564, ""colsample_bytree"": 0.9133493299269348, ""min_child_weight"": 2, ""reg_alpha"": 7.55354010384556e-08, ""reg_lambda"": 0.028475965685318988, ""gamma"": 0.022010610157054983}",2629.8876185636204,final_energy_direct,none
8,2,3,XGBoost,Final Energy,3656.504861474102,4975.552547897532,-0.8119349340641577,3365.8063204472637,9150.546592314366,9367.012032842022,9862.44531483956,43,"{""n_estimators"": 892, ""max_depth"": 5, ""learning_rate"": 0.024280756636313128, ""subsample"": 0.9110925506977076, ""colsample_bytree"": 0.8708083265935656, ""min_child_weight"": 1, ""reg_alpha"": 0.00012851906984172245, ""reg_lambda"": 9.699053422356335e-05, ""gamma"": 0.0010010677865817889}",2618.8702208048244,final_energy_direct,soft
8,2,3,XGBoost,final_energy_direct,3656.504861474102,4975.552547897532,-0.8119349340641577,3365.8063204472637,9150.546592314366,9367.012032842022,9862.44531483956,43,"{""n_estimators"": 892, ""max_depth"": 5, ""learning_rate"": 0.024280756636313128, ""subsample"": 0.9110925506977076, ""colsample_bytree"": 0.8708083265935656, ""min_child_weight"": 1, ""reg_alpha"": 0.00012851906984172245, ""reg_lambda"": 9.699053422356335e-05, ""gamma"": 0.0010010677865817889}",2618.8702208048244,final_energy_direct,soft
8,2,3,XGBoost,Final Energy,3703.2417293273274,5040.09105080018,-0.8592454530927731,3554.296149886217,9375.334871731828,9651.92326199004,10077.096892716658,43,"{""n_estimators"": 929, ""max_depth"": 3, ""learning_rate"": 0.03483307012950812, ""subsample"": 0.9259924978118309, ""colsample_bytree"": 0.9244972363099838, ""min_child_weight"": 1, ""reg_alpha"": 0.08078958916070376, ""reg_lambda"": 0.06120080225837628, ""gamma"": 2.73297794893073e-05}",2615.4429803274384,final_energy_direct,robust
8,2,3,XGBoost,final_energy_direct,3703.2417293273274,5040.09105080018,-0.8592454530927731,3554.296149886217,9375.334871731828,9651.92326199004,10077.096892716658,43,"{""n_estimators"": 929, ""max_depth"": 3, ""learning_rate"": 0.03483307012950812, ""subsample"": 0.9259924978118309, ""colsample_bytree"": 0.9244972363099838, ""min_child_weight"": 1, ""reg_alpha"": 0.08078958916070376, ""reg_lambda"": 0.06120080225837628, ""gamma"": 2.73297794893073e-05}",2615.4429803274384,final_energy_direct,robust
9,2,4,LinearRegression,HOMO,0.14160886198040362,0.2057100916538409,0.05036486006361163,0.09274169942714217,0.2927312150977207,0.4735655828353466,0.7549394423768527,45,{},0.20213237578592375,,
9,2,4,LinearRegression,delta_homo,0.14160886198040362,0.20571009165384088,-0.30694772332099607,0.09274169942714261,0.29273121509772054,0.4735655828353465,0.7549394423768527,45,{},0.20213237578592375,,
9,2,4,Ridge,HOMO,0.1433108010232315,0.19730723157037672,0.12636185637501973,0.11164014870968675,0.3210939898388471,0.37436183042265947,0.5929522154723532,45,"{""alpha"": 758.5895056683754}",0.135259965401978,,
9,2,4,Ridge,delta_homo,0.14331080102323154,0.1973072315703768,-0.20235586784787118,0.11164014870968675,0.3210939898388474,0.3743618304226592,0.5929522154723537,45,"{""alpha"": 758.5895056683754}",0.135259965401978,,
9,2,4,ElasticNet,HOMO,0.14242925438329507,0.20102416608073093,0.0931360881904143,0.09345976978144499,0.30250461802679834,0.43170570437237143,0.6449991257849135,45,"{""alpha"": 0.14774807474404306, ""l1_ratio"": 0.7959999894378835}",0.1346224685717001,,
9,2,4,ElasticNet,delta_homo,0.14242925438329498,0.20102416608073087,-0.24808326383215284,0.09345976978144543,0.30250461802679834,0.4317057043723714,0.6449991257849135,45,"{""alpha"": 0.14774807474404306, ""l1_ratio"": 0.7959999894378835}",0.1346224685717001,,
9,2,4,KernelRidge,HOMO,0.1335063463371198,0.17855896806970456,0.28450118946812986,0.10117761597512409,0.31178875162096936,0.3694571865120989,0.5178561787196267,45,"{""alpha"": 0.2058647580359914, ""gamma"": 0.32338067041965646}",0.12788875749610765,,
9,2,4,KernelRidge,delta_homo,0.13350634633711975,0.1785589680697045,0.01528544791829467,0.10117761597512454,0.3117887516209692,0.3694571865120989,0.5178561787196267,45,"{""alpha"": 0.2058647580359914, ""gamma"": 0.32338067041965646}",0.12788875749610765,,
9,2,4,RandomForest,HOMO,0.19787394118314544,0.2720290577504029,-0.6606426046578315,0.11679423172477144,0.4357696712404941,0.6035100700176534,0.8054435550693473,45,"{""n_estimators"": 950, ""max_depth"": 12, ""min_samples_split"": 3, ""min_samples_leaf"": 2, ""max_features"": null}",0.12785763130336664,,
9,2,4,RandomForest,delta_homo,0.19787394118314544,0.2720290577504029,-1.2854810022644965,0.11679423172477144,0.4357696712404941,0.6035100700176533,0.8054435550693473,45,"{""n_estimators"": 950, ""max_depth"": 12, ""min_samples_split"": 3, ""min_samples_leaf"": 2, ""max_features"": null}",0.12785763130336664,,
9,2,4,XGBoost,HOMO,0.17619727904697002,0.2419347827131225,-0.31353667511164707,0.1060549592437745,0.4082088147125251,0.5200996339111332,0.6892190606994637,45,"{""n_estimators"": 1400, ""max_depth"": 3, ""learning_rate"": 0.0040398043242539225, ""subsample"": 0.9567352775158192, ""colsample_bytree"": 0.7796100079253332, ""min_child_weight"": 3, ""reg_alpha"": 0.00018417260443059214, ""reg_lambda"": 0.010794600678052883, ""gamma"": 1.6299250642796396e-08}",0.12683299438296827,,
9,2,4,XGBoost,delta_homo,0.17619727904697002,0.2419347827131225,-0.8077719482356076,0.1060549592437745,0.4082088147125251,0.5200996339111332,0.6892190606994637,45,"{""n_estimators"": 1400, ""max_depth"": 3, ""learning_rate"": 0.0040398043242539225, ""subsample"": 0.9567352775158192, ""colsample_bytree"": 0.7796100079253332, ""min_child_weight"": 3, ""reg_alpha"": 0.00018417260443059214, ""reg_lambda"": 0.010794600678052883, ""gamma"": 1.6299250642796396e-08}",0.12683299438296827,,
9,2,4,LinearRegression,LUMO,0.234150172113333,0.35862840541596513,0.7705877260023005,0.1798512787608385,0.3480882450819353,0.40175226558820215,1.801885296627165,45,{},0.25569767571477664,,
9,2,4,LinearRegression,delta_lumo,0.23415017211333308,0.3586284054159651,-0.9145260847583818,0.17985127876083862,0.3480882450819357,0.40175226558820193,1.801885296627165,45,{},0.25569767571477664,,
9,2,4,Ridge,LUMO,0.19192849063200917,0.312634241480603,0.8256586659823584,0.1433398690730905,0.3217186060627106,0.35471599513483754,1.6659204715524432,45,"{""alpha"": 969.1572015627777}",0.16835190799329236,,
9,2,4,Ridge,delta_lumo,0.19192849063200923,0.3126342414806031,-0.45493972842837627,0.14333986907309093,0.3217186060627107,0.354715995134838,1.6659204715524432,45,"{""alpha"": 969.1572015627777}",0.16835190799329236,,
9,2,4,ElasticNet,LUMO,0.19227503431833043,0.3142592272631582,0.8238416004509962,0.14975876525148712,0.32067938948513774,0.3609446724195868,1.6766961962321103,45,"{""alpha"": 0.9517959257280098, ""l1_ratio"": 0.16875323431604936}",0.17067236357153076,,
9,2,4,ElasticNet,delta_lumo,0.19227503431833048,0.31425922726315825,-0.470103779143217,0.14975876525148735,0.32067938948513786,0.3609446724195872,1.6766961962321103,45,"{""alpha"": 0.9517959257280098, ""l1_ratio"": 0.16875323431604936}",0.17067236357153076,,
9,2,4,KernelRidge,LUMO,0.25411140268800453,0.382632987570537,0.7388487572716724,0.21180511568365357,0.4577780840330685,0.5189726280938343,1.8051357819667642,45,"{""alpha"": 0.4717296616539074, ""gamma"": 0.01308038405497902}",0.14683142656890563,,
9,2,4,KernelRidge,delta_lumo,0.2541114026880046,0.38263298757053704,-1.179398937806897,0.2118051156836538,0.4577780840330688,0.5189726280938346,1.8051357819667642,45,"{""alpha"": 0.4717296616539074, ""gamma"": 0.01308038405497902}",0.14683142656890563,,
9,2,4,RandomForest,LUMO,0.2771014525968524,0.38342532027664167,0.7377660858096196,0.2578419191152659,0.42506714327496725,0.4870736337227201,1.7805031351764935,45,"{""n_estimators"": 728, ""max_depth"": 7, ""min_samples_split"": 2, ""min_samples_leaf"": 1, ""max_features"": ""log2""}",0.15126218933849844,,
9,2,4,RandomForest,delta_lumo,0.2771014525968524,0.3834253202766418,-1.1884342118103466,0.25784191911526566,0.42506714327496753,0.4870736337227205,1.7805031351764935,45,"{""n_estimators"": 728, ""max_depth"": 7, ""min_samples_split"": 2, ""min_samples_leaf"": 1, ""max_features"": ""log2""}",0.15126218933849844,,
9,2,4,XGBoost,LUMO,0.3408638766255697,0.4583091864071305,0.6253338961121622,0.3485713927917481,0.534127134857178,0.5660223272216794,1.9162952911071773,45,"{""n_estimators"": 1247, ""max_depth"": 6, ""learning_rate"": 0.0023375459774340407, ""subsample"": 0.9383769265038822, ""colsample_bytree"": 0.8802489829770432, ""min_child_weight"": 1, ""reg_alpha"": 5.539936862928814e-08, ""reg_lambda"": 3.10873409519573, ""gamma"": 1.1336428782937675e-08}",0.13681068927464812,,
9,2,4,XGBoost,delta_lumo,0.3408638766255698,0.45830918640713053,-2.126720364470355,0.3485713927917482,0.5341271348571784,0.5660223272216797,1.9162952911071773,45,"{""n_estimators"": 1247, ""max_depth"": 6, ""learning_rate"": 0.0023375459774340407, ""subsample"": 0.9383769265038822, ""colsample_bytree"": 0.8802489829770432, ""min_child_weight"": 1, ""reg_alpha"": 5.539936862928814e-08, ""reg_lambda"": 3.10873409519573, ""gamma"": 1.1336428782937675e-08}",0.13681068927464812,,
9,2,4,LinearRegression,Final Energy,3306.9365452277534,3651.8465968552878,-7.468884667583605,3686.8095028577163,4838.447191553792,5102.626324023254,7042.072641871765,45,{},4724.325059060242,delta_energy_per_atom,none
9,2,4,LinearRegression,delta_energy_per_atom,18.746953364688935,21.201677467666965,-1.0529962195374871,19.740271425586887,28.063910104348064,28.440749222683866,52.64343310091536,45,{},4724.325059060242,delta_energy_per_atom,none
9,2,4,Ridge,Final Energy,2936.296845475814,3058.8720855770966,-4.941878941684399,2855.0820215424483,3817.9419218800126,4273.201440911735,5357.092122439417,45,"{""alpha"": 971.6967740090589}",2551.9904020579397,delta_energy_per_atom,none
9,2,4,Ridge,delta_energy_per_atom,16.851979234002496,18.864073810867705,-0.6252443943464707,15.141161253938275,21.029616909828476,21.668759646402567,63.77490621951687,45,"{""alpha"": 971.6967740090589}",2551.9904020579397,delta_energy_per_atom,none
9,2,4,ElasticNet,Final Energy,3245.2160471213033,3386.760577778804,-6.28400371551653,3295.8238050701775,4463.924753042945,4665.110403410884,5486.026916272186,45,"{""alpha"": 0.5331330463459278, ""l1_ratio"": 0.584487996640002}",1900.3912144627043,delta_energy_per_atom,none
9,2,4,ElasticNet,delta_energy_per_atom,18.54117806696726,20.52474061288704,-0.923991093588312,17.461699012140063,23.764718934261897,24.479387204087487,65.30984424133555,45,"{""alpha"": 0.5331330463459278, ""l1_ratio"": 0.584487996640002}",1900.3912144627043,delta_energy_per_atom,none
9,2,4,KernelRidge,Final Energy,3067.3524286686948,3204.8119311634223,-5.522382505193588,3099.177659113103,4087.4516501149146,4475.370462496952,5108.932621913619,45,"{""alpha"": 3.0135693575734868, ""gamma"": 0.0033405922612794836}",1875.1286886776506,delta_energy_per_atom,none
9,2,4,KernelRidge,delta_energy_per_atom,17.564440861131402,19.443173591735437,-0.726561330885716,17.04240113200622,22.743719875143274,23.732749060297415,60.82062645135261,45,"{""alpha"": 3.0135693575734868, ""gamma"": 0.0033405922612794836}",1875.1286886776506,delta_energy_per_atom,none
9,2,4,RandomForest,Final Energy,2133.6154449805967,2722.8471230057894,-3.7081217295851454,1928.4270077663227,4689.3895219160695,4962.320667806065,7035.06454570156,45,"{""n_estimators"": 766, ""max_depth"": 14, ""min_samples_split"": 5, ""min_samples_leaf"": 4, ""max_features"": null}",1812.3478356999228,delta_energy_per_atom,none
9,2,4,RandomForest,delta_energy_per_atom,12.258099374093408,16.401472628583882,-0.2286081438530989,10.480581563947403,26.892913077373702,26.971322599459977,55.44980042386638,45,"{""n_estimators"": 766, ""max_depth"": 14, ""min_samples_split"": 5, ""min_samples_leaf"": 4, ""max_features"": null}",1812.3478356999228,delta_energy_per_atom,none
9,2,4,RandomForest,Final Energy,2140.775849977812,2690.3724333897917,-3.5964863591334657,1932.0794794048006,4142.95772904384,4820.2051416904005,6767.046109204197,45,"{""n_estimators"": 514, ""max_depth"": 8, ""min_samples_split"": 2, ""min_samples_leaf"": 4, ""max_features"": null}",1780.0471499641549,delta_energy_per_atom,soft
9,2,4,RandomForest,delta_energy_per_atom,12.442153280711393,16.940923126550825,-0.3107559752431377,10.609633706999201,22.2093316372358,27.405873259665437,65.043376715101,45,"{""n_estimators"": 514, ""max_depth"": 8, ""min_samples_split"": 2, ""min_samples_leaf"": 4, ""max_features"": null}",1780.0471499641549,delta_energy_per_atom,soft
9,2,4,RandomForest,Final Energy,1973.5424346949544,2271.920478241729,-2.2778374973999886,1904.1203436666274,2971.2571769119427,3863.266653938186,5763.964947031501,45,"{""n_estimators"": 285, ""max_depth"": 3, ""min_samples_split"": 8, ""min_samples_leaf"": 4, ""max_features"": null}",1649.1547694996684,delta_energy_per_atom,robust
9,2,4,RandomForest,delta_energy_per_atom,11.754510934905044,15.810765748981161,-0.1417039699008913,9.979373000974764,17.133595002301355,21.127983879705155,68.61863032180358,45,"{""n_estimators"": 285, ""max_depth"": 3, ""min_samples_split"": 8, ""min_samples_leaf"": 4, ""max_features"": null}",1649.1547694996684,delta_energy_per_atom,robust
9,2,4,XGBoost,Final Energy,2587.751792077036,3066.212876160043,-4.970432229225029,2446.1391371747277,5092.941509225064,5258.60762258077,6542.46628109749,45,"{""n_estimators"": 485, ""max_depth"": 4, ""learning_rate"": 0.004876685601693547, ""subsample"": 0.707390388134355, ""colsample_bytree"": 0.748102442469568, ""min_child_weight"": 10, ""reg_alpha"": 1.29063492822648e-07, ""reg_lambda"": 4.929852441224736, ""gamma"": 1.8852002069132655e-05}",1791.57914342522,delta_energy_per_atom,none
9,2,4,XGBoost,delta_energy_per_atom,14.924210599054957,18.534810893366704,-0.5690038940032189,13.131347723711169,28.02994569093806,34.294115709222375,54.112415062327116,45,"{""n_estimators"": 485, ""max_depth"": 4, ""learning_rate"": 0.004876685601693547, ""subsample"": 0.707390388134355, ""colsample_bytree"": 0.748102442469568, ""min_child_weight"": 10, ""reg_alpha"": 1.29063492822648e-07, ""reg_lambda"": 4.929852441224736, ""gamma"": 1.8852002069132655e-05}",1791.57914342522,delta_energy_per_atom,none
9,2,4,XGBoost,Final Energy,2561.016698925245,2930.025964180582,-4.451852588525338,2745.420960146532,4655.313802377001,5078.830449462337,5320.310693604619,45,"{""n_estimators"": 304, ""max_depth"": 5, ""learning_rate"": 0.003823992789446642, ""subsample"": 0.7006537854120587, ""colsample_bytree"": 0.9494448179301447, ""min_child_weight"": 10, ""reg_alpha"": 9.646693866791065e-07, ""reg_lambda"": 8.243517240547007e-05, ""gamma"": 0.020565456369851905}",1657.2786619219537,delta_energy_per_atom,soft
9,2,4,XGBoost,delta_energy_per_atom,14.906499466680824,18.415728948539375,-0.5489076724832271,15.10940544045797,25.702011836151296,28.564161442937618,63.33703206672165,45,"{""n_estimators"": 304, ""max_depth"": 5, ""learning_rate"": 0.003823992789446642, ""subsample"": 0.7006537854120587, ""colsample_bytree"": 0.9494448179301447, ""min_child_weight"": 10, ""reg_alpha"": 9.646693866791065e-07, ""reg_lambda"": 8.243517240547007e-05, ""gamma"": 0.020565456369851905}",1657.2786619219537,delta_energy_per_atom,soft
9,2,4,XGBoost,Final Energy,1893.7789679241328,2202.7180399099275,-2.0811935785153715,1975.066078926964,2866.845460882871,3509.374761390309,5939.034601075322,45,"{""n_estimators"": 433, ""max_depth"": 8, ""learning_rate"": 0.0011452531432714584, ""subsample"": 0.7919592886101147, ""colsample_bytree"": 0.9847346394281825, ""min_child_weight"": 9, ""reg_alpha"": 8.188216462198137e-05, ""reg_lambda"": 0.10637298943885444, ""gamma"": 0.02368564005997535}",1544.4944413282717,delta_energy_per_atom,robust
9,2,4,XGBoost,delta_energy_per_atom,11.314755192117566,15.658634116209994,-0.11983865733930421,10.288398832112009,16.22724584274612,18.1997718957391,70.7027928699443,45,"{""n_estimators"": 433, ""max_depth"": 8, ""learning_rate"": 0.0011452531432714584, ""subsample"": 0.7919592886101147, ""colsample_bytree"": 0.9847346394281825, ""min_child_weight"": 9, ""reg_alpha"": 8.188216462198137e-05, ""reg_lambda"": 0.10637298943885444, ""gamma"": 0.02368564005997535}",1544.4944413282717,delta_energy_per_atom,robust
9,2,4,LinearRegression,Final Energy,2539.8155698938212,2777.5628482758707,-3.8992427202235964,2706.1746834978367,3630.957437346164,4163.5919936909995,5735.376503417633,45,{},2559.7079809175425,delta_energy,none
9,2,4,LinearRegression,delta_energy,2539.8155698938212,2777.5628482758707,-3.792639291774676,2706.1746834978358,3630.957437346164,4163.5919936909995,5735.376503417634,45,{},2559.7079809175425,delta_energy,none
9,2,4,Ridge,Final Energy,2430.502548909056,2631.4858504862295,-3.397473643470157,2556.613849850394,3528.767071456433,3868.266682039821,5267.33403791876,45,"{""alpha"": 8.259834855308258}",2476.6547271133045,delta_energy,none
9,2,4,Ridge,delta_energy,2430.5025489090563,2631.4858504862295,-3.3017882909211638,2556.613849850394,3528.7670714564333,3868.2666820398213,5267.334037918761,45,"{""alpha"": 8.259834855308258}",2476.6547271133045,delta_energy,none
9,2,4,ElasticNet,Final Energy,2502.8973401967924,2703.5176589556895,-3.641513181865319,2586.627069099361,3660.762500879697,4115.827633943661,5125.351097892734,45,"{""alpha"": 0.009928153120885314, ""l1_ratio"": 0.7984471701902408}",2447.066980846036,delta_energy,none
9,2,4,ElasticNet,delta_energy,2502.8973401967924,2703.5176589556895,-3.5405177328472064,2586.6270690993606,3660.762500879697,4115.827633943662,5125.351097892735,45,"{""alpha"": 0.009928153120885314, ""l1_ratio"": 0.7984471701902408}",2447.066980846036,delta_energy,none
9,2,4,KernelRidge,Final Energy,2557.0527855195724,2849.1139707211955,-4.154906725928647,3094.548447082854,3845.982724279834,3955.968042380398,5116.4118407902,45,"{""alpha"": 0.036270957239514234, ""gamma"": 0.002604266268734235}",1926.416328327647,delta_energy,none
9,2,4,KernelRidge,delta_energy,2557.0527855195724,2849.1139707211955,-4.0427402623137745,3094.548447082854,3845.9827242798347,3955.9680423803975,5116.411840790201,45,"{""alpha"": 0.036270957239514234, ""gamma"": 0.002604266268734235}",1926.416328327647,delta_energy,none
9,2,4,RandomForest,Final Energy,951.4436521949307,1279.3721729366687,-0.039429330483399694,686.8933403689621,2451.0456361869974,2826.909039718727,3431.8791606477835,45,"{""n_estimators"": 635, ""max_depth"": 3, ""min_samples_split"": 6, ""min_samples_leaf"": 1, ""max_features"": null}",3139.359339874239,delta_energy,none
9,2,4,RandomForest,delta_energy,951.4436521949307,1279.3721729366687,-0.01681221665833954,686.8933403689616,2451.0456361869974,2826.909039718727,3431.8791606477835,45,"{""n_estimators"": 635, ""max_depth"": 3, ""min_samples_split"": 6, ""min_samples_leaf"": 1, ""max_features"": null}",3139.359339874239,delta_energy,none
9,2,4,RandomForest,Final Energy,1208.1897945468895,1592.8189431906592,-0.6111426372773023,1016.8766865585185,2909.450348626011,3279.0084878155867,4068.009101805159,45,"{""n_estimators"": 449, ""max_depth"": 11, ""min_samples_split"": 8, ""min_samples_leaf"": 1, ""max_features"": null}",3199.8871933963346,delta_energy,soft
9,2,4,RandomForest,delta_energy,1208.1897945468895,1592.8189431906592,-0.5760855195425525,1016.8766865585185,2909.450348626011,3279.0084878155867,4068.009101805159,45,"{""n_estimators"": 449, ""max_depth"": 11, ""min_samples_split"": 8, ""min_samples_leaf"": 1, ""max_features"": null}",3199.8871933963346,delta_energy,soft
9,2,4,RandomForest,Final Energy,901.9711767298757,1241.8958668661558,0.02057422190667524,616.7022521135723,2311.337058244645,2663.5452956331815,3501.5574042869275,45,"{""n_estimators"": 253, ""max_depth"": 3, ""min_samples_split"": 7, ""min_samples_leaf"": 1, ""max_features"": null}",3259.108211677422,delta_energy,robust
9,2,4,RandomForest,delta_energy,901.9711767298757,1241.8958668661558,0.04188570856256291,616.7022521135718,2311.337058244645,2663.5452956331815,3501.5574042869275,45,"{""n_estimators"": 253, ""max_depth"": 3, ""min_samples_split"": 7, ""min_samples_leaf"": 1, ""max_features"": null}",3259.108211677422,delta_energy,robust
9,2,4,XGBoost,Final Energy,1425.7427731466612,2023.2595044972911,-1.599586933010352,1063.2356947919152,3825.641220989422,3999.9609932254216,6597.087990029786,45,"{""n_estimators"": 1255, ""max_depth"": 8, ""learning_rate"": 0.004723061647539205, ""subsample"": 0.7092174978695518, ""colsample_bytree"": 0.7284475425096008, ""min_child_weight"": 1, ""reg_alpha"": 0.1634179862096109, ""reg_lambda"": 0.2427177789511004, ""gamma"": 0.27566619589234514}",2585.158442163472,delta_energy,none
9,2,4,XGBoost,delta_energy,1425.7427731466612,2023.2595044972911,-1.5430220932105252,1063.2356947919152,3825.6412209894215,3999.9609932254225,6597.087990029786,45,"{""n_estimators"": 1255, ""max_depth"": 8, ""learning_rate"": 0.004723061647539205, ""subsample"": 0.7092174978695518, ""colsample_bytree"": 0.7284475425096008, ""min_child_weight"": 1, ""reg_alpha"": 0.1634179862096109, ""reg_lambda"": 0.2427177789511004, ""gamma"": 0.27566619589234514}",2585.158442163472,delta_energy,none
9,2,4,XGBoost,Final Energy,1571.5208810271754,2059.822257620993,-1.6943912543147168,1264.3747923830633,3660.420195385474,4367.32569996453,5291.068458779786,45,"{""n_estimators"": 1272, ""max_depth"": 6, ""learning_rate"": 0.0038894275177713896, ""subsample"": 0.8129887649901061, ""colsample_bytree"": 0.7936604223492972, ""min_child_weight"": 4, ""reg_alpha"": 0.9128821064098159, ""reg_lambda"": 0.002796869627228587, ""gamma"": 0.0014468035349748925}",3326.7473728524756,delta_energy,soft
9,2,4,XGBoost,delta_energy,1571.5208810271754,2059.822257620993,-1.6357635516889468,1264.3747923830633,3660.4201953854736,4367.32569996453,5291.068458779786,45,"{""n_estimators"": 1272, ""max_depth"": 6, ""learning_rate"": 0.0038894275177713896, ""subsample"": 0.8129887649901061, ""colsample_bytree"": 0.7936604223492972, ""min_child_weight"": 4, ""reg_alpha"": 0.9128821064098159, ""reg_lambda"": 0.002796869627228587, ""gamma"": 0.0014468035349748925}",3326.7473728524756,delta_energy,soft
9,2,4,XGBoost,Final Energy,1377.8086039583263,1777.5195444407714,-1.006457366182675,1101.0588744143133,3312.05188035852,3805.5451719335188,3986.1863753656635,45,"{""n_estimators"": 1113, ""max_depth"": 4, ""learning_rate"": 0.0031528181582881863, ""subsample"": 0.9899130829705073, ""colsample_bytree"": 0.8490940247539716, ""min_child_weight"": 9, ""reg_alpha"": 1.70433363126051e-08, ""reg_lambda"": 0.000518375723339717, ""gamma"": 0.004573007354517143}",3317.3241464751363,delta_energy,robust
9,2,4,XGBoost,delta_energy,1377.8086039583263,1777.5195444407714,-0.9627985302183488,1101.0588744143133,3312.0518803585205,3805.545171933519,3986.1863753656635,45,"{""n_estimators"": 1113, ""max_depth"": 4, ""learning_rate"": 0.0031528181582881863, ""subsample"": 0.9899130829705073, ""colsample_bytree"": 0.8490940247539716, ""min_child_weight"": 9, ""reg_alpha"": 1.70433363126051e-08, ""reg_lambda"": 0.000518375723339717, ""gamma"": 0.004573007354517143}",3317.3241464751363,delta_energy,robust
9,2,4,LinearRegression,Final Energy,2539.815569893766,2777.5628482758225,-3.899242720223425,2706.174683497544,3630.9574373461865,4163.591993690954,5735.376503417584,45,{},2559.7079809178185,final_energy_direct,none
9,2,4,LinearRegression,final_energy_direct,2539.815569893766,2777.5628482758225,-3.899242720223425,2706.174683497544,3630.9574373461865,4163.591993690954,5735.376503417584,45,{},2559.7079809178185,final_energy_direct,none
9,2,4,Ridge,Final Energy,2435.859645696288,2637.5612272655335,-3.4178021962987897,2572.1095557428534,3537.339222820198,3873.949085761094,5294.111072942728,45,"{""alpha"": 7.549389578966869}",2478.94122107146,final_energy_direct,none
9,2,4,Ridge,final_energy_direct,2435.859645696288,2637.5612272655335,-3.4178021962987897,2572.1095557428534,3537.339222820198,3873.949085761094,5294.111072942728,45,"{""alpha"": 7.549389578966869}",2478.94122107146,final_energy_direct,none
9,2,4,ElasticNet,Final Energy,2506.77713796839,2706.03929256967,-3.65017571381342,2595.284039902846,3660.058123037327,4119.763765392176,5114.215393336654,45,"{""alpha"": 0.010624467794412505, ""l1_ratio"": 0.751400231612503}",2445.518517608136,final_energy_direct,none
9,2,4,ElasticNet,final_energy_direct,2506.77713796839,2706.03929256967,-3.65017571381342,2595.284039902846,3660.058123037327,4119.763765392176,5114.215393336654,45,"{""alpha"": 0.010624467794412505, ""l1_ratio"": 0.751400231612503}",2445.518517608136,final_energy_direct,none
9,2,4,KernelRidge,Final Energy,2533.0844480415867,2825.3087834176945,-4.069125063575508,3019.0913036558013,3849.3346699806575,3927.9898420912955,5129.85041611434,45,"{""alpha"": 0.026643676787437575, ""gamma"": 0.001870356585083494}",1990.3725042562585,final_energy_direct,none
9,2,4,KernelRidge,final_energy_direct,2533.0844480415867,2825.3087834176945,-4.069125063575508,3019.0913036558013,3849.3346699806575,3927.9898420912955,5129.85041611434,45,"{""alpha"": 0.026643676787437575, ""gamma"": 0.001870356585083494}",1990.3725042562585,final_energy_direct,none
9,2,4,RandomForest,Final Energy,944.1897838396989,1269.0846181241855,-0.022780236550542954,677.3124377739264,2467.8605499475375,2795.634176798717,3233.0488537396877,45,"{""n_estimators"": 878, ""max_depth"": 3, ""min_samples_split"": 8, ""min_samples_leaf"": 1, ""max_features"": null}",3209.282108413949,final_energy_direct,none
9,2,4,RandomForest,final_energy_direct,944.1897838396989,1269.0846181241855,-0.022780236550542954,677.3124377739264,2467.8605499475375,2795.634176798717,3233.0488537396877,45,"{""n_estimators"": 878, ""max_depth"": 3, ""min_samples_split"": 8, ""min_samples_leaf"": 1, ""max_features"": null}",3209.282108413949,final_energy_direct,none
9,2,4,RandomForest,Final Energy,1209.7514359428578,1583.4284697058424,-0.5922016338826266,1070.7049423252984,2901.2278670274773,3267.6347439350066,3932.506085981817,45,"{""n_estimators"": 948, ""max_depth"": 11, ""min_samples_split"": 10, ""min_samples_leaf"": 1, ""max_features"": null}",3277.362021815584,final_energy_direct,soft
9,2,4,RandomForest,final_energy_direct,1209.7514359428578,1583.4284697058424,-0.5922016338826266,1070.7049423252984,2901.2278670274773,3267.6347439350066,3932.506085981817,45,"{""n_estimators"": 948, ""max_depth"": 11, ""min_samples_split"": 10, ""min_samples_leaf"": 1, ""max_features"": null}",3277.362021815584,final_energy_direct,soft
9,2,4,RandomForest,Final Energy,1240.508715353232,1652.9535480684572,-0.7350918303407865,1023.2046595665615,3080.0530509752807,3743.2370896201096,4002.499704976619,45,"{""n_estimators"": 870, ""max_depth"": 14, ""min_samples_split"": 8, ""min_samples_leaf"": 1, ""max_features"": null}",3348.4395381745803,final_energy_direct,robust
9,2,4,RandomForest,final_energy_direct,1240.508715353232,1652.9535480684572,-0.7350918303407865,1023.2046595665615,3080.0530509752807,3743.2370896201096,4002.499704976619,45,"{""n_estimators"": 870, ""max_depth"": 14, ""min_samples_split"": 8, ""min_samples_leaf"": 1, ""max_features"": null}",3348.4395381745803,final_energy_direct,robust
9,2,4,XGBoost,Final Energy,1590.2262345420468,2173.508066312508,-2.000016749267826,1255.3213468210834,3792.1583241762933,4324.477491577945,6614.159401351824,45,"{""n_estimators"": 401, ""max_depth"": 6, ""learning_rate"": 0.03466400174427675, ""subsample"": 0.7729889755600249, ""colsample_bytree"": 0.7032156856149268, ""min_child_weight"": 1, ""reg_alpha"": 3.508793247850716e-05, ""reg_lambda"": 0.2672605834654768, ""gamma"": 0.004996798679464288}",2725.6714016168353,final_energy_direct,none
9,2,4,XGBoost,final_energy_direct,1590.2262345420468,2173.508066312508,-2.000016749267826,1255.3213468210834,3792.1583241762933,4324.477491577945,6614.159401351824,45,"{""n_estimators"": 401, ""max_depth"": 6, ""learning_rate"": 0.03466400174427675, ""subsample"": 0.7729889755600249, ""colsample_bytree"": 0.7032156856149268, ""min_child_weight"": 1, ""reg_alpha"": 3.508793247850716e-05, ""reg_lambda"": 0.2672605834654768, ""gamma"": 0.004996798679464288}",2725.6714016168353,final_energy_direct,none
9,2,4,XGBoost,Final Energy,1720.045826553926,2407.739564683882,-2.681460841604509,1328.7289238575513,4191.558502261991,5890.100972349891,6373.4141458775,45,"{""n_estimators"": 424, ""max_depth"": 6, ""learning_rate"": 0.018127233792907867, ""subsample"": 0.9557824439866747, ""colsample_bytree"": 0.9122397769998661, ""min_child_weight"": 3, ""reg_alpha"": 0.029738935055463756, ""reg_lambda"": 0.002721445357606705, ""gamma"": 5.967098934289128e-05}",3396.5917155286816,final_energy_direct,soft
9,2,4,XGBoost,final_energy_direct,1720.045826553926,2407.739564683882,-2.681460841604509,1328.7289238575513,4191.558502261991,5890.100972349891,6373.4141458775,45,"{""n_estimators"": 424, ""max_depth"": 6, ""learning_rate"": 0.018127233792907867, ""subsample"": 0.9557824439866747, ""colsample_bytree"": 0.9122397769998661, ""min_child_weight"": 3, ""reg_alpha"": 0.029738935055463756, ""reg_lambda"": 0.002721445357606705, ""gamma"": 5.967098934289128e-05}",3396.5917155286816,final_energy_direct,soft
9,2,4,XGBoost,Final Energy,1406.0402530585307,1796.1598395399237,-1.0487602073931814,1220.7668541255334,3285.366386821221,3632.057770357461,4063.0791849400002,45,"{""n_estimators"": 423, ""max_depth"": 5, ""learning_rate"": 0.009406227765125938, ""subsample"": 0.7364006843716882, ""colsample_bytree"": 0.8616587484181654, ""min_child_weight"": 6, ""reg_alpha"": 0.011938007930040349, ""reg_lambda"": 5.588931335045277e-05, ""gamma"": 1.2815775702053546e-07}",3405.3614998693974,final_energy_direct,robust
9,2,4,XGBoost,final_energy_direct,1406.0402530585307,1796.1598395399237,-1.0487602073931814,1220.7668541255334,3285.366386821221,3632.057770357461,4063.0791849400002,45,"{""n_estimators"": 423, ""max_depth"": 5, ""learning_rate"": 0.009406227765125938, ""subsample"": 0.7364006843716882, ""colsample_bytree"": 0.8616587484181654, ""min_child_weight"": 6, ""reg_alpha"": 0.011938007930040349, ""reg_lambda"": 5.588931335045277e-05, ""gamma"": 1.2815775702053546e-07}",3405.3614998693974,final_energy_direct,robust
10,2,5,LinearRegression,HOMO,0.0650082618397332,0.08823800659463014,0.5897146531687205,0.04154021835962318,0.14973947253408249,0.19617981670162235,0.2465643014779717,43,{},0.20735122956066415,,
10,2,5,LinearRegression,delta_homo,0.06500826183973318,0.08823800659463013,0.12894975102208983,0.041540218359623626,0.14973947253408212,0.196179816701622,0.24656430147797215,43,{},0.20735122956066415,,
10,2,5,Ridge,HOMO,0.05984697791400792,0.08389133686234694,0.6291409679702668,0.03731940748224982,0.12180739089470981,0.20776015052980878,0.2403067205412457,43,"{""alpha"": 995.9015766476347}",0.1556499220572985,,
10,2,5,Ridge,delta_homo,0.05984697791400797,0.08389133686234691,0.21265320665218046,0.03731940748224982,0.12180739089470971,0.20776015052980876,0.2403067205412457,43,"{""alpha"": 995.9015766476347}",0.1556499220572985,,
10,2,5,ElasticNet,HOMO,0.06363266503435483,0.08730962819037927,0.5983027047037557,0.045599157443684035,0.13695092664161854,0.20856850702388738,0.24354451970271462,43,"{""alpha"": 0.6153580188023348, ""l1_ratio"": 0.3587775918656272}",0.15390485055209355,,
10,2,5,ElasticNet,delta_homo,0.06363266503435486,0.0873096281903793,0.14718248705714854,0.04559915744368359,0.13695092664161881,0.2085685070238874,0.24354451970271462,43,"{""alpha"": 0.6153580188023348, ""l1_ratio"": 0.3587775918656272}",0.15390485055209355,,
10,2,5,KernelRidge,HOMO,0.0616290157856881,0.08728324920636626,0.5985453988029639,0.045961488653612825,0.11334553241909441,0.17497264736005524,0.297496574765554,43,"{""alpha"": 0.0624233009591658, ""gamma"": 0.005286516795658674}",0.1357737094098059,,
10,2,5,KernelRidge,delta_homo,0.061629015785688135,0.08728324920636628,0.14769773518183416,0.045961488653612825,0.11334553241909441,0.1749726473600556,0.297496574765554,43,"{""alpha"": 0.0624233009591658, ""gamma"": 0.005286516795658674}",0.1357737094098059,,
10,2,5,RandomForest,HOMO,0.055992779813688894,0.08054199970344611,0.6581627026226692,0.03381857130477428,0.14471985762276643,0.20203493551582163,0.23631903620275452,43,"{""n_estimators"": 862, ""max_depth"": 9, ""min_samples_split"": 3, ""min_samples_leaf"": 1, ""max_features"": ""log2""}",0.14643225776135138,,
10,2,5,RandomForest,delta_homo,0.05599277981368885,0.08054199970344601,0.27426737198853646,0.03381857130477384,0.14471985762276643,0.2020349355158212,0.23631903620275452,43,"{""n_estimators"": 862, ""max_depth"": 9, ""min_samples_split"": 3, ""min_samples_leaf"": 1, ""max_features"": ""log2""}",0.14643225776135138,,
10,2,5,XGBoost,HOMO,0.0629334372604725,0.09211569573712196,0.5528616671275539,0.04198494848632883,0.14673125190734945,0.21874874969177244,0.30931691220092805,43,"{""n_estimators"": 574, ""max_depth"": 4, ""learning_rate"": 0.00176598831339947, ""subsample"": 0.9673828271549896, ""colsample_bytree"": 0.9085675255973457, ""min_child_weight"": 1, ""reg_alpha"": 0.0013402383779411043, ""reg_lambda"": 0.12212480435120397, ""gamma"": 1.7007228562855036e-08}",0.14656469925283885,,
10,2,5,XGBoost,delta_homo,0.0629334372604725,0.09211569573712196,0.050709563029369575,0.04198494848632883,0.14673125190734945,0.21874874969177244,0.30931691220092805,43,"{""n_estimators"": 574, ""max_depth"": 4, ""learning_rate"": 0.00176598831339947, ""subsample"": 0.9673828271549896, ""colsample_bytree"": 0.9085675255973457, ""min_child_weight"": 1, ""reg_alpha"": 0.0013402383779411043, ""reg_lambda"": 0.12212480435120397, ""gamma"": 1.7007228562855036e-08}",0.14656469925283885,,
10,2,5,LinearRegression,LUMO,0.09901246923136285,0.15277043333363535,0.758217815958711,0.051983650119981406,0.22059642395091525,0.30553730228314496,0.5886456149851286,43,{},0.2220406123436771,,
10,2,5,LinearRegression,delta_lumo,0.09901246923136285,0.1527704333336353,-0.6670031928324205,0.05198365011998174,0.22059642395091542,0.30553730228314513,0.5886456149851282,43,{},0.2220406123436771,,
10,2,5,Ridge,LUMO,0.09420324109070853,0.13729122190056753,0.8047319380618784,0.07631964066806884,0.17733852665952785,0.31869734659023125,0.5084590028964419,43,"{""alpha"": 526.4928728003243}",0.19109503681022683,,
10,2,5,Ridge,delta_lumo,0.0942032410907085,0.1372912219005675,-0.34630466673863713,0.07631964066806862,0.17733852665952804,0.3186973465902312,0.5084590028964415,43,"{""alpha"": 526.4928728003243}",0.19109503681022683,,
10,2,5,ElasticNet,LUMO,0.09266598369355074,0.13478486182064708,0.8117964068010695,0.06285012394205158,0.168034540981853,0.3088286404917038,0.49713338796515794,43,"{""alpha"": 0.1048742892983383, ""l1_ratio"": 0.6964911786472487}",0.19424373439187342,,
10,2,5,ElasticNet,delta_lumo,0.09266598369355071,0.13478486182064703,-0.2975976373493865,0.06285012394205136,0.1680345409818531,0.3088286404917037,0.4971333879651576,43,"{""alpha"": 0.1048742892983383, ""l1_ratio"": 0.6964911786472487}",0.19424373439187342,,
10,2,5,KernelRidge,LUMO,0.07411909385966786,0.12699681701781437,0.8329173527471149,0.036932692194221683,0.17761484811060937,0.29769344038256146,0.5254308154816488,43,"{""alpha"": 1.3626355268380064, ""gamma"": 0.5184553889337767}",0.1996090181158097,,
10,2,5,KernelRidge,delta_lumo,0.07411909385966779,0.12699681701781432,-0.15197613729011783,0.03693269219422124,0.17761484811060957,0.29769344038256107,0.5254308154816485,43,"{""alpha"": 1.3626355268380064, ""gamma"": 0.5184553889337767}",0.1996090181158097,,
10,2,5,RandomForest,LUMO,0.0725482758072197,0.12988064413122094,0.825243015218331,0.036247400011999664,0.1387705673306641,0.33640552831708287,0.5075037090457698,43,"{""n_estimators"": 329, ""max_depth"": 3, ""min_samples_split"": 3, ""min_samples_leaf"": 4, ""max_features"": ""sqrt""}",0.20035967737131546,,
10,2,5,RandomForest,delta_lumo,0.07254827580721966,0.12988064413122086,-0.20488799766594878,0.036247400011999886,0.13877056733066423,0.3364055283170825,0.5075037090457695,43,"{""n_estimators"": 329, ""max_depth"": 3, ""min_samples_split"": 3, ""min_samples_leaf"": 4, ""max_features"": ""sqrt""}",0.20035967737131546,,
10,2,5,XGBoost,LUMO,0.06926863858741937,0.12847339911682543,0.8290094517770628,0.031169022583007466,0.13302559050292975,0.3187288963256838,0.49453199999999986,43,"{""n_estimators"": 946, ""max_depth"": 3, ""learning_rate"": 0.0012900076963163153, ""subsample"": 0.7730779510352362, ""colsample_bytree"": 0.9106222913063186, ""min_child_weight"": 7, ""reg_alpha"": 2.773749150128692e-07, ""reg_lambda"": 0.051129539879667715, ""gamma"": 0.0014182724810167537}",0.1971731730572851,,
10,2,5,XGBoost,delta_lumo,0.06926863858741932,0.12847339911682534,-0.17891974117962994,0.03116902258300769,0.1330255905029299,0.31872889632568335,0.4945319999999995,43,"{""n_estimators"": 946, ""max_depth"": 3, ""learning_rate"": 0.0012900076963163153, ""subsample"": 0.7730779510352362, ""colsample_bytree"": 0.9106222913063186, ""min_child_weight"": 7, ""reg_alpha"": 2.773749150128692e-07, ""reg_lambda"": 0.051129539879667715, ""gamma"": 0.0014182724810167537}",0.1971731730572851,,
10,2,5,LinearRegression,Final Energy,1771.437445930287,2165.7839784629077,-2.063216761528966,1527.3707896717365,3206.6214538803947,4094.3884368107283,5260.393144421545,43,{},6180.618848776676,delta_energy_per_atom,none
10,2,5,LinearRegression,delta_energy_per_atom,11.885795878005949,14.104095726254002,-4.1523654540020996,11.558052220499924,20.837752722626664,28.881064659929105,33.68398581323289,43,{},6180.618848776676,delta_energy_per_atom,none
10,2,5,Ridge,Final Energy,942.4929762422693,1245.4404257733536,-0.01296251205861898,635.8211345596801,2302.741638406074,2376.5433748911246,3171.5519284943502,43,"{""alpha"": 987.3753820607045}",3217.6919897962443,delta_energy_per_atom,none
10,2,5,Ridge,delta_energy_per_atom,6.070978828972756,7.684316815649882,-0.5294197352091408,4.884427258837171,12.454966143193834,14.125022937554158,19.454406592591987,43,"{""alpha"": 987.3753820607045}",3217.6919897962443,delta_energy_per_atom,none
10,2,5,ElasticNet,Final Energy,822.8921290617517,1137.3900301908295,0.1551759071553097,501.24724288262405,2123.4543227583204,2287.0245583968936,3648.6166713028024,43,"{""alpha"": 0.6802204744294427, ""l1_ratio"": 0.641592663038075}",2482.523890723659,delta_energy_per_atom,none
10,2,5,ElasticNet,delta_energy_per_atom,5.296534587864986,6.95712621962399,-0.25364892060893607,3.7663360796917473,11.362254929222528,12.913373160711787,20.730776541493192,43,"{""alpha"": 0.6802204744294427, ""l1_ratio"": 0.641592663038075}",2482.523890723659,delta_energy_per_atom,none
10,2,5,KernelRidge,Final Energy,1594.2797251862814,2339.9847892599764,-2.5758025118432957,598.8714224071191,4042.331256963183,5086.508360637169,6323.899663159613,43,"{""alpha"": 0.02936646863701461, ""gamma"": 0.22807687345190303}",2161.47996464146,delta_energy_per_atom,none
10,2,5,KernelRidge,delta_energy_per_atom,10.237561884686352,14.865584585028031,-4.72374333242253,4.7529477968818945,23.128764577314865,31.892812352338453,40.53781835358726,43,"{""alpha"": 0.02936646863701461, ""gamma"": 0.22807687345190303}",2161.47996464146,delta_energy_per_atom,none
10,2,5,RandomForest,Final Energy,1297.0766964546037,1878.278113985382,-1.3039192452133435,779.7017582727813,3046.8025820107423,3723.444353445475,5682.985258878514,43,"{""n_estimators"": 223, ""max_depth"": 14, ""min_samples_split"": 2, ""min_samples_leaf"": 1, ""max_features"": ""log2""}",1670.414021849656,delta_energy_per_atom,none
10,2,5,RandomForest,delta_energy_per_atom,8.676843354217782,12.65104021724848,-3.145420956147822,5.8775632263832165,22.285661316830193,24.487958586727515,37.38806091367444,43,"{""n_estimators"": 223, ""max_depth"": 14, ""min_samples_split"": 2, ""min_samples_leaf"": 1, ""max_features"": ""log2""}",1670.414021849656,delta_energy_per_atom,none
10,2,5,RandomForest,Final Energy,1137.0069765441242,1626.915365749757,-0.7285318184000584,769.9518066482888,2598.2986099547143,2902.212784676397,4991.1901547445705,43,"{""n_estimators"": 202, ""max_depth"": 9, ""min_samples_split"": 4, ""min_samples_leaf"": 3, ""max_features"": ""log2""}",1680.8626476061977,delta_energy_per_atom,soft
10,2,5,RandomForest,delta_energy_per_atom,7.564247524797022,10.9176425621578,-2.0872649979835316,4.592767070191837,18.444762466303843,21.51508930179548,32.83677733384586,43,"{""n_estimators"": 202, ""max_depth"": 9, ""min_samples_split"": 4, ""min_samples_leaf"": 3, ""max_features"": ""log2""}",1680.8626476061977,delta_energy_per_atom,soft
10,2,5,RandomForest,Final Energy,1111.5476952219212,1531.3391889392715,-0.5314056676230154,800.465517312362,2490.580732208882,2777.5154520754504,4432.073660935246,43,"{""n_estimators"": 235, ""max_depth"": 16, ""min_samples_split"": 7, ""min_samples_leaf"": 4, ""max_features"": ""log2""}",1621.1142032950252,delta_energy_per_atom,robust
10,2,5,RandomForest,delta_energy_per_atom,7.4076600293873245,10.246542724864414,-1.7193861190221678,4.307151018250391,16.183150877505472,20.44734727693867,29.1583793482582,43,"{""n_estimators"": 235, ""max_depth"": 16, ""min_samples_split"": 7, ""min_samples_leaf"": 4, ""max_features"": ""log2""}",1621.1142032950252,delta_energy_per_atom,robust
10,2,5,XGBoost,Final Energy,1136.4727452608026,1797.5201056654905,-1.110060802718261,481.4634027173688,3324.8863614158604,4211.089454484247,5777.083532601924,43,"{""n_estimators"": 860, ""max_depth"": 7, ""learning_rate"": 0.0010833076261222115, ""subsample"": 0.9483107565525077, ""colsample_bytree"": 0.7099050490570692, ""min_child_weight"": 5, ""reg_alpha"": 5.482475407002071e-07, ""reg_lambda"": 0.00013852801354842048, ""gamma"": 5.960686374158519e-08}",1717.9678735115576,delta_energy_per_atom,none
10,2,5,XGBoost,delta_energy_per_atom,7.6330717929811085,12.118195762555084,-2.803575960106584,3.5707534903497944,20.593401128140382,27.679349712751872,38.00712850396003,43,"{""n_estimators"": 860, ""max_depth"": 7, ""learning_rate"": 0.0010833076261222115, ""subsample"": 0.9483107565525077, ""colsample_bytree"": 0.7099050490570692, ""min_child_weight"": 5, ""reg_alpha"": 5.482475407002071e-07, ""reg_lambda"": 0.00013852801354842048, ""gamma"": 5.960686374158519e-08}",1717.9678735115576,delta_energy_per_atom,none
10,2,5,XGBoost,Final Energy,1105.3582572901255,1598.284207795879,-0.6682282567741686,716.5806793056836,2702.1216950363005,2998.0537864547005,4774.018865853877,43,"{""n_estimators"": 782, ""max_depth"": 4, ""learning_rate"": 0.0022332488043117554, ""subsample"": 0.831602109609605, ""colsample_bytree"": 0.8343673944632276, ""min_child_weight"": 2, ""reg_alpha"": 1.0017370979696768e-08, ""reg_lambda"": 0.01148993176095083, ""gamma"": 4.0089748317042687e-07}",1633.8814132407128,delta_energy_per_atom,soft
10,2,5,XGBoost,delta_energy_per_atom,7.450335955511318,10.841501752704126,-2.044353322887718,4.9353260153742085,18.38037838488764,22.903562540222957,32.04718126204182,43,"{""n_estimators"": 782, ""max_depth"": 4, ""learning_rate"": 0.0022332488043117554, ""subsample"": 0.831602109609605, ""colsample_bytree"": 0.8343673944632276, ""min_child_weight"": 2, ""reg_alpha"": 1.0017370979696768e-08, ""reg_lambda"": 0.01148993176095083, ""gamma"": 4.0089748317042687e-07}",1633.8814132407128,delta_energy_per_atom,soft
10,2,5,XGBoost,Final Energy,1296.7923094693665,1988.7289012156389,-1.582846679489672,713.6687070871167,2832.599409385013,4907.956924608178,5885.526403695674,43,"{""n_estimators"": 1336, ""max_depth"": 7, ""learning_rate"": 0.0014184581137215927, ""subsample"": 0.9604618365406744, ""colsample_bytree"": 0.7002831296548153, ""min_child_weight"": 1, ""reg_alpha"": 2.5634752881915314e-08, ""reg_lambda"": 0.0003647804970208717, ""gamma"": 9.926086785356e-05}",1617.5833473380317,delta_energy_per_atom,robust
10,2,5,XGBoost,delta_energy_per_atom,8.709968608846104,13.44296114444966,-3.6806487604278546,4.270258342644716,21.902959801764553,33.739664692571246,38.72056844536628,43,"{""n_estimators"": 1336, ""max_depth"": 7, ""learning_rate"": 0.0014184581137215927, ""subsample"": 0.9604618365406744, ""colsample_bytree"": 0.7002831296548153, ""min_child_weight"": 1, ""reg_alpha"": 2.5634752881915314e-08, ""reg_lambda"": 0.0003647804970208717, ""gamma"": 9.926086785356e-05}",1617.5833473380317,delta_energy_per_atom,robust
10,2,5,LinearRegression,Final Energy,1584.7957678026064,1921.2827790067608,-1.4106271111794575,1424.4299510355158,2648.3366765692635,3471.9260148883723,5666.555388881281,43,{},3281.3317771728307,delta_energy,none
10,2,5,LinearRegression,delta_energy,1584.7957678026064,1921.2827790067606,-1.5136424232993493,1424.4299510355154,2648.3366765692635,3471.9260148883723,5666.55538888128,43,{},3281.3317771728307,delta_energy,none
10,2,5,Ridge,Final Energy,1480.8237509270823,1730.0435166511052,-0.9546162769179922,1313.5177541341095,2684.15644642944,2782.5448103264453,4146.521499078306,43,"{""alpha"": 22.9265247249769}",3200.859992048734,delta_energy,none
10,2,5,Ridge,delta_energy,1480.8237509270823,1730.043516651105,-1.0381445027923006,1313.517754134109,2684.15644642944,2782.5448103264453,4146.521499078305,43,"{""alpha"": 22.9265247249769}",3200.859992048734,delta_energy,none
10,2,5,ElasticNet,Final Energy,1447.5672412626702,1683.9639611786934,-0.8518808558477928,1274.699603357395,2592.904332408603,2794.854873699649,4162.4793807726,43,"{""alpha"": 0.07230678374186932, ""l1_ratio"": 0.10767559700263277}",3233.8932274017466,delta_energy,none
10,2,5,ElasticNet,delta_energy,1447.5672412626702,1683.9639611786934,-0.9310188044294272,1274.699603357395,2592.904332408603,2794.854873699649,4162.479380772599,43,"{""alpha"": 0.07230678374186932, ""l1_ratio"": 0.10767559700263277}",3233.8932274017466,delta_energy,none
10,2,5,KernelRidge,Final Energy,2034.08786072705,2697.955778357009,-3.75353953577432,1572.9432269677804,3344.305580608682,5199.595547913019,10305.101507589186,43,"{""alpha"": 0.006611772910770012, ""gamma"": 0.01300507892547805}",1938.3416137575364,delta_energy,none
10,2,5,KernelRidge,delta_energy,2034.08786072705,2697.9557783570085,-3.956676452587824,1572.94322696778,3344.305580608682,5199.59554791302,10305.101507589185,43,"{""alpha"": 0.006611772910770012, ""gamma"": 0.01300507892547805}",1938.3416137575364,delta_energy,none
10,2,5,RandomForest,Final Energy,1393.3635937546314,2021.1107787129017,-1.6676428991210743,834.4995296341458,2869.954495244556,3689.0234529056397,6818.392626584255,43,"{""n_estimators"": 922, ""max_depth"": 12, ""min_samples_split"": 4, ""min_samples_leaf"": 1, ""max_features"": null}",2573.147249306064,delta_energy,none
10,2,5,RandomForest,delta_energy,1393.3635937546314,2021.110778712902,-1.7816414784131318,834.4995296341458,2869.954495244556,3689.0234529056397,6818.392626584256,43,"{""n_estimators"": 922, ""max_depth"": 12, ""min_samples_split"": 4, ""min_samples_leaf"": 1, ""max_features"": null}",2573.147249306064,delta_energy,none
10,2,5,RandomForest,Final Energy,1534.2843651921041,2215.9537238375938,-2.2067775152317464,938.9886540144271,3545.031583566816,4601.944005822928,6909.612002756821,43,"{""n_estimators"": 455, ""max_depth"": 14, ""min_samples_split"": 7, ""min_samples_leaf"": 1, ""max_features"": null}",2680.4076461719374,delta_energy,soft
10,2,5,RandomForest,delta_energy,1534.2843651921041,2215.9537238375938,-2.34381537774422,938.9886540144271,3545.0315835668157,4601.944005822928,6909.612002756822,43,"{""n_estimators"": 455, ""max_depth"": 14, ""min_samples_split"": 7, ""min_samples_leaf"": 1, ""max_features"": null}",2680.4076461719374,delta_energy,soft
10,2,5,RandomForest,Final Energy,1577.2736420365932,2352.6295575289405,-2.6145526446455927,839.9230734335424,3625.9715470148385,5181.336767106723,7609.00850395302,43,"{""n_estimators"": 355, ""max_depth"": 12, ""min_samples_split"": 2, ""min_samples_leaf"": 1, ""max_features"": null}",2578.4406403868093,delta_energy,robust
10,2,5,RandomForest,delta_energy,1577.2736420365932,2352.6295575289405,-2.769016297333779,839.9230734335424,3625.9715470148376,5181.336767106723,7609.008503953021,43,"{""n_estimators"": 355, ""max_depth"": 12, ""min_samples_split"": 2, ""min_samples_leaf"": 1, ""max_features"": null}",2578.4406403868093,delta_energy,robust
10,2,5,XGBoost,Final Energy,1427.9456648509858,2049.0497954960556,-1.7419054936393739,831.8563619976103,2855.207638791893,3577.404355028101,6680.31601551208,43,"{""n_estimators"": 764, ""max_depth"": 7, ""learning_rate"": 0.042083181639845924, ""subsample"": 0.7221207619830599, ""colsample_bytree"": 0.7056564388433102, ""min_child_weight"": 1, ""reg_alpha"": 1.0398383017688606e-06, ""reg_lambda"": 0.18924909515933283, ""gamma"": 0.000963637604917721}",2316.4159493569846,delta_energy,none
10,2,5,XGBoost,delta_energy,1427.9456648509858,2049.0497954960556,-1.8590775974959137,831.8563619976103,2855.207638791893,3577.404355028101,6680.316015512081,43,"{""n_estimators"": 764, ""max_depth"": 7, ""learning_rate"": 0.042083181639845924, ""subsample"": 0.7221207619830599, ""colsample_bytree"": 0.7056564388433102, ""min_child_weight"": 1, ""reg_alpha"": 1.0398383017688606e-06, ""reg_lambda"": 0.18924909515933283, ""gamma"": 0.000963637604917721}",2316.4159493569846,delta_energy,none
10,2,5,XGBoost,Final Energy,1329.7250011351766,1824.1503580899655,-1.1730450104432295,826.7949621225525,2724.252766425914,3075.726401749001,6125.50742176208,43,"{""n_estimators"": 579, ""max_depth"": 4, ""learning_rate"": 0.005674888384224026, ""subsample"": 0.7021955039402311, ""colsample_bytree"": 0.8058303177842451, ""min_child_weight"": 1, ""reg_alpha"": 0.18312608555039112, ""reg_lambda"": 0.006950124180751612, ""gamma"": 2.20530383761875e-07}",2882.0601508686977,delta_energy,soft
10,2,5,XGBoost,delta_energy,1329.7250011351766,1824.1503580899655,-1.2659075311388746,826.7949621225525,2724.252766425914,3075.726401749001,6125.507421762081,43,"{""n_estimators"": 579, ""max_depth"": 4, ""learning_rate"": 0.005674888384224026, ""subsample"": 0.7021955039402311, ""colsample_bytree"": 0.8058303177842451, ""min_child_weight"": 1, ""reg_alpha"": 0.18312608555039112, ""reg_lambda"": 0.006950124180751612, ""gamma"": 2.20530383761875e-07}",2882.0601508686977,delta_energy,soft
10,2,5,XGBoost,Final Energy,1451.4403150305575,1982.4714203507228,-1.5666185381470559,1118.3173625273967,3140.32898380776,3316.804300655759,6851.80429676208,43,"{""n_estimators"": 972, ""max_depth"": 4, ""learning_rate"": 0.03109690624521539, ""subsample"": 0.8835145534857517, ""colsample_bytree"": 0.7077322950595875, ""min_child_weight"": 1, ""reg_alpha"": 0.0012339819893792813, ""reg_lambda"": 0.011311257199470763, ""gamma"": 0.07731864384320997}",2669.6705521986223,delta_energy,robust
10,2,5,XGBoost,delta_energy,1451.4403150305575,1982.4714203507228,-1.6762999602856117,1118.3173625273967,3140.328983807761,3316.804300655759,6851.804296762081,43,"{""n_estimators"": 972, ""max_depth"": 4, ""learning_rate"": 0.03109690624521539, ""subsample"": 0.8835145534857517, ""colsample_bytree"": 0.7077322950595875, ""min_child_weight"": 1, ""reg_alpha"": 0.0012339819893792813, ""reg_lambda"": 0.011311257199470763, ""gamma"": 0.07731864384320997}",2669.6705521986223,delta_energy,robust
10,2,5,LinearRegression,Final Energy,1584.7957678039916,1921.2827790080985,-1.410627111182814,1424.4299510372553,2648.3366765716128,3471.926014889696,5666.555388881776,43,{},3281.3317771727993,final_energy_direct,none
10,2,5,LinearRegression,final_energy_direct,1584.7957678039916,1921.2827790080985,-1.410627111182814,1424.4299510372553,2648.3366765716128,3471.926014889696,5666.555388881776,43,{},3281.3317771727993,final_energy_direct,none
10,2,5,Ridge,Final Energy,1482.849393481348,1734.1311157240493,-0.9638635892316585,1319.332765361427,2677.8342945361783,2762.097643652793,4152.880109217394,43,"{""alpha"": 22.934005178570136}",3206.8586185417953,final_energy_direct,none
10,2,5,Ridge,final_energy_direct,1482.849393481348,1734.1311157240493,-0.9638635892316585,1319.332765361427,2677.8342945361783,2762.097643652793,4152.880109217394,43,"{""alpha"": 22.934005178570136}",3206.8586185417953,final_energy_direct,none
10,2,5,ElasticNet,Final Energy,1455.3145881010641,1703.1788248422945,-0.8943837270111048,1233.5055826336156,2596.2220313856114,2842.3094714759054,4278.547972067359,43,"{""alpha"": 0.03448850335175828, ""l1_ratio"": 0.24205909544936985}",3256.5533782089815,final_energy_direct,none
10,2,5,ElasticNet,final_energy_direct,1455.3145881010641,1703.1788248422945,-0.8943837270111048,1233.5055826336156,2596.2220313856114,2842.3094714759054,4278.547972067359,43,"{""alpha"": 0.03448850335175828, ""l1_ratio"": 0.24205909544936985}",3256.5533782089815,final_energy_direct,none
10,2,5,KernelRidge,Final Energy,2066.2994613398937,2759.678588090324,-3.9735268213200587,1588.6970366236087,3373.6083678983737,5227.107063527888,10764.179031563695,43,"{""alpha"": 0.005762874587453267, ""gamma"": 0.012783747701080414}",1969.6566428978094,final_energy_direct,none
10,2,5,KernelRidge,final_energy_direct,2066.2994613398937,2759.678588090324,-3.9735268213200587,1588.6970366236087,3373.6083678983737,5227.107063527888,10764.179031563695,43,"{""alpha"": 0.005762874587453267, ""gamma"": 0.012783747701080414}",1969.6566428978094,final_energy_direct,none
10,2,5,RandomForest,Final Energy,1420.0028567763804,2102.645751113992,-1.8872186624470468,767.5672575378494,3047.2274068511665,4055.591040585037,7298.172450780572,43,"{""n_estimators"": 518, ""max_depth"": 11, ""min_samples_split"": 5, ""min_samples_leaf"": 1, ""max_features"": null}",2586.0358880415356,final_energy_direct,none
10,2,5,RandomForest,final_energy_direct,1420.0028567763804,2102.645751113992,-1.8872186624470468,767.5672575378494,3047.2274068511665,4055.591040585037,7298.172450780572,43,"{""n_estimators"": 518, ""max_depth"": 11, ""min_samples_split"": 5, ""min_samples_leaf"": 1, ""max_features"": null}",2586.0358880415356,final_energy_direct,none
10,2,5,RandomForest,Final Energy,1522.992285455662,2248.569650452315,-2.301871331960721,861.4404600556254,3593.1684820381697,4666.668769497684,7379.602718720311,43,"{""n_estimators"": 541, ""max_depth"": 16, ""min_samples_split"": 3, ""min_samples_leaf"": 1, ""max_features"": null}",2693.992289589269,final_energy_direct,soft
10,2,5,RandomForest,final_energy_direct,1522.992285455662,2248.569650452315,-2.301871331960721,861.4404600556254,3593.1684820381697,4666.668769497684,7379.602718720311,43,"{""n_estimators"": 541, ""max_depth"": 16, ""min_samples_split"": 3, ""min_samples_leaf"": 1, ""max_features"": null}",2693.992289589269,final_energy_direct,soft
10,2,5,RandomForest,Final Energy,1531.0093133373716,2250.5954925509996,-2.3078236343020415,919.8719667382684,3310.5557282300665,4536.86808001148,7592.785076650176,43,"{""n_estimators"": 439, ""max_depth"": 14, ""min_samples_split"": 3, ""min_samples_leaf"": 1, ""max_features"": null}",2695.173120664533,final_energy_direct,robust
10,2,5,RandomForest,final_energy_direct,1531.0093133373716,2250.5954925509996,-2.3078236343020415,919.8719667382684,3310.5557282300665,4536.86808001148,7592.785076650176,43,"{""n_estimators"": 439, ""max_depth"": 14, ""min_samples_split"": 3, ""min_samples_leaf"": 1, ""max_features"": null}",2695.173120664533,final_energy_direct,robust
10,2,5,XGBoost,Final Energy,1398.3743253320295,2234.946030589174,-2.2619818251702344,771.1867550342777,3067.33275047207,3341.2080745287867,8498.872940581701,43,"{""n_estimators"": 428, ""max_depth"": 7, ""learning_rate"": 0.014813561409003794, ""subsample"": 0.7099755605233578, ""colsample_bytree"": 0.8045041025814912, ""min_child_weight"": 1, ""reg_alpha"": 3.429684652129654e-08, ""reg_lambda"": 0.00028961285197492395, ""gamma"": 2.5858340229799793e-05}",2254.3764379875915,final_energy_direct,none
10,2,5,XGBoost,final_energy_direct,1398.3743253320295,2234.946030589174,-2.2619818251702344,771.1867550342777,3067.33275047207,3341.2080745287867,8498.872940581701,43,"{""n_estimators"": 428, ""max_depth"": 7, ""learning_rate"": 0.014813561409003794, ""subsample"": 0.7099755605233578, ""colsample_bytree"": 0.8045041025814912, ""min_child_weight"": 1, ""reg_alpha"": 3.429684652129654e-08, ""reg_lambda"": 0.00028961285197492395, ""gamma"": 2.5858340229799793e-05}",2254.3764379875915,final_energy_direct,none
10,2,5,XGBoost,Final Energy,1463.8014831491655,2029.1592471549156,-1.6889313803988188,1103.530156269111,2898.025880884298,3736.2543893547117,6719.965714019201,43,"{""n_estimators"": 1389, ""max_depth"": 4, ""learning_rate"": 0.02231036676326136, ""subsample"": 0.7214908976677399, ""colsample_bytree"": 0.708927916021533, ""min_child_weight"": 1, ""reg_alpha"": 2.64635061089128e-08, ""reg_lambda"": 1.0755151194031038, ""gamma"": 3.345645121447918e-07}",2903.1126482514605,final_energy_direct,soft
10,2,5,XGBoost,final_energy_direct,1463.8014831491655,2029.1592471549156,-1.6889313803988188,1103.530156269111,2898.025880884298,3736.2543893547117,6719.965714019201,43,"{""n_estimators"": 1389, ""max_depth"": 4, ""learning_rate"": 0.02231036676326136, ""subsample"": 0.7214908976677399, ""colsample_bytree"": 0.708927916021533, ""min_child_weight"": 1, ""reg_alpha"": 2.64635061089128e-08, ""reg_lambda"": 1.0755151194031038, ""gamma"": 3.345645121447918e-07}",2903.1126482514605,final_energy_direct,soft
10,2,5,XGBoost,Final Energy,1540.7079850211123,2152.953365772793,-2.027029839566159,882.6777268167252,3445.836457555218,3750.7261924378463,6767.328995269201,43,"{""n_estimators"": 1029, ""max_depth"": 5, ""learning_rate"": 0.0432956715721444, ""subsample"": 0.7291973451799553, ""colsample_bytree"": 0.8436879656997535, ""min_child_weight"": 1, ""reg_alpha"": 0.0003870020935463659, ""reg_lambda"": 3.190237905135682e-05, ""gamma"": 2.887567172029816e-06}",2824.063813853059,final_energy_direct,robust
10,2,5,XGBoost,final_energy_direct,1540.7079850211123,2152.953365772793,-2.027029839566159,882.6777268167252,3445.836457555218,3750.7261924378463,6767.328995269201,43,"{""n_estimators"": 1029, ""max_depth"": 5, ""learning_rate"": 0.0432956715721444, ""subsample"": 0.7291973451799553, ""colsample_bytree"": 0.8436879656997535, ""min_child_weight"": 1, ""reg_alpha"": 0.0003870020935463659, ""reg_lambda"": 3.190237905135682e-05, ""gamma"": 2.887567172029816e-06}",2824.063813853059,final_energy_direct,robust
11,3,1,LinearRegression,HOMO,0.1693913644436518,0.23302418063197664,0.5072480469957474,0.10590181614731442,0.3713512072740768,0.4298981990791031,0.6083673577073618,46,{},0.13076208065260306,,
11,3,1,LinearRegression,delta_homo,0.16939136444365174,0.23302418063197664,-1.2311343242623445,0.10590181614731464,0.3713512072740768,0.4298981990791031,0.6083673577073618,46,{},0.13076208065260306,,
11,3,1,Ridge,HOMO,0.15857883985195667,0.2220243091571325,0.5526706128555825,0.0986995349605384,0.3624901826278024,0.4312411184058913,0.5653787678908353,46,"{""alpha"": 6.655039685855578}",0.12217284142978503,,
11,3,1,Ridge,delta_homo,0.1585788398519567,0.22202430915713256,-1.0254652342302042,0.09869953496053796,0.3624901826278024,0.4312411184058913,0.5653787678908353,46,"{""alpha"": 6.655039685855578}",0.12217284142978503,,
11,3,1,ElasticNet,HOMO,0.1519815275404991,0.21154697275661727,0.5938934398663992,0.08039627660500948,0.36678396657928136,0.3875430898983354,0.5809106680348579,46,"{""alpha"": 0.11056329998249202, ""l1_ratio"": 0.8101466219942136}",0.12092828008721038,,
11,3,1,ElasticNet,delta_homo,0.15198152754049907,0.21154697275661727,-0.8388121652241667,0.08039627660500925,0.3667839665792816,0.3875430898983354,0.5809106680348575,46,"{""alpha"": 0.11056329998249202, ""l1_ratio"": 0.8101466219942136}",0.12092828008721038,,
11,3,1,KernelRidge,HOMO,0.1488849230190012,0.2111557526944738,0.595394100675954,0.08557718120110014,0.34436125049886623,0.4113163623133278,0.5549801203285263,46,"{""alpha"": 0.007224020660094294, ""gamma"": 0.0010473807602589973}",0.11335284388502385,,
11,3,1,KernelRidge,delta_homo,0.14888492301900128,0.2111557526944738,-0.8320173147504963,0.08557718120110014,0.34436125049886623,0.4113163623133277,0.5549801203285263,46,"{""alpha"": 0.007224020660094294, ""gamma"": 0.0010473807602589973}",0.11335284388502385,,
11,3,1,RandomForest,HOMO,0.15995490783951957,0.22715761696581074,0.5317465529434312,0.09103460850441891,0.31356647238392554,0.3991599595656412,0.7325067568745771,46,"{""n_estimators"": 511, ""max_depth"": 6, ""min_samples_split"": 10, ""min_samples_leaf"": 2, ""max_features"": null}",0.11205958748509798,,
11,3,1,RandomForest,delta_homo,0.15995490783951954,0.22715761696581074,-1.12020740214713,0.09103460850441891,0.31356647238392554,0.3991599595656412,0.7325067568745767,46,"{""n_estimators"": 511, ""max_depth"": 6, ""min_samples_split"": 10, ""min_samples_leaf"": 2, ""max_features"": null}",0.11205958748509798,,
11,3,1,XGBoost,HOMO,0.1552867415771485,0.22491289793812075,0.5409551728044666,0.09167510699462866,0.32357471578216623,0.3956067948074342,0.7257836556396482,46,"{""n_estimators"": 1063, ""max_depth"": 4, ""learning_rate"": 0.00409441742405861, ""subsample"": 0.9521874882928345, ""colsample_bytree"": 0.8721891161167625, ""min_child_weight"": 4, ""reg_alpha"": 0.0025221377147458795, ""reg_lambda"": 1.891499897478414, ""gamma"": 0.05073437428389266}",0.11032787959041401,,
11,3,1,XGBoost,delta_homo,0.1552867415771485,0.22491289793812075,-1.0785116407690665,0.09167510699462866,0.32357471578216623,0.3956067948074342,0.7257836556396482,46,"{""n_estimators"": 1063, ""max_depth"": 4, ""learning_rate"": 0.00409441742405861, ""subsample"": 0.9521874882928345, ""colsample_bytree"": 0.8721891161167625, ""min_child_weight"": 4, ""reg_alpha"": 0.0025221377147458795, ""reg_lambda"": 1.891499897478414, ""gamma"": 0.05073437428389266}",0.11032787959041401,,
11,3,1,LinearRegression,LUMO,0.14831275269056177,0.19370393777636516,0.8814634950604228,0.13172197263179408,0.24243508306581546,0.3495188083615911,0.7499064798146178,46,{},0.24218247117401542,,
11,3,1,LinearRegression,delta_lumo,0.14831275269056177,0.1937039377763652,0.0399677903454283,0.13172197263179397,0.24243508306581552,0.349518808361591,0.7499064798146176,46,{},0.24218247117401542,,
11,3,1,Ridge,LUMO,0.1253623135259529,0.1773614736276092,0.900621189123104,0.06991504404957727,0.31792664510807944,0.37395534312134987,0.47582822569194017,46,"{""alpha"": 982.0858029984665}",0.17585618341999312,,
11,3,1,Ridge,delta_lumo,0.1253623135259529,0.1773614736276092,0.19512677172637194,0.06991504404957727,0.31792664510807933,0.37395534312135004,0.4758282256919406,46,"{""alpha"": 982.0858029984665}",0.17585618341999312,,
11,3,1,ElasticNet,LUMO,0.14107531594041775,0.19993195568036923,0.8737185246355642,0.08096107077506048,0.3659545284845863,0.41403728677237545,0.5206663541163166,46,"{""alpha"": 0.29708355375888124, ""l1_ratio"": 0.6943182796260411}",0.180124422070675,,
11,3,1,ElasticNet,delta_lumo,0.1410753159404178,0.19993195568036928,-0.02275905548553725,0.08096107077506032,0.3659545284845862,0.41403728677237583,0.520666354116317,46,"{""alpha"": 0.29708355375888124, ""l1_ratio"": 0.6943182796260411}",0.180124422070675,,
11,3,1,KernelRidge,LUMO,0.11498750903495623,0.15386652255344374,0.9252065620937467,0.0778172840198042,0.2725164129198014,0.3097490849862886,0.3569501957721746,46,"{""alpha"": 0.3123032617503767, ""gamma"": 0.001981941106793076}",0.17518840097460817,,
11,3,1,KernelRidge,delta_lumo,0.11498750903495623,0.15386652255344377,0.3942447560993658,0.07781728401980414,0.27251641291980144,0.3097490849862887,0.3569501957721748,46,"{""alpha"": 0.3123032617503767, ""gamma"": 0.001981941106793076}",0.17518840097460817,,
11,3,1,RandomForest,LUMO,0.1552718422399825,0.19670255866691672,0.8777650956011712,0.13813528546998746,0.3199215923227897,0.34675471638515387,0.4059105691717835,46,"{""n_estimators"": 318, ""max_depth"": 3, ""min_samples_split"": 5, ""min_samples_leaf"": 1, ""max_features"": ""sqrt""}",0.17599721992273726,,
11,3,1,RandomForest,delta_lumo,0.15527184223998253,0.19670255866691677,0.010014295370521675,0.13813528546998777,0.3199215923227898,0.3467547163851541,0.4059105691717839,46,"{""n_estimators"": 318, ""max_depth"": 3, ""min_samples_split"": 5, ""min_samples_leaf"": 1, ""max_features"": ""sqrt""}",0.17599721992273726,,
11,3,1,XGBoost,LUMO,0.14282836434273094,0.18384892168377123,0.8932181617905873,0.12873976660156233,0.2636808505249021,0.2870075972824096,0.6018105359497068,46,"{""n_estimators"": 816, ""max_depth"": 3, ""learning_rate"": 0.002063994432806346, ""subsample"": 0.8607364536717514, ""colsample_bytree"": 0.7343262812967918, ""min_child_weight"": 1, ""reg_alpha"": 4.218254276322338e-08, ""reg_lambda"": 0.11084429785661047, ""gamma"": 5.338918700220119e-07}",0.17835689614293357,,
11,3,1,XGBoost,delta_lumo,0.14282836434273094,0.18384892168377126,0.1351693375857932,0.1287397666015626,0.2636808505249024,0.28700759728240977,0.6018105359497063,46,"{""n_estimators"": 816, ""max_depth"": 3, ""learning_rate"": 0.002063994432806346, ""subsample"": 0.8607364536717514, ""colsample_bytree"": 0.7343262812967918, ""min_child_weight"": 1, ""reg_alpha"": 4.218254276322338e-08, ""reg_lambda"": 0.11084429785661047, ""gamma"": 5.338918700220119e-07}",0.17835689614293357,,
11,3,1,LinearRegression,Final Energy,1718.1270605778636,2656.4567833087785,-0.12243135908308322,1010.0108770148847,3400.8104261783546,4209.078017560043,9757.808185650498,46,{},6891.747456000051,delta_energy_per_atom,none
11,3,1,LinearRegression,delta_energy_per_atom,15.436396111990485,31.907571907387982,0.17957655137008643,7.597157304379092,21.635866577015463,34.559571200264,143.4971792007426,46,{},6891.747456000051,delta_energy_per_atom,none
11,3,1,Ridge,Final Energy,1506.0485749771476,2617.680598461032,-0.08990235275147396,950.4274320816221,2863.396617803299,3198.38849248701,10543.906115652459,46,"{""alpha"": 991.6206495771235}",3225.813918120853,delta_energy_per_atom,none
11,3,1,Ridge,delta_energy_per_atom,14.039594420335378,33.536245628230255,0.09368444262375775,7.942480681540832,16.193900393326842,19.09983807156786,155.05744287724204,46,"{""alpha"": 991.6206495771235}",3225.813918120853,delta_energy_per_atom,none
11,3,1,ElasticNet,Final Energy,1669.7113547810852,2742.483479836557,-0.1963061134920181,899.9141088070597,2841.1653941639233,3062.948610037753,10969.873206008047,46,"{""alpha"": 6.764055931673501, ""l1_ratio"": 0.15834933742182078}",2307.7824928998475,delta_energy_per_atom,none
11,3,1,ElasticNet,delta_energy_per_atom,15.740195901944245,35.2366264506016,-0.0005509210694853994,7.440154375197835,18.669128330657248,19.064651969728065,161.32166479423597,46,"{""alpha"": 6.764055931673501, ""l1_ratio"": 0.15834933742182078}",2307.7824928998475,delta_energy_per_atom,none
11,3,1,KernelRidge,Final Energy,1385.4176341144002,2525.9424212095487,-0.014848408560140136,831.828735319218,2485.8414285235076,3054.711272814933,10868.866925893255,46,"{""alpha"": 1.6748308280888355, ""gamma"": 0.1109786868991176}",2213.8380875745174,delta_energy_per_atom,none
11,3,1,KernelRidge,delta_energy_per_atom,13.770463688863368,33.5659315170705,0.09207921280244791,6.4988344934851945,17.296436278720687,21.166334842857864,159.83627832195964,46,"{""alpha"": 1.6748308280888355, ""gamma"": 0.1109786868991176}",2213.8380875745174,delta_energy_per_atom,none
11,3,1,RandomForest,Final Energy,1478.8149908049277,2416.9761248039317,0.07082182004406012,782.1630871659742,2603.3874019075793,3484.691869544394,9572.293912994326,46,"{""n_estimators"": 405, ""max_depth"": 7, ""min_samples_split"": 4, ""min_samples_leaf"": 3, ""max_features"": ""log2""}",1753.2655601985962,delta_energy_per_atom,none
11,3,1,RandomForest,delta_energy_per_atom,14.267259567850349,30.46004839219323,0.252326945796995,6.412814602454439,21.42334838771587,24.374547669983308,140.7690281322695,46,"{""n_estimators"": 405, ""max_depth"": 7, ""min_samples_split"": 4, ""min_samples_leaf"": 3, ""max_features"": ""log2""}",1753.2655601985962,delta_energy_per_atom,none
11,3,1,RandomForest,Final Energy,1351.329971113031,2381.2483131533427,0.0980890647932059,702.8586764306101,2062.2039421466734,3079.205564477388,9986.840004497371,46,"{""n_estimators"": 905, ""max_depth"": 10, ""min_samples_split"": 8, ""min_samples_leaf"": 4, ""max_features"": ""log2""}",1725.22477381874,delta_energy_per_atom,soft
11,3,1,RandomForest,delta_energy_per_atom,13.361066488844338,31.306327345666112,0.21020424487135758,6.572755747390129,16.686628723470356,21.161951835867676,146.86529418378487,46,"{""n_estimators"": 905, ""max_depth"": 10, ""min_samples_split"": 8, ""min_samples_leaf"": 4, ""max_features"": ""log2""}",1725.22477381874,delta_energy_per_atom,soft
11,3,1,RandomForest,Final Energy,1288.941848145427,2417.817681533061,0.07017465412886192,640.664876645568,2073.6355770290056,2779.7662446351733,10461.151504436288,46,"{""n_estimators"": 821, ""max_depth"": 5, ""min_samples_split"": 6, ""min_samples_leaf"": 4, ""max_features"": ""sqrt""}",1654.6012730148746,delta_energy_per_atom,robust
11,3,1,RandomForest,delta_energy_per_atom,12.978602004005538,32.45208339149569,0.1513361214217256,6.9770432399231055,14.551203487272327,19.128528559610103,153.84046330053363,46,"{""n_estimators"": 821, ""max_depth"": 5, ""min_samples_split"": 6, ""min_samples_leaf"": 4, ""max_features"": ""sqrt""}",1654.6012730148746,delta_energy_per_atom,robust
11,3,1,XGBoost,Final Energy,1622.9964404311074,2512.4006332616514,-0.003996202651987968,883.478414197045,3639.602624098205,4364.842237376446,8221.927915787415,46,"{""n_estimators"": 684, ""max_depth"": 5, ""learning_rate"": 0.0029135806180390334, ""subsample"": 0.8695015084553938, ""colsample_bytree"": 0.74401114008314, ""min_child_weight"": 4, ""reg_alpha"": 1.5939786318709914e-07, ""reg_lambda"": 0.001723263374997668, ""gamma"": 0.00035354734673985054}",1781.7923928556154,delta_energy_per_atom,none
11,3,1,XGBoost,delta_energy_per_atom,14.757752748870226,28.54707439313208,0.3432897954148082,7.199341971863749,29.112837565998056,30.665216874635018,120.91070464393258,46,"{""n_estimators"": 684, ""max_depth"": 5, ""learning_rate"": 0.0029135806180390334, ""subsample"": 0.8695015084553938, ""colsample_bytree"": 0.74401114008314, ""min_child_weight"": 4, ""reg_alpha"": 1.5939786318709914e-07, ""reg_lambda"": 0.001723263374997668, ""gamma"": 0.00035354734673985054}",1781.7923928556154,delta_energy_per_atom,none
11,3,1,XGBoost,Final Energy,1397.1971604361106,2526.839960078981,-0.01556974544718659,642.12737411845,2755.9282577027743,3471.047105693096,10109.936979508118,46,"{""n_estimators"": 669, ""max_depth"": 6, ""learning_rate"": 0.001867549313406293, ""subsample"": 0.7863573554348102, ""colsample_bytree"": 0.7077945427173047, ""min_child_weight"": 3, ""reg_alpha"": 0.04846203600456523, ""reg_lambda"": 1.267606284917246, ""gamma"": 0.001944102550043744}",1711.2962878771764,delta_energy_per_atom,soft
11,3,1,XGBoost,delta_energy_per_atom,13.6155831269763,32.372284904158974,0.15550465691294757,5.047762689937539,20.721874104665034,23.909654297858413,148.67554381629586,46,"{""n_estimators"": 669, ""max_depth"": 6, ""learning_rate"": 0.001867549313406293, ""subsample"": 0.7863573554348102, ""colsample_bytree"": 0.7077945427173047, ""min_child_weight"": 3, ""reg_alpha"": 0.04846203600456523, ""reg_lambda"": 1.267606284917246, ""gamma"": 0.001944102550043744}",1711.2962878771764,delta_energy_per_atom,soft
11,3,1,XGBoost,Final Energy,1185.9951650133216,2555.316744417243,-0.038589107313244275,508.64331656809827,2019.5143086338776,2619.104008129766,11277.31644270392,46,"{""n_estimators"": 399, ""max_depth"": 4, ""learning_rate"": 0.0015513591927640857, ""subsample"": 0.7900246559962365, ""colsample_bytree"": 0.8476649120429064, ""min_child_weight"": 1, ""reg_alpha"": 0.0007391100111171164, ""reg_lambda"": 5.227220569341278, ""gamma"": 1.9256494557169617e-05}",1631.9519225757053,delta_energy_per_atom,robust
11,3,1,XGBoost,delta_energy_per_atom,12.520339955307906,35.23343822358549,-0.00036986859748466827,3.634849859060914,14.432849823357166,18.017614748616722,165.84288886329293,46,"{""n_estimators"": 399, ""max_depth"": 4, ""learning_rate"": 0.0015513591927640857, ""subsample"": 0.7900246559962365, ""colsample_bytree"": 0.8476649120429064, ""min_child_weight"": 1, ""reg_alpha"": 0.0007391100111171164, ""reg_lambda"": 5.227220569341278, ""gamma"": 1.9256494557169617e-05}",1631.9519225757053,delta_energy_per_atom,robust
11,3,1,LinearRegression,Final Energy,1895.204756287806,2849.5114863483705,-0.2915020673880475,1335.5424293705992,2945.7187691825557,4736.7880987611825,10731.417935272671,46,{},3185.3385615113843,delta_energy,none
11,3,1,LinearRegression,delta_energy,1895.204756287806,2849.5114863483705,-0.32677066275197864,1335.5424293705992,2945.7187691825557,4736.788098761182,10731.417935272671,46,{},3185.3385615113843,delta_energy,none
11,3,1,Ridge,Final Energy,1717.405941736996,2637.795466934878,-0.10671683664459342,1148.5469247753356,2813.3130853083057,4383.340224272014,10209.691495897649,46,"{""alpha"": 0.3341343545132569}",3219.062538367204,delta_energy,none
11,3,1,Ridge,delta_energy,1717.405941736996,2637.7954669348783,-0.13693928016960322,1148.5469247753356,2813.3130853083057,4383.340224272014,10209.691495897649,46,"{""alpha"": 0.3341343545132569}",3219.062538367204,delta_energy,none
11,3,1,ElasticNet,Final Energy,1724.0127948516672,2648.9113043340194,-0.11606403997368542,1149.9888875669083,2819.1914515444178,4360.664748005171,10257.722262055606,46,"{""alpha"": 0.0011287007414385417, ""l1_ratio"": 0.09349446086588081}",3223.7588906906226,delta_energy,none
11,3,1,ElasticNet,delta_energy,1724.0127948516672,2648.9113043340194,-0.14654173878656662,1149.9888875669083,2819.1914515444178,4360.6647480051715,10257.722262055606,46,"{""alpha"": 0.0011287007414385417, ""l1_ratio"": 0.09349446086588081}",3223.7588906906226,delta_energy,none
11,3,1,KernelRidge,Final Energy,1365.03769081608,2371.7613899214266,0.10526119836249448,740.3353844342055,2637.996199440322,2827.492726247049,9527.219119051879,46,"{""alpha"": 0.05151673194897044, ""gamma"": 0.004459893158905573}",2003.486054015017,delta_energy,none
11,3,1,KernelRidge,delta_energy,1365.03769081608,2371.761389921427,0.08082749318447513,740.3353844342055,2637.9961994403225,2827.492726247049,9527.219119051879,46,"{""alpha"": 0.05151673194897044, ""gamma"": 0.004459893158905573}",2003.486054015017,delta_energy,none
11,3,1,RandomForest,Final Energy,1888.925718627748,2905.1667714217797,-0.34244474177394935,780.814413306593,4680.449439173974,5785.222336453852,8869.97998703093,46,"{""n_estimators"": 904, ""max_depth"": 13, ""min_samples_split"": 3, ""min_samples_leaf"": 1, ""max_features"": null}",2606.27735478295,delta_energy,none
11,3,1,RandomForest,delta_energy,1888.925718627748,2905.1667714217797,-0.37910448982361067,780.814413306593,4680.449439173974,5785.222336453853,8869.97998703093,46,"{""n_estimators"": 904, ""max_depth"": 13, ""min_samples_split"": 3, ""min_samples_leaf"": 1, ""max_features"": null}",2606.27735478295,delta_energy,none
11,3,1,RandomForest,Final Energy,1909.7212484659046,2927.987781152906,-0.3636182402223074,616.3782909290599,4758.529397379133,5892.055670529349,8432.957283820439,46,"{""n_estimators"": 520, ""max_depth"": 15, ""min_samples_split"": 2, ""min_samples_leaf"": 1, ""max_features"": null}",2710.0222525679274,delta_energy,soft
11,3,1,RandomForest,delta_energy,1909.7212484659046,2927.9877811529063,-0.4008561983794636,616.3782909290599,4758.529397379133,5892.05567052935,8432.957283820439,46,"{""n_estimators"": 520, ""max_depth"": 15, ""min_samples_split"": 2, ""min_samples_leaf"": 1, ""max_features"": null}",2710.0222525679274,delta_energy,soft
11,3,1,RandomForest,Final Energy,1892.3932805013358,2875.462588181812,-0.31513314943232773,621.101434309031,4737.416479360388,5977.998671775687,8181.043855468855,46,"{""n_estimators"": 909, ""max_depth"": 8, ""min_samples_split"": 2, ""min_samples_leaf"": 1, ""max_features"": null}",2751.5609544964946,delta_energy,robust
11,3,1,RandomForest,delta_energy,1892.3932805013358,2875.462588181812,-0.3510470670854575,621.1014343090312,4737.416479360388,5977.998671775688,8181.043855468855,46,"{""n_estimators"": 909, ""max_depth"": 8, ""min_samples_split"": 2, ""min_samples_leaf"": 1, ""max_features"": null}",2751.5609544964946,delta_energy,robust
11,3,1,XGBoost,Final Energy,2352.515630738943,3675.174229711678,-1.1483752820735025,837.5512572717862,7702.264480362641,8246.998750359055,9204.546873306947,46,"{""n_estimators"": 460, ""max_depth"": 7, ""learning_rate"": 0.020641732289807268, ""subsample"": 0.724001383886727, ""colsample_bytree"": 0.8158673169561328, ""min_child_weight"": 1, ""reg_alpha"": 9.386391312722937e-07, ""reg_lambda"": 0.000574340049664231, ""gamma"": 4.567678308087201e-06}",1573.9291647255413,delta_energy,none
11,3,1,XGBoost,delta_energy,2352.515630738943,3675.174229711678,-1.207043541634682,837.5512572717862,7702.264480362641,8246.998750359053,9204.546873306947,46,"{""n_estimators"": 460, ""max_depth"": 7, ""learning_rate"": 0.020641732289807268, ""subsample"": 0.724001383886727, ""colsample_bytree"": 0.8158673169561328, ""min_child_weight"": 1, ""reg_alpha"": 9.386391312722937e-07, ""reg_lambda"": 0.000574340049664231, ""gamma"": 4.567678308087201e-06}",1573.9291647255413,delta_energy,none
11,3,1,XGBoost,Final Energy,2637.8064029629027,4096.86492355954,-1.669669944785623,983.0590113069575,8784.02275608226,9585.302379070603,10033.261510676439,46,"{""n_estimators"": 1290, ""max_depth"": 3, ""learning_rate"": 0.004879699716845604, ""subsample"": 0.8447499333347988, ""colsample_bytree"": 0.9195630426126532, ""min_child_weight"": 1, ""reg_alpha"": 5.897757684758443e-07, ""reg_lambda"": 2.796438978795978e-05, ""gamma"": 0.8652859425248874}",2967.238908968229,delta_energy,soft
11,3,1,XGBoost,delta_energy,2637.8064029629027,4096.86492355954,-1.74257382269293,983.0590113069575,8784.02275608226,9585.302379070603,10033.261510676439,46,"{""n_estimators"": 1290, ""max_depth"": 3, ""learning_rate"": 0.004879699716845604, ""subsample"": 0.8447499333347988, ""colsample_bytree"": 0.9195630426126532, ""min_child_weight"": 1, ""reg_alpha"": 5.897757684758443e-07, ""reg_lambda"": 2.796438978795978e-05, ""gamma"": 0.8652859425248874}",2967.238908968229,delta_energy,soft
11,3,1,XGBoost,Final Energy,3102.571492105263,4651.382319140119,-2.4412668999344755,1779.3086552201194,9431.65301128727,10959.1538204263,11550.395299738939,46,"{""n_estimators"": 764, ""max_depth"": 3, ""learning_rate"": 0.048497502959722126, ""subsample"": 0.9508364637358949, ""colsample_bytree"": 0.9945321785503441, ""min_child_weight"": 1, ""reg_alpha"": 0.00021217232409012597, ""reg_lambda"": 1.1779593091439647e-05, ""gamma"": 3.511454118113603e-05}",2945.3381644914566,delta_energy,robust
11,3,1,XGBoost,delta_energy,3102.571492105263,4651.38231914012,-2.535241700980314,1779.3086552201194,9431.65301128727,10959.1538204263,11550.395299738939,46,"{""n_estimators"": 764, ""max_depth"": 3, ""learning_rate"": 0.048497502959722126, ""subsample"": 0.9508364637358949, ""colsample_bytree"": 0.9945321785503441, ""min_child_weight"": 1, ""reg_alpha"": 0.00021217232409012597, ""reg_lambda"": 1.1779593091439647e-05, ""gamma"": 3.511454118113603e-05}",2945.3381644914566,delta_energy,robust
11,3,1,LinearRegression,Final Energy,1847.191677549375,2799.769721679095,-0.24680606683181527,1307.1723338134332,2921.038186297471,4716.231659471116,10519.214717371658,46,{},3185.338561511022,final_energy_direct,none
11,3,1,LinearRegression,final_energy_direct,1847.191677549375,2799.769721679095,-0.24680606683181527,1307.1723338134332,2921.038186297471,4716.231659471116,10519.214717371658,46,{},3185.338561511022,final_energy_direct,none
11,3,1,Ridge,Final Energy,1713.7796720762465,2632.537714820281,-0.1023093352336828,1146.6949724567903,2810.1000012747454,4381.312619808404,10191.836770084943,46,"{""alpha"": 0.38344754885552523}",3219.280450475895,final_energy_direct,none
11,3,1,Ridge,final_energy_direct,1713.7796720762465,2632.537714820281,-0.1023093352336828,1146.6949724567903,2810.1000012747454,4381.312619808404,10191.836770084943,46,"{""alpha"": 0.38344754885552523}",3219.280450475895,final_energy_direct,none
11,3,1,ElasticNet,Final Energy,1719.9869450865679,2643.068383631916,-0.11114588235918643,1147.8381435135143,2815.9963271896568,4359.858574482375,10238.158767447609,46,"{""alpha"": 0.0014399706344252845, ""l1_ratio"": 0.06642249836180786}",3222.2541679803585,final_energy_direct,none
11,3,1,ElasticNet,final_energy_direct,1719.9869450865679,2643.068383631916,-0.11114588235918643,1147.8381435135143,2815.9963271896568,4359.858574482375,10238.158767447609,46,"{""alpha"": 0.0014399706344252845, ""l1_ratio"": 0.06642249836180786}",3222.2541679803585,final_energy_direct,none
11,3,1,KernelRidge,Final Energy,1378.038826043983,2372.0305692603647,0.1050580928837187,710.0801079993848,2669.514690480282,2889.208528735099,9575.217320226151,46,"{""alpha"": 0.04421716432903551, ""gamma"": 0.0034888308678688936}",2011.7863130169474,final_energy_direct,none
11,3,1,KernelRidge,final_energy_direct,1378.038826043983,2372.0305692603647,0.1050580928837187,710.0801079993848,2669.514690480282,2889.208528735099,9575.217320226151,46,"{""alpha"": 0.04421716432903551, ""gamma"": 0.0034888308678688936}",2011.7863130169474,final_energy_direct,none
11,3,1,RandomForest,Final Energy,1882.6689606687441,2878.3994027704425,-0.31782090797944673,758.1256795791787,4665.1562346118335,5746.139579824575,8427.590849239903,46,"{""n_estimators"": 876, ""max_depth"": 10, ""min_samples_split"": 4, ""min_samples_leaf"": 1, ""max_features"": null}",2635.4825676434743,final_energy_direct,none
11,3,1,RandomForest,final_energy_direct,1882.6689606687441,2878.3994027704425,-0.31782090797944673,758.1256795791787,4665.1562346118335,5746.139579824575,8427.590849239903,46,"{""n_estimators"": 876, ""max_depth"": 10, ""min_samples_split"": 4, ""min_samples_leaf"": 1, ""max_features"": null}",2635.4825676434743,final_energy_direct,none
11,3,1,RandomForest,Final Energy,1937.8867983141804,2919.9866847804137,-0.3561759046042605,679.6122239633532,4759.320918009845,6007.501337605152,8072.198373065087,46,"{""n_estimators"": 301, ""max_depth"": 9, ""min_samples_split"": 4, ""min_samples_leaf"": 1, ""max_features"": null}",2771.332731122912,final_energy_direct,soft
11,3,1,RandomForest,final_energy_direct,1937.8867983141804,2919.9866847804137,-0.3561759046042605,679.6122239633532,4759.320918009845,6007.501337605152,8072.198373065087,46,"{""n_estimators"": 301, ""max_depth"": 9, ""min_samples_split"": 4, ""min_samples_leaf"": 1, ""max_features"": null}",2771.332731122912,final_energy_direct,soft
11,3,1,RandomForest,Final Energy,1931.8238651383,2885.176768488397,-0.3240339921975546,757.7628279493906,4662.294194967498,6057.486654412916,7924.77177005714,46,"{""n_estimators"": 385, ""max_depth"": 8, ""min_samples_split"": 2, ""min_samples_leaf"": 1, ""max_features"": null}",2693.514756378924,final_energy_direct,robust
11,3,1,RandomForest,final_energy_direct,1931.8238651383,2885.176768488397,-0.3240339921975546,757.7628279493906,4662.294194967498,6057.486654412916,7924.77177005714,46,"{""n_estimators"": 385, ""max_depth"": 8, ""min_samples_split"": 2, ""min_samples_leaf"": 1, ""max_features"": null}",2693.514756378924,final_energy_direct,robust
11,3,1,XGBoost,Final Energy,2533.2369088876194,4054.9716878246636,-1.6153507086807832,866.806196899819,9022.288542420712,9473.362220893381,9609.440429487895,46,"{""n_estimators"": 1197, ""max_depth"": 6, ""learning_rate"": 0.03705614003823239, ""subsample"": 0.721005675638413, ""colsample_bytree"": 0.8414564710221696, ""min_child_weight"": 1, ""reg_alpha"": 4.5281162637339373e-07, ""reg_lambda"": 0.014757254852284792, ""gamma"": 0.0002691320378813422}",1643.9040289484537,final_energy_direct,none
11,3,1,XGBoost,final_energy_direct,2533.2369088876194,4054.9716878246636,-1.6153507086807832,866.806196899819,9022.288542420712,9473.362220893381,9609.440429487895,46,"{""n_estimators"": 1197, ""max_depth"": 6, ""learning_rate"": 0.03705614003823239, ""subsample"": 0.721005675638413, ""colsample_bytree"": 0.8414564710221696, ""min_child_weight"": 1, ""reg_alpha"": 4.5281162637339373e-07, ""reg_lambda"": 0.014757254852284792, ""gamma"": 0.0002691320378813422}",1643.9040289484537,final_energy_direct,none
11,3,1,XGBoost,Final Energy,2655.9848060614395,4125.652082482795,-1.7073193281512715,999.4211390945811,8710.805791251405,9854.289155736991,10503.782439591658,46,"{""n_estimators"": 1002, ""max_depth"": 3, ""learning_rate"": 0.005739595937433982, ""subsample"": 0.9490507695641908, ""colsample_bytree"": 0.8748465018100374, ""min_child_weight"": 1, ""reg_alpha"": 0.00012624345260375683, ""reg_lambda"": 0.08872192621122924, ""gamma"": 9.084466701758897e-06}",3046.3416607801732,final_energy_direct,soft
11,3,1,XGBoost,final_energy_direct,2655.9848060614395,4125.652082482795,-1.7073193281512715,999.4211390945811,8710.805791251405,9854.289155736991,10503.782439591658,46,"{""n_estimators"": 1002, ""max_depth"": 3, ""learning_rate"": 0.005739595937433982, ""subsample"": 0.9490507695641908, ""colsample_bytree"": 0.8748465018100374, ""min_child_weight"": 1, ""reg_alpha"": 0.00012624345260375683, ""reg_lambda"": 0.08872192621122924, ""gamma"": 9.084466701758897e-06}",3046.3416607801732,final_energy_direct,soft
11,3,1,XGBoost,Final Energy,2582.863834381752,3990.745360369359,-1.5331582208070764,930.3196939201971,8423.533818595155,9188.737037943778,9779.788298966658,46,"{""n_estimators"": 1259, ""max_depth"": 3, ""learning_rate"": 0.0051289380037774415, ""subsample"": 0.979901513638361, ""colsample_bytree"": 0.793911094846899, ""min_child_weight"": 1, ""reg_alpha"": 0.0020116632885027377, ""reg_lambda"": 0.0005539536076616974, ""gamma"": 0.08734831137497022}",3014.0552922823804,final_energy_direct,robust
11,3,1,XGBoost,final_energy_direct,2582.863834381752,3990.745360369359,-1.5331582208070764,930.3196939201971,8423.533818595155,9188.737037943778,9779.788298966658,46,"{""n_estimators"": 1259, ""max_depth"": 3, ""learning_rate"": 0.0051289380037774415, ""subsample"": 0.979901513638361, ""colsample_bytree"": 0.793911094846899, ""min_child_weight"": 1, ""reg_alpha"": 0.0020116632885027377, ""reg_lambda"": 0.0005539536076616974, ""gamma"": 0.08734831137497022}",3014.0552922823804,final_energy_direct,robust
12,3,2,LinearRegression,HOMO,0.358813987905441,0.43902884231191724,0.3248443322356206,0.34020160632421614,0.6448611806684252,0.7425004546655953,1.2568589432058865,46,{},0.1310199000737257,,
12,3,2,LinearRegression,delta_homo,0.358813987905441,0.43902884231191724,-0.6379132295139651,0.34020160632421614,0.6448611806684252,0.7425004546655953,1.256858943205886,46,{},0.1310199000737257,,
12,3,2,Ridge,HOMO,0.28970097710288223,0.37993224883144944,0.4943731483754109,0.26950318121931316,0.5074066131645845,0.6249478734036669,1.397623797131223,46,"{""alpha"": 105.33677377902175}",0.12281515472141552,,
12,3,2,Ridge,delta_homo,0.2897009771028822,0.3799322488314494,-0.22663994248276165,0.26950318121931316,0.5074066131645845,0.6249478734036669,1.3976237971312226,46,"{""alpha"": 105.33677377902175}",0.12281515472141552,,
12,3,2,ElasticNet,HOMO,0.2561688846235197,0.3559984915306653,0.556070374632401,0.20164039955476198,0.44398615055896373,0.5831070086748644,1.470474583148881,46,"{""alpha"": 0.17540168160128525, ""l1_ratio"": 0.436004440288516}",0.12372853759295116,,
12,3,2,ElasticNet,delta_homo,0.2561688846235197,0.35599849153066526,-0.07696378935905401,0.2016403995547622,0.4439861505589635,0.5831070086748645,1.4704745831488806,46,"{""alpha"": 0.17540168160128525, ""l1_ratio"": 0.436004440288516}",0.12372853759295116,,
12,3,2,KernelRidge,HOMO,0.21269683110996154,0.35854382667673407,0.5496996220078915,0.12258161140998913,0.596476874948737,0.6286719364400872,1.6354312153124444,46,"{""alpha"": 0.4373983554612158, ""gamma"": 0.06803920878881071}",0.10897043178462232,,
12,3,2,KernelRidge,delta_homo,0.21269683110996163,0.35854382667673407,-0.09241909915478952,0.12258161140998913,0.5964768749487375,0.6286719364400871,1.6354312153124435,46,"{""alpha"": 0.4373983554612158, ""gamma"": 0.06803920878881071}",0.10897043178462232,,
12,3,2,RandomForest,HOMO,0.18541372224644556,0.3299023414293656,0.618768648545686,0.11408764813650407,0.4243673250329838,0.5553163574638482,1.6590936360354687,46,"{""n_estimators"": 245, ""max_depth"": 10, ""min_samples_split"": 6, ""min_samples_leaf"": 3, ""max_features"": ""log2""}",0.10769467923242709,,
12,3,2,RandomForest,delta_homo,0.18541372224644564,0.3299023414293656,0.07514088399769647,0.11408764813650385,0.4243673250329836,0.555316357463848,1.6590936360354687,46,"{""n_estimators"": 245, ""max_depth"": 10, ""min_samples_split"": 6, ""min_samples_leaf"": 3, ""max_features"": ""log2""}",0.10769467923242709,,
12,3,2,XGBoost,HOMO,0.19036671037259315,0.33655326284787973,0.6032422455673131,0.10718669059753472,0.44076343546295105,0.5938870627098076,1.670756566253662,46,"{""n_estimators"": 370, ""max_depth"": 4, ""learning_rate"": 0.00975817052142803, ""subsample"": 0.7462542677779263, ""colsample_bytree"": 0.9030082553151575, ""min_child_weight"": 2, ""reg_alpha"": 0.038752111250799824, ""reg_lambda"": 9.853007534481721, ""gamma"": 0.0034879358343046767}",0.10592335402980357,,
12,3,2,XGBoost,delta_homo,0.19036671037259315,0.3365532628478797,0.037474161996753574,0.10718669059753472,0.44076343546295105,0.5938870627098076,1.6707565662536616,46,"{""n_estimators"": 370, ""max_depth"": 4, ""learning_rate"": 0.00975817052142803, ""subsample"": 0.7462542677779263, ""colsample_bytree"": 0.9030082553151575, ""min_child_weight"": 2, ""reg_alpha"": 0.038752111250799824, ""reg_lambda"": 9.853007534481721, ""gamma"": 0.0034879358343046767}",0.10592335402980357,,
12,3,2,LinearRegression,LUMO,0.32157347990073093,0.5985987127032634,0.6017111057016393,0.16389387980256964,0.6298969621526884,0.7557549527115099,3.033573957757823,46,{},0.1262878839944628,,
12,3,2,LinearRegression,delta_lumo,0.32157347990073093,0.5985987127032634,-0.01706923059008636,0.16389387980256975,0.6298969621526886,0.7557549527115095,3.033573957757823,46,{},0.1262878839944628,,
12,3,2,Ridge,LUMO,0.3122233709004587,0.5657238872537488,0.6442575648720883,0.18364463574748702,0.5229755578145678,0.656412187005535,2.9268973680134414,46,"{""alpha"": 51.476457411721206}",0.12369249291210557,,
12,3,2,Ridge,delta_lumo,0.3122233709004587,0.5657238872537488,0.09157726975748592,0.18364463574748724,0.5229755578145681,0.6564121870055348,2.9268973680134414,46,"{""alpha"": 51.476457411721206}",0.12369249291210557,,
12,3,2,ElasticNet,LUMO,0.3059913988166937,0.5765335014324796,0.6305329296960077,0.16610694801290715,0.5349217249253719,0.6689694632768961,2.98619766058723,46,"{""alpha"": 0.02980272309303656, ""l1_ratio"": 0.7917668147457126}",0.12452669862283607,,
12,3,2,ElasticNet,delta_lumo,0.3059913988166937,0.5765335014324796,0.056530085820167164,0.16610694801290737,0.5349217249253719,0.6689694632768959,2.98619766058723,46,"{""alpha"": 0.02980272309303656, ""l1_ratio"": 0.7917668147457126}",0.12452669862283607,,
12,3,2,KernelRidge,LUMO,0.26676500301852624,0.5748432220317191,0.6326961591324167,0.10332544962816992,0.5371258959825218,0.6765221546601314,3.037786574352107,46,"{""alpha"": 0.20662579281803933, ""gamma"": 0.0038208001065358293}",0.12162566045926466,,
12,3,2,KernelRidge,delta_lumo,0.2667650030185262,0.5748432220317191,0.062054101503190795,0.10332544962817014,0.537125895982522,0.6765221546601312,3.037786574352107,46,"{""alpha"": 0.20662579281803933, ""gamma"": 0.0038208001065358293}",0.12162566045926466,,
12,3,2,RandomForest,LUMO,0.27421282193801216,0.5919918335075762,0.6104546081409334,0.1186077483796667,0.503942236045678,0.6022011833371863,3.1476249258376177,46,"{""n_estimators"": 232, ""max_depth"": 16, ""min_samples_split"": 8, ""min_samples_leaf"": 2, ""max_features"": ""log2""}",0.12372794896821884,,
12,3,2,RandomForest,delta_lumo,0.27421282193801216,0.5919918335075762,0.0052581489223682,0.11860774837966659,0.503942236045678,0.6022011833371861,3.1476249258376177,46,"{""n_estimators"": 232, ""max_depth"": 16, ""min_samples_split"": 8, ""min_samples_leaf"": 2, ""max_features"": ""log2""}",0.12372794896821884,,
12,3,2,XGBoost,LUMO,0.28764994848500136,0.5888686158658849,0.6145540758128454,0.13578000584411598,0.47598087910461473,0.5789648357467652,3.086100127838135,46,"{""n_estimators"": 891, ""max_depth"": 3, ""learning_rate"": 0.0012248892291229071, ""subsample"": 0.7143030036108295, ""colsample_bytree"": 0.7342033456565855, ""min_child_weight"": 10, ""reg_alpha"": 1.9014535536769761e-06, ""reg_lambda"": 0.001082874692664299, ""gamma"": 0.0002822753783018764}",0.13544270167651107,,
12,3,2,XGBoost,delta_lumo,0.28764994848500136,0.5888686158658849,0.015726536292910875,0.1357800058441163,0.47598087910461473,0.5789648357467649,3.086100127838135,46,"{""n_estimators"": 891, ""max_depth"": 3, ""learning_rate"": 0.0012248892291229071, ""subsample"": 0.7143030036108295, ""colsample_bytree"": 0.7342033456565855, ""min_child_weight"": 10, ""reg_alpha"": 1.9014535536769761e-06, ""reg_lambda"": 0.001082874692664299, ""gamma"": 0.0002822753783018764}",0.13544270167651107,,
12,3,2,LinearRegression,Final Energy,14515.615530244713,18734.388932842616,-5.045566207044402,18317.42738542905,28036.08026096072,30340.82472741853,33488.10792366342,46,{},2366.802848341548,delta_energy_per_atom,none
12,3,2,LinearRegression,delta_energy_per_atom,36.59894054866703,43.228204049187454,-3.211465145764005,39.825405005000526,59.98866198341605,73.44532216102363,107.74857967588379,46,{},2366.802848341548,delta_energy_per_atom,none
12,3,2,Ridge,Final Energy,10820.3491978,13882.416674827024,-2.3196176750204898,16981.445750586638,20300.24202788102,20409.86416309066,21547.978931313835,46,"{""alpha"": 409.6565637535514}",1979.7947074159501,delta_energy_per_atom,none
12,3,2,Ridge,delta_energy_per_atom,26.52336252675409,30.864649039945384,-1.1469479280557313,31.543080081756074,35.72623646569002,38.391403169683116,98.68223551957055,46,"{""alpha"": 409.6565637535514}",1979.7947074159501,delta_energy_per_atom,none
12,3,2,ElasticNet,Final Energy,8385.030765847097,10590.993187396147,-0.9321075375902874,13241.773472894576,15032.647358398728,15315.754103470577,16696.48761843792,46,"{""alpha"": 1.4384857256209875, ""l1_ratio"": 0.07813109854663898}",2098.6932563738674,delta_energy_per_atom,none
12,3,2,ElasticNet,delta_energy_per_atom,21.908713206166908,26.332719599956587,-0.5627526877335842,24.412893450365708,27.383991553989922,27.824984430935327,102.4155500845304,46,"{""alpha"": 1.4384857256209875, ""l1_ratio"": 0.07813109854663898}",2098.6932563738674,delta_energy_per_atom,none
12,3,2,KernelRidge,Final Energy,1883.9204862809208,2478.2105808324463,0.8942125055240266,1732.2745682361947,2822.8536426549326,3114.145500739265,10284.584630347916,46,"{""alpha"": 2.2265057533333454, ""gamma"": 0.14980148681258135}",2014.593193747706,delta_energy_per_atom,none
12,3,2,KernelRidge,delta_energy_per_atom,9.38160049742755,19.926916072553933,0.10509072637561456,4.491224679377684,12.584888736863137,31.525124613034187,114.27316255942131,46,"{""alpha"": 2.2265057533333454, ""gamma"": 0.14980148681258135}",2014.593193747706,delta_energy_per_atom,none
12,3,2,RandomForest,Final Energy,1108.0668394670233,1675.869350239188,0.9516230778621859,775.0376536464046,2159.9639199240833,2433.85004311179,6868.737661074995,46,"{""n_estimators"": 392, ""max_depth"": 11, ""min_samples_split"": 3, ""min_samples_leaf"": 2, ""max_features"": ""log2""}",1998.3084998469872,delta_energy_per_atom,none
12,3,2,RandomForest,delta_energy_per_atom,8.632473816100475,17.159953429554776,0.33636232217984285,1.8335861175484407,21.566521989032637,36.572048534796465,76.31930734527774,46,"{""n_estimators"": 392, ""max_depth"": 11, ""min_samples_split"": 3, ""min_samples_leaf"": 2, ""max_features"": ""log2""}",1998.3084998469872,delta_energy_per_atom,none
12,3,2,RandomForest,Final Energy,1167.7764887326719,1765.4396257986675,0.9463136772568199,908.490469843915,2083.2088538882326,2810.321476288405,8518.746192480365,46,"{""n_estimators"": 386, ""max_depth"": 10, ""min_samples_split"": 6, ""min_samples_leaf"": 4, ""max_features"": ""sqrt""}",1919.108419514701,delta_energy_per_atom,soft
12,3,2,RandomForest,delta_energy_per_atom,7.864083106267051,16.853968957366963,0.3598183749220182,2.1228629367168814,19.714649952330298,22.024969288969352,94.65273547200408,46,"{""n_estimators"": 386, ""max_depth"": 10, ""min_samples_split"": 6, ""min_samples_leaf"": 4, ""max_features"": ""sqrt""}",1919.108419514701,delta_energy_per_atom,soft
12,3,2,RandomForest,Final Energy,1163.089724864038,1801.0734357633123,0.9441245853474589,931.0327821552933,1982.6238951255789,2443.390410229673,9299.319691676139,46,"{""n_estimators"": 594, ""max_depth"": 4, ""min_samples_split"": 7, ""min_samples_leaf"": 4, ""max_features"": ""sqrt""}",1821.155844876579,delta_energy_per_atom,robust
12,3,2,RandomForest,delta_energy_per_atom,7.421427643472737,17.124141704886487,0.33912937056657444,2.467964243897505,14.507730083864017,17.097537675230992,103.32577435195711,46,"{""n_estimators"": 594, ""max_depth"": 4, ""min_samples_split"": 7, ""min_samples_leaf"": 4, ""max_features"": ""sqrt""}",1821.155844876579,delta_energy_per_atom,robust
12,3,2,XGBoost,Final Energy,1321.0659799458604,2145.1204303596314,0.9207386845509834,815.2348958371979,2793.1424939672424,4481.867019487847,8699.12671898484,46,"{""n_estimators"": 1108, ""max_depth"": 5, ""learning_rate"": 0.0012400485591148242, ""subsample"": 0.9899519607016434, ""colsample_bytree"": 0.9539861834198547, ""min_child_weight"": 6, ""reg_alpha"": 2.7705536746874028e-05, ""reg_lambda"": 8.62175262181404e-05, ""gamma"": 0.2327230242387923}",1974.3494851814585,delta_energy_per_atom,none
12,3,2,XGBoost,delta_energy_per_atom,10.365849831604542,21.23956173696873,-0.01669322028763176,2.752632712624589,36.31955809086947,43.30587503021035,96.65696354427601,46,"{""n_estimators"": 1108, ""max_depth"": 5, ""learning_rate"": 0.0012400485591148242, ""subsample"": 0.9899519607016434, ""colsample_bytree"": 0.9539861834198547, ""min_child_weight"": 6, ""reg_alpha"": 2.7705536746874028e-05, ""reg_lambda"": 8.62175262181404e-05, ""gamma"": 0.2327230242387923}",1974.3494851814585,delta_energy_per_atom,none
12,3,2,XGBoost,Final Energy,1171.5356850392436,1932.3813521320806,0.9356803617677325,694.4526868361546,2016.237852084736,2884.2241556276767,9628.09011314988,46,"{""n_estimators"": 544, ""max_depth"": 8, ""learning_rate"": 0.0016177962980475763, ""subsample"": 0.9998150352132987, ""colsample_bytree"": 0.7238364713254503, ""min_child_weight"": 8, ""reg_alpha"": 2.994355726136263e-08, ""reg_lambda"": 5.149201688286616, ""gamma"": 4.0581428013837056e-05}",1868.9409277421096,delta_energy_per_atom,soft
12,3,2,XGBoost,delta_energy_per_atom,8.378842669762571,18.75466202240415,0.2072845740197098,2.2423054508237286,17.83134287423342,23.898753998237595,106.97877903499867,46,"{""n_estimators"": 544, ""max_depth"": 8, ""learning_rate"": 0.0016177962980475763, ""subsample"": 0.9998150352132987, ""colsample_bytree"": 0.7238364713254503, ""min_child_weight"": 8, ""reg_alpha"": 2.994355726136263e-08, ""reg_lambda"": 5.149201688286616, ""gamma"": 4.0581428013837056e-05}",1868.9409277421096,delta_energy_per_atom,soft
12,3,2,XGBoost,Final Energy,1412.0944112713587,2275.6688995392587,0.9107976972180738,812.4475384658326,2752.2474851293737,3975.004526339957,10060.803469167946,46,"{""n_estimators"": 736, ""max_depth"": 7, ""learning_rate"": 0.0014771130260012554, ""subsample"": 0.9868494626220601, ""colsample_bytree"": 0.7961917830870244, ""min_child_weight"": 4, ""reg_alpha"": 0.00011147385702589931, ""reg_lambda"": 6.776769956431857, ""gamma"": 0.008927807254660651}",1724.930320319828,delta_energy_per_atom,robust
12,3,2,XGBoost,delta_energy_per_atom,8.635895429152773,20.06142422226258,0.09296854429443568,3.113871791292608,19.68975237327368,29.417897102790818,111.78670521297718,46,"{""n_estimators"": 736, ""max_depth"": 7, ""learning_rate"": 0.0014771130260012554, ""subsample"": 0.9868494626220601, ""colsample_bytree"": 0.7961917830870244, ""min_child_weight"": 4, ""reg_alpha"": 0.00011147385702589931, ""reg_lambda"": 6.776769956431857, ""gamma"": 0.008927807254660651}",1724.930320319828,delta_energy_per_atom,robust
12,3,2,LinearRegression,Final Energy,5033.473002180322,5717.797937923122,0.4368611043419742,6322.446510542986,7857.616200395464,8022.272588279755,8403.945579778563,46,{},2145.4873472915897,delta_energy,none
12,3,2,LinearRegression,delta_energy,5033.473002180322,5717.797937923122,0.38789871093502215,6322.446510542986,7857.616200395463,8022.272588279757,8403.945579778563,46,{},2145.4873472915897,delta_energy,none
12,3,2,Ridge,Final Energy,7010.310567411058,8618.249979829838,-0.27936979016497276,11261.16409619446,11918.205259808146,11959.626418159303,12192.189052280522,46,"{""alpha"": 769.4442814428007}",1780.2363538023656,delta_energy,none
12,3,2,Ridge,delta_energy,7010.3105674110575,8618.249979829836,-0.39060523751554377,11261.16409619446,11918.205259808148,11959.6264181593,12192.189052280522,46,"{""alpha"": 769.4442814428007}",1780.2363538023656,delta_energy,none
12,3,2,ElasticNet,Final Energy,7831.606415855824,9660.77901386316,-0.6076156052958486,12721.44112569824,13271.76067478305,13290.5822172078,13488.460577224541,46,"{""alpha"": 0.569989399275889, ""l1_ratio"": 0.3773104983952574}",1836.7809883459754,delta_energy,none
12,3,2,ElasticNet,delta_energy,7831.606415855824,9660.77901386316,-0.7473905494891016,12721.441125698242,13271.76067478305,13290.5822172078,13488.460577224541,46,"{""alpha"": 0.569989399275889, ""l1_ratio"": 0.3773104983952574}",1836.7809883459754,delta_energy,none
12,3,2,KernelRidge,Final Energy,7780.924741777632,9647.958522059314,-0.6033516123060894,12671.436684653458,13248.380410687561,13374.774109594448,13536.881905449336,46,"{""alpha"": 0.02132102520428514, ""gamma"": 0.20006387286014712}",1754.8841669472592,delta_energy,none
12,3,2,KernelRidge,delta_energy,7780.9247417776305,9647.958522059313,-0.7427558214926526,12671.436684653458,13248.380410687561,13374.77410959445,13536.881905449336,46,"{""alpha"": 0.02132102520428514, ""gamma"": 0.20006387286014712}",1754.8841669472592,delta_energy,none
12,3,2,RandomForest,Final Energy,7104.450992975598,8845.641718377792,-0.34777255071250535,11363.11225874081,12461.705507838891,12818.310596032166,12948.192092087087,46,"{""n_estimators"": 285, ""max_depth"": 16, ""min_samples_split"": 3, ""min_samples_leaf"": 4, ""max_features"": ""sqrt""}",1770.7392685145412,delta_energy,none
12,3,2,RandomForest,delta_energy,7104.450992975598,8845.641718377792,-0.4649553103476174,11363.112258740808,12461.705507838891,12818.310596032166,12948.192092087085,46,"{""n_estimators"": 285, ""max_depth"": 16, ""min_samples_split"": 3, ""min_samples_leaf"": 4, ""max_features"": ""sqrt""}",1770.7392685145412,delta_energy,none
12,3,2,RandomForest,Final Energy,7331.761255650552,9199.46372485873,-0.4577496302067454,11758.564722502098,12957.299650212844,13396.643863112244,13625.940428591368,46,"{""n_estimators"": 486, ""max_depth"": 3, ""min_samples_split"": 5, ""min_samples_leaf"": 4, ""max_features"": ""log2""}",1727.776265984897,delta_energy,soft
12,3,2,RandomForest,delta_energy,7331.761255650552,9199.46372485873,-0.5844944021153171,11758.564722502097,12957.299650212843,13396.643863112244,13625.940428591368,46,"{""n_estimators"": 486, ""max_depth"": 3, ""min_samples_split"": 5, ""min_samples_leaf"": 4, ""max_features"": ""log2""}",1727.776265984897,delta_energy,soft
12,3,2,RandomForest,Final Energy,7286.314978833072,9118.249943270457,-0.432124922707511,11701.91904450065,12879.799730057952,13297.170290214997,13545.084619965848,46,"{""n_estimators"": 849, ""max_depth"": 3, ""min_samples_split"": 5, ""min_samples_leaf"": 2, ""max_features"": ""log2""}",1712.769994897508,delta_energy,robust
12,3,2,RandomForest,delta_energy,7286.314978833072,9118.249943270457,-0.5566417415849758,11701.91904450065,12879.799730057952,13297.170290214995,13545.084619965848,46,"{""n_estimators"": 849, ""max_depth"": 3, ""min_samples_split"": 5, ""min_samples_leaf"": 2, ""max_features"": ""log2""}",1712.769994897508,delta_energy,robust
12,3,2,XGBoost,Final Energy,7535.704553070636,9330.38681010225,-0.4995370989462742,12073.304158033883,12971.783358162003,13171.860564784869,13345.493124973258,46,"{""n_estimators"": 720, ""max_depth"": 4, ""learning_rate"": 0.0014809780770429365, ""subsample"": 0.712216971779229, ""colsample_bytree"": 0.8497460621509999, ""min_child_weight"": 10, ""reg_alpha"": 4.922317689403873e-05, ""reg_lambda"": 1.4910667792099494e-05, ""gamma"": 1.565898064651287e-05}",1758.9473422718643,delta_energy,none
12,3,2,XGBoost,delta_energy,7535.704553070636,9330.38681010225,-0.6299151032592865,12073.304158033881,12971.783358162002,13171.860564784867,13345.493124973258,46,"{""n_estimators"": 720, ""max_depth"": 4, ""learning_rate"": 0.0014809780770429365, ""subsample"": 0.712216971779229, ""colsample_bytree"": 0.8497460621509999, ""min_child_weight"": 10, ""reg_alpha"": 4.922317689403873e-05, ""reg_lambda"": 1.4910667792099494e-05, ""gamma"": 1.565898064651287e-05}",1758.9473422718643,delta_energy,none
12,3,2,XGBoost,Final Energy,7344.847950917358,9217.60529767802,-0.4635047367695613,11798.493568907805,12977.322095102474,13191.343153260235,13464.850118987473,46,"{""n_estimators"": 1074, ""max_depth"": 3, ""learning_rate"": 0.001418119615168402, ""subsample"": 0.9728417763299912, ""colsample_bytree"": 0.7985552677771675, ""min_child_weight"": 10, ""reg_alpha"": 0.03638145821949974, ""reg_lambda"": 0.0021264966386820086, ""gamma"": 1.8154880619821796e-06}",1708.2254878476608,delta_energy,soft
12,3,2,XGBoost,delta_energy,7344.847950917358,9217.60529767802,-0.5907498893014576,11798.493568907805,12977.322095102474,13191.343153260234,13464.850118987473,46,"{""n_estimators"": 1074, ""max_depth"": 3, ""learning_rate"": 0.001418119615168402, ""subsample"": 0.9728417763299912, ""colsample_bytree"": 0.7985552677771675, ""min_child_weight"": 10, ""reg_alpha"": 0.03638145821949974, ""reg_lambda"": 0.0021264966386820086, ""gamma"": 1.8154880619821796e-06}",1708.2254878476608,delta_energy,soft
12,3,2,XGBoost,Final Energy,7572.339721814054,9477.037591732234,-0.5470456323953885,12423.15934039218,13088.139281435368,13181.455047206744,13452.538046848258,46,"{""n_estimators"": 388, ""max_depth"": 8, ""learning_rate"": 0.0017773224227749795, ""subsample"": 0.8219382965546196, ""colsample_bytree"": 0.7001782382951796, ""min_child_weight"": 8, ""reg_alpha"": 0.0020752532185398256, ""reg_lambda"": 0.0007777732002105993, ""gamma"": 1.8658803843556203e-08}",1688.3347151083817,delta_energy,robust
12,3,2,XGBoost,delta_energy,7572.339721814054,9477.037591732233,-0.6815542899501816,12423.15934039218,13088.139281435368,13181.455047206742,13452.538046848258,46,"{""n_estimators"": 388, ""max_depth"": 8, ""learning_rate"": 0.0017773224227749795, ""subsample"": 0.8219382965546196, ""colsample_bytree"": 0.7001782382951796, ""min_child_weight"": 8, ""reg_alpha"": 0.0020752532185398256, ""reg_lambda"": 0.0007777732002105993, ""gamma"": 1.8658803843556203e-08}",1688.3347151083817,delta_energy,robust
12,3,2,LinearRegression,Final Energy,5033.473002180129,5717.797937922733,0.43686110434205094,6322.446510544058,7857.616200395011,8022.272588279362,8403.945579776942,46,{},2145.487347291373,final_energy_direct,none
12,3,2,LinearRegression,final_energy_direct,5033.473002180129,5717.797937922733,0.43686110434205094,6322.446510544058,7857.616200395011,8022.272588279362,8403.945579776942,46,{},2145.487347291373,final_energy_direct,none
12,3,2,Ridge,Final Energy,7203.037991401506,8874.781444411725,-0.3566669673760421,11604.772076446405,12296.60612591738,12337.464440538837,12567.697202574938,46,"{""alpha"": 724.3058351521607}",1789.8532212710693,final_energy_direct,none
12,3,2,Ridge,final_energy_direct,7203.037991401506,8874.781444411725,-0.3566669673760421,11604.772076446405,12296.60612591738,12337.464440538837,12567.697202574938,46,"{""alpha"": 724.3058351521607}",1789.8532212710693,final_energy_direct,none
12,3,2,ElasticNet,Final Energy,8146.540695761059,10073.267892875434,-0.747827971272218,13265.004499425391,13856.5029253071,13891.387668679641,14121.026308853525,46,"{""alpha"": 0.2447707428556341, ""l1_ratio"": 0.9252749398899}",1853.4816118407016,final_energy_direct,none
12,3,2,ElasticNet,final_energy_direct,8146.540695761059,10073.267892875434,-0.747827971272218,13265.004499425391,13856.5029253071,13891.387668679641,14121.026308853525,46,"{""alpha"": 0.2447707428556341, ""l1_ratio"": 0.9252749398899}",1853.4816118407016,final_energy_direct,none
12,3,2,KernelRidge,Final Energy,8127.522446550575,10081.59381422287,-0.7507184517727696,13236.336698130934,13863.865565859413,14001.330292887818,14177.716703329132,46,"{""alpha"": 0.03140195172934732, ""gamma"": 0.263931717014754}",1762.1134603360335,final_energy_direct,none
12,3,2,KernelRidge,final_energy_direct,8127.522446550575,10081.59381422287,-0.7507184517727696,13236.336698130934,13863.865565859413,14001.330292887818,14177.716703329132,46,"{""alpha"": 0.03140195172934732, ""gamma"": 0.263931717014754}",1762.1134603360335,final_energy_direct,none
12,3,2,RandomForest,Final Energy,7571.329921107524,9420.29886074496,-0.5285768556691328,12014.972454673936,13302.014950011378,13771.254333523746,13998.90552617023,46,"{""n_estimators"": 624, ""max_depth"": 3, ""min_samples_split"": 2, ""min_samples_leaf"": 4, ""max_features"": ""sqrt""}",1759.5459384399512,final_energy_direct,none
12,3,2,RandomForest,final_energy_direct,7571.329921107524,9420.29886074496,-0.5285768556691328,12014.972454673936,13302.014950011378,13771.254333523746,13998.90552617023,46,"{""n_estimators"": 624, ""max_depth"": 3, ""min_samples_split"": 2, ""min_samples_leaf"": 4, ""max_features"": ""sqrt""}",1759.5459384399512,final_energy_direct,none
12,3,2,RandomForest,Final Energy,7333.771953651984,9139.761164692185,-0.4388900575134165,11606.316073537646,12921.631362566684,13526.558452710551,13794.216828491572,46,"{""n_estimators"": 204, ""max_depth"": 3, ""min_samples_split"": 6, ""min_samples_leaf"": 2, ""max_features"": ""sqrt""}",1727.2185567536658,final_energy_direct,soft
12,3,2,RandomForest,final_energy_direct,7333.771953651984,9139.761164692185,-0.4388900575134165,11606.316073537646,12921.631362566684,13526.558452710551,13794.216828491572,46,"{""n_estimators"": 204, ""max_depth"": 3, ""min_samples_split"": 6, ""min_samples_leaf"": 2, ""max_features"": ""sqrt""}",1727.2185567536658,final_energy_direct,soft
12,3,2,RandomForest,Final Energy,7663.051613724736,9662.88643472563,-0.6083170584984405,12451.529393994315,13555.586181808889,13971.171074470189,14199.50958116042,46,"{""n_estimators"": 209, ""max_depth"": 3, ""min_samples_split"": 6, ""min_samples_leaf"": 4, ""max_features"": ""sqrt""}",1701.6132529219924,final_energy_direct,robust
12,3,2,RandomForest,final_energy_direct,7663.051613724736,9662.88643472563,-0.6083170584984405,12451.529393994315,13555.586181808889,13971.171074470189,14199.50958116042,46,"{""n_estimators"": 209, ""max_depth"": 3, ""min_samples_split"": 6, ""min_samples_leaf"": 4, ""max_features"": ""sqrt""}",1701.6132529219924,final_energy_direct,robust
12,3,2,XGBoost,Final Energy,7849.608654864523,9781.343923722414,-0.647991534309148,12782.17102075279,13544.571298931163,13650.652558975842,13946.939715627661,46,"{""n_estimators"": 1291, ""max_depth"": 7, ""learning_rate"": 0.0010128206156060746, ""subsample"": 0.7367558972610813, ""colsample_bytree"": 0.7006691540421209, ""min_child_weight"": 10, ""reg_alpha"": 3.69277802839118e-08, ""reg_lambda"": 6.299165351140154, ""gamma"": 2.1662485368884504e-08}",1757.0975325425457,final_energy_direct,none
12,3,2,XGBoost,final_energy_direct,7849.608654864523,9781.343923722414,-0.647991534309148,12782.17102075279,13544.571298931163,13650.652558975842,13946.939715627661,46,"{""n_estimators"": 1291, ""max_depth"": 7, ""learning_rate"": 0.0010128206156060746, ""subsample"": 0.7367558972610813, ""colsample_bytree"": 0.7006691540421209, ""min_child_weight"": 10, ""reg_alpha"": 3.69277802839118e-08, ""reg_lambda"": 6.299165351140154, ""gamma"": 2.1662485368884504e-08}",1757.0975325425457,final_energy_direct,none
12,3,2,XGBoost,Final Energy,7810.330083581551,9762.438583429928,-0.6416272285329363,12703.69836450279,13524.559684806587,13734.34944340906,13956.318133596411,46,"{""n_estimators"": 539, ""max_depth"": 4, ""learning_rate"": 0.0017322786963746477, ""subsample"": 0.776949510947842, ""colsample_bytree"": 0.7763031842435251, ""min_child_weight"": 9, ""reg_alpha"": 7.173516248918086e-05, ""reg_lambda"": 0.15160451598238464, ""gamma"": 2.0578869640745906e-07}",1721.040652019919,final_energy_direct,soft
12,3,2,XGBoost,final_energy_direct,7810.330083581551,9762.438583429928,-0.6416272285329363,12703.69836450279,13524.559684806587,13734.34944340906,13956.318133596411,46,"{""n_estimators"": 539, ""max_depth"": 4, ""learning_rate"": 0.0017322786963746477, ""subsample"": 0.776949510947842, ""colsample_bytree"": 0.7763031842435251, ""min_child_weight"": 9, ""reg_alpha"": 7.173516248918086e-05, ""reg_lambda"": 0.15160451598238464, ""gamma"": 2.0578869640745906e-07}",1721.040652019919,final_energy_direct,soft
12,3,2,XGBoost,Final Energy,7714.570759233918,9676.04174205245,-0.6126992496357131,12584.798218018415,13407.8955820802,13693.7958247048,14138.260516408911,46,"{""n_estimators"": 366, ""max_depth"": 7, ""learning_rate"": 0.002541043470650508, ""subsample"": 0.9990871678259715, ""colsample_bytree"": 0.8156456657224158, ""min_child_weight"": 9, ""reg_alpha"": 1.038129460237346e-06, ""reg_lambda"": 4.64081738763673e-05, ""gamma"": 6.526573568615537e-05}",1692.6129837361916,final_energy_direct,robust
12,3,2,XGBoost,final_energy_direct,7714.570759233918,9676.04174205245,-0.6126992496357131,12584.798218018415,13407.8955820802,13693.7958247048,14138.260516408911,46,"{""n_estimators"": 366, ""max_depth"": 7, ""learning_rate"": 0.002541043470650508, ""subsample"": 0.9990871678259715, ""colsample_bytree"": 0.8156456657224158, ""min_child_weight"": 9, ""reg_alpha"": 1.038129460237346e-06, ""reg_lambda"": 4.64081738763673e-05, ""gamma"": 6.526573568615537e-05}",1692.6129837361916,final_energy_direct,robust
13,3,3,LinearRegression,HOMO,0.10919076198955416,0.14490868083102793,0.7871508159078952,0.10091342015312321,0.22351110031348528,0.28191676667071164,0.41988743526987804,43,{},0.20937558278864293,,
13,3,3,LinearRegression,delta_homo,0.1091907619895542,0.14490868083102793,-0.2308499637795911,0.10091342015312321,0.22351110031348528,0.28191676667071197,0.4198874352698776,43,{},0.20937558278864293,,
13,3,3,Ridge,HOMO,0.1375016513155235,0.1712884466654152,0.7026011218710142,0.116440656948396,0.2645190807895383,0.2849542476833758,0.42797517148218134,43,"{""alpha"": 993.547352561149}",0.14284747535766826,,
13,3,3,Ridge,delta_homo,0.1375016513155235,0.17128844666541523,-0.719778254892222,0.11644065694839556,0.26451908078953795,0.28495424768337574,0.4279751714821809,43,"{""alpha"": 993.547352561149}",0.14284747535766826,,
13,3,3,ElasticNet,HOMO,0.15977079521963827,0.19015726775744507,0.6334704097807653,0.1494716388888886,0.2978519611111114,0.3197638611111118,0.4502873611111111,43,"{""alpha"": 29.793199335951204, ""l1_ratio"": 0.736732149596619}",0.14054028037492317,,
13,3,3,ElasticNet,delta_homo,0.15977079521963827,0.19015726775744507,-1.1195426929626997,0.1494716388888886,0.2978519611111114,0.3197638611111118,0.4502873611111111,43,"{""alpha"": 29.793199335951204, ""l1_ratio"": 0.736732149596619}",0.14054028037492317,,
13,3,3,KernelRidge,HOMO,0.11966678766857712,0.15381493926797876,0.7601828592998443,0.08981501690862004,0.23577704303774988,0.31322471010540853,0.38777923452216534,43,"{""alpha"": 0.03755872853518287, ""gamma"": 0.5200204363789822}",0.13394967050700007,,
13,3,3,KernelRidge,delta_homo,0.11966678766857718,0.15381493926797882,-0.3867984516998715,0.08981501690862004,0.23577704303775016,0.313224710105409,0.3877792345221658,43,"{""alpha"": 0.03755872853518287, ""gamma"": 0.5200204363789822}",0.13394967050700007,,
13,3,3,RandomForest,HOMO,0.1117697424155697,0.1457091734210088,0.7847927127931454,0.09190211622147881,0.23679288351620884,0.2726837378613992,0.43680440311798385,43,"{""n_estimators"": 999, ""max_depth"": 12, ""min_samples_split"": 4, ""min_samples_leaf"": 4, ""max_features"": ""sqrt""}",0.15735609333912193,,
13,3,3,RandomForest,delta_homo,0.11176974241556968,0.14570917342100878,-0.24448624406771313,0.09190211622147926,0.2367928835162084,0.27268373786139916,0.43680440311798385,43,"{""n_estimators"": 999, ""max_depth"": 12, ""min_samples_split"": 4, ""min_samples_leaf"": 4, ""max_features"": ""sqrt""}",0.15735609333912193,,
13,3,3,XGBoost,HOMO,0.14550050472667622,0.17713359418423882,0.6819575767661368,0.11142801976013228,0.2508445794036872,0.3176209926940924,0.43409519427490295,43,"{""n_estimators"": 468, ""max_depth"": 7, ""learning_rate"": 0.0010990334585392, ""subsample"": 0.9280979880783822, ""colsample_bytree"": 0.7023572930134342, ""min_child_weight"": 4, ""reg_alpha"": 0.5385331367480767, ""reg_lambda"": 0.014739667801776248, ""gamma"": 5.098248042994218e-08}",0.14484902064502617,,
13,3,3,XGBoost,delta_homo,0.14550050472667622,0.17713359418423882,-0.8391543608096659,0.11142801976013228,0.2508445794036872,0.3176209926940924,0.43409519427490295,43,"{""n_estimators"": 468, ""max_depth"": 7, ""learning_rate"": 0.0010990334585392, ""subsample"": 0.9280979880783822, ""colsample_bytree"": 0.7023572930134342, ""min_child_weight"": 4, ""reg_alpha"": 0.5385331367480767, ""reg_lambda"": 0.014739667801776248, ""gamma"": 5.098248042994218e-08}",0.14484902064502617,,
13,3,3,LinearRegression,LUMO,0.13138588022978384,0.16622540590425194,0.9404045329683639,0.11330834367350895,0.29001032505755386,0.32943338348211604,0.4027352307986458,43,{},0.26837523419608356,,
13,3,3,LinearRegression,delta_lumo,0.1313858802297839,0.16622540590425192,0.38172467839794844,0.11330834367350917,0.2900103250575538,0.3294333834821156,0.4027352307986458,43,{},0.26837523419608356,,
13,3,3,Ridge,LUMO,0.15938440878584842,0.20459391776762254,0.9097174409194808,0.1338499113508591,0.3068829600639215,0.3738431758157273,0.6282625385868088,43,"{""alpha"": 993.547352561149}",0.18108453182793455,,
13,3,3,Ridge,delta_lumo,0.15938440878584845,0.2045939177676225,0.0633603354273139,0.13384991135085933,0.3068829600639215,0.3738431758157273,0.6282625385868084,43,"{""alpha"": 993.547352561149}",0.18108453182793455,,
13,3,3,ElasticNet,LUMO,0.16506202502329137,0.2140253091547489,0.9012018779963668,0.13790481279191402,0.3012040757451179,0.38197103845826036,0.6819911196922992,43,"{""alpha"": 0.32964035748736625, ""l1_ratio"": 0.4968298470857306}",0.1793701930945687,,
13,3,3,ElasticNet,delta_lumo,0.16506202502329143,0.21402530915474888,-0.0249846791711279,0.13790481279191447,0.301204075745118,0.38197103845826036,0.6819911196922988,43,"{""alpha"": 0.32964035748736625, ""l1_ratio"": 0.4968298470857306}",0.1793701930945687,,
13,3,3,KernelRidge,LUMO,0.1438771073409877,0.22323406212800434,0.8925171069778536,0.1018050565283198,0.35346052323305965,0.458050495572843,0.8228766758307011,43,"{""alpha"": 0.06871434380857806, ""gamma"": 0.49549096393720643}",0.17961265739557455,,
13,3,3,KernelRidge,delta_lumo,0.14387710734098774,0.22323406212800428,-0.11508514925656121,0.1018050565283195,0.35346052323305965,0.458050495572843,0.8228766758307007,43,"{""alpha"": 0.06871434380857806, ""gamma"": 0.49549096393720643}",0.17961265739557455,,
13,3,3,RandomForest,LUMO,0.11622947651936279,0.16900536921870632,0.938394508383455,0.07357379940450604,0.321802127221111,0.42648911214148744,0.45320202136835164,43,"{""n_estimators"": 445, ""max_depth"": 11, ""min_samples_split"": 3, ""min_samples_leaf"": 4, ""max_features"": ""sqrt""}",0.18906413134179179,,
13,3,3,RandomForest,delta_lumo,0.11622947651936283,0.1690053692187063,0.3608716058647162,0.07357379940450581,0.32180212722111096,0.426489112141487,0.45320202136835164,43,"{""n_estimators"": 445, ""max_depth"": 11, ""min_samples_split"": 3, ""min_samples_leaf"": 4, ""max_features"": ""sqrt""}",0.18906413134179179,,
13,3,3,XGBoost,LUMO,0.1336996755505939,0.19851727911347394,0.9150007582521296,0.09750520346069314,0.31628636218261746,0.38261354441528317,0.7199886845092771,43,"{""n_estimators"": 441, ""max_depth"": 3, ""learning_rate"": 0.0017252925310775522, ""subsample"": 0.7179015619142134, ""colsample_bytree"": 0.9726655667623706, ""min_child_weight"": 3, ""reg_alpha"": 0.013370641236105527, ""reg_lambda"": 9.919325044046946, ""gamma"": 1.0375408407516888e-08}",0.17962225054947717,,
13,3,3,XGBoost,delta_lumo,0.13369967555059392,0.1985172791134739,0.11817230159976,0.09750520346069358,0.31628636218261746,0.38261354441528317,0.7199886845092767,43,"{""n_estimators"": 441, ""max_depth"": 3, ""learning_rate"": 0.0017252925310775522, ""subsample"": 0.7179015619142134, ""colsample_bytree"": 0.9726655667623706, ""min_child_weight"": 3, ""reg_alpha"": 0.013370641236105527, ""reg_lambda"": 9.919325044046946, ""gamma"": 1.0375408407516888e-08}",0.17962225054947717,,
13,3,3,LinearRegression,Final Energy,3180.8395997828356,4396.324943696485,-0.39011606741684446,2920.4050969317905,7799.764052060404,9140.458422399373,10996.55416124536,43,{},12984.977469081183,delta_energy_per_atom,none
13,3,3,LinearRegression,delta_energy_per_atom,21.913244894851665,30.20065988329285,-0.34739944182721594,16.979099400766223,45.3497586495354,55.55610369492669,83.30722849428304,43,{},12984.977469081183,delta_energy_per_atom,none
13,3,3,Ridge,Final Energy,3054.7480517207737,4104.8642178559785,-0.21190641812529099,2025.0353881704423,7958.875415924683,9040.049986334865,9387.759940095832,43,"{""alpha"": 983.1393615136352}",3126.675019394965,delta_energy_per_atom,none
13,3,3,Ridge,delta_energy_per_atom,21.197404586537456,28.918465261671074,-0.23541815655008969,9.236931085262615,49.993891320222644,62.48483462274821,71.11939348557448,43,"{""alpha"": 983.1393615136352}",3126.675019394965,delta_energy_per_atom,none
13,3,3,ElasticNet,Final Energy,3275.812362701676,4298.078423255182,-0.32867928585885897,2969.713491182144,8426.156529591088,9160.065714385191,9676.470035840934,43,"{""alpha"": 34.40512804115, ""l1_ratio"": 0.5115954719560094}",1244.048381163103,delta_energy_per_atom,none
13,3,3,ElasticNet,delta_energy_per_atom,22.749778001054906,30.92089556833092,-0.4124322535701912,13.652206315154178,50.728567382785954,64.79835509071442,86.81473597799337,43,"{""alpha"": 34.40512804115, ""l1_ratio"": 0.5115954719560094}",1244.048381163103,delta_energy_per_atom,none
13,3,3,KernelRidge,Final Energy,2832.4874198845864,4024.400454216776,-0.1648603752943587,1600.0893086202118,8396.773056053822,9080.495069269806,9855.046211065177,43,"{""alpha"": 1.4864898471874322, ""gamma"": 0.24365386292911506}",1182.1041074435577,delta_energy_per_atom,none
13,3,3,KernelRidge,delta_energy_per_atom,20.059318971186283,29.11261399478897,-0.2520621948673065,9.276977710015299,50.373567455878806,61.8478653959662,86.52241207791498,43,"{""alpha"": 1.4864898471874322, ""gamma"": 0.24365386292911506}",1182.1041074435577,delta_energy_per_atom,none
13,3,3,RandomForest,Final Energy,2769.2906160496755,4067.3831532922914,-0.18987588965364233,1344.469330924504,8265.919740156518,9302.825494117411,9501.373415343198,43,"{""n_estimators"": 801, ""max_depth"": 10, ""min_samples_split"": 4, ""min_samples_leaf"": 2, ""max_features"": ""log2""}",1090.1460621446515,delta_energy_per_atom,none
13,3,3,RandomForest,delta_energy_per_atom,19.366587685718134,27.78733053484268,-0.14066246975095975,18.168504471952744,43.027747725500625,60.32552538049002,70.51482065906528,43,"{""n_estimators"": 801, ""max_depth"": 10, ""min_samples_split"": 4, ""min_samples_leaf"": 2, ""max_features"": ""log2""}",1090.1460621446515,delta_energy_per_atom,none
13,3,3,RandomForest,Final Energy,2856.3894764786996,4142.613343927083,-0.23429876112829806,2268.2306956530447,8334.816224007658,9409.41705543454,9566.701074809731,43,"{""n_estimators"": 241, ""max_depth"": 9, ""min_samples_split"": 9, ""min_samples_leaf"": 3, ""max_features"": ""sqrt""}",1018.1631743177986,delta_energy_per_atom,soft
13,3,3,RandomForest,delta_energy_per_atom,20.082230790322345,28.45881947390782,-0.19645745439525242,20.260887785827126,40.07274748214479,59.873888429352384,72.47500814249796,43,"{""n_estimators"": 241, ""max_depth"": 9, ""min_samples_split"": 9, ""min_samples_leaf"": 3, ""max_features"": ""sqrt""}",1018.1631743177986,delta_energy_per_atom,soft
13,3,3,RandomForest,Final Energy,2885.984148837878,4205.68219481535,-0.2721677951375059,2772.709171890764,8396.49176115012,9535.781417361837,9637.561334807016,43,"{""n_estimators"": 526, ""max_depth"": 12, ""min_samples_split"": 9, ""min_samples_leaf"": 3, ""max_features"": ""sqrt""}",1007.6871279380473,delta_energy_per_atom,robust
13,3,3,RandomForest,delta_energy_per_atom,20.307759327797385,28.9012052112565,-0.23394387248840665,21.395694683206877,40.46188833694581,60.566637513847446,72.868405162486,43,"{""n_estimators"": 526, ""max_depth"": 12, ""min_samples_split"": 9, ""min_samples_leaf"": 3, ""max_features"": ""sqrt""}",1007.6871279380473,delta_energy_per_atom,robust
13,3,3,XGBoost,Final Energy,3082.830489777629,4168.533722609979,-0.2497931268587108,3584.7171007981296,8102.280748501398,9277.119411695867,9453.982034161923,43,"{""n_estimators"": 306, ""max_depth"": 6, ""learning_rate"": 0.0017869399611288187, ""subsample"": 0.8603899173362496, ""colsample_bytree"": 0.7131666727711992, ""min_child_weight"": 2, ""reg_alpha"": 3.0399178422326833e-07, ""reg_lambda"": 0.0022133384145406037, ""gamma"": 6.395204885301293e-08}",1063.5401185204507,delta_energy_per_atom,none
13,3,3,XGBoost,delta_energy_per_atom,21.59533860432832,29.30274489977363,-0.2684697269819434,20.098138440743163,52.502414507181705,59.310895181532885,71.62107601637821,43,"{""n_estimators"": 306, ""max_depth"": 6, ""learning_rate"": 0.0017869399611288187, ""subsample"": 0.8603899173362496, ""colsample_bytree"": 0.7131666727711992, ""min_child_weight"": 2, ""reg_alpha"": 3.0399178422326833e-07, ""reg_lambda"": 0.0022133384145406037, ""gamma"": 6.395204885301293e-08}",1063.5401185204507,delta_energy_per_atom,none
13,3,3,XGBoost,Final Energy,2871.6199708440618,4180.309622994803,-0.2568643074518273,2902.8645557942973,8318.846334324116,9498.368365750557,9764.47110925183,43,"{""n_estimators"": 585, ""max_depth"": 7, ""learning_rate"": 0.004036845243620654, ""subsample"": 0.7283211368890825, ""colsample_bytree"": 0.9520402060548763, ""min_child_weight"": 4, ""reg_alpha"": 5.57545149062528e-08, ""reg_lambda"": 2.9682637081068887e-05, ""gamma"": 0.4831055398921997}",1079.110294499624,delta_energy_per_atom,soft
13,3,3,XGBoost,delta_energy_per_atom,20.233055803337646,28.804285142413324,-0.22568169827541085,22.926812757149413,40.984358272438115,61.97751330838911,72.09487286086063,43,"{""n_estimators"": 585, ""max_depth"": 7, ""learning_rate"": 0.004036845243620654, ""subsample"": 0.7283211368890825, ""colsample_bytree"": 0.9520402060548763, ""min_child_weight"": 4, ""reg_alpha"": 5.57545149062528e-08, ""reg_lambda"": 2.9682637081068887e-05, ""gamma"": 0.4831055398921997}",1079.110294499624,delta_energy_per_atom,soft
13,3,3,XGBoost,Final Energy,2886.36024980873,4252.615011855995,-0.3007194350278126,582.8367239076388,8155.348456335244,9485.758185743098,9757.340112547728,43,"{""n_estimators"": 456, ""max_depth"": 6, ""learning_rate"": 0.005949476601703543, ""subsample"": 0.8806613461016257, ""colsample_bytree"": 0.8855715497606916, ""min_child_weight"": 9, ""reg_alpha"": 0.0001262771563100663, ""reg_lambda"": 6.314296545863616e-05, ""gamma"": 0.028848488425996563}",1002.0025472831234,delta_energy_per_atom,robust
13,3,3,XGBoost,delta_energy_per_atom,20.573377603847504,30.17184206458225,-0.34482926042050543,5.498459659506025,53.70898547159861,62.463548157142775,73.23816814894657,43,"{""n_estimators"": 456, ""max_depth"": 6, ""learning_rate"": 0.005949476601703543, ""subsample"": 0.8806613461016257, ""colsample_bytree"": 0.8855715497606916, ""min_child_weight"": 9, ""reg_alpha"": 0.0001262771563100663, ""reg_lambda"": 6.314296545863616e-05, ""gamma"": 0.028848488425996563}",1002.0025472831234,delta_energy_per_atom,robust
13,3,3,LinearRegression,Final Energy,3161.209213162638,4370.029318099379,-0.37353646857205547,2072.9989519075652,8324.211073917853,9685.777092265474,10170.899858463288,43,{},3515.286125860077,delta_energy,none
13,3,3,LinearRegression,delta_energy,3161.209213162638,4370.029318099379,-0.3808763525996466,2072.9989519075652,8324.211073917855,9685.777092265474,10170.899858463288,43,{},3515.286125860077,delta_energy,none
13,3,3,Ridge,Final Energy,3063.3396901382966,4120.922759624497,-0.22140710615677883,2384.314442331465,8213.741304009744,9229.582557076012,9769.144462636552,43,"{""alpha"": 58.970404791680984}",3089.570578933631,delta_energy,none
13,3,3,Ridge,delta_energy,3063.3396901382966,4120.922759624497,-0.22793404352960756,2384.3144423314643,8213.741304009744,9229.582557076012,9769.144462636552,43,"{""alpha"": 58.970404791680984}",3089.570578933631,delta_energy,none
13,3,3,ElasticNet,Final Energy,3197.911207671068,4330.42363218354,-0.3487524973891951,2410.985573405558,8488.440479863837,9596.860928071532,9853.675882834706,43,"{""alpha"": 0.14009070760145304, ""l1_ratio"": 0.737307230925516}",3058.0970739742593,delta_energy,none
13,3,3,ElasticNet,delta_energy,3197.911207671068,4330.423632183541,-0.35595994119522123,2410.985573405558,8488.440479863837,9596.860928071532,9853.675882834706,43,"{""alpha"": 0.14009070760145304, ""l1_ratio"": 0.737307230925516}",3058.0970739742593,delta_energy,none
13,3,3,KernelRidge,Final Energy,3196.0678417295967,4644.001505971071,-0.5511585726403727,2253.6400750086204,8989.973446368107,10412.275523254379,13107.222473143753,43,"{""alpha"": 0.0010227123346633468, ""gamma"": 0.0018667808673907286}",2044.284005572859,delta_energy,none
13,3,3,KernelRidge,delta_energy,3196.0678417295967,4644.001505971071,-0.5594476310615302,2253.6400750086204,8989.973446368107,10412.275523254379,13107.222473143755,43,"{""alpha"": 0.0010227123346633468, ""gamma"": 0.0018667808673907286}",2044.284005572859,delta_energy,none
13,3,3,RandomForest,Final Energy,2752.9277440426076,4048.721889605563,-0.1789825711377966,1589.6470896238152,7708.095098141841,9149.977147175037,12708.991612303693,43,"{""n_estimators"": 532, ""max_depth"": 8, ""min_samples_split"": 3, ""min_samples_leaf"": 1, ""max_features"": ""log2""}",2723.9418643446265,delta_energy,none
13,3,3,RandomForest,delta_energy,2752.9277440426076,4048.7218896055624,-0.1852828009028631,1589.6470896238156,7708.095098141841,9149.977147175037,12708.991612303695,43,"{""n_estimators"": 532, ""max_depth"": 8, ""min_samples_split"": 3, ""min_samples_leaf"": 1, ""max_features"": ""log2""}",2723.9418643446265,delta_energy,none
13,3,3,RandomForest,Final Energy,2774.2632549384575,4064.647482294089,-0.18827583666262804,1546.9376302071882,7783.671348254464,9090.50537818822,12520.849917192896,43,"{""n_estimators"": 207, ""max_depth"": 17, ""min_samples_split"": 5, ""min_samples_leaf"": 1, ""max_features"": ""sqrt""}",2718.8633535708263,delta_energy,soft
13,3,3,RandomForest,delta_energy,2774.2632549384575,4064.647482294089,-0.19462572764365116,1546.9376302071887,7783.671348254464,9090.505378188218,12520.849917192896,43,"{""n_estimators"": 207, ""max_depth"": 17, ""min_samples_split"": 5, ""min_samples_leaf"": 1, ""max_features"": ""sqrt""}",2718.8633535708263,delta_energy,soft
13,3,3,RandomForest,Final Energy,2736.5953615263084,4056.0445592477136,-0.1832511316229235,1572.4841076116372,7779.112624890647,9074.235170057604,12701.859716907655,43,"{""n_estimators"": 346, ""max_depth"": 12, ""min_samples_split"": 5, ""min_samples_leaf"": 2, ""max_features"": ""log2""}",2722.078568307273,delta_energy,robust
13,3,3,RandomForest,delta_energy,2736.5953615263084,4056.0445592477136,-0.18957417165888035,1572.4841076116377,7779.112624890647,9074.235170057604,12701.859716907657,43,"{""n_estimators"": 346, ""max_depth"": 12, ""min_samples_split"": 5, ""min_samples_leaf"": 2, ""max_features"": ""log2""}",2722.078568307273,delta_energy,robust
13,3,3,XGBoost,Final Energy,2833.1298551601035,4189.26317561025,-0.2622540767334194,1926.4832293381687,8524.397290592666,9360.327411715243,9824.064173244176,43,"{""n_estimators"": 591, ""max_depth"": 3, ""learning_rate"": 0.011635199603657173, ""subsample"": 0.7479033787226531, ""colsample_bytree"": 0.9054166922859336, ""min_child_weight"": 3, ""reg_alpha"": 1.2315184742750224e-06, ""reg_lambda"": 0.12604830045158602, ""gamma"": 2.720982016638e-07}",2667.52225532549,delta_energy,none
13,3,3,XGBoost,delta_energy,2833.1298551601035,4189.26317561025,-0.2689992915482897,1926.4832293381696,8524.397290592666,9360.327411715243,9824.064173244176,43,"{""n_estimators"": 591, ""max_depth"": 3, ""learning_rate"": 0.011635199603657173, ""subsample"": 0.7479033787226531, ""colsample_bytree"": 0.9054166922859336, ""min_child_weight"": 3, ""reg_alpha"": 1.2315184742750224e-06, ""reg_lambda"": 0.12604830045158602, ""gamma"": 2.720982016638e-07}",2667.52225532549,delta_energy,none
13,3,3,XGBoost,Final Energy,2518.669156706713,3713.8177716695336,0.007997712093592568,1591.1089710775004,6489.591453174259,8739.701895299331,9472.185251097533,43,"{""n_estimators"": 1351, ""max_depth"": 6, ""learning_rate"": 0.002224684294097139, ""subsample"": 0.7034613549670544, ""colsample_bytree"": 0.8547844135183671, ""min_child_weight"": 9, ""reg_alpha"": 3.9556912708205854e-07, ""reg_lambda"": 8.28942006130386e-05, ""gamma"": 0.0007775141796918267}",2710.2418514474157,delta_energy,soft
13,3,3,XGBoost,delta_energy,2518.669156706713,3713.8177716695336,0.0026966648225962286,1591.1089710774995,6489.591453174259,8739.701895299331,9472.185251097533,43,"{""n_estimators"": 1351, ""max_depth"": 6, ""learning_rate"": 0.002224684294097139, ""subsample"": 0.7034613549670544, ""colsample_bytree"": 0.8547844135183671, ""min_child_weight"": 9, ""reg_alpha"": 3.9556912708205854e-07, ""reg_lambda"": 8.28942006130386e-05, ""gamma"": 0.0007775141796918267}",2710.2418514474157,delta_energy,soft
13,3,3,XGBoost,Final Energy,2735.1634144229483,4184.896356805941,-0.2596239426119389,1081.6031918872272,8492.949143680891,9366.264606837029,11108.475794337926,43,"{""n_estimators"": 1094, ""max_depth"": 8, ""learning_rate"": 0.04994188513090956, ""subsample"": 0.7024051025074302, ""colsample_bytree"": 0.8343641104397043, ""min_child_weight"": 1, ""reg_alpha"": 2.3363814216277747e-05, ""reg_lambda"": 1.0672302942584794e-05, ""gamma"": 0.3887713658740529}",2688.9101816652396,delta_energy,robust
13,3,3,XGBoost,delta_energy,2735.1634144229483,4184.896356805941,-0.26635510255468153,1081.6031918872277,8492.949143680891,9366.264606837029,11108.475794337926,43,"{""n_estimators"": 1094, ""max_depth"": 8, ""learning_rate"": 0.04994188513090956, ""subsample"": 0.7024051025074302, ""colsample_bytree"": 0.8343641104397043, ""min_child_weight"": 1, ""reg_alpha"": 2.3363814216277747e-05, ""reg_lambda"": 1.0672302942584794e-05, ""gamma"": 0.3887713658740529}",2688.9101816652396,delta_energy,robust
13,3,3,LinearRegression,Final Energy,3161.2092131627983,4370.0293180997905,-0.37353646857231415,2072.998951903498,8324.211073918905,9685.777092266071,10170.899858465293,43,{},3515.286125860309,final_energy_direct,none
13,3,3,LinearRegression,final_energy_direct,3161.2092131627983,4370.0293180997905,-0.37353646857231415,2072.998951903498,8324.211073918905,9685.777092266071,10170.899858465293,43,{},3515.286125860309,final_energy_direct,none
13,3,3,Ridge,Final Energy,3064.844527251845,4133.702728371202,-0.2289946053769336,2300.45620167773,8245.885521001399,9255.323376855507,9744.834989887355,43,"{""alpha"": 50.31899937794962}",3116.5998612521526,final_energy_direct,none
13,3,3,Ridge,final_energy_direct,3064.844527251845,4133.702728371202,-0.2289946053769336,2300.45620167773,8245.885521001399,9255.323376855507,9744.834989887355,43,"{""alpha"": 50.31899937794962}",3116.5998612521526,final_energy_direct,none
13,3,3,ElasticNet,Final Energy,3112.8041328611625,4181.5999886426,-0.2576403575442978,1923.0584720728375,8302.0855728835,9342.319926557,9676.133274773065,43,"{""alpha"": 0.22395824402078687, ""l1_ratio"": 0.16596189304297596}",3133.5338396977145,final_energy_direct,none
13,3,3,ElasticNet,final_energy_direct,3112.8041328611625,4181.5999886426,-0.2576403575442978,1923.0584720728375,8302.0855728835,9342.319926557,9676.133274773065,43,"{""alpha"": 0.22395824402078687, ""l1_ratio"": 0.16596189304297596}",3133.5338396977145,final_energy_direct,none
13,3,3,KernelRidge,Final Energy,3195.6446488597608,4672.876198792849,-0.5705076054577518,2162.256940328799,8979.026302366885,10499.647068856426,13466.232312887387,43,"{""alpha"": 0.0010177195801018652, ""gamma"": 0.002105422341454677}",2064.3787063488685,final_energy_direct,none
13,3,3,KernelRidge,final_energy_direct,3195.6446488597608,4672.876198792849,-0.5705076054577518,2162.256940328799,8979.026302366885,10499.647068856426,13466.232312887387,43,"{""alpha"": 0.0010177195801018652, ""gamma"": 0.002105422341454677}",2064.3787063488685,final_energy_direct,none
13,3,3,RandomForest,Final Energy,2786.297137119185,4093.18749972767,-0.20502143398904282,1553.1157230894487,7886.310995477262,9090.547103390327,12762.735511506482,43,"{""n_estimators"": 400, ""max_depth"": 14, ""min_samples_split"": 2, ""min_samples_leaf"": 1, ""max_features"": ""log2""}",2819.996324938868,final_energy_direct,none
13,3,3,RandomForest,final_energy_direct,2786.297137119185,4093.18749972767,-0.20502143398904282,1553.1157230894487,7886.310995477262,9090.547103390327,12762.735511506482,43,"{""n_estimators"": 400, ""max_depth"": 14, ""min_samples_split"": 2, ""min_samples_leaf"": 1, ""max_features"": ""log2""}",2819.996324938868,final_energy_direct,none
13,3,3,RandomForest,Final Energy,2753.3432319488825,4053.0934249384723,-0.18152991647669992,1483.076150938009,7815.415924585248,9050.870011267629,12578.01953799539,43,"{""n_estimators"": 721, ""max_depth"": 17, ""min_samples_split"": 7, ""min_samples_leaf"": 2, ""max_features"": ""log2""}",2848.9490075372896,final_energy_direct,soft
13,3,3,RandomForest,final_energy_direct,2753.3432319488825,4053.0934249384723,-0.18152991647669992,1483.076150938009,7815.415924585248,9050.870011267629,12578.01953799539,43,"{""n_estimators"": 721, ""max_depth"": 17, ""min_samples_split"": 7, ""min_samples_leaf"": 2, ""max_features"": ""log2""}",2848.9490075372896,final_energy_direct,soft
13,3,3,RandomForest,Final Energy,2809.3648024102426,4109.682246224864,-0.21475300496270555,1549.1610147090882,7823.351660433755,9055.91343604574,12888.923344940857,43,"{""n_estimators"": 273, ""max_depth"": 6, ""min_samples_split"": 8, ""min_samples_leaf"": 2, ""max_features"": ""log2""}",2827.0241169481974,final_energy_direct,robust
13,3,3,RandomForest,final_energy_direct,2809.3648024102426,4109.682246224864,-0.21475300496270555,1549.1610147090882,7823.351660433755,9055.91343604574,12888.923344940857,43,"{""n_estimators"": 273, ""max_depth"": 6, ""min_samples_split"": 8, ""min_samples_leaf"": 2, ""max_features"": ""log2""}",2827.0241169481974,final_energy_direct,robust
13,3,3,XGBoost,Final Energy,2859.1113884437714,4255.6065322206105,-0.3025500720750447,1165.671197952238,8735.49349290957,9690.4009317053,10118.616867322264,43,"{""n_estimators"": 954, ""max_depth"": 3, ""learning_rate"": 0.02147646580782287, ""subsample"": 0.7241857215103727, ""colsample_bytree"": 0.8187668580762905, ""min_child_weight"": 3, ""reg_alpha"": 0.00019971862380137117, ""reg_lambda"": 2.717562316374205e-05, ""gamma"": 2.397503578327268e-07}",2730.177165625134,final_energy_direct,none
13,3,3,XGBoost,final_energy_direct,2859.1113884437714,4255.6065322206105,-0.3025500720750447,1165.671197952238,8735.49349290957,9690.4009317053,10118.616867322264,43,"{""n_estimators"": 954, ""max_depth"": 3, ""learning_rate"": 0.02147646580782287, ""subsample"": 0.7241857215103727, ""colsample_bytree"": 0.8187668580762905, ""min_child_weight"": 3, ""reg_alpha"": 0.00019971862380137117, ""reg_lambda"": 2.717562316374205e-05, ""gamma"": 2.397503578327268e-07}",2730.177165625134,final_energy_direct,none
13,3,3,XGBoost,Final Energy,2494.6089828009453,3644.711925516208,0.04457212212945416,1481.0026782387831,6044.996083082624,8596.189962841763,9248.942071500598,43,"{""n_estimators"": 936, ""max_depth"": 4, ""learning_rate"": 0.003029009120955051, ""subsample"": 0.7058600253714322, ""colsample_bytree"": 0.7578845671708857, ""min_child_weight"": 9, ""reg_alpha"": 0.8394918622041705, ""reg_lambda"": 0.1555642725812063, ""gamma"": 0.037560344548128316}",2777.9136774240656,final_energy_direct,soft
13,3,3,XGBoost,final_energy_direct,2494.6089828009453,3644.711925516208,0.04457212212945416,1481.0026782387831,6044.996083082624,8596.189962841763,9248.942071500598,43,"{""n_estimators"": 936, ""max_depth"": 4, ""learning_rate"": 0.003029009120955051, ""subsample"": 0.7058600253714322, ""colsample_bytree"": 0.7578845671708857, ""min_child_weight"": 9, ""reg_alpha"": 0.8394918622041705, ""reg_lambda"": 0.1555642725812063, ""gamma"": 0.037560344548128316}",2777.9136774240656,final_energy_direct,soft
13,3,3,XGBoost,Final Energy,2839.1508411155246,4257.154420582029,-0.3034977953935658,1125.5451755839413,8704.170465262809,9602.071266215833,10304.938156384764,43,"{""n_estimators"": 1393, ""max_depth"": 3, ""learning_rate"": 0.022402092913084964, ""subsample"": 0.7803391927402518, ""colsample_bytree"": 0.8298677185525288, ""min_child_weight"": 1, ""reg_alpha"": 0.04418314494233381, ""reg_lambda"": 0.016383805188520676, ""gamma"": 0.040374767979238134}",2755.1762131500905,final_energy_direct,robust
13,3,3,XGBoost,final_energy_direct,2839.1508411155246,4257.154420582029,-0.3034977953935658,1125.5451755839413,8704.170465262809,9602.071266215833,10304.938156384764,43,"{""n_estimators"": 1393, ""max_depth"": 3, ""learning_rate"": 0.022402092913084964, ""subsample"": 0.7803391927402518, ""colsample_bytree"": 0.8298677185525288, ""min_child_weight"": 1, ""reg_alpha"": 0.04418314494233381, ""reg_lambda"": 0.016383805188520676, ""gamma"": 0.040374767979238134}",2755.1762131500905,final_energy_direct,robust
14,3,4,LinearRegression,HOMO,0.14160886198040362,0.2057100916538409,0.05036486006361163,0.09274169942714217,0.2927312150977207,0.4735655828353466,0.7549394423768527,45,{},0.151089076040688,,
14,3,4,LinearRegression,delta_homo,0.14160886198040362,0.20571009165384088,-0.30694772332099607,0.09274169942714261,0.29273121509772054,0.4735655828353465,0.7549394423768527,45,{},0.151089076040688,,
14,3,4,Ridge,HOMO,0.14196594705676502,0.1987508227023694,0.11353120702022867,0.10596751243734559,0.30641623663030443,0.39840617259941247,0.5988542081779524,45,"{""alpha"": 372.17435386042297}",0.12514937827379452,,
14,3,4,Ridge,delta_homo,0.141965947056765,0.19875082270236946,-0.22001421604684057,0.10596751243734559,0.306416236630304,0.3984061725994126,0.5988542081779524,45,"{""alpha"": 372.17435386042297}",0.12514937827379452,,
14,3,4,ElasticNet,HOMO,0.14028390659910722,0.2009656460640079,0.09366400448801315,0.09723763400385632,0.29258625364768687,0.4505387699189081,0.6656380154496082,45,"{""alpha"": 0.5467953614662617, ""l1_ratio"": 0.05205360699385882}",0.127363885952929,,
14,3,4,ElasticNet,delta_homo,0.14028390659910733,0.20096564606400785,-0.24735671215537192,0.09723763400385632,0.29258625364768714,0.45053876991890807,0.6656380154496087,45,"{""alpha"": 0.5467953614662617, ""l1_ratio"": 0.05205360699385882}",0.127363885952929,,
14,3,4,KernelRidge,HOMO,0.12894774529363062,0.20239505719802917,0.0807251351420526,0.07763784293580667,0.2781220871852734,0.44059431321652237,0.8023337590584161,45,"{""alpha"": 0.027389185326186546, ""gamma"": 0.006077147949242375}",0.12076992109118999,,
14,3,4,KernelRidge,delta_homo,0.12894774529363065,0.20239505719802914,-0.2651639995259547,0.07763784293580667,0.27812208718527315,0.4405943132165219,0.8023337590584161,45,"{""alpha"": 0.027389185326186546, ""gamma"": 0.006077147949242375}",0.12076992109118999,,
14,3,4,RandomForest,HOMO,0.19903245787414903,0.2748577503909622,-0.6953585334952814,0.128611728799906,0.42651717974880266,0.611825792034668,0.8208357936725124,45,"{""n_estimators"": 201, ""max_depth"": 16, ""min_samples_split"": 5, ""min_samples_leaf"": 2, ""max_features"": null}",0.11680161527839414,,
14,3,4,RandomForest,delta_homo,0.19903245787414917,0.2748577503909622,-1.3332592512455932,0.128611728799906,0.4265171797488026,0.6118257920346681,0.8208357936725119,45,"{""n_estimators"": 201, ""max_depth"": 16, ""min_samples_split"": 5, ""min_samples_leaf"": 2, ""max_features"": null}",0.11680161527839414,,
14,3,4,XGBoost,HOMO,0.19322453054809582,0.256528278849537,-0.47678093130299337,0.12908883253478987,0.41569002626953155,0.5273381751525884,0.7894986303253182,45,"{""n_estimators"": 1396, ""max_depth"": 8, ""learning_rate"": 0.007964466264219853, ""subsample"": 0.9977831527787331, ""colsample_bytree"": 0.934044249074539, ""min_child_weight"": 5, ""reg_alpha"": 1.4298125639658917e-05, ""reg_lambda"": 1.2105382193510322e-05, ""gamma"": 0.0071949331847196455}",0.11839486980911118,,
14,3,4,XGBoost,delta_homo,0.19322453054809582,0.256528278849537,-1.032438980869637,0.12908883253478987,0.41569002626953155,0.5273381751525884,0.7894986303253182,45,"{""n_estimators"": 1396, ""max_depth"": 8, ""learning_rate"": 0.007964466264219853, ""subsample"": 0.9977831527787331, ""colsample_bytree"": 0.934044249074539, ""min_child_weight"": 5, ""reg_alpha"": 1.4298125639658917e-05, ""reg_lambda"": 1.2105382193510322e-05, ""gamma"": 0.0071949331847196455}",0.11839486980911118,,
14,3,4,LinearRegression,LUMO,0.234150172113333,0.35862840541596513,0.7705877260023005,0.1798512787608385,0.3480882450819353,0.40175226558820215,1.801885296627165,45,{},0.17505595691853787,,
14,3,4,LinearRegression,delta_lumo,0.23415017211333308,0.3586284054159651,-0.9145260847583818,0.17985127876083862,0.3480882450819357,0.40175226558820193,1.801885296627165,45,{},0.17505595691853787,,
14,3,4,Ridge,LUMO,0.21323343962323252,0.3388300997521419,0.7952182515756877,0.19081607230981823,0.3905588686860477,0.41830616143733684,1.745852709123855,45,"{""alpha"": 54.186447489682486}",0.14303108374433446,,
14,3,4,Ridge,delta_lumo,0.21323343962323263,0.338830099752142,-0.7089756890893566,0.19081607230981845,0.3905588686860481,0.4183061614373371,1.745852709123855,45,"{""alpha"": 54.186447489682486}",0.14303108374433446,,
14,3,4,ElasticNet,LUMO,0.2077133588630922,0.3338262921093325,0.8012219816588714,0.18169042707970595,0.3815816854682443,0.40512979361703794,1.7435100477237544,45,"{""alpha"": 0.16999925213147818, ""l1_ratio"": 0.1802754935532772}",0.14101895451077187,,
14,3,4,ElasticNet,delta_lumo,0.20771335886309228,0.33382629210933257,-0.6588724507150274,0.1816904270797064,0.3815816854682444,0.405129793617038,1.7435100477237544,45,"{""alpha"": 0.16999925213147818, ""l1_ratio"": 0.1802754935532772}",0.14101895451077187,,
14,3,4,KernelRidge,LUMO,0.24091727997926396,0.36857222363997466,0.757689359830504,0.21223351286389192,0.43162082896820275,0.49928801694727043,1.7928365815499543,45,"{""alpha"": 0.4062660863837476, ""gamma"": 0.008404383591037045}",0.1295550111592487,,
14,3,4,KernelRidge,delta_lumo,0.240917279979264,0.36857222363997466,-1.02216748535283,0.21223351286389214,0.43162082896820314,0.49928801694727054,1.7928365815499543,45,"{""alpha"": 0.4062660863837476, ""gamma"": 0.008404383591037045}",0.1295550111592487,,
14,3,4,RandomForest,LUMO,0.2830565455322091,0.38935223625317994,0.7295963022612271,0.2554952272442841,0.42973558232820297,0.488705075802905,1.7927761870482035,45,"{""n_estimators"": 922, ""max_depth"": 14, ""min_samples_split"": 3, ""min_samples_leaf"": 1, ""max_features"": ""sqrt""}",0.132819474713852,,
14,3,4,RandomForest,delta_lumo,0.2830565455322092,0.38935223625318005,-1.2566139279068982,0.25549522724428453,0.4297355823282034,0.4887050758029054,1.7927761870482035,45,"{""n_estimators"": 922, ""max_depth"": 14, ""min_samples_split"": 3, ""min_samples_leaf"": 1, ""max_features"": ""sqrt""}",0.132819474713852,,
14,3,4,XGBoost,LUMO,0.2830285187757704,0.3881739955692027,0.7312303936597369,0.25529981582641637,0.47323091254882815,0.5121961533630371,1.7351887237243648,45,"{""n_estimators"": 771, ""max_depth"": 7, ""learning_rate"": 0.0016455181580247531, ""subsample"": 0.9669135330643912, ""colsample_bytree"": 0.8871506559509998, ""min_child_weight"": 5, ""reg_alpha"": 6.658682659056928e-07, ""reg_lambda"": 0.0004239076722577977, ""gamma"": 1.6153028217340817e-07}",0.13216431099099218,,
14,3,4,XGBoost,delta_lumo,0.28302851877577045,0.38817399556920285,-1.2429768606619365,0.25529981582641614,0.4732309125488286,0.5121961533630374,1.7351887237243648,45,"{""n_estimators"": 771, ""max_depth"": 7, ""learning_rate"": 0.0016455181580247531, ""subsample"": 0.9669135330643912, ""colsample_bytree"": 0.8871506559509998, ""min_child_weight"": 5, ""reg_alpha"": 6.658682659056928e-07, ""reg_lambda"": 0.0004239076722577977, ""gamma"": 1.6153028217340817e-07}",0.13216431099099218,,
14,3,4,LinearRegression,Final Energy,3306.9365452277534,3651.8465968552878,-7.468884667583605,3686.8095028577163,4838.447191553792,5102.626324023254,7042.072641871765,45,{},3670.6376537097703,delta_energy_per_atom,none
14,3,4,LinearRegression,delta_energy_per_atom,18.746953364688935,21.201677467666965,-1.0529962195374871,19.740271425586887,28.063910104348064,28.440749222683866,52.64343310091536,45,{},3670.6376537097703,delta_energy_per_atom,none
14,3,4,Ridge,Final Energy,2935.704774758575,3058.215771613885,-4.939329426933447,2852.9459699896233,3816.6592981975755,4273.631494303776,5358.680104732712,45,"{""alpha"": 976.3145209407073}",2233.221271141937,delta_energy_per_atom,none
14,3,4,Ridge,delta_energy_per_atom,16.848845647502152,18.86193060552146,-0.6248751173133684,15.118641158883019,21.020945594781235,21.656734624772582,63.79381077062752,45,"{""alpha"": 976.3145209407073}",2233.221271141937,delta_energy_per_atom,none
14,3,4,ElasticNet,Final Energy,3111.2488571312247,3249.9222186209363,-5.7072902582331775,3200.305234456373,4290.490237049278,4392.020431952497,5453.072714999086,45,"{""alpha"": 1.7306198467514522, ""l1_ratio"": 0.1297832554990574}",1874.0363209774048,delta_energy_per_atom,none
14,3,4,ElasticNet,delta_energy_per_atom,17.82435038977466,19.867908292595867,-0.802818458611934,16.923598356125613,22.563061491585596,22.984312954198558,64.9175323214177,45,"{""alpha"": 1.7306198467514522, ""l1_ratio"": 0.1297832554990574}",1874.0363209774048,delta_energy_per_atom,none
14,3,4,KernelRidge,Final Energy,3124.2101932653227,3272.269484493438,-5.799849358095788,3289.501237301559,4140.315101322345,4532.061928302005,5021.540824124131,45,"{""alpha"": 3.7718047632237566, ""gamma"": 0.005504197160612398}",1844.1123530700784,delta_energy_per_atom,none
14,3,4,KernelRidge,delta_energy_per_atom,17.878590256201917,19.741744214304973,-0.779994842482548,18.625183285990335,23.679817444175434,24.525944039118322,59.78024790623965,45,"{""alpha"": 3.7718047632237566, ""gamma"": 0.005504197160612398}",1844.1123530700784,delta_energy_per_atom,none
14,3,4,RandomForest,Final Energy,2305.3577588304615,2630.7290989543426,-3.3949447935286345,2116.172604855038,4154.683251862676,4484.373382760908,5474.855134772326,45,"{""n_estimators"": 752, ""max_depth"": 17, ""min_samples_split"": 5, ""min_samples_leaf"": 4, ""max_features"": ""sqrt""}",1876.5721076683487,delta_energy_per_atom,none
14,3,4,RandomForest,delta_energy_per_atom,13.221843628486699,15.863874608608807,-0.14938689096818925,11.714295346249116,22.62465570561399,25.759728857124266,50.436183585347464,45,"{""n_estimators"": 752, ""max_depth"": 17, ""min_samples_split"": 5, ""min_samples_leaf"": 4, ""max_features"": ""sqrt""}",1876.5721076683487,delta_energy_per_atom,none
14,3,4,RandomForest,Final Energy,2021.5215339560307,2345.5433681843047,-2.4937200435266624,1900.0310804329729,3506.2695745552005,3958.6693417204388,4543.187764492701,45,"{""n_estimators"": 228, ""max_depth"": 18, ""min_samples_split"": 6, ""min_samples_leaf"": 4, ""max_features"": ""log2""}",1695.0471672190986,delta_energy_per_atom,soft
14,3,4,RandomForest,delta_energy_per_atom,11.773312574518332,14.879016043762316,-0.011104694527069858,10.159497027871772,19.929944072185698,21.440601499213603,54.08556862491311,45,"{""n_estimators"": 228, ""max_depth"": 18, ""min_samples_split"": 6, ""min_samples_leaf"": 4, ""max_features"": ""log2""}",1695.0471672190986,delta_energy_per_atom,soft
14,3,4,RandomForest,Final Energy,1667.740794605264,1972.589002488832,-1.4710093112705773,1650.077996118628,2434.9220702066496,2696.283501376379,5849.569993289673,45,"{""n_estimators"": 998, ""max_depth"": 3, ""min_samples_split"": 9, ""min_samples_leaf"": 4, ""max_features"": ""sqrt""}",1597.834034486869,delta_energy_per_atom,robust
14,3,4,RandomForest,delta_energy_per_atom,10.082936133276608,14.647692381904493,0.02009014793288655,8.861215740579208,13.697628264573549,14.146076712837672,69.63773801535325,45,"{""n_estimators"": 998, ""max_depth"": 3, ""min_samples_split"": 9, ""min_samples_leaf"": 4, ""max_features"": ""sqrt""}",1597.834034486869,delta_energy_per_atom,robust
14,3,4,XGBoost,Final Energy,2680.5368194612015,3258.59680970563,-5.743143824246595,2357.305918367657,5565.6810662106955,6343.659886472051,8203.472262542802,45,"{""n_estimators"": 1227, ""max_depth"": 8, ""learning_rate"": 0.0010387479561072936, ""subsample"": 0.9128600829811814, ""colsample_bytree"": 0.7183390047732451, ""min_child_weight"": 10, ""reg_alpha"": 0.002419544793340991, ""reg_lambda"": 0.34572581826212284, ""gamma"": 0.0212126636480391}",1725.7966661207554,delta_energy_per_atom,none
14,3,4,XGBoost,delta_energy_per_atom,15.541323541320041,20.16610145150409,-0.8573407963845725,12.729753455649028,27.744741179165516,43.9985091631894,65.07091497077438,45,"{""n_estimators"": 1227, ""max_depth"": 8, ""learning_rate"": 0.0010387479561072936, ""subsample"": 0.9128600829811814, ""colsample_bytree"": 0.7183390047732451, ""min_child_weight"": 10, ""reg_alpha"": 0.002419544793340991, ""reg_lambda"": 0.34572581826212284, ""gamma"": 0.0212126636480391}",1725.7966661207554,delta_energy_per_atom,none
14,3,4,XGBoost,Final Energy,2153.4521839597637,2399.2762648464704,-2.655625366858788,2217.724855509747,3221.384721120119,3518.9677477604337,5727.201394898564,45,"{""n_estimators"": 408, ""max_depth"": 7, ""learning_rate"": 0.002752181770016089, ""subsample"": 0.7554140650664212, ""colsample_bytree"": 0.7624849847554283, ""min_child_weight"": 6, ""reg_alpha"": 2.0715616511074394e-05, ""reg_lambda"": 9.582009074036002, ""gamma"": 0.00021816062919229311}",1599.9426430806125,delta_energy_per_atom,soft
14,3,4,XGBoost,delta_energy_per_atom,12.707888313184187,16.26805496647852,-0.20870123245728367,11.41645111420922,17.808410392997068,19.618023731049544,68.18096898688766,45,"{""n_estimators"": 408, ""max_depth"": 7, ""learning_rate"": 0.002752181770016089, ""subsample"": 0.7554140650664212, ""colsample_bytree"": 0.7624849847554283, ""min_child_weight"": 6, ""reg_alpha"": 2.0715616511074394e-05, ""reg_lambda"": 9.582009074036002, ""gamma"": 0.00021816062919229311}",1599.9426430806125,delta_energy_per_atom,soft
14,3,4,XGBoost,Final Energy,1844.8846422863155,2137.702336284687,-1.9019881226613666,1887.1390054862586,2493.261959649029,2637.6345300670673,6179.155130250127,45,"{""n_estimators"": 320, ""max_depth"": 3, ""learning_rate"": 0.0011430973426555296, ""subsample"": 0.85650506788332, ""colsample_bytree"": 0.7810392156006737, ""min_child_weight"": 4, ""reg_alpha"": 3.521403655002364e-06, ""reg_lambda"": 0.049293655670293465, ""gamma"": 2.455954013918813e-05}",1537.9132215908105,delta_energy_per_atom,robust
14,3,4,XGBoost,delta_energy_per_atom,11.093444385843151,15.67429153124072,-0.12207927995070156,10.641187757282907,13.347076349448292,14.47254948788548,73.56137059821579,45,"{""n_estimators"": 320, ""max_depth"": 3, ""learning_rate"": 0.0011430973426555296, ""subsample"": 0.85650506788332, ""colsample_bytree"": 0.7810392156006737, ""min_child_weight"": 4, ""reg_alpha"": 3.521403655002364e-06, ""reg_lambda"": 0.049293655670293465, ""gamma"": 2.455954013918813e-05}",1537.9132215908105,delta_energy_per_atom,robust
14,3,4,LinearRegression,Final Energy,2539.8155698938212,2777.5628482758707,-3.8992427202235964,2706.1746834978367,3630.957437346164,4163.5919936909995,5735.376503417633,45,{},2476.342554206727,delta_energy,none
14,3,4,LinearRegression,delta_energy,2539.8155698938212,2777.5628482758707,-3.792639291774676,2706.1746834978358,3630.957437346164,4163.5919936909995,5735.376503417634,45,{},2476.342554206727,delta_energy,none
14,3,4,Ridge,Final Energy,2541.981148932156,2773.665634657094,-3.8855040568921675,2723.1654398081505,3695.4726986573646,4134.078205250737,5724.666071820314,45,"{""alpha"": 0.1905496667166405}",2426.2537121510627,delta_energy,none
14,3,4,Ridge,delta_energy,2541.981148932156,2773.665634657094,-3.7791995702791743,2723.16543980815,3695.4726986573646,4134.0782052507375,5724.666071820315,45,"{""alpha"": 0.1905496667166405}",2426.2537121510627,delta_energy,none
14,3,4,ElasticNet,Final Energy,2526.116976422122,2718.215158702191,-3.6921169363529813,2677.9842276121954,3656.240910188698,4127.68081457697,5013.547626935354,45,"{""alpha"": 0.018780044640796124, ""l1_ratio"": 0.6096575802289782}",2397.7973196852627,delta_energy,none
14,3,4,ElasticNet,delta_energy,2526.116976422122,2718.215158702191,-3.5900203919148552,2677.9842276121944,3656.2409101886974,4127.68081457697,5013.547626935355,45,"{""alpha"": 0.018780044640796124, ""l1_ratio"": 0.6096575802289782}",2397.7973196852627,delta_energy,none
14,3,4,KernelRidge,Final Energy,2652.3286802263897,2967.2142498540948,-4.591122129347558,3256.506191337092,4003.8243631809955,4152.488929276497,5345.619523547496,45,"{""alpha"": 0.019592052999689108, ""gamma"": 0.0029796202340313335}",2021.8411890483699,delta_energy,none
14,3,4,KernelRidge,delta_energy,2652.3286802263897,2967.2142498540948,-4.469463982996753,3256.506191337092,4003.8243631809955,4152.4889292764965,5345.619523547497,45,"{""alpha"": 0.019592052999689108, ""gamma"": 0.0029796202340313335}",2021.8411890483699,delta_energy,none
14,3,4,RandomForest,Final Energy,1212.0358918872325,1586.4147454857844,-0.5982129402267733,955.2294613918839,2900.9825732448135,3357.4154734852796,4009.8248064605523,45,"{""n_estimators"": 495, ""max_depth"": 16, ""min_samples_split"": 2, ""min_samples_leaf"": 1, ""max_features"": null}",3058.8034035723645,delta_energy,none
14,3,4,RandomForest,delta_energy,1212.0358918872325,1586.4147454857844,-0.5634371618975407,955.2294613918839,2900.9825732448135,3357.4154734852796,4009.8248064605523,45,"{""n_estimators"": 495, ""max_depth"": 16, ""min_samples_split"": 2, ""min_samples_leaf"": 1, ""max_features"": null}",3058.8034035723645,delta_energy,none
14,3,4,RandomForest,Final Energy,1278.1675693925424,1678.7565077049057,-0.7896849471384415,1119.3120395461192,3187.1045470646027,3561.4081280523774,3942.82985336608,45,"{""n_estimators"": 908, ""max_depth"": 15, ""min_samples_split"": 4, ""min_samples_leaf"": 1, ""max_features"": null}",3187.5907470921875,delta_energy,soft
14,3,4,RandomForest,delta_energy,1278.1675693925424,1678.756507704906,-0.7507428979068667,1119.3120395461192,3187.104547064603,3561.4081280523774,3942.82985336608,45,"{""n_estimators"": 908, ""max_depth"": 15, ""min_samples_split"": 4, ""min_samples_leaf"": 1, ""max_features"": null}",3187.5907470921875,delta_energy,soft
14,3,4,RandomForest,Final Energy,1247.2884900478857,1638.8977977514517,-0.7057088790131534,1075.6346231013413,2995.9412308676824,3634.540236672715,4023.923538257519,45,"{""n_estimators"": 382, ""max_depth"": 14, ""min_samples_split"": 7, ""min_samples_leaf"": 1, ""max_features"": null}",3232.3242302563203,delta_energy,robust
14,3,4,RandomForest,delta_energy,1247.2884900478857,1638.8977977514517,-0.6685940788649649,1075.6346231013417,2995.941230867683,3634.540236672715,4023.923538257519,45,"{""n_estimators"": 382, ""max_depth"": 14, ""min_samples_split"": 7, ""min_samples_leaf"": 1, ""max_features"": null}",3232.3242302563203,delta_energy,robust
14,3,4,XGBoost,Final Energy,1514.6260152391533,2170.310079397048,-1.9911951061447555,1082.9854735996641,4160.294982835667,4410.729247169921,7173.075294717286,45,"{""n_estimators"": 1068, ""max_depth"": 7, ""learning_rate"": 0.006470426252749525, ""subsample"": 0.7139710740822783, ""colsample_bytree"": 0.928223655720762, ""min_child_weight"": 1, ""reg_alpha"": 0.1739205577389502, ""reg_lambda"": 0.00016058090047263326, ""gamma"": 6.897035728369975e-06}",2374.5414866212677,delta_energy,none
14,3,4,XGBoost,delta_energy,1514.6260152391533,2170.310079397048,-1.9261091996722324,1082.9854735996641,4160.294982835667,4410.729247169921,7173.075294717286,45,"{""n_estimators"": 1068, ""max_depth"": 7, ""learning_rate"": 0.006470426252749525, ""subsample"": 0.7139710740822783, ""colsample_bytree"": 0.928223655720762, ""min_child_weight"": 1, ""reg_alpha"": 0.1739205577389502, ""reg_lambda"": 0.00016058090047263326, ""gamma"": 6.897035728369975e-06}",2374.5414866212677,delta_energy,none
14,3,4,XGBoost,Final Energy,1698.2424680665692,2334.095541171666,-2.4596998665629033,1085.3500545083389,3953.318632573933,4757.293023496018,7138.569435342286,45,"{""n_estimators"": 1380, ""max_depth"": 5, ""learning_rate"": 0.04113203856974488, ""subsample"": 0.7490180401786662, ""colsample_bytree"": 0.9020488837090661, ""min_child_weight"": 1, ""reg_alpha"": 2.5528764026298183e-07, ""reg_lambda"": 0.6447764655998414, ""gamma"": 0.000437596972830629}",3351.1907270293354,delta_energy,soft
14,3,4,XGBoost,delta_energy,1698.2424680665692,2334.0955411716664,-2.3844196879227555,1085.3500545083389,3953.3186325739325,4757.293023496018,7138.569435342286,45,"{""n_estimators"": 1380, ""max_depth"": 5, ""learning_rate"": 0.04113203856974488, ""subsample"": 0.7490180401786662, ""colsample_bytree"": 0.9020488837090661, ""min_child_weight"": 1, ""reg_alpha"": 2.5528764026298183e-07, ""reg_lambda"": 0.6447764655998414, ""gamma"": 0.000437596972830629}",3351.1907270293354,delta_energy,soft
14,3,4,XGBoost,Final Energy,1758.7536089600815,2323.4268754626196,-2.428145008727184,1294.619424401193,3841.989281367871,4353.157536673008,7296.955177529786,45,"{""n_estimators"": 1014, ""max_depth"": 5, ""learning_rate"": 0.03387072426019532, ""subsample"": 0.7246510166587926, ""colsample_bytree"": 0.8125612582499058, ""min_child_weight"": 1, ""reg_alpha"": 0.009310896376634216, ""reg_lambda"": 0.3148819260370104, ""gamma"": 0.001096006329896008}",3294.8233637859535,delta_energy,robust
14,3,4,XGBoost,delta_energy,1758.7536089600815,2323.4268754626196,-2.3535514374305793,1294.619424401193,3841.989281367871,4353.157536673007,7296.955177529786,45,"{""n_estimators"": 1014, ""max_depth"": 5, ""learning_rate"": 0.03387072426019532, ""subsample"": 0.7246510166587926, ""colsample_bytree"": 0.8125612582499058, ""min_child_weight"": 1, ""reg_alpha"": 0.009310896376634216, ""reg_lambda"": 0.3148819260370104, ""gamma"": 0.001096006329896008}",3294.8233637859535,delta_energy,robust
14,3,4,LinearRegression,Final Energy,2539.815569893766,2777.5628482758225,-3.899242720223425,2706.174683497544,3630.9574373461865,4163.591993690954,5735.376503417584,45,{},2476.3425542065784,final_energy_direct,none
14,3,4,LinearRegression,final_energy_direct,2539.815569893766,2777.5628482758225,-3.899242720223425,2706.174683497544,3630.9574373461865,4163.591993690954,5735.376503417584,45,{},2476.3425542065784,final_energy_direct,none
14,3,4,Ridge,Final Energy,2541.5400237425797,2772.753752342519,-3.882292226044,2723.1171313380805,3696.1099880476504,4130.522876087069,5723.9976354103555,45,"{""alpha"": 0.19521429932854578}",2426.227814219619,final_energy_direct,none
14,3,4,Ridge,final_energy_direct,2541.5400237425797,2772.753752342519,-3.882292226044,2723.1171313380805,3696.1099880476504,4130.522876087069,5723.9976354103555,45,"{""alpha"": 0.19521429932854578}",2426.227814219619,final_energy_direct,none
14,3,4,ElasticNet,Final Energy,2537.1322434702656,2729.9621377828407,-3.7327592660230096,2691.784324756264,3668.547031428732,4141.010553805814,5007.169348955434,45,"{""alpha"": 0.015524155013794564, ""l1_ratio"": 0.748761816676421}",2394.4297917010226,final_energy_direct,none
14,3,4,ElasticNet,final_energy_direct,2537.1322434702656,2729.9621377828407,-3.7327592660230096,2691.784324756264,3668.547031428732,4141.010553805814,5007.169348955434,45,"{""alpha"": 0.015524155013794564, ""l1_ratio"": 0.748761816676421}",2394.4297917010226,final_energy_direct,none
14,3,4,KernelRidge,Final Energy,2618.858389910833,2929.8160800643536,-4.45107156044332,3200.366464017361,3919.819210474304,4110.497673872776,5288.482110267239,45,"{""alpha"": 0.01411722803114916, ""gamma"": 0.0016942107693225196}",1931.9978785781636,final_energy_direct,none
14,3,4,KernelRidge,final_energy_direct,2618.858389910833,2929.8160800643536,-4.45107156044332,3200.366464017361,3919.819210474304,4110.497673872776,5288.482110267239,45,"{""alpha"": 0.01411722803114916, ""gamma"": 0.0016942107693225196}",1931.9978785781636,final_energy_direct,none
14,3,4,RandomForest,Final Energy,1223.096866963397,1596.323873159824,-0.6182409393981778,1104.4750933881296,2957.0838791993683,3296.373462948197,4098.377620221746,45,"{""n_estimators"": 540, ""max_depth"": 10, ""min_samples_split"": 3, ""min_samples_leaf"": 1, ""max_features"": null}",3094.70001234727,final_energy_direct,none
14,3,4,RandomForest,final_energy_direct,1223.096866963397,1596.323873159824,-0.6182409393981778,1104.4750933881296,2957.0838791993683,3296.373462948197,4098.377620221746,45,"{""n_estimators"": 540, ""max_depth"": 10, ""min_samples_split"": 3, ""min_samples_leaf"": 1, ""max_features"": null}",3094.70001234727,final_energy_direct,none
14,3,4,RandomForest,Final Energy,1222.0340241602642,1585.6863452047428,-0.5967456423442565,1051.449377721544,3013.220078952721,3332.9700986588778,3862.780059143881,45,"{""n_estimators"": 864, ""max_depth"": 16, ""min_samples_split"": 10, ""min_samples_leaf"": 1, ""max_features"": null}",3246.2695717607435,final_energy_direct,soft
14,3,4,RandomForest,final_energy_direct,1222.0340241602642,1585.6863452047428,-0.5967456423442565,1051.449377721544,3013.220078952721,3332.9700986588778,3862.780059143881,45,"{""n_estimators"": 864, ""max_depth"": 16, ""min_samples_split"": 10, ""min_samples_leaf"": 1, ""max_features"": null}",3246.2695717607435,final_energy_direct,soft
14,3,4,RandomForest,Final Energy,1239.9885857523927,1630.1807547553074,-0.6876123321707255,1029.0513266182288,2961.282163142457,3633.7439689297635,3901.692173012553,45,"{""n_estimators"": 323, ""max_depth"": 13, ""min_samples_split"": 4, ""min_samples_leaf"": 1, ""max_features"": null}",3290.419015224444,final_energy_direct,robust
14,3,4,RandomForest,final_energy_direct,1239.9885857523927,1630.1807547553074,-0.6876123321707255,1029.0513266182288,2961.282163142457,3633.7439689297635,3901.692173012553,45,"{""n_estimators"": 323, ""max_depth"": 13, ""min_samples_split"": 4, ""min_samples_leaf"": 1, ""max_features"": null}",3290.419015224444,final_energy_direct,robust
14,3,4,XGBoost,Final Energy,1474.0593415987325,2134.0031514567904,-1.8919533277552603,1004.7010918263013,3498.992425359453,4473.772483711985,7311.105690414324,45,"{""n_estimators"": 737, ""max_depth"": 7, ""learning_rate"": 0.022386233434086064, ""subsample"": 0.7587755922344454, ""colsample_bytree"": 0.9671513874700028, ""min_child_weight"": 1, ""reg_alpha"": 6.646555354266756e-07, ""reg_lambda"": 0.019658590618474126, ""gamma"": 0.01961754023698855}",2412.0819234129913,final_energy_direct,none
14,3,4,XGBoost,final_energy_direct,1474.0593415987325,2134.0031514567904,-1.8919533277552603,1004.7010918263013,3498.992425359453,4473.772483711985,7311.105690414324,45,"{""n_estimators"": 737, ""max_depth"": 7, ""learning_rate"": 0.022386233434086064, ""subsample"": 0.7587755922344454, ""colsample_bytree"": 0.9671513874700028, ""min_child_weight"": 1, ""reg_alpha"": 6.646555354266756e-07, ""reg_lambda"": 0.019658590618474126, ""gamma"": 0.01961754023698855}",2412.0819234129913,final_energy_direct,none
14,3,4,XGBoost,Final Energy,1636.0435841187932,2236.126669607383,-2.1753673105214135,1238.0747471852064,3834.842788111344,4560.041646645647,6877.383034164324,45,"{""n_estimators"": 1159, ""max_depth"": 6, ""learning_rate"": 0.015941994985942176, ""subsample"": 0.7314424948085892, ""colsample_bytree"": 0.9250174040253648, ""min_child_weight"": 2, ""reg_alpha"": 0.0534295933792634, ""reg_lambda"": 9.377865203098612e-05, ""gamma"": 0.611087670610981}",3397.135144265447,final_energy_direct,soft
14,3,4,XGBoost,final_energy_direct,1636.0435841187932,2236.126669607383,-2.1753673105214135,1238.0747471852064,3834.842788111344,4560.041646645647,6877.383034164324,45,"{""n_estimators"": 1159, ""max_depth"": 6, ""learning_rate"": 0.015941994985942176, ""subsample"": 0.7314424948085892, ""colsample_bytree"": 0.9250174040253648, ""min_child_weight"": 2, ""reg_alpha"": 0.0534295933792634, ""reg_lambda"": 9.377865203098612e-05, ""gamma"": 0.611087670610981}",3397.135144265447,final_energy_direct,soft
14,3,4,XGBoost,Final Energy,1773.6882527040661,2321.261247371273,-2.4217573515338033,1419.1716392817834,3992.727937140402,4198.570397149637,7004.890846664324,45,"{""n_estimators"": 755, ""max_depth"": 5, ""learning_rate"": 0.014173377782200788, ""subsample"": 0.7431175732977499, ""colsample_bytree"": 0.8865999047113744, ""min_child_weight"": 1, ""reg_alpha"": 1.1782145802172223e-07, ""reg_lambda"": 0.5114446381476593, ""gamma"": 0.31999189900363756}",3336.290496873278,final_energy_direct,robust
14,3,4,XGBoost,final_energy_direct,1773.6882527040661,2321.261247371273,-2.4217573515338033,1419.1716392817834,3992.727937140402,4198.570397149637,7004.890846664324,45,"{""n_estimators"": 755, ""max_depth"": 5, ""learning_rate"": 0.014173377782200788, ""subsample"": 0.7431175732977499, ""colsample_bytree"": 0.8865999047113744, ""min_child_weight"": 1, ""reg_alpha"": 1.1782145802172223e-07, ""reg_lambda"": 0.5114446381476593, ""gamma"": 0.31999189900363756}",3336.290496873278,final_energy_direct,robust
15,3,5,LinearRegression,HOMO,0.0650082618397332,0.08823800659463014,0.5897146531687205,0.04154021835962318,0.14973947253408249,0.19617981670162235,0.2465643014779717,43,{},0.2491197264256559,,
15,3,5,LinearRegression,delta_homo,0.06500826183973318,0.08823800659463013,0.12894975102208983,0.041540218359623626,0.14973947253408212,0.196179816701622,0.24656430147797215,43,{},0.2491197264256559,,
15,3,5,Ridge,HOMO,0.05984999695221125,0.08389404530367017,0.6291170211319065,0.03732870334253313,0.12182052741210617,0.20777074087170502,0.2403022173968754,43,"{""alpha"": 996.6086648223386}",0.1632741921492878,,
15,3,5,Ridge,delta_homo,0.0598499969522113,0.08389404530367016,0.21260236667050159,0.03732870334253313,0.1218205274121059,0.20777074087170466,0.24030221739687496,43,"{""alpha"": 996.6086648223386}",0.1632741921492878,,
15,3,5,ElasticNet,HOMO,0.06184319883301579,0.08499348933167826,0.6193323698871891,0.04028886461039605,0.13147340873398772,0.19502942295471384,0.25198609716464837,43,"{""alpha"": 0.20608955868362566, ""l1_ratio"": 0.8430277948938807}",0.15422912174662662,,
15,3,5,ElasticNet,delta_homo,0.061843198833015735,0.0849934893316782,0.19182920728594832,0.0402888646103956,0.13147340873398763,0.19502942295471384,0.2519860971646488,43,"{""alpha"": 0.20608955868362566, ""l1_ratio"": 0.8430277948938807}",0.15422912174662662,,
15,3,5,KernelRidge,HOMO,0.06558616012235156,0.09028889663166642,0.570420724124655,0.05270956437479768,0.1217775856889212,0.1605091155130674,0.30424346814779124,43,"{""alpha"": 0.011829267494953893, ""gamma"": 0.004096191717542057}",0.14156023956410665,,
15,3,5,KernelRidge,delta_homo,0.06558616012235152,0.0902888966316664,0.08798805978112467,0.052709564374797235,0.12177758568892165,0.1605091155130674,0.30424346814779124,43,"{""alpha"": 0.011829267494953893, ""gamma"": 0.004096191717542057}",0.14156023956410665,,
15,3,5,RandomForest,HOMO,0.05607486200678866,0.08087294164308169,0.6553477559580181,0.03129121765007348,0.13333921271064425,0.2061418071346064,0.22966948389984854,43,"{""n_estimators"": 958, ""max_depth"": 8, ""min_samples_split"": 7, ""min_samples_leaf"": 4, ""max_features"": ""sqrt""}",0.16094850700161098,,
15,3,5,RandomForest,delta_homo,0.056074862006788725,0.08087294164308174,0.2682911410262513,0.03129121765007303,0.13333921271064425,0.20614180713460684,0.2296694838998481,43,"{""n_estimators"": 958, ""max_depth"": 8, ""min_samples_split"": 7, ""min_samples_leaf"": 4, ""max_features"": ""sqrt""}",0.16094850700161098,,
15,3,5,XGBoost,HOMO,0.06414940446401203,0.08606412153900908,0.6096817027632553,0.04252272354126063,0.17082389684753396,0.19306206584014873,0.19658459228515568,43,"{""n_estimators"": 373, ""max_depth"": 4, ""learning_rate"": 0.010464040708267107, ""subsample"": 0.8082632463339408, ""colsample_bytree"": 0.8684819984900777, ""min_child_weight"": 5, ""reg_alpha"": 0.00012818493515259882, ""reg_lambda"": 0.13385788285989794, ""gamma"": 0.09071101836911799}",0.15564545332812388,,
15,3,5,XGBoost,delta_homo,0.06414940446401203,0.08606412153900908,0.17134050091115627,0.04252272354126063,0.17082389684753396,0.19306206584014873,0.19658459228515568,43,"{""n_estimators"": 373, ""max_depth"": 4, ""learning_rate"": 0.010464040708267107, ""subsample"": 0.8082632463339408, ""colsample_bytree"": 0.8684819984900777, ""min_child_weight"": 5, ""reg_alpha"": 0.00012818493515259882, ""reg_lambda"": 0.13385788285989794, ""gamma"": 0.09071101836911799}",0.15564545332812388,,
15,3,5,LinearRegression,LUMO,0.09901246923136285,0.15277043333363535,0.758217815958711,0.051983650119981406,0.22059642395091525,0.30553730228314496,0.5886456149851286,43,{},0.2549762064416818,,
15,3,5,LinearRegression,delta_lumo,0.09901246923136285,0.1527704333336353,-0.6670031928324205,0.05198365011998174,0.22059642395091542,0.30553730228314513,0.5886456149851282,43,{},0.2549762064416818,,
15,3,5,Ridge,LUMO,0.09635396489928442,0.14085934234228809,0.7944502333688169,0.07253996695457277,0.18493867783943918,0.3137340620075123,0.5218071414409401,43,"{""alpha"": 996.6086648223386}",0.19612638890123424,,
15,3,5,Ridge,delta_lumo,0.0963539648992844,0.14085934234228803,-0.41719340744157707,0.07253996695457232,0.18493867783943937,0.3137340620075119,0.5218071414409398,43,"{""alpha"": 996.6086648223386}",0.19612638890123424,,
15,3,5,ElasticNet,LUMO,0.10128852289348442,0.14176581608858152,0.7917961673322967,0.06719024973724541,0.17400233958017824,0.30921759076206706,0.5127750256635947,43,"{""alpha"": 0.1721357841844998, ""l1_ratio"": 0.6600101058895573}",0.19691824175000627,,
15,3,5,ElasticNet,delta_lumo,0.10128852289348439,0.1417658160885815,-0.4354922600820672,0.06719024973724519,0.17400233958017836,0.3092175907620667,0.5127750256635943,43,"{""alpha"": 0.1721357841844998, ""l1_ratio"": 0.6600101058895573}",0.19691824175000627,,
15,3,5,KernelRidge,LUMO,0.0818585901456798,0.12804858368491165,0.8301383909635464,0.05706509783467806,0.15450745695581325,0.3344827929161634,0.4717577557638174,43,"{""alpha"": 1.3014420290685067, ""gamma"": 0.005329348182863179}",0.19045416352046568,,
15,3,5,KernelRidge,delta_lumo,0.0818585901456798,0.1280485836849116,-0.17113610221613929,0.057065097834677836,0.15450745695581344,0.3344827929161632,0.47175775576381707,43,"{""alpha"": 1.3014420290685067, ""gamma"": 0.005329348182863179}",0.19045416352046568,,
15,3,5,RandomForest,LUMO,0.07443459928416642,0.13324380650057113,0.8160754350440804,0.03225028008552022,0.13810672793902135,0.33104565243667533,0.5124760506586069,43,"{""n_estimators"": 927, ""max_depth"": 3, ""min_samples_split"": 6, ""min_samples_leaf"": 3, ""max_features"": ""sqrt""}",0.1941514146110452,,
15,3,5,RandomForest,delta_lumo,0.07443459928416639,0.13324380650057105,-0.26809524133288987,0.032250280085520444,0.13810672793902148,0.33104565243667494,0.5124760506586066,43,"{""n_estimators"": 927, ""max_depth"": 3, ""min_samples_split"": 6, ""min_samples_leaf"": 3, ""max_features"": ""sqrt""}",0.1941514146110452,,
15,3,5,XGBoost,LUMO,0.07712719004715321,0.13501662227194652,0.8111486241129,0.04127040942382787,0.15226191575927753,0.3149248325286867,0.5116170753784178,43,"{""n_estimators"": 475, ""max_depth"": 3, ""learning_rate"": 0.0016418132857793503, ""subsample"": 0.9450076323143144, ""colsample_bytree"": 0.7206909588646685, ""min_child_weight"": 4, ""reg_alpha"": 0.00010480551683512161, ""reg_lambda"": 2.2433670321626938e-05, ""gamma"": 5.02201666932326e-06}",0.19298537142661457,,
15,3,5,XGBoost,delta_lumo,0.07712719004715313,0.13501662227194644,-0.3020638713431012,0.04127040942382809,0.15226191575927772,0.3149248325286863,0.5116170753784175,43,"{""n_estimators"": 475, ""max_depth"": 3, ""learning_rate"": 0.0016418132857793503, ""subsample"": 0.9450076323143144, ""colsample_bytree"": 0.7206909588646685, ""min_child_weight"": 4, ""reg_alpha"": 0.00010480551683512161, ""reg_lambda"": 2.2433670321626938e-05, ""gamma"": 5.02201666932326e-06}",0.19298537142661457,,
15,3,5,LinearRegression,Final Energy,1771.437445930287,2165.7839784629077,-2.063216761528966,1527.3707896717365,3206.6214538803947,4094.3884368107283,5260.393144421545,43,{},7107.5304473411325,delta_energy_per_atom,none
15,3,5,LinearRegression,delta_energy_per_atom,11.885795878005949,14.104095726254002,-4.1523654540020996,11.558052220499924,20.837752722626664,28.881064659929105,33.68398581323289,43,{},7107.5304473411325,delta_energy_per_atom,none
15,3,5,Ridge,Final Energy,942.1887696690221,1245.1050972492574,-0.012417115443592586,635.2521659988743,2300.938029222157,2376.722538790052,3172.5608904297023,43,"{""alpha"": 990.1967253139843}",3676.6697195312236,delta_energy_per_atom,none
15,3,5,Ridge,delta_energy_per_atom,6.068827291156173,7.681869195688576,-0.5284455843040814,4.8834295869529925,12.454023881688478,14.114036002046182,19.451635887684795,43,"{""alpha"": 990.1967253139843}",3676.6697195312236,delta_energy_per_atom,none
15,3,5,ElasticNet,Final Energy,800.8936891244052,1116.2112357580122,0.18634511531494147,524.6405553608665,2015.7190939010557,2310.783779072403,3592.8373089414927,43,"{""alpha"": 0.531661603384869, ""l1_ratio"": 0.7411469227945139}",2473.805909503108,delta_energy_per_atom,none
15,3,5,ElasticNet,delta_energy_per_atom,5.148041509013627,6.858129484132333,-0.2182250537401904,3.5214229474627743,11.06577549548781,12.426214348552412,20.413848346258476,43,"{""alpha"": 0.531661603384869, ""l1_ratio"": 0.7411469227945139}",2473.805909503108,delta_energy_per_atom,none
15,3,5,KernelRidge,Final Energy,922.9375250229766,1224.0291460562626,0.02156726392544983,637.4149232067157,2102.0882151883143,2400.322258617184,3192.6411901811907,43,"{""alpha"": 9.789371139206125, ""gamma"": 0.0054615152553809205}",2233.194599579183,delta_energy_per_atom,none
15,3,5,KernelRidge,delta_energy_per_atom,5.942639134377336,7.5344799304170795,-0.47035677372478335,4.426492522268859,12.477475221512346,13.170779238431612,19.34088222895585,43,"{""alpha"": 9.789371139206125, ""gamma"": 0.0054615152553809205}",2233.194599579183,delta_energy_per_atom,none
15,3,5,RandomForest,Final Energy,1257.6012443356967,1814.0103872775255,-1.1489533881917566,854.7902515215783,2843.843376459175,3608.335917870006,5805.592634294624,43,"{""n_estimators"": 235, ""max_depth"": 16, ""min_samples_split"": 5, ""min_samples_leaf"": 3, ""max_features"": ""log2""}",2149.594516968995,delta_energy_per_atom,none
15,3,5,RandomForest,delta_energy_per_atom,8.47607973984974,12.197199447044861,-2.853331889691831,5.422211737683718,20.119597051107533,23.577100417852048,38.194688383517274,43,"{""n_estimators"": 235, ""max_depth"": 16, ""min_samples_split"": 5, ""min_samples_leaf"": 3, ""max_features"": ""log2""}",2149.594516968995,delta_energy_per_atom,none
15,3,5,RandomForest,Final Energy,1130.9067220848817,1585.9333560560005,-0.6425451771364656,789.5465175655236,2506.3124368654353,2965.2388915712686,4708.506144084113,43,"{""n_estimators"": 470, ""max_depth"": 17, ""min_samples_split"": 6, ""min_samples_leaf"": 4, ""max_features"": ""log2""}",2096.6576493082152,delta_energy_per_atom,soft
15,3,5,RandomForest,delta_energy_per_atom,7.575306772023285,10.655263974813392,-1.9406585008580213,4.503380406453591,18.085810678360065,20.76248411423914,30.977014105816536,43,"{""n_estimators"": 470, ""max_depth"": 17, ""min_samples_split"": 6, ""min_samples_leaf"": 4, ""max_features"": ""log2""}",2096.6576493082152,delta_energy_per_atom,soft
15,3,5,RandomForest,Final Energy,1066.8542607691486,1488.8362958082919,-0.44757592602088847,669.9986890513792,2462.4282152552155,2716.7665957970644,4417.856396107743,43,"{""n_estimators"": 470, ""max_depth"": 12, ""min_samples_split"": 7, ""min_samples_leaf"": 4, ""max_features"": ""sqrt""}",2000.1924486953458,delta_energy_per_atom,robust
15,3,5,RandomForest,delta_energy_per_atom,7.103346910206981,10.015417113434529,-1.5980903397144517,4.128015887877002,16.143837244318075,20.989364006171375,29.064844711235153,43,"{""n_estimators"": 470, ""max_depth"": 12, ""min_samples_split"": 7, ""min_samples_leaf"": 4, ""max_features"": ""sqrt""}",2000.1924486953458,delta_energy_per_atom,robust
15,3,5,XGBoost,Final Energy,1084.081943498377,1618.0563981485404,-0.7097584807205386,694.3734713557819,2643.5255576395084,3881.388775468134,4625.32844492316,43,"{""n_estimators"": 579, ""max_depth"": 8, ""learning_rate"": 0.0018153975276213692, ""subsample"": 0.9727237731205607, ""colsample_bytree"": 0.7142781590565985, ""min_child_weight"": 7, ""reg_alpha"": 0.00018014899429551757, ""reg_lambda"": 0.9259607302131542, ""gamma"": 3.429971797986839e-06}",2025.1032311395552,delta_energy_per_atom,none
15,3,5,XGBoost,delta_energy_per_atom,7.239891522453425,10.864203623783178,-2.0571162921319757,4.925178920647646,19.618029284620665,25.200040667221373,33.03806032087971,43,"{""n_estimators"": 579, ""max_depth"": 8, ""learning_rate"": 0.0018153975276213692, ""subsample"": 0.9727237731205607, ""colsample_bytree"": 0.7142781590565985, ""min_child_weight"": 7, ""reg_alpha"": 0.00018014899429551757, ""reg_lambda"": 0.9259607302131542, ""gamma"": 3.429971797986839e-06}",2025.1032311395552,delta_energy_per_atom,none
15,3,5,XGBoost,Final Energy,765.0589535809635,1060.7832060095095,0.2651465669734574,613.2423105155358,1617.5360794522535,2015.7598104803124,3544.5131980273854,43,"{""n_estimators"": 417, ""max_depth"": 4, ""learning_rate"": 0.0013243267870177774, ""subsample"": 0.7299848423932624, ""colsample_bytree"": 0.720370889770655, ""min_child_weight"": 3, ""reg_alpha"": 0.12255801102032036, ""reg_lambda"": 5.42506463332052, ""gamma"": 0.0008703275218863465}",1971.091306694553,delta_energy_per_atom,soft
15,3,5,XGBoost,delta_energy_per_atom,5.001284062073374,6.885304237296194,-0.22789840651389004,3.554594196122835,10.198203698671762,12.693984426740867,22.471369202089924,43,"{""n_estimators"": 417, ""max_depth"": 4, ""learning_rate"": 0.0013243267870177774, ""subsample"": 0.7299848423932624, ""colsample_bytree"": 0.720370889770655, ""min_child_weight"": 3, ""reg_alpha"": 0.12255801102032036, ""reg_lambda"": 5.42506463332052, ""gamma"": 0.0008703275218863465}",1971.091306694553,delta_energy_per_atom,soft
15,3,5,XGBoost,Final Energy,612.919405869419,963.4135871823846,0.39385993624642335,419.39034888499555,1170.1981082364066,1317.7200941336691,4142.370986113323,43,"{""n_estimators"": 335, ""max_depth"": 6, ""learning_rate"": 0.001152826900875446, ""subsample"": 0.7665888508227391, ""colsample_bytree"": 0.7115488713776285, ""min_child_weight"": 8, ""reg_alpha"": 0.0024743499168964136, ""reg_lambda"": 9.962049864662891, ""gamma"": 2.4011063462580454e-05}",1848.7490244037629,delta_energy_per_atom,robust
15,3,5,XGBoost,delta_energy_per_atom,4.06168818565493,6.314048852674769,-0.03259981138664947,2.6742114684794522,6.931285898084921,8.734926228006746,23.536198784734786,43,"{""n_estimators"": 335, ""max_depth"": 6, ""learning_rate"": 0.001152826900875446, ""subsample"": 0.7665888508227391, ""colsample_bytree"": 0.7115488713776285, ""min_child_weight"": 8, ""reg_alpha"": 0.0024743499168964136, ""reg_lambda"": 9.962049864662891, ""gamma"": 2.4011063462580454e-05}",1848.7490244037629,delta_energy_per_atom,robust
15,3,5,LinearRegression,Final Energy,1584.7957678026064,1921.2827790067608,-1.4106271111794575,1424.4299510355158,2648.3366765692635,3471.9260148883723,5666.555388881281,43,{},3771.2990007658454,delta_energy,none
15,3,5,LinearRegression,delta_energy,1584.7957678026064,1921.2827790067606,-1.5136424232993493,1424.4299510355154,2648.3366765692635,3471.9260148883723,5666.55538888128,43,{},3771.2990007658454,delta_energy,none
15,3,5,Ridge,Final Energy,1528.6210540190498,1755.537507470154,-1.0126473316513458,1594.4379415614367,2559.432954375577,2651.090748003236,3998.7521346220856,43,"{""alpha"": 55.88182975453989}",3519.9545477634624,delta_energy,none
15,3,5,Ridge,delta_energy,1528.6210540190498,1755.537507470154,-1.0986554463430824,1594.4379415614367,2559.432954375577,2651.090748003236,3998.7521346220847,43,"{""alpha"": 55.88182975453989}",3519.9545477634624,delta_energy,none
15,3,5,ElasticNet,Final Energy,1475.739711958838,1741.6792176488896,-0.9809968996097227,1240.0136660966728,2587.0330605976037,3261.201780992903,4360.506640967336,43,"{""alpha"": 0.015114833864182076, ""l1_ratio"": 0.49046757511862515}",3657.3429235935914,delta_energy,none
15,3,5,ElasticNet,delta_energy,1475.739711958838,1741.6792176488896,-1.0656524703429282,1240.0136660966723,2587.0330605976037,3261.2017809929025,4360.506640967335,43,"{""alpha"": 0.015114833864182076, ""l1_ratio"": 0.49046757511862515}",3657.3429235935914,delta_energy,none
15,3,5,KernelRidge,Final Energy,2348.1428222666364,3362.6472807470573,-6.384312825322031,1887.1767456645566,4040.0178496836616,5782.3439127159245,14548.293612986497,43,"{""alpha"": 0.002822545980431335, ""gamma"": 0.01481869329457534}",2278.0412307394836,delta_energy,none
15,3,5,KernelRidge,delta_energy,2348.1428222666364,3362.647280747057,-6.6998727420605775,1887.1767456645566,4040.017849683662,5782.3439127159245,14548.293612986497,43,"{""alpha"": 0.002822545980431335, ""gamma"": 0.01481869329457534}",2278.0412307394836,delta_energy,none
15,3,5,RandomForest,Final Energy,1424.3527670383116,1733.0565096471414,-0.9614304100467699,1232.9765181597095,2513.7176080862114,2826.437946901835,4170.473368391662,43,"{""n_estimators"": 437, ""max_depth"": 4, ""min_samples_split"": 8, ""min_samples_leaf"": 1, ""max_features"": ""sqrt""}",3142.900389786169,delta_energy,none
15,3,5,RandomForest,delta_energy,1424.3527670383116,1733.0565096471416,-1.0452498298796264,1232.9765181597095,2513.7176080862114,2826.437946901835,4170.473368391663,43,"{""n_estimators"": 437, ""max_depth"": 4, ""min_samples_split"": 8, ""min_samples_leaf"": 1, ""max_features"": ""sqrt""}",3142.900389786169,delta_energy,none
15,3,5,RandomForest,Final Energy,1401.6378170752905,1702.1804799290396,-0.892163532586854,1276.1701804108043,2589.0539454997574,2792.406810156685,3644.504678639032,43,"{""n_estimators"": 603, ""max_depth"": 4, ""min_samples_split"": 10, ""min_samples_leaf"": 1, ""max_features"": ""log2""}",3189.4736824258443,delta_energy,soft
15,3,5,RandomForest,delta_energy,1401.6378170752905,1702.1804799290396,-0.9730229139434103,1276.1701804108043,2589.0539454997574,2792.406810156685,3644.504678639033,43,"{""n_estimators"": 603, ""max_depth"": 4, ""min_samples_split"": 10, ""min_samples_leaf"": 1, ""max_features"": ""log2""}",3189.4736824258443,delta_energy,soft
15,3,5,RandomForest,Final Energy,1413.8706232734992,1719.5521029400538,-0.9309816006971146,1236.336015965726,2540.774009493071,2919.9466910307688,3650.635532069524,43,"{""n_estimators"": 282, ""max_depth"": 4, ""min_samples_split"": 7, ""min_samples_leaf"": 1, ""max_features"": ""sqrt""}",3256.3687983196505,delta_energy,robust
15,3,5,RandomForest,delta_energy,1413.8706232734992,1719.5521029400536,-1.013499826502787,1236.336015965726,2540.774009493071,2919.9466910307688,3650.635532069524,43,"{""n_estimators"": 282, ""max_depth"": 4, ""min_samples_split"": 7, ""min_samples_leaf"": 1, ""max_features"": ""sqrt""}",3256.3687983196505,delta_energy,robust
15,3,5,XGBoost,Final Energy,1344.3462545097357,2107.867140461155,-1.9015758223242454,722.3251499510479,2732.29327542881,2873.3885760318817,7830.61972644958,43,"{""n_estimators"": 1229, ""max_depth"": 8, ""learning_rate"": 0.011044882791891357, ""subsample"": 0.7201772796264784, ""colsample_bytree"": 0.9540853793555218, ""min_child_weight"": 1, ""reg_alpha"": 1.3864933914381913e-07, ""reg_lambda"": 0.13286012855539153, ""gamma"": 6.666167540719113e-06}",2501.2066588049192,delta_energy,none
15,3,5,XGBoost,delta_energy,1344.3462545097357,2107.867140461155,-2.0255712497340124,722.3251499510479,2732.29327542881,2873.3885760318817,7830.619726449581,43,"{""n_estimators"": 1229, ""max_depth"": 8, ""learning_rate"": 0.011044882791891357, ""subsample"": 0.7201772796264784, ""colsample_bytree"": 0.9540853793555218, ""min_child_weight"": 1, ""reg_alpha"": 1.3864933914381913e-07, ""reg_lambda"": 0.13286012855539153, ""gamma"": 6.666167540719113e-06}",2501.2066588049192,delta_energy,none
15,3,5,XGBoost,Final Energy,1477.5648727785995,2045.7632469273015,-1.7331168553854575,999.1093197486362,2974.6015560188616,3629.9778413562253,6593.62949207458,43,"{""n_estimators"": 1157, ""max_depth"": 4, ""learning_rate"": 0.01413540505530115, ""subsample"": 0.9513335963862726, ""colsample_bytree"": 0.7246482306579972, ""min_child_weight"": 1, ""reg_alpha"": 2.661226826598078e-06, ""reg_lambda"": 1.2192439460251385, ""gamma"": 1.971812432135049e-08}",3333.2120313687356,delta_energy,soft
15,3,5,XGBoost,delta_energy,1477.5648727785995,2045.7632469273015,-1.849913387131057,999.1093197486362,2974.6015560188616,3629.9778413562253,6593.629492074581,43,"{""n_estimators"": 1157, ""max_depth"": 4, ""learning_rate"": 0.01413540505530115, ""subsample"": 0.9513335963862726, ""colsample_bytree"": 0.7246482306579972, ""min_child_weight"": 1, ""reg_alpha"": 2.661226826598078e-06, ""reg_lambda"": 1.2192439460251385, ""gamma"": 1.971812432135049e-08}",3333.2120313687356,delta_energy,soft
15,3,5,XGBoost,Final Energy,1259.1558954938803,1678.5894788812207,-0.8400789189473217,941.5339411255409,2569.4149171064637,3035.9256109526787,5101.95273426208,43,"{""n_estimators"": 608, ""max_depth"": 7, ""learning_rate"": 0.0051414774464650405, ""subsample"": 0.7241941350351355, ""colsample_bytree"": 0.7006754967646052, ""min_child_weight"": 5, ""reg_alpha"": 5.114121996673229e-08, ""reg_lambda"": 6.165500899935857e-05, ""gamma"": 0.0003684513652633991}",3422.168718742451,delta_energy,robust
15,3,5,XGBoost,delta_energy,1259.1558954938805,1678.5894788812209,-0.9187125256472186,941.5339411255409,2569.4149171064637,3035.9256109526787,5101.952734262081,43,"{""n_estimators"": 608, ""max_depth"": 7, ""learning_rate"": 0.0051414774464650405, ""subsample"": 0.7241941350351355, ""colsample_bytree"": 0.7006754967646052, ""min_child_weight"": 5, ""reg_alpha"": 5.114121996673229e-08, ""reg_lambda"": 6.165500899935857e-05, ""gamma"": 0.0003684513652633991}",3422.168718742451,delta_energy,robust
15,3,5,LinearRegression,Final Energy,1584.7957678039916,1921.2827790080985,-1.410627111182814,1424.4299510372553,2648.3366765716128,3471.926014889696,5666.555388881776,43,{},3771.2990007667577,final_energy_direct,none
15,3,5,LinearRegression,final_energy_direct,1584.7957678039916,1921.2827790080985,-1.410627111182814,1424.4299510372553,2648.3366765716128,3471.926014889696,5666.555388881776,43,{},3771.2990007667577,final_energy_direct,none
15,3,5,Ridge,Final Energy,1481.6654222049892,1735.4254227987308,-0.9667962292083776,1445.8437536753827,2608.760929194923,2669.3855333559122,4086.4532816626706,43,"{""alpha"": 35.90725320757718}",3531.7094883936925,final_energy_direct,none
15,3,5,Ridge,final_energy_direct,1481.6654222049892,1735.4254227987308,-0.9667962292083776,1445.8437536753827,2608.760929194923,2669.3855333559122,4086.4532816626706,43,"{""alpha"": 35.90725320757718}",3531.7094883936925,final_energy_direct,none
15,3,5,ElasticNet,Final Energy,1472.7404003493334,1740.0900815525708,-0.9773835620083076,1244.908316726613,2584.9190534853938,3216.1767054138004,4382.325079520655,43,"{""alpha"": 0.013128145813330777, ""l1_ratio"": 0.5775148825027326}",3657.594148151283,final_energy_direct,none
15,3,5,ElasticNet,final_energy_direct,1472.7404003493334,1740.0900815525708,-0.9773835620083076,1244.908316726613,2584.9190534853938,3216.1767054138004,4382.325079520655,43,"{""alpha"": 0.013128145813330777, ""l1_ratio"": 0.5775148825027326}",3657.594148151283,final_energy_direct,none
15,3,5,KernelRidge,Final Energy,1499.426990974508,1901.0790043424024,-1.3601944642095956,1170.8383931386134,2749.0194333534787,3719.7104644911183,5789.260439682359,43,"{""alpha"": 0.02745803047786042, ""gamma"": 0.006509386018418407}",2279.547995573547,final_energy_direct,none
15,3,5,KernelRidge,final_energy_direct,1499.426990974508,1901.0790043424024,-1.3601944642095956,1170.8383931386134,2749.0194333534787,3719.7104644911183,5789.260439682359,43,"{""alpha"": 0.02745803047786042, ""gamma"": 0.006509386018418407}",2279.547995573547,final_energy_direct,none
15,3,5,RandomForest,Final Energy,1498.6397412483846,1701.162133445425,-0.8899001983335089,1479.7640002153457,2454.3492458990104,2783.1615348731634,3277.110884632666,43,"{""n_estimators"": 493, ""max_depth"": 3, ""min_samples_split"": 9, ""min_samples_leaf"": 1, ""max_features"": ""sqrt""}",3171.0571006729456,final_energy_direct,none
15,3,5,RandomForest,final_energy_direct,1498.6397412483846,1701.162133445425,-0.8899001983335089,1479.7640002153457,2454.3492458990104,2783.1615348731634,3277.110884632666,43,"{""n_estimators"": 493, ""max_depth"": 3, ""min_samples_split"": 9, ""min_samples_leaf"": 1, ""max_features"": ""sqrt""}",3171.0571006729456,final_energy_direct,none
15,3,5,RandomForest,Final Energy,1671.2640270898494,2164.1390827118817,-2.0585655508174634,1123.6942269742967,3517.1308815243597,3829.719138054436,5955.309887246698,43,"{""n_estimators"": 540, ""max_depth"": 13, ""min_samples_split"": 3, ""min_samples_leaf"": 1, ""max_features"": ""log2""}",3299.254238390985,final_energy_direct,soft
15,3,5,RandomForest,final_energy_direct,1671.2640270898494,2164.1390827118817,-2.0585655508174634,1123.6942269742967,3517.1308815243597,3829.719138054436,5955.309887246698,43,"{""n_estimators"": 540, ""max_depth"": 13, ""min_samples_split"": 3, ""min_samples_leaf"": 1, ""max_features"": ""log2""}",3299.254238390985,final_energy_direct,soft
15,3,5,RandomForest,Final Energy,1723.0777115237365,2219.494451090086,-2.2170335017031344,1333.6795441366785,3656.7087953285986,4022.2943409390828,5949.924835555141,43,"{""n_estimators"": 564, ""max_depth"": 17, ""min_samples_split"": 2, ""min_samples_leaf"": 1, ""max_features"": ""sqrt""}",3349.4093152994583,final_energy_direct,robust
15,3,5,RandomForest,final_energy_direct,1723.0777115237365,2219.494451090086,-2.2170335017031344,1333.6795441366785,3656.7087953285986,4022.2943409390828,5949.924835555141,43,"{""n_estimators"": 564, ""max_depth"": 17, ""min_samples_split"": 2, ""min_samples_leaf"": 1, ""max_features"": ""sqrt""}",3349.4093152994583,final_energy_direct,robust
15,3,5,XGBoost,Final Energy,1405.8088617030023,2073.8066574341537,-1.8085618032045052,730.629233355528,2900.908168775839,3348.7172799797127,7095.089737456701,43,"{""n_estimators"": 939, ""max_depth"": 5, ""learning_rate"": 0.005174446263806988, ""subsample"": 0.8052610649782285, ""colsample_bytree"": 0.9995609247884436, ""min_child_weight"": 1, ""reg_alpha"": 1.4648995741991437e-07, ""reg_lambda"": 0.20959281058478924, ""gamma"": 1.0132254412782203e-08}",2787.5390186341842,final_energy_direct,none
15,3,5,XGBoost,final_energy_direct,1405.8088617030023,2073.8066574341537,-1.8085618032045052,730.629233355528,2900.908168775839,3348.7172799797127,7095.089737456701,43,"{""n_estimators"": 939, ""max_depth"": 5, ""learning_rate"": 0.005174446263806988, ""subsample"": 0.8052610649782285, ""colsample_bytree"": 0.9995609247884436, ""min_child_weight"": 1, ""reg_alpha"": 1.4648995741991437e-07, ""reg_lambda"": 0.20959281058478924, ""gamma"": 1.0132254412782203e-08}",2787.5390186341842,final_energy_direct,none
15,3,5,XGBoost,Final Energy,1407.7968913299783,2054.615573808317,-1.756821250654594,969.9987794413673,3101.5139504402364,3143.5073220900626,7273.331924956701,43,"{""n_estimators"": 1395, ""max_depth"": 5, ""learning_rate"": 0.0030252322550171386, ""subsample"": 0.7185829842252615, ""colsample_bytree"": 0.7825377591229783, ""min_child_weight"": 1, ""reg_alpha"": 2.470114823243217e-05, ""reg_lambda"": 0.2402113960765902, ""gamma"": 0.021876372432724146}",3473.413698315165,final_energy_direct,soft
15,3,5,XGBoost,final_energy_direct,1407.7968913299783,2054.615573808317,-1.756821250654594,969.9987794413673,3101.5139504402364,3143.5073220900626,7273.331924956701,43,"{""n_estimators"": 1395, ""max_depth"": 5, ""learning_rate"": 0.0030252322550171386, ""subsample"": 0.7185829842252615, ""colsample_bytree"": 0.7825377591229783, ""min_child_weight"": 1, ""reg_alpha"": 2.470114823243217e-05, ""reg_lambda"": 0.2402113960765902, ""gamma"": 0.021876372432724146}",3473.413698315165,final_energy_direct,soft
15,3,5,XGBoost,Final Energy,1552.1821774311559,2109.315454028658,-1.9055645323141905,965.6800586128611,3418.1783552401034,3822.916570821533,6448.147354644201,43,"{""n_estimators"": 1111, ""max_depth"": 4, ""learning_rate"": 0.03296072179316897, ""subsample"": 0.9383824877997956, ""colsample_bytree"": 0.7290690403924894, ""min_child_weight"": 1, ""reg_alpha"": 0.012370207943559438, ""reg_lambda"": 0.0015593622259516004, ""gamma"": 8.696195797865281e-06}",3336.4354616003625,final_energy_direct,robust
15,3,5,XGBoost,final_energy_direct,1552.1821774311559,2109.315454028658,-1.9055645323141905,965.6800586128611,3418.1783552401034,3822.916570821533,6448.147354644201,43,"{""n_estimators"": 1111, ""max_depth"": 4, ""learning_rate"": 0.03296072179316897, ""subsample"": 0.9383824877997956, ""colsample_bytree"": 0.7290690403924894, ""min_child_weight"": 1, ""reg_alpha"": 0.012370207943559438, ""reg_lambda"": 0.0015593622259516004, ""gamma"": 8.696195797865281e-06}",3336.4354616003625,final_energy_direct,robust
